entrez_id	gene_symbol	ensembl_id	chr	start	stop	n_snps	n_samples	magma_z	magma_p	gPS	numTAs	tier_gps6	tier_gps10
1806	DPYD	ENSG00000188641	1	97533299	98421615	2165	58749	10.018	6.3647000000000006e-24	19.0	9.0	high_6	high_10
22997	IGSF9B	ENSG00000080854	11	133768520	133861649	279	58749	8.6813	1.9562e-18	11.0	3.0	high_6	high_10
26051	PPP1R16B	ENSG00000101445	20	37399348	37561667	446	58749	8.599	4.0193e-18	9.0	3.0	high_6	intermediate
6925	TCF4	ENSG00000196628	18	52879562	53338252	742	58749	8.4365	1.635e-17	45.0	10.0	high_6	high_10
775	CACNA1C	ENSG00000151067	12	2044952	2817115	2096	58749	8.3914	2.4025e-17	13.0	4.0	high_6	high_10
783	CACNB2	ENSG00000165995	10	18394373	18840688	1678	58749	8.3879	2.4747e-17	6.0	6.0	high_6	intermediate
8379	MAD1L1	ENSG00000002822	7	1845428	2307583	1827	58749	8.119	2.351e-16	30.0	7.0	high_6	high_10
79913	ACTR5	ENSG00000101442	20	37341933	37411089	279	58749	7.9681	8.0551e-16	2.0	2.0	intermediate	intermediate
27086	FOXP1	ENSG00000114861	3	70993865	71668140	1347	58749	7.8486	2.1043e-15	51.0	12.0	high_6	high_10
5045	FURIN	ENSG00000140564	15	91376885	91436687	153	58749	7.7466	4.7184e-15	32.0	8.0	high_6	high_10
51460	SFMBT1	ENSG00000163935	3	52923221	53115089	397	58749	7.6699	8.6094e-15	6.0	5.0	high_6	intermediate
389125	MUSTN1	ENSG00000272573	3	52857131	52904235	100	58749	7.6604	9.2704e-15	1.0	1.0	low	low
4122	MAN2A2	ENSG00000196547	15	91412420	91475815	171	58749	7.65	1.0048e-14	2.0	2.0	intermediate	intermediate
1813	DRD2	ENSG00000149295	11	113270317	113381413	286	58749	7.6435	1.0566e-14	21.0	6.0	high_6	high_10
55964	SEPT3	ENSG00000100167	22	42337855	42404225	176	58749	7.622	1.249e-14	1.0	1.0	low	low
8911	CACNA1I	ENSG00000100346	22	39931758	40095740	366	58749	7.5912	1.5845e-14	8.0	2.0	high_6	intermediate
4192	MDK	ENSG00000110492	11	46367334	46415387	56	58749	7.5497	2.1816e-14	9.0	3.0	high_6	intermediate
10198	MPHOSPH9	ENSG00000051825	12	123630943	123752785	333	58749	7.4431	4.9188e-14	19.0	8.0	high_6	high_10
55830	GLT8D1	ENSG00000016864	3	52718500	52775099	104	58749	7.39	7.3441e-14	4.0	3.0	intermediate	intermediate
26354	GNL3	ENSG00000163938	3	52684936	52738513	98	58749	7.3752	8.2045e-14	3.0	2.0	intermediate	intermediate
5334	PLCL1	ENSG00000115896	2	198634426	199024608	656	58749	7.3519	9.7692e-14	23.0	8.0	high_6	high_10
8525	DGKZ	ENSG00000149091	11	46319455	46412104	135	58749	7.3274	1.173e-13	6.0	3.0	high_6	intermediate
26058	GIGYF2	ENSG00000204120	2	233527015	233735287	544	58749	7.2996	1.4435e-13	9.0	5.0	high_6	intermediate
51079	NDUFA13	ENSG00000186010	19	19591550	19649858	104	58749	7.2839	1.622e-13	6.0	3.0	high_6	intermediate
3699	ITIH3	ENSG00000162267	3	52793784	52853025	110	58749	7.2788	1.6837e-13	10.0	2.0	high_6	high_10
283899	INO80E	ENSG00000169592	16	29972485	30027112	84	58749	7.2667	1.8413e-13	14.0	6.0	high_6	high_10
28972	SPCS1	ENSG00000114902	3	52704792	52752198	86	58749	7.2499	2.0861e-13	4.0	3.0	intermediate	intermediate
3329	HSPD1	ENSG00000144381	2	198341308	198399998	57	58749	7.2149	2.699e-13	1.0	1.0	low	low
90952	ESAM	ENSG00000149564	11	124613019	124667223	88	58749	7.188	3.2874e-13	9.0	3.0	high_6	intermediate
55193	PBRM1	ENSG00000163939	3	52569368	52754866	381	58749	7.1634	3.9357e-13	5.0	3.0	intermediate	intermediate
80219	COQ10B	ENSG00000115520	2	198283231	198349851	61	58749	7.1567	4.1311e-13	2.0	2.0	intermediate	intermediate
64943	NT5DC2	ENSG00000168268	3	52548385	52604093	111	58749	7.1536	4.2277e-13	4.0	3.0	intermediate	intermediate
23383	MAU2	ENSG00000129933	19	19396496	19479563	167	58749	7.1486	4.3848e-13	16.0	8.0	high_6	high_10
1136	CHRNA3	ENSG00000080644	15	78875394	78948637	156	58749	7.1477	4.4109e-13	34.0	8.0	high_6	high_10
119032	C10orf32	ENSG00000166275	10	104578967	104634718	142	58749	7.0971	6.3693e-13	4.0	3.0	intermediate	intermediate
79568	C2orf47	ENSG00000162972	2	200785040	200838848	92	58749	7.0961	6.4176e-13	3.0	1.0	intermediate	intermediate
1586	CYP17A1	ENSG00000148795	10	104580288	104632290	130	58749	7.0952	6.4587e-13	4.0	3.0	intermediate	intermediate
3697	ITIH1	ENSG00000055957	3	52776602	52836084	115	58749	7.0889	6.759e-13	8.0	4.0	high_6	intermediate
23368	PPP1R13B	ENSG00000088808	14	104190088	104350116	353	58749	7.0888	6.7632e-13	6.0	3.0	high_6	intermediate
9776	ATG13	ENSG00000175224	11	46603826	46707569	92	58749	7.0615	8.2334e-13	1.0	1.0	low	low
55626	AMBRA1	ENSG00000110497	11	46407962	46650619	208	58749	7.0365	9.8554e-13	9.0	4.0	high_6	intermediate
253980	KCTD13	ENSG00000174943	16	29907657	29972545	84	58749	7.0317	1.0205e-12	8.0	7.0	high_6	intermediate
1132	CHRM4	ENSG00000180720	11	46395335	46448122	43	58749	7.0127	1.1684e-12	3.0	2.0	intermediate	intermediate
374887	YJEFN3	ENSG00000250067	19	19604670	19658393	107	58749	7.0114	1.1795e-12	1.0	1.0	low	low
348980	HCN1	ENSG00000164588	5	45245052	45731220	558	58749	6.9862	1.4126e-12	7.0	5.0	high_6	intermediate
91574	C12orf65	ENSG00000130921	12	123682844	123752651	203	58749	6.9748	1.5317e-12	9.0	5.0	high_6	intermediate
2147	F2	ENSG00000180210	11	46705743	46771056	113	58749	6.9543	1.7719e-12	21.0	6.0	high_6	high_10
7517	XRCC3	ENSG00000126215	14	104153945	104216823	128	58749	6.9499	1.8278e-12	1.0	1.0	low	low
4900	NRGN	ENSG00000154146	11	124574829	124627102	97	58749	6.9384	1.9831e-12	8.0	2.0	high_6	intermediate
392	ARHGAP1	ENSG00000175220	11	46688625	46757215	109	58749	6.936	2.0171e-12	5.0	4.0	intermediate	intermediate
57605	PITPNM2	ENSG00000090975	12	123458027	123670376	279	58749	6.9346	2.0361e-12	6.0	5.0	high_6	intermediate
26010	SPATS2L	ENSG00000196141	2	201135604	201356986	521	58749	6.9331	2.058e-12	9.0	4.0	high_6	intermediate
57794	SUGP1	ENSG00000105705	19	19377320	19466321	184	58749	6.9237	2.2001e-12	17.0	8.0	high_6	high_10
131118	DNAJC19	ENSG00000205981	3	180691497	180742562	77	58749	6.9156	2.3301e-12	2.0	1.0	intermediate	intermediate
203062	TSNARE1	ENSG00000171045	8	143283441	143519543	881	58749	6.8903	2.7841e-12	13.0	4.0	high_6	high_10
129450	TYW5	ENSG00000162971	2	200783634	200855459	128	58749	6.8871	2.8475e-12	3.0	2.0	intermediate	intermediate
2066	ERBB4	ENSG00000178568	2	212230442	213438879	4172	58749	6.8222	4.482e-12	19.0	10.0	high_6	high_10
3658	IREB2	ENSG00000136381	15	78695518	78803798	225	58749	6.8211	4.517e-12	13.0	5.0	high_6	high_10
130132	RFTN2	ENSG00000162944	2	198425524	198575774	183	58749	6.8185	4.5989e-12	4.0	2.0	intermediate	intermediate
23584	VSIG2	ENSG00000019102	11	124607370	124657109	73	58749	6.7823	5.9145e-12	2.0	2.0	intermediate	intermediate
53345	TM6SF2	ENSG00000213996	19	19364841	19419074	120	58749	6.7792	6.0442e-12	21.0	9.0	high_6	high_10
389084	C2orf82	ENSG00000182600	2	233698724	233751111	144	58749	6.7567	7.0597e-12	1.0	1.0	low	low
205327	C2orf69	ENSG00000178074	2	200740979	200802996	120	58749	6.7435	7.7303e-12	2.0	2.0	intermediate	intermediate
6787	NEK4	ENSG00000114904	3	52734796	52839965	204	58749	6.7422	7.8028e-12	6.0	4.0	high_6	intermediate
22978	NT5C2	ENSG00000076685	10	104837774	104988063	349	58749	6.7348	8.2106e-12	10.0	5.0	high_6	high_10
6733	SRPK2	ENSG00000135250	7	104744048	105074614	594	58749	6.7271	8.6554e-12	10.0	4.0	high_6	high_10
8448	DOC2A	ENSG00000149927	16	30006835	30058424	89	58749	6.6745	1.2402e-11	1.0	1.0	low	low
404037	HAPLN4	ENSG00000187664	19	19356450	19408596	119	58749	6.6596	1.373e-11	6.0	4.0	high_6	intermediate
8087	FXR1	ENSG00000114416	3	180595096	180710541	184	58749	6.6438	1.5285e-11	1.0	1.0	low	low
6237	RRAS	ENSG00000126458	19	50128552	50178400	80	58749	6.6402	1.5665e-11	1.0	1.0	low	low
54805	CNNM2	ENSG00000148842	10	104643075	104848344	495	58749	6.6393	1.5761e-11	16.0	6.0	high_6	high_10
148113	CILP2	ENSG00000160161	19	19614057	19667468	104	58749	6.6107	1.9124e-11	4.0	4.0	intermediate	intermediate
79797	ZNF408	ENSG00000175213	11	46687317	46737466	67	58749	6.5298	3.2925e-11	2.0	2.0	intermediate	intermediate
64919	BCL11B	ENSG00000127152	14	99625624	99773514	359	58749	6.5211	3.489e-11	17.0	5.0	high_6	high_10
57688	ZSWIM6	ENSG00000130449	5	60593100	60851999	403	58749	6.5091	3.7799e-11	12.0	4.0	high_6	high_10
54715	RBFOX1	ENSG00000078328	16	5254469	7773342	13992	58749	6.4192	6.8502e-11	22.0	8.0	high_6	high_10
9793	CKAP5	ENSG00000175216	11	46755084	46902859	228	58749	6.4145	7.063e-11	1.0	1.0	low	low
1565	CYP2D6	ENSG00000100197	22	42512501	42561883	136	58749	6.3878	8.4131e-11	9.0	2.0	high_6	intermediate
7444	VRK2	ENSG00000028116	2	58238777	58397055	236	58749	6.3565	1.032e-10	19.0	7.0	high_6	high_10
9529	BAG5	ENSG00000166170	14	104012881	104064151	101	58749	6.3544	1.0459e-10	9.0	3.0	high_6	intermediate
84942	WDR73	ENSG00000177082	15	85175607	85232521	115	58749	6.329	1.2341e-10	2.0	2.0	intermediate	intermediate
51329	ARL6IP4	ENSG00000182196	12	123429607	123477460	36	58749	6.3162	1.34e-10	5.0	3.0	intermediate	intermediate
54993	ZSCAN2	ENSG00000176371	15	85109249	85176947	122	58749	6.3094	1.4007e-10	1.0	1.0	low	low
2107	ETF1	ENSG00000120705	5	137831782	137913989	135	58749	6.3076	1.4167e-10	2.0	1.0	intermediate	intermediate
4828	NMB	ENSG00000197696	15	85188360	85236802	93	58749	6.3049	1.442e-10	13.0	4.0	high_6	high_10
55120	FANCL	ENSG00000115392	2	58376378	58503515	273	58749	6.2821	1.6697e-10	18.0	9.0	high_6	high_10
3661	IRF3	ENSG00000126456	19	50152826	50204132	80	58749	6.2805	1.6871e-10	8.0	4.0	high_6	intermediate
9640	ZNF592	ENSG00000166716	15	85256818	85359663	206	58749	6.2517	2.0299e-10	1.0	1.0	low	low
25791	NGEF	ENSG00000066248	2	233733396	233912951	616	58749	6.2412	2.1707e-10	8.0	2.0	high_6	intermediate
6314	ATXN7	ENSG00000163635	3	63814785	63999240	302	58749	6.2393	2.1975e-10	10.0	3.0	high_6	high_10
3313	HSPA9	ENSG00000113013	5	137880571	137946318	127	58749	6.238	2.2158e-10	2.0	2.0	intermediate	intermediate
28981	IFT81	ENSG00000122970	12	110527140	110666600	172	58749	6.2134	2.5921e-10	6.0	5.0	high_6	intermediate
6444	SGCD	ENSG00000170624	5	155427147	156204799	2215	58749	6.183	3.1443e-10	5.0	3.0	intermediate	intermediate
26251	KCNG2	ENSG00000178342	18	77588668	77669816	230	58749	6.1648	3.529e-10	11.0	5.0	high_6	high_10
5096	PCCB	ENSG00000114054	3	135934167	136066737	187	58749	6.1627	3.5767e-10	17.0	9.0	high_6	high_10
8120	AP3B2	ENSG00000103723	15	83318033	83413660	224	58749	6.1123	4.9089e-10	4.0	2.0	intermediate	intermediate
1143	CHRNB4	ENSG00000117971	15	78906636	78968587	154	58749	6.1094	5e-10	8.0	6.0	high_6	intermediate
2242	FES	ENSG00000182511	15	91392665	91449006	129	58749	6.1094	5e-10	40.0	9.0	high_6	high_10
54815	GATAD2A	ENSG00000167491	19	19461642	19629741	273	58749	6.1094	5e-10	9.0	5.0	high_6	intermediate
9344	TAOK2	ENSG00000149930	16	29950188	30013583	88	58749	6.1094	5e-10	2.0	2.0	intermediate	intermediate
57412	AS3MT	ENSG00000214435	10	104594183	104671656	219	58749	6.1094	5e-10	14.0	6.0	high_6	high_10
3700	ITIH4	ENSG00000055955	3	52837006	52899717	129	58749	6.1094	5e-10	11.0	5.0	high_6	high_10
23451	SF3B1	ENSG00000115524	2	198246698	198334815	86	58749	6.1094	5e-10	5.0	2.0	intermediate	intermediate
123688	HYKK	ENSG00000188266	15	78764906	78839715	167	58749	6.108	5.0458e-10	7.0	5.0	high_6	intermediate
84334	APOPT1	ENSG00000256053	14	103994299	104067236	164	58749	6.1046	5.1532e-10	3.0	1.0	intermediate	intermediate
10000	AKT3	ENSG00000117020	1	243641535	244049381	570	58749	6.0992	5.3294e-10	6.0	3.0	high_6	intermediate
6911	TBX6	ENSG00000149922	16	30087114	30138258	65	58749	6.0925	5.559e-10	2.0	2.0	intermediate	intermediate
22891	ZNF365	ENSG00000138311	10	64098916	64441771	1001	58749	6.0891	5.6765e-10	18.0	5.0	high_6	high_10
219541	MED19	ENSG00000156603	11	57461182	57514804	66	58749	6.0405	7.6838e-10	8.0	1.0	high_6	intermediate
64062	RBM26	ENSG00000139746	13	79875962	80015393	347	58749	6.0378	7.8091e-10	1.0	1.0	low	low
2913	GRM3	ENSG00000198822	7	86238230	86504193	527	58749	6.0326	8.0651e-10	12.0	4.0	high_6	high_10
23314	SATB2	ENSG00000119042	2	200124223	200370989	307	58749	6.0285	8.2758e-10	14.0	5.0	high_6	high_10
643376	BTBD18	ENSG00000233436	11	57500986	57554253	66	58749	6.0238	8.5197e-10	1.0	1.0	low	low
9884	LRRC37A	ENSG00000176681	17	44281744	44425160	101	58749	5.9992	9.9144e-10	9.0	7.0	high_6	intermediate
83698	CALN1	ENSG00000183166	7	71234476	71947136	2011	58749	5.9991	9.9194e-10	7.0	4.0	high_6	intermediate
3745	KCNB1	ENSG00000158445	20	47978505	48134181	505	58749	5.9848	1.0835e-09	10.0	3.0	high_6	high_10
3769	KCNJ13	ENSG00000115474	2	233620512	233676275	109	58749	5.9732	1.1633e-09	4.0	2.0	intermediate	intermediate
488	ATP2A2	ENSG00000174437	12	110684032	110798898	131	58749	5.9665	1.2119e-09	9.0	5.0	high_6	intermediate
4038	LRP4	ENSG00000134569	11	46868268	46975173	158	58749	5.9626	1.2412e-09	3.0	3.0	intermediate	intermediate
64786	TBC1D15	ENSG00000121749	12	72198487	72330629	262	58749	5.9494	1.3453e-09	1.0	1.0	low	low
80145	THOC7	ENSG00000163634	3	63809546	63884597	115	58749	5.9214	1.5962e-09	13.0	5.0	high_6	high_10
64506	CPEB1	ENSG00000214575	15	83201948	83351762	320	58749	5.9009	1.8076e-09	1.0	1.0	low	low
10806	SDCCAG8	ENSG00000054282	1	243384307	243673393	494	58749	5.8979	1.841e-09	11.0	6.0	high_6	high_10
9651	PLCH2	ENSG00000149527	1	2372754	2446964	236	58749	5.8941	1.8842e-09	2.0	2.0	intermediate	intermediate
4482	MSRA	ENSG00000175806	8	9876830	10296401	1762	58749	5.893	1.8961e-09	18.0	10.0	high_6	high_10
1500	CTNND1	ENSG00000198561	11	57485756	57596652	127	58749	5.8889	1.9443e-09	10.0	4.0	high_6	high_10
23166	STAB1	ENSG00000010327	3	52494354	52568512	131	58749	5.8768	2.0918e-09	1.0	1.0	low	low
80714	PBX4	ENSG00000105717	19	19662516	19764725	162	58749	5.8749	2.1153e-09	4.0	3.0	intermediate	intermediate
8099	CDK2AP1	ENSG00000111328	12	123735517	123791863	168	58749	5.8706	2.1704e-09	8.0	6.0	high_6	intermediate
58506	SCAF1	ENSG00000126461	19	50110382	50171906	125	58749	5.8702	2.1761e-09	4.0	3.0	intermediate	intermediate
7068	THRB	ENSG00000151090	3	24148644	24571772	1198	58749	5.8605	2.3072e-09	7.0	5.0	high_6	intermediate
7223	TRPC4	ENSG00000133107	13	38200773	38478939	858	58749	5.8463	2.5131e-09	1.0	1.0	low	low
57538	ALPK3	ENSG00000136383	15	85324911	85426713	247	58749	5.8328	2.7246e-09	4.0	3.0	intermediate	intermediate
66037	BOLL	ENSG00000152430	2	198581603	198686036	120	58749	5.8263	2.8342e-09	4.0	3.0	intermediate	intermediate
91526	ANKRD44	ENSG00000065413	2	197821741	198210521	1008	58749	5.8074	3.172e-09	3.0	2.0	intermediate	intermediate
55628	ZNF407	ENSG00000215421	18	72230106	72787628	1067	58749	5.7993	3.3299e-09	1.0	1.0	low	low
577	BAI3	ENSG00000135298	6	69310210	70109403	2109	58749	5.785	3.6249e-09	2.0	1.0	intermediate	intermediate
5099	PCDH7	ENSG00000169851	4	30686951	31158423	1310	58749	5.7828	3.6737e-09	3.0	2.0	intermediate	intermediate
10884	MRPS30	ENSG00000112996	5	44774027	44825616	102	58749	5.78	3.7343e-09	11.0	4.0	high_6	high_10
9839	ZEB2	ENSG00000169554	2	145131942	145312958	266	58749	5.7767	3.8086e-09	23.0	8.0	high_6	high_10
1394	CRHR1	ENSG00000120088	17	43662710	43923194	1044	58749	5.7565	4.2939e-09	25.0	12.0	high_6	high_10
211	ALAS1	ENSG00000023330	3	52197099	52258343	82	58749	5.743	4.6508e-09	3.0	3.0	intermediate	intermediate
26470	SEZ6L2	ENSG00000174938	16	29872480	29945585	80	58749	5.7341	4.902e-09	1.0	1.0	low	low
284058	KANSL1	ENSG00000120071	17	44097282	44337740	785	58749	5.7157	5.4637e-09	33.0	13.0	high_6	high_10
162540	SPPL2C	ENSG00000185294	17	43887256	43934438	288	58749	5.7104	5.634e-09	24.0	10.0	high_6	high_10
140679	SLC32A1	ENSG00000101438	20	37318105	37368015	178	58749	5.7089	5.6871e-09	1.0	1.0	low	low
152330	CNTN4	ENSG00000144619	3	2105550	3109645	4228	58749	5.7036	5.8647e-09	13.0	3.0	high_6	high_10
2823	GPM6A	ENSG00000150625	4	176544088	176958842	1249	58749	5.6821	6.6543e-09	1.0	1.0	low	low
23457	ABCB9	ENSG00000150967	12	123395498	123486056	81	58749	5.6684	7.2082e-09	1.0	1.0	low	low
23478	SEC11A	ENSG00000140612	15	85202768	85294691	176	58749	5.6647	7.3635e-09	2.0	2.0	intermediate	intermediate
5595	MAPK3	ENSG00000102882	16	30115426	30169630	76	58749	5.6405	8.4768e-09	9.0	7.0	high_6	intermediate
4978	OPCML	ENSG00000183715	11	132274875	133437403	3739	58749	5.6385	8.5793e-09	4.0	4.0	intermediate	intermediate
90993	CREB3L1	ENSG00000157613	11	46264189	46352972	150	58749	5.626	9.2204e-09	4.0	2.0	intermediate	intermediate
399979	SNX19	ENSG00000120451	11	130735766	130821382	330	58749	5.6139	9.8888e-09	8.0	2.0	high_6	intermediate
133482	SLCO6A1	ENSG00000205359	5	101697492	101869720	561	58749	5.6097	1.0133e-08	3.0	2.0	intermediate	intermediate
4137	MAPT	ENSG00000186868	17	43936702	44115700	940	58749	5.607	1.0292e-08	27.0	12.0	high_6	high_10
9892	SNAP91	ENSG00000065609	6	84252604	84454127	361	58749	5.6043	1.0453e-08	11.0	4.0	high_6	high_10
5192	PEX10	ENSG00000157911	1	2326241	2379010	181	58749	5.6014	1.0632e-08	1.0	1.0	low	low
1946	EFNA5	ENSG00000184349	5	106702590	107041596	848	58749	5.5905	1.132e-08	7.0	6.0	high_6	intermediate
27303	RBMS3	ENSG00000144642	3	29287351	30061886	2869	58749	5.5807	1.1975e-08	5.0	3.0	intermediate	intermediate
246744	STH	ENSG00000256762	17	44041616	44087060	233	58749	5.5781	1.2159e-08	11.0	7.0	high_6	high_10
64067	NPAS3	ENSG00000151322	14	33369115	34283382	2930	58749	5.5702	1.2721e-08	20.0	6.0	high_6	high_10
5740	PTGIS	ENSG00000124212	20	48110411	48219707	221	58749	5.5613	1.3385e-08	2.0	2.0	intermediate	intermediate
6942	TCF20	ENSG00000100207	22	42546019	42699768	326	58749	5.5509	1.4211e-08	1.0	1.0	low	low
5330	PLCB2	ENSG00000137841	15	40566461	40635174	152	58749	5.5428	1.4887e-08	1.0	1.0	low	low
56144	PCDHA4	ENSG00000204967	5	140151672	140401929	467	58749	5.5322	1.5809e-08	1.0	1.0	low	low
23769	FLRT1	ENSG00000126500	11	63768442	63896655	286	58749	5.5186	1.7087e-08	1.0	1.0	low	low
54602	NDFIP2	ENSG00000102471	13	80020259	80140212	199	58749	5.5136	1.7576e-08	2.0	2.0	intermediate	intermediate
51177	PLEKHO1	ENSG00000023902	1	150087170	150141825	87	58749	5.5123	1.7712e-08	5.0	3.0	intermediate	intermediate
1687	DFNA5	ENSG00000105928	7	24727974	24832639	348	58749	5.5096	1.7983e-08	9.0	3.0	high_6	intermediate
56135	PCDHAC1	ENSG00000248383	5	140271302	140401929	266	58749	5.5045	1.8515e-08	1.0	1.0	low	low
1800	DPEP1	ENSG00000015413	16	89644716	89717216	253	58749	5.4849	2.0683e-08	5.0	4.0	intermediate	intermediate
219539	YPEL4	ENSG00000166793	11	57402560	57452417	71	58749	5.4818	2.1047e-08	1.0	1.0	low	low
5639	PRRG2	ENSG00000126460	19	50049574	50104272	110	58749	5.4768	2.1656e-08	2.0	2.0	intermediate	intermediate
51523	CXXC5	ENSG00000171604	5	138993301	139073467	124	58749	5.4732	2.21e-08	1.0	1.0	low	low
1745	DLX1	ENSG00000144355	2	172915208	172964402	98	58749	5.4558	2.4377e-08	1.0	1.0	low	low
57479	PRR12	ENSG00000126464	19	50059912	50139696	182	58749	5.4449	2.5915e-08	1.0	1.0	low	low
9162	DGKI	ENSG00000157680	7	137064385	137566609	842	58749	5.4427	2.6233e-08	3.0	3.0	intermediate	intermediate
221935	SDK1	ENSG00000146555	7	3306080	4318632	3916	58749	5.4384	2.6888e-08	17.0	7.0	high_6	high_10
152006	RNF38	ENSG00000137075	9	36326395	36522568	291	58749	5.4377	2.6982e-08	1.0	1.0	low	low
11311	VPS45	ENSG00000136631	1	150004350	150127505	186	58749	5.427	2.8657e-08	9.0	3.0	high_6	intermediate
1138	CHRNA5	ENSG00000169684	15	78822862	78897611	174	58749	5.4224	2.9408e-08	31.0	8.0	high_6	high_10
56134	PCDHAC2	ENSG00000243232	5	140310747	140401929	198	58749	5.4012	3.3091e-08	1.0	1.0	low	low
23293	SMG6	ENSG00000070366	17	1953133	2242069	665	58749	5.3926	3.4723e-08	42.0	11.0	high_6	high_10
29902	FAM216A	ENSG00000204856	12	110871232	110938192	106	58749	5.3767	3.794e-08	1.0	1.0	low	low
56140	PCDHA8	ENSG00000204962	5	140185907	140401929	390	58749	5.3659	4.0273e-08	1.0	1.0	low	low
5792	PTPRF	ENSG00000142949	1	43956708	44099343	321	58749	5.3571	4.2286e-08	12.0	5.0	high_6	high_10
4325	MMP16	ENSG00000156103	8	89039460	89374717	753	58749	5.3521	4.3474e-08	6.0	6.0	high_6	intermediate
23113	CUL9	ENSG00000112659	6	43114913	43202325	192	58749	5.3503	4.3901e-08	1.0	1.0	low	low
80212	CCDC92	ENSG00000119242	12	124410955	124492373	150	58749	5.3437	4.5532e-08	10.0	5.0	high_6	high_10
3782	KCNN3	ENSG00000143603	1	154659938	154877754	590	58749	5.3426	4.5823e-08	7.0	4.0	high_6	intermediate
144348	ZNF664	ENSG00000179195	12	124422699	124509986	166	58749	5.3308	4.8887e-08	9.0	5.0	high_6	intermediate
55568	GALNT10	ENSG00000164574	5	153535295	153810544	908	58749	5.3116	5.4348e-08	5.0	3.0	intermediate	intermediate
25797	QPCT	ENSG00000115828	2	37536742	37610465	274	58749	5.3033	5.6852e-08	1.0	1.0	low	low
23196	FAM120A	ENSG00000048828	9	96179173	96338397	459	58749	5.2962	5.9116e-08	4.0	2.0	intermediate	intermediate
10336	PCGF3	ENSG00000185619	4	664537	774428	356	58749	5.2957	5.9293e-08	4.0	3.0	intermediate	intermediate
2590	GALNT2	ENSG00000143641	1	230167956	230427875	965	58749	5.2932	6.0114e-08	5.0	3.0	intermediate	intermediate
8204	NRIP1	ENSG00000180530	21	16323556	16473224	301	58749	5.2874	6.204e-08	14.0	6.0	high_6	high_10
9170	LPAR2	ENSG00000064547	19	19724464	19774039	100	58749	5.285	6.2845e-08	8.0	2.0	high_6	intermediate
9779	TBC1D5	ENSG00000131374	3	17188654	17819240	1389	58749	5.2704	6.8049e-08	7.0	3.0	high_6	intermediate
1958	EGR1	ENSG00000120738	5	137766181	137815004	120	58749	5.2533	7.4686e-08	1.0	1.0	low	low
84059	GPR98	ENSG00000164199	5	89819617	90470254	1450	58749	5.2409	7.9898e-08	7.0	3.0	high_6	intermediate
55735	DNAJC11	ENSG00000007923	1	6684228	6796966	235	58749	5.2395	8.0494e-08	1.0	1.0	low	low
23019	CNOT1	ENSG00000125107	16	58543850	58698790	460	58749	5.223	8.8004e-08	2.0	1.0	intermediate	intermediate
6721	SREBF2	ENSG00000198911	22	42194083	42313312	268	58749	5.2191	8.9902e-08	1.0	1.0	low	low
2175	FANCA	ENSG00000187741	16	89793959	89918066	609	58749	5.2143	9.2241e-08	12.0	6.0	high_6	high_10
57459	GATAD2B	ENSG00000143614	1	153767201	153930451	265	58749	5.2119	9.3442e-08	1.0	1.0	low	low
23683	PRKD3	ENSG00000115825	2	37467645	37586915	414	58749	5.2106	9.4095e-08	3.0	2.0	intermediate	intermediate
92822	ZNF276	ENSG00000158805	16	89751393	89817333	272	58749	5.2101	9.4366e-08	9.0	5.0	high_6	intermediate
83943	IMMP2L	ENSG00000184903	7	110293106	111237588	1830	58749	5.209	9.4907e-08	11.0	4.0	high_6	high_10
80148	PQLC1	ENSG00000122490	18	77652420	77746664	241	58749	5.2068	9.6078e-08	1.0	1.0	low	low
346007	EYS	ENSG00000188107	6	64419876	66452118	5779	58749	5.2061	9.6434e-08	5.0	2.0	intermediate	intermediate
4803	NGF	ENSG00000134259	1	115818537	115915857	364	58749	5.2015	9.8852e-08	22.0	6.0	high_6	high_10
2923	PDIA3	ENSG00000167004	15	44003326	44074804	95	58749	5.193	1.0347e-07	3.0	3.0	intermediate	intermediate
64478	CSMD1	ENSG00000183117	8	2782875	4887328	15922	58749	5.1919	1.0409e-07	14.0	5.0	high_6	high_10
27087	B3GAT1	ENSG00000109956	11	134238398	134316880	326	58749	5.1919	1.041e-07	3.0	3.0	intermediate	intermediate
257194	NEGR1	ENSG00000172260	1	71858625	72783533	1832	58749	5.1868	1.0699e-07	27.0	9.0	high_6	high_10
81888	HYI	ENSG00000178922	1	43906674	43954938	60	58749	5.1836	1.0882e-07	1.0	1.0	low	low
81603	TRIM8	ENSG00000171206	10	104368326	104428076	123	58749	5.1762	1.1325e-07	2.0	2.0	intermediate	intermediate
84630	TTBK1	ENSG00000146216	6	43176222	43265997	214	58749	5.1717	1.1599e-07	2.0	2.0	intermediate	intermediate
51699	VPS29	ENSG00000111237	12	110919330	110974916	77	58749	5.1508	1.2969e-07	1.0	1.0	low	low
55167	MSL2	ENSG00000174579	3	135857760	135950522	96	58749	5.1365	1.3996e-07	6.0	3.0	high_6	intermediate
5587	PRKD1	ENSG00000184304	14	30035685	30431899	855	58749	5.135	1.4111e-07	6.0	4.0	high_6	intermediate
5764	PTN	ENSG00000105894	7	136902088	137063606	424	58749	5.1346	1.4139e-07	3.0	1.0	intermediate	intermediate
54497	HEATR5B	ENSG00000008869	2	37198153	37346485	387	58749	5.1185	1.5401e-07	4.0	2.0	intermediate	intermediate
124045	SPATA33	ENSG00000167523	16	89689152	89746866	206	58749	5.1139	1.5779e-07	8.0	3.0	high_6	intermediate
10274	STAG1	ENSG00000118007	3	136045077	136506245	674	58749	5.1011	1.6885e-07	22.0	7.0	high_6	high_10
9605	VPS9D1	ENSG00000075399	16	89763541	89822398	263	58749	5.0964	1.7304e-07	3.0	2.0	intermediate	intermediate
23467	NPTXR	ENSG00000221890	22	39204456	39275017	181	58749	5.0925	1.7665e-07	1.0	1.0	low	low
9745	ZNF536	ENSG00000198597	19	30828328	31058966	545	58749	5.0807	1.8799e-07	4.0	3.0	intermediate	intermediate
84501	SPIRE2	ENSG00000204991	16	89859883	89947727	277	58749	5.0801	1.8858e-07	5.0	4.0	intermediate	intermediate
59341	TRPV4	ENSG00000111199	12	110210892	110306212	242	58749	5.0668	2.0233e-07	3.0	3.0	intermediate	intermediate
387893	SETD8	ENSG00000183955	12	123833704	123903900	201	58749	5.0607	2.0883e-07	7.0	4.0	high_6	intermediate
22986	SORCS3	ENSG00000156395	10	106365859	107034993	1863	58749	5.0411	2.3145e-07	30.0	8.0	high_6	high_10
4905	NSF	ENSG00000073969	17	44633035	44844830	86	58749	5.0353	2.385e-07	6.0	4.0	high_6	intermediate
2033	EP300	ENSG00000100393	22	41453614	41586081	211	58749	5.0247	2.5206e-07	20.0	9.0	high_6	high_10
353189	SLCO4C1	ENSG00000173930	5	101559690	101667253	436	58749	5.0217	2.5604e-07	5.0	3.0	intermediate	intermediate
116150	NUS1	ENSG00000153989	6	117961617	118041890	197	58749	5.0183	2.606e-07	2.0	1.0	intermediate	intermediate
23228	PLCL2	ENSG00000154822	3	16939582	17142098	433	58749	5.0177	2.6146e-07	18.0	10.0	high_6	high_10
132160	PPM1M	ENSG00000164088	3	52244782	52294615	67	58749	5.0132	2.6771e-07	1.0	1.0	low	low
6660	SOX5	ENSG00000134532	12	23672438	24750383	3010	58749	5.0115	2.7006e-07	33.0	6.0	high_6	high_10
3831	KLC1	ENSG00000126214	14	104060525	104177888	271	58749	5.0115	2.7008e-07	4.0	3.0	intermediate	intermediate
27445	PCLO	ENSG00000186472	7	82373321	82827197	1260	58749	4.99	3.0189e-07	9.0	3.0	high_6	intermediate
79918	SETD6	ENSG00000103037	16	58514383	58564431	132	58749	4.9885	3.0418e-07	1.0	1.0	low	low
7473	WNT3	ENSG00000108379	17	44829872	44931126	202	58749	4.981	3.1635e-07	4.0	4.0	intermediate	intermediate
26523	AGO1	ENSG00000092847	1	36300412	36405211	100	58749	4.9797	3.1842e-07	1.0	1.0	low	low
6487	ST3GAL3	ENSG00000126091	1	44138204	44406837	545	58749	4.9755	3.2534e-07	3.0	2.0	intermediate	intermediate
57630	SH3RF1	ENSG00000154447	4	170005407	170227249	521	58749	4.9717	3.3176e-07	2.0	2.0	intermediate	intermediate
158293	FAM120AOS	ENSG00000188938	9	96198776	96250874	165	58749	4.9659	3.4196e-07	4.0	3.0	intermediate	intermediate
55068	ENOX1	ENSG00000120658	13	43777335	44396116	1501	58749	4.962	3.4877e-07	11.0	4.0	high_6	high_10
166336	PRICKLE2	ENSG00000163637	3	64069526	64288859	681	58749	4.9372	3.9625e-07	2.0	1.0	intermediate	intermediate
145567	TTC7B	ENSG00000165914	14	90996932	91317823	1087	58749	4.935	4.0085e-07	1.0	1.0	low	low
27095	TRAPPC3	ENSG00000054116	1	36592170	36656654	86	58749	4.9326	4.0573e-07	1.0	1.0	low	low
767	CA8	ENSG00000178538	8	61091423	61228954	512	58749	4.9318	4.0732e-07	7.0	5.0	high_6	intermediate
473	RERE	ENSG00000142599	1	8402464	8912699	755	58749	4.9297	4.1182e-07	19.0	12.0	high_6	high_10
51201	ZDHHC2	ENSG00000104219	8	16978836	17090241	332	58749	4.9219	4.2851e-07	1.0	1.0	low	low
64101	LRRC4	ENSG00000128594	7	127657124	127706002	79	58749	4.9211	4.3038e-07	2.0	2.0	intermediate	intermediate
51571	FAM49B	ENSG00000153310	8	130841839	131063897	438	58749	4.9168	4.3993e-07	2.0	2.0	intermediate	intermediate
221078	NSUN6	ENSG00000241058	10	18824264	18983180	549	58749	4.9146	4.4471e-07	10.0	4.0	high_6	high_10
5905	RANGAP1	ENSG00000100401	22	41630781	41717255	134	58749	4.9067	4.6318e-07	1.0	1.0	low	low
79174	CRELD2	ENSG00000184164	22	50277283	50331188	251	58749	4.9063	4.6398e-07	3.0	3.0	intermediate	intermediate
126129	CPT1C	ENSG00000169169	19	50159363	50226988	128	58749	4.9029	4.7227e-07	1.0	1.0	low	low
23513	SCRIB	ENSG00000180900	8	144863090	144932890	143	58749	4.8898	5.0472e-07	1.0	1.0	low	low
55700	MAP7D1	ENSG00000116871	1	36586751	36656450	94	58749	4.8855	5.1591e-07	1.0	1.0	low	low
63826	SRR	ENSG00000167720	17	2172244	2238553	152	58749	4.88	5.3046e-07	3.0	2.0	intermediate	intermediate
23528	ZNF281	ENSG00000162702	1	200364075	200414186	83	58749	4.8706	5.5639e-07	3.0	3.0	intermediate	intermediate
403	ARL3	ENSG00000138175	10	104423484	104509190	154	58749	4.8625	5.7954e-07	3.0	2.0	intermediate	intermediate
2260	FGFR1	ENSG00000077782	8	38258656	38361352	176	58749	4.8595	5.8836e-07	3.0	2.0	intermediate	intermediate
6232	RPS27	ENSG00000177954	1	153928239	153974631	53	58749	4.8588	5.9041e-07	2.0	2.0	intermediate	intermediate
2903	GRIN2A	ENSG00000183454	16	9837265	10311611	1958	58749	4.8485	6.221e-07	9.0	3.0	high_6	intermediate
27132	CPNE7	ENSG00000178773	16	89607176	89673654	213	58749	4.8432	6.3898e-07	7.0	4.0	high_6	intermediate
5685	PSMA4	ENSG00000041357	15	78797747	78851562	128	58749	4.8427	6.4046e-07	14.0	6.0	high_6	high_10
9881	TRANK1	ENSG00000168016	3	36858308	37021548	330	58749	4.8414	6.4448e-07	4.0	2.0	intermediate	intermediate
55024	BANK1	ENSG00000153064	4	102676764	103005969	735	58749	4.8364	6.6118e-07	9.0	7.0	high_6	intermediate
9861	PSMD6	ENSG00000163636	3	63986225	64044686	129	58749	4.8363	6.6137e-07	2.0	1.0	intermediate	intermediate
1182	CLCN3	ENSG00000109572	4	170506672	170654338	349	58749	4.8257	6.9753e-07	4.0	2.0	intermediate	intermediate
92935	MARS2	ENSG00000247626	2	198535028	198583114	51	58749	4.8207	7.1534e-07	1.0	1.0	low	low
79087	ALG12	ENSG00000182858	22	50286852	50347106	281	58749	4.8175	7.2667e-07	1.0	1.0	low	low
27173	SLC39A1	ENSG00000143570	1	153921575	153975660	60	58749	4.8162	7.3176e-07	1.0	1.0	low	low
5119	CHMP1A	ENSG00000131165	16	89700839	89759193	218	58749	4.8145	7.3768e-07	3.0	3.0	intermediate	intermediate
79096	C11orf49	ENSG00000149179	11	46923240	47195932	358	58749	4.7989	7.9755e-07	12.0	5.0	high_6	high_10
192670	AGO4	ENSG00000134698	1	36238231	36333491	137	58749	4.7938	8.1813e-07	1.0	1.0	low	low
1152	CKB	ENSG00000166165	14	103975995	104024196	116	58749	4.7896	8.3553e-07	7.0	6.0	high_6	intermediate
54853	WDR55	ENSG00000120314	5	140009384	140061930	91	58749	4.7895	8.3612e-07	1.0	1.0	low	low
2622	GAS8	ENSG00000141013	16	90051056	90121379	275	58749	4.7854	8.5313e-07	3.0	1.0	intermediate	intermediate
9909	DENND4B	ENSG00000198837	1	153891977	153954162	83	58749	4.7827	8.6467e-07	4.0	3.0	intermediate	intermediate
50651	SLC45A1	ENSG00000162426	1	8343171	8414227	193	58749	4.7786	8.8239e-07	12.0	9.0	high_6	high_10
200186	CRTC2	ENSG00000160741	1	153910148	153966132	64	58749	4.7773	8.8828e-07	1.0	1.0	low	low
148327	CREB3L4	ENSG00000143578	1	153905315	153956840	61	58749	4.7718	9.1313e-07	2.0	1.0	intermediate	intermediate
84186	ZCCHC7	ENSG00000147905	9	37085161	37368146	371	58749	4.7696	9.2287e-07	5.0	4.0	intermediate	intermediate
170825	GSX2	ENSG00000180613	4	54931248	54978122	70	58749	4.7546	9.9423e-07	2.0	1.0	intermediate	intermediate
6833	ABCC8	ENSG00000006071	11	17404432	17533449	485	58749	4.7542	9.9619e-07	5.0	4.0	intermediate	intermediate
5523	PPP2R3A	ENSG00000073711	3	135649515	135876752	372	58749	4.7487	1.0238e-06	4.0	3.0	intermediate	intermediate
56987	BBX	ENSG00000114439	3	107206783	107540176	624	58749	4.742	1.0582e-06	5.0	5.0	intermediate	intermediate
710	SERPING1	ENSG00000149131	11	57330027	57392326	134	58749	4.7384	1.077e-06	7.0	5.0	high_6	intermediate
8558	CDK10	ENSG00000185324	16	89718076	89772772	188	58749	4.7368	1.0856e-06	1.0	1.0	low	low
6494	SIPA1	ENSG00000213445	11	65370578	65428391	76	58749	4.7342	1.0997e-06	3.0	2.0	intermediate	intermediate
11344	TWF2	ENSG00000247596	3	52252626	52308183	84	58749	4.7312	1.1158e-06	2.0	2.0	intermediate	intermediate
4925	NUCB2	ENSG00000070081	11	17246884	17381510	268	58749	4.7259	1.1454e-06	1.0	1.0	low	low
54838	WBP1L	ENSG00000166272	10	104468727	104586022	288	58749	4.7256	1.1472e-06	3.0	3.0	intermediate	intermediate
288	ANK3	ENSG00000151150	10	61776056	62528284	2259	58749	4.7232	1.1606e-06	3.0	2.0	intermediate	intermediate
5428	POLG	ENSG00000140521	15	89849536	89913026	128	58749	4.7169	1.1973e-06	3.0	1.0	intermediate	intermediate
133418	EMB	ENSG00000170571	5	49682026	49772234	188	58749	4.7125	1.2233e-06	3.0	3.0	intermediate	intermediate
151613	TTC14	ENSG00000163728	3	180284918	180346120	81	58749	4.7102	1.2373e-06	2.0	1.0	intermediate	intermediate
266722	HS6ST3	ENSG00000185352	13	96708093	97501816	1792	58749	4.7094	1.2421e-06	6.0	3.0	high_6	intermediate
23259	DDHD2	ENSG00000085788	8	38053861	38130351	73	58749	4.7086	1.2471e-06	8.0	2.0	high_6	intermediate
55206	SBNO1	ENSG00000139697	12	123763656	123884756	388	58749	4.6952	1.3318e-06	6.0	3.0	high_6	intermediate
9628	RGS6	ENSG00000182732	14	72363817	73043238	2419	58749	4.6779	1.449e-06	12.0	5.0	high_6	high_10
80031	SEMA6D	ENSG00000137872	15	47441403	48076420	1834	58749	4.6726	1.4869e-06	12.0	4.0	high_6	high_10
55576	STAB2	ENSG00000136011	12	103946069	104170502	778	58749	4.672	1.4913e-06	7.0	3.0	high_6	intermediate
29799	YPEL1	ENSG00000100027	22	22041825	22125071	256	58749	4.6704	1.5028e-06	2.0	1.0	intermediate	intermediate
2262	GPC5	ENSG00000179399	13	92015935	93529490	4146	58749	4.6647	1.5451e-06	8.0	6.0	high_6	intermediate
1746	DLX2	ENSG00000115844	2	172954166	173002478	167	58749	4.6606	1.5763e-06	6.0	2.0	high_6	intermediate
4842	NOS1	ENSG00000089250	12	117635921	117834607	515	58749	4.6558	1.6139e-06	4.0	2.0	intermediate	intermediate
1630	DCC	ENSG00000187323	18	49831542	51072273	4479	58749	4.6498	1.6612e-06	50.0	12.0	high_6	high_10
60468	BACH2	ENSG00000112182	6	90626247	91041627	856	58749	4.6497	1.6622e-06	46.0	13.0	high_6	high_10
388849		ENSG00000234409	22	20125602	20173748	196	58749	4.6442	1.7068e-06	3.0	3.0	intermediate	intermediate
3767	KCNJ11	ENSG00000187486	11	17396795	17445878	173	58749	4.639	1.7502e-06	6.0	5.0	high_6	intermediate
284358	MAMSTR	ENSG00000176909	19	49205999	49257976	158	58749	4.6384	1.756e-06	14.0	6.0	high_6	high_10
4352	MPL	ENSG00000117400	1	43768475	43830135	64	58749	4.6317	1.8134e-06	1.0	1.0	low	low
51317	PHF21A	ENSG00000135365	11	45940870	46177985	408	58749	4.6258	1.8657e-06	4.0	4.0	intermediate	intermediate
91749	KIAA1919	ENSG00000173214	6	111545482	111600263	121	58749	4.6255	1.8689e-06	1.0	1.0	low	low
402117	VWC2L	ENSG00000174453	2	215241292	215450774	556	58749	4.6134	1.981e-06	1.0	1.0	low	low
1620	BRINP1	ENSG00000078725	9	121918907	122166739	531	58749	4.6121	1.9927e-06	3.0	2.0	intermediate	intermediate
79007	DBNDD1	ENSG00000003249	16	90061279	90120937	235	58749	4.6107	2.0064e-06	8.0	1.0	high_6	intermediate
91752	ZNF804A	ENSG00000170396	2	185428093	185814214	800	58749	4.608	2.0332e-06	13.0	4.0	high_6	high_10
10864	SLC22A7	ENSG00000137204	6	43230737	43283276	110	58749	4.6061	2.0513e-06	1.0	1.0	low	low
9135	RABEP1	ENSG00000029725	17	5150558	5299132	506	58749	4.5989	2.1231e-06	1.0	1.0	low	low
90326	THAP3	ENSG00000041988	1	6649925	6705646	113	58749	4.5973	2.1402e-06	1.0	1.0	low	low
9444	QKI	ENSG00000112531	6	163800675	164009628	423	58749	4.5968	2.1447e-06	9.0	6.0	high_6	intermediate
9903	KLHL21	ENSG00000162413	1	6640784	6697958	109	58749	4.5914	2.2016e-06	2.0	1.0	intermediate	intermediate
29883	CNOT7	ENSG00000198791	8	17076737	17139387	174	58749	4.5908	2.2075e-06	1.0	1.0	low	low
5253	PHF2	ENSG00000197724	9	96303909	96451869	534	58749	4.5896	2.2201e-06	9.0	5.0	high_6	intermediate
5144	PDE4D	ENSG00000113448	5	58254865	59818925	3692	58749	4.5863	2.2556e-06	5.0	4.0	intermediate	intermediate
160857	CCDC122	ENSG00000151773	13	44400488	44488826	362	58749	4.582	2.303e-06	2.0	1.0	intermediate	intermediate
100533183	FAM101A	ENSG00000178882	12	124422762	124810570	1129	58749	4.5733	2.4003e-06	10.0	5.0	high_6	high_10
84364	ARFGAP2	ENSG00000149182	11	47175849	47234054	104	58749	4.5699	2.4402e-06	6.0	3.0	high_6	intermediate
1296	COL8A2	ENSG00000171812	1	36550840	36626305	116	58749	4.569	2.4503e-06	2.0	1.0	intermediate	intermediate
6252	RTN1	ENSG00000139970	14	60052694	60372557	625	58749	4.5583	2.5784e-06	1.0	1.0	low	low
148479	PHF13	ENSG00000116273	1	6638756	6694093	97	58749	4.5451	2.7456e-06	3.0	2.0	intermediate	intermediate
29763	PACSIN3	ENSG00000165912	11	47189073	47243010	85	58749	4.5427	2.7768e-06	6.0	3.0	high_6	intermediate
1463	NCAN	ENSG00000130287	19	19287773	19373061	200	58749	4.5404	2.8074e-06	5.0	4.0	intermediate	intermediate
10827	FAM114A2	ENSG00000055147	5	153359723	153453497	201	58749	4.5394	2.8202e-06	2.0	1.0	intermediate	intermediate
929	CD14	ENSG00000170458	5	140001313	140048286	100	58749	4.5379	2.8414e-06	1.0	1.0	low	low
29881	NPC1L1	ENSG00000015520	7	44542134	44615914	183	58749	4.5357	2.8704e-06	7.0	3.0	high_6	intermediate
144811	LACC1	ENSG00000179630	13	44418420	44478068	241	58749	4.5354	2.8747e-06	6.0	4.0	high_6	intermediate
10180	RBM6	ENSG00000004534	3	49942474	50124685	282	58749	4.5317	2.9253e-06	11.0	8.0	high_6	high_10
81611	ANP32E	ENSG00000143401	1	150180717	150243504	83	58749	4.5241	3.0322e-06	2.0	2.0	intermediate	intermediate
54606	DDX56	ENSG00000136271	7	44595016	44649542	157	58749	4.5224	3.0577e-06	2.0	2.0	intermediate	intermediate
4208	MEF2C	ENSG00000081189	5	88004058	88234922	386	58749	4.5201	3.0902e-06	15.0	5.0	high_6	high_10
4238	MFAP3	ENSG00000037749	5	153383519	153447014	141	58749	4.52	3.0919e-06	3.0	2.0	intermediate	intermediate
6434	TRA2B	ENSG00000136527	3	185622356	185690924	165	58749	4.5154	3.1594e-06	1.0	1.0	low	low
84614	ZBTB37	ENSG00000185278	1	173802220	173866596	123	58749	4.5106	3.2326e-06	2.0	1.0	intermediate	intermediate
57369	GJD2	ENSG00000159248	15	35034642	35081782	206	58749	4.5078	3.2745e-06	4.0	2.0	intermediate	intermediate
7531	YWHAE	ENSG00000108953	17	1237833	1338669	362	58749	4.5044	3.3279e-06	6.0	3.0	high_6	intermediate
9859	CEP170	ENSG00000143702	1	243277730	243454284	211	58749	4.5042	3.3313e-06	9.0	4.0	high_6	intermediate
4884	NPTX1	ENSG00000171246	17	78430633	78485404	121	58749	4.5007	3.3872e-06	1.0	1.0	low	low
6789	STK4	ENSG00000101109	20	43560120	43718600	281	58749	4.4929	3.5129e-06	2.0	1.0	intermediate	intermediate
4124	MAN2A1	ENSG00000112893	5	108990156	109213429	782	58749	4.4815	3.7062e-06	1.0	1.0	low	low
22999	RIMS1	ENSG00000079841	6	72561406	73122845	1419	58749	4.4731	3.8539e-06	2.0	2.0	intermediate	intermediate
9228	DLGAP2	ENSG00000198010	8	842021	1666642	3884	58749	4.4685	3.9393e-06	2.0	2.0	intermediate	intermediate
6770	STAR	ENSG00000147465	8	37990218	38043783	65	58749	4.4652	3.9998e-06	1.0	1.0	low	low
7086	TKT	ENSG00000163931	3	53248723	53325130	243	58749	4.4647	4.0086e-06	2.0	2.0	intermediate	intermediate
79698	ZMAT4	ENSG00000165061	8	40378109	40790345	1274	58749	4.4636	4.0298e-06	4.0	3.0	intermediate	intermediate
9530	BAG4	ENSG00000156735	8	37999106	38080819	101	58749	4.4606	4.0862e-06	1.0	1.0	low	low
6546	SLC8A1	ENSG00000183023	2	40329286	40774575	1588	58749	4.4503	4.2882e-06	6.0	3.0	high_6	intermediate
415116	PIM3	ENSG00000198355	22	50319143	50367720	166	58749	4.44	4.4984e-06	4.0	3.0	intermediate	intermediate
5101	PCDH9	ENSG00000184226	13	66866966	67839468	2205	58749	4.4299	4.714e-06	6.0	5.0	high_6	intermediate
6720	SREBF1	ENSG00000072310	17	17704663	17775331	98	58749	4.4275	4.7674e-06	4.0	4.0	intermediate	intermediate
64080	RBKS	ENSG00000171174	2	27994266	28148223	225	58749	4.4247	4.8296e-06	14.0	4.0	high_6	high_10
9553	MRPL33	ENSG00000243147	2	27959584	28012608	50	58749	4.4207	4.9193e-06	2.0	2.0	intermediate	intermediate
79750	ZNF385D	ENSG00000151789	3	21449911	22449132	4430	58749	4.4203	4.9276e-06	3.0	3.0	intermediate	intermediate
79630	C1orf54	ENSG00000118292	1	150209687	150263335	72	58749	4.4191	4.9554e-06	2.0	2.0	intermediate	intermediate
1191	CLU	ENSG00000120885	8	27444434	27507328	186	58749	4.4081	5.2139e-06	14.0	6.0	high_6	high_10
53833	IL20RB	ENSG00000174564	3	136641707	136739927	182	58749	4.4079	5.2195e-06	1.0	1.0	low	low
1012	CDH13	ENSG00000140945	16	82625399	83840215	6811	58749	4.4073	5.2327e-06	13.0	5.0	high_6	high_10
80309	SPHKAP	ENSG00000153820	2	228834670	229081836	745	58749	4.4073	5.2323e-06	4.0	3.0	intermediate	intermediate
54922	RASIP1	ENSG00000105538	19	49213842	49279136	185	58749	4.4057	5.2714e-06	3.0	3.0	intermediate	intermediate
27257	LSM1	ENSG00000175324	8	38010839	38069248	81	58749	4.4016	5.3739e-06	1.0	1.0	low	low
79018	GID4	ENSG00000141034	17	17907611	17981719	105	58749	4.401	5.3883e-06	1.0	1.0	low	low
462	SERPINC1	ENSG00000117601	1	173862938	173921516	109	58749	4.3951	5.5371e-06	1.0	1.0	low	low
10936	GPR75	ENSG00000119737	2	54070050	54122170	133	58749	4.3933	5.5834e-06	5.0	2.0	intermediate	intermediate
118980	SFXN2	ENSG00000156398	10	104439298	104508947	118	58749	4.3876	5.7295e-06	1.0	1.0	low	low
54978	SLC35F6	ENSG00000213699	2	26952131	27014099	95	58749	4.3871	5.743e-06	1.0	1.0	low	low
2044	EPHA5	ENSG00000145242	4	66175281	66571529	1410	58749	4.3869	5.7502e-06	8.0	6.0	high_6	intermediate
83450	LRRC48	ENSG00000171962	17	17841127	17930203	135	58749	4.3857	5.7803e-06	1.0	1.0	low	low
26291	FGF21	ENSG00000105550	19	49223816	49271587	140	58749	4.3798	5.9401e-06	4.0	2.0	intermediate	intermediate
8452	CUL3	ENSG00000036257	2	225324867	225485114	389	58749	4.3786	5.9728e-06	1.0	1.0	low	low
7296	TXNRD1	ENSG00000198431	12	104574537	104754085	514	58749	4.3768	6.0208e-06	1.0	1.0	low	low
23046	KIF21B	ENSG00000116852	1	200928514	201027828	236	58749	4.3711	6.1802e-06	7.0	4.0	high_6	intermediate
115827	RAB3C	ENSG00000152932	5	57842950	58165221	943	58749	4.3695	6.226e-06	2.0	2.0	intermediate	intermediate
115708	TRMT61A	ENSG00000166166	14	103960509	104013410	124	58749	4.3635	6.3987e-06	5.0	3.0	intermediate	intermediate
5094	PCBP2	ENSG00000197111	12	53810886	53884946	87	58749	4.361	6.4725e-06	1.0	1.0	low	low
401262	CRIP3	ENSG00000146215	6	43263211	43312005	65	58749	4.3521	6.7408e-06	10.0	6.0	high_6	high_10
22905	EPN2	ENSG00000072134	17	19105690	19250028	120	58749	4.3511	6.7728e-06	1.0	1.0	low	low
4296	MAP3K11	ENSG00000173327	11	65355226	65416720	98	58749	4.3475	6.884e-06	3.0	3.0	intermediate	intermediate
146691	TOM1L2	ENSG00000175662	17	17736822	17910784	252	58749	4.3454	6.951e-06	2.0	2.0	intermediate	intermediate
10769	PLK2	ENSG00000145632	5	57739809	57790966	226	58749	4.3448	6.9708e-06	5.0	3.0	intermediate	intermediate
84133	ZNRF3	ENSG00000183579	22	29244755	29463476	468	58749	4.3416	7.0731e-06	22.0	9.0	high_6	high_10
150356	CHADL	ENSG00000100399	22	41595861	41671935	180	58749	4.3374	7.2094e-06	2.0	2.0	intermediate	intermediate
283248	RCOR2	ENSG00000167771	11	63668693	63719407	68	58749	4.3347	7.2976e-06	8.0	2.0	high_6	intermediate
9093	DNAJA3	ENSG00000103423	16	4440806	4516776	169	58749	4.3287	7.4993e-06	1.0	1.0	low	low
9856	KIAA0319	ENSG00000137261	6	24534332	24681383	509	58749	4.3271	7.5553e-06	1.0	1.0	low	low
9815	GIT2	ENSG00000139436	12	110357607	110469194	187	58749	4.3239	7.6642e-06	2.0	2.0	intermediate	intermediate
53335	BCL11A	ENSG00000119866	2	60668302	60815633	237	58749	4.3197	7.8133e-06	28.0	11.0	high_6	high_10
23002	DAAM1	ENSG00000100592	14	59620329	59848123	676	58749	4.3141	8.0138e-06	1.0	1.0	low	low
5592	PRKG1	ENSG00000185532	10	52715911	54068110	4282	58749	4.3122	8.0819e-06	2.0	2.0	intermediate	intermediate
5142	PDE4B	ENSG00000184588	1	66223193	66850262	1480	58749	4.3055	8.3322e-06	22.0	8.0	high_6	high_10
7227	TRPS1	ENSG00000104447	8	116410724	116748299	436	58749	4.3028	8.4325e-06	28.0	10.0	high_6	high_10
1951	CELSR3	ENSG00000008300	3	48663896	48735348	86	58749	4.2968	8.6634e-06	2.0	2.0	intermediate	intermediate
23264	ZC3H7B	ENSG00000100403	22	41662507	41766151	139	58749	4.2962	8.6881e-06	1.0	1.0	low	low
8821	INPP4B	ENSG00000109452	4	142939181	143802604	2335	58749	4.2888	8.982e-06	5.0	3.0	intermediate	intermediate
154215	NKAIN2	ENSG00000188580	6	124089991	125156786	2772	58749	4.284	9.1792e-06	2.0	1.0	intermediate	intermediate
57521	RPTOR	ENSG00000141564	17	78483625	78950173	1768	58749	4.2831	9.2137e-06	4.0	4.0	intermediate	intermediate
23094	SIPA1L3	ENSG00000105738	19	38362525	38709009	888	58749	4.2814	9.2862e-06	3.0	3.0	intermediate	intermediate
10758	TRAF3IP2	ENSG00000056972	6	111866581	111962477	288	58749	4.2776	9.4455e-06	11.0	7.0	high_6	high_10
221079	ARL5B	ENSG00000165997	10	18913264	18980568	215	58749	4.2755	9.534e-06	2.0	1.0	intermediate	intermediate
9936	CD302	ENSG00000241399	2	160615139	160690115	264	58749	4.2748	9.5644e-06	3.0	3.0	intermediate	intermediate
11151	CORO1A	ENSG00000102879	16	30159731	30210397	52	58749	4.2656	9.9666e-06	1.0	1.0	low	low
3778	KCNMA1	ENSG00000156113	10	78619359	79432577	2139	58749	4.2649	9.9993e-06	12.0	7.0	high_6	high_10
29123	ANKRD11	ENSG00000167522	16	89324029	89591969	561	58749	4.2582	1.0303e-05	11.0	5.0	high_6	high_10
11122	PTPRT	ENSG00000196090	20	40691392	41853557	3367	58749	4.2581	1.0311e-05	3.0	3.0	intermediate	intermediate
284359	IZUMO1	ENSG00000182264	19	49234073	49285831	152	58749	4.2479	1.0789e-05	3.0	2.0	intermediate	intermediate
196383	RILPL2	ENSG00000150977	12	123889936	123956264	161	58749	4.2465	1.0856e-05	7.0	3.0	high_6	intermediate
6017	RLBP1	ENSG00000140522	15	89743098	89799922	117	58749	4.2463	1.0864e-05	5.0	2.0	intermediate	intermediate
9842	PLEKHM1	ENSG00000225190	17	43503266	43603146	134	58749	4.238	1.1276e-05	3.0	3.0	intermediate	intermediate
24149	ZNF318	ENSG00000171467	6	43293808	43372181	126	58749	4.2305	1.1657e-05	5.0	4.0	intermediate	intermediate
3795	KHK	ENSG00000138030	2	27274611	27333619	69	58749	4.2298	1.1694e-05	1.0	1.0	low	low
55215	FANCI	ENSG00000140525	15	89750634	89870362	224	58749	4.2255	1.1918e-05	1.0	1.0	low	low
57532	NUFIP2	ENSG00000108256	17	27572854	27656166	153	58749	4.2239	1.2007e-05	4.0	4.0	intermediate	intermediate
6778	STAT6	ENSG00000166888	12	57479187	57540196	101	58749	4.2234	1.2033e-05	14.0	8.0	high_6	high_10
51517	NCKIPSD	ENSG00000213672	3	48690419	48758366	92	58749	4.2196	1.2239e-05	2.0	2.0	intermediate	intermediate
79829	NAA40	ENSG00000110583	11	63671442	63734799	96	58749	4.2196	1.2234e-05	3.0	3.0	intermediate	intermediate
343472	BARHL2	ENSG00000143032	1	91167579	91217794	101	58749	4.2164	1.2409e-05	2.0	2.0	intermediate	intermediate
4035	LRP1	ENSG00000123384	12	57487282	57617142	187	58749	4.2155	1.2461e-05	28.0	11.0	high_6	high_10
23143	LRCH1	ENSG00000136141	13	47092296	47337176	657	58749	4.2136	1.2569e-05	6.0	3.0	high_6	intermediate
283726	FAM154B	ENSG00000188659	15	82520152	82587271	164	58749	4.207	1.294e-05	3.0	2.0	intermediate	intermediate
6095	RORA	ENSG00000069667	15	60770483	61556502	2070	58749	4.2041	1.3107e-05	34.0	11.0	high_6	high_10
102	ADAM10	ENSG00000137845	15	58877403	59077177	394	58749	4.2002	1.3335e-05	4.0	2.0	intermediate	intermediate
1506	CTRL	ENSG00000141086	16	67953473	68000778	41	58749	4.1998	1.3359e-05	3.0	3.0	intermediate	intermediate
253635	GPATCH11	ENSG00000152133	2	37276594	37336387	137	58749	4.1967	1.3542e-05	1.0	1.0	low	low
57118	CAMK1D	ENSG00000183049	10	12356583	12881735	1886	58749	4.1915	1.3853e-05	3.0	3.0	intermediate	intermediate
665	BNIP3L	ENSG00000104765	8	26204894	26280644	165	58749	4.1912	1.3873e-05	1.0	1.0	low	low
9420	CYP7B1	ENSG00000172817	8	65498529	65746348	459	58749	4.1911	1.3882e-05	5.0	1.0	intermediate	intermediate
9378	NRXN1	ENSG00000179915	2	50135643	51294674	3523	58749	4.1908	1.3901e-05	4.0	3.0	intermediate	intermediate
55714	TENM3	ENSG00000218336	4	183030112	183734177	2445	58749	4.1906	1.3909e-05	1.0	1.0	low	low
9118	INA	ENSG00000148798	10	105001919	105060108	86	58749	4.1898	1.396e-05	2.0	2.0	intermediate	intermediate
1636	ACE	ENSG00000159640	17	61519422	61585741	132	58749	4.1895	1.3977e-05	9.0	4.0	high_6	intermediate
399909	PCNXL3	ENSG00000197136	11	65348686	65414910	112	58749	4.1854	1.4234e-05	3.0	2.0	intermediate	intermediate
10181	RBM5	ENSG00000003756	3	50091341	50166397	99	58749	4.1837	1.4337e-05	6.0	4.0	high_6	intermediate
1803	DPP4	ENSG00000197635	2	162838751	162966052	275	58749	4.183	1.4382e-05	7.0	4.0	high_6	intermediate
6602	SMARCD1	ENSG00000066117	12	50443760	50504494	89	58749	4.1722	1.5084e-05	1.0	1.0	low	low
70	ACTC1	ENSG00000159251	15	35070297	35122927	207	58749	4.1629	1.5712e-05	1.0	1.0	low	low
5580	PRKCD	ENSG00000163932	3	53160223	53236733	171	58749	4.1629	1.5714e-05	1.0	1.0	low	low
83737	ITCH	ENSG00000078747	20	32916041	33109198	232	58749	4.162	1.5772e-05	4.0	3.0	intermediate	intermediate
5980	REV3L	ENSG00000009413	6	111610234	111839421	481	58749	4.1611	1.5837e-05	5.0	4.0	intermediate	intermediate
283635	FAM177A1	ENSG00000151327	14	35479113	35562589	290	58749	4.157	1.6122e-05	2.0	2.0	intermediate	intermediate
80723	SLC35G2	ENSG00000168917	3	136502861	136584734	197	58749	4.1537	1.6355e-05	4.0	3.0	intermediate	intermediate
54629	FAM63B	ENSG00000128923	15	59028393	59159754	262	58749	4.1535	1.6374e-05	3.0	1.0	intermediate	intermediate
5521	PPP2R2B	ENSG00000156475	5	145959067	146496083	1178	58749	4.1527	1.6425e-05	1.0	1.0	low	low
23362	PSD3	ENSG00000156011	8	18374813	18906196	2637	58749	4.1508	1.6565e-05	2.0	2.0	intermediate	intermediate
55904	KMT2E	ENSG00000005483	7	104619637	104764532	197	58749	4.1494	1.6671e-05	7.0	4.0	high_6	intermediate
9024	BRSK2	ENSG00000174672	11	1376129	1493919	561	58749	4.144	1.7065e-05	1.0	1.0	low	low
9568	GABBR2	ENSG00000136928	9	101040364	101506479	1646	58749	4.1417	1.7239e-05	1.0	1.0	low	low
51650	MRPS33	ENSG00000090263	7	140695961	140749781	82	58749	4.1394	1.7414e-05	8.0	2.0	high_6	intermediate
79683	ZDHHC14	ENSG00000175048	6	157767557	158108293	1187	58749	4.1392	1.7423e-05	1.0	1.0	low	low
57120	GOPC	ENSG00000047932	6	117871432	117958705	198	58749	4.1387	1.7462e-05	1.0	1.0	low	low
2056	EPO	ENSG00000130427	7	100283423	100331323	104	58749	4.1379	1.7523e-05	2.0	2.0	intermediate	intermediate
79884	MAP9	ENSG00000164114	4	156253810	156333122	266	58749	4.1377	1.7539e-05	6.0	3.0	high_6	intermediate
4807	NHLH1	ENSG00000171786	1	160301861	160352638	126	58749	4.1372	1.758e-05	3.0	2.0	intermediate	intermediate
150159	SLC9B1	ENSG00000164037	4	103796205	103982552	313	58749	4.1358	1.7682e-05	4.0	3.0	intermediate	intermediate
27044	SND1	ENSG00000197157	7	127257043	127742659	759	58749	4.1353	1.7728e-05	5.0	3.0	intermediate	intermediate
794	CALB2	ENSG00000172137	16	71357616	71434341	229	58749	4.1345	1.7786e-05	1.0	1.0	low	low
2672	GFI1	ENSG00000162676	1	92930318	92987433	101	58749	4.1341	1.7819e-05	5.0	4.0	intermediate	intermediate
196385	DNAH10	ENSG00000197653	12	124211786	124430267	546	58749	4.1309	1.8065e-05	1.0	1.0	low	low
51447	IP6K2	ENSG00000068745	3	48715436	48789711	105	58749	4.1278	1.8311e-05	5.0	4.0	intermediate	intermediate
64844	MARCH7	ENSG00000136536	2	160533980	160635084	351	58749	4.1274	1.8345e-05	1.0	1.0	low	low
57520	HECW2	ENSG00000138411	2	197053971	197493416	1187	58749	4.1257	1.8479e-05	2.0	1.0	intermediate	intermediate
80059	LRRTM4	ENSG00000176204	2	76964849	77784502	2578	58749	4.1243	1.8591e-05	5.0	4.0	intermediate	intermediate
10217	CTDSPL	ENSG00000144677	3	37868669	38035960	330	58749	4.1224	1.8751e-05	7.0	4.0	high_6	intermediate
148523	C1orf51	ENSG00000159208	1	150219930	150269505	71	58749	4.1216	1.8811e-05	2.0	2.0	intermediate	intermediate
64127	NOD2	ENSG00000167207	16	50692507	50776990	143	58749	4.1204	1.8911e-05	11.0	6.0	high_6	high_10
79993	ELOVL7	ENSG00000164181	5	60037616	60175101	314	58749	4.1155	1.932e-05	3.0	2.0	intermediate	intermediate
30010	NXPH1	ENSG00000122584	7	8438585	8802593	1451	58749	4.1152	1.9341e-05	1.0	1.0	low	low
6900	CNTN2	ENSG00000184144	1	204977340	205057173	249	58749	4.11	1.9782e-05	4.0	2.0	intermediate	intermediate
2523	FUT1	ENSG00000174951	19	49241268	49293647	173	58749	4.1069	2.0051e-05	8.0	3.0	high_6	intermediate
84444	DOT1L	ENSG00000104885	19	2129148	2242577	371	58749	4.1021	2.0475e-05	8.0	4.0	high_6	intermediate
23033	DOPEY1	ENSG00000083097	6	83742385	83891069	226	58749	4.102	2.0478e-05	2.0	2.0	intermediate	intermediate
85358	SHANK3	ENSG00000251322	22	51078070	51181640	242	58749	4.1005	2.061e-05	4.0	4.0	intermediate	intermediate
8829	NRP1	ENSG00000099250	10	33456419	33658833	735	58749	4.0942	2.1181e-05	3.0	3.0	intermediate	intermediate
2524	FUT2	ENSG00000176920	19	49164228	49219191	153	58749	4.0942	2.1185e-05	43.0	15.0	high_6	high_10
64599	GIGYF1	ENSG00000146830	7	100267130	100321870	123	58749	4.091	2.1477e-05	3.0	3.0	intermediate	intermediate
8091	HMGA2	ENSG00000149948	12	66183240	66370071	341	58749	4.0907	2.1499e-05	28.0	12.0	high_6	high_10
5717	PSMD11	ENSG00000108671	17	30736481	30820337	80	58749	4.0904	2.1534e-05	1.0	1.0	low	low
91181	NUP210L	ENSG00000143552	1	153955166	154162592	277	58749	4.0891	2.1651e-05	3.0	3.0	intermediate	intermediate
55765	C1orf106	ENSG00000163362	1	200825627	200894864	209	58749	4.0873	2.1818e-05	14.0	7.0	high_6	high_10
1793	DOCK1	ENSG00000150760	10	128733965	129260780	1774	58749	4.0857	2.1974e-05	1.0	1.0	low	low
10100	TSPAN2	ENSG00000134198	1	115580632	115667121	313	58749	4.0789	2.262e-05	15.0	5.0	high_6	high_10
3163	HMOX2	ENSG00000103415	16	4489719	4570348	211	58749	4.0784	2.2671e-05	2.0	2.0	intermediate	intermediate
54507	ADAMTSL4	ENSG00000143382	1	150486846	150543413	110	58749	4.0743	2.3073e-05	6.0	3.0	high_6	intermediate
1739	DLG1	ENSG00000075711	3	196759431	197061171	771	58749	4.0742	2.3091e-05	3.0	3.0	intermediate	intermediate
55081	IFT57	ENSG00000114446	3	107869659	107976417	431	58749	4.0696	2.3549e-05	1.0	1.0	low	low
29789	OLA1	ENSG00000138430	2	174927175	175148365	620	58749	4.0686	2.3651e-05	1.0	1.0	low	low
2309	FOXO3	ENSG00000118689	6	108846026	109015972	268	58749	4.0685	2.3663e-05	7.0	4.0	high_6	intermediate
493856	CISD2	ENSG00000145354	4	103714224	103823964	208	58749	4.0631	2.4208e-05	5.0	3.0	intermediate	intermediate
100302652	GPR75-ASB3	ENSG00000115239	2	53887430	54122170	687	58749	4.0561	2.4951e-05	4.0	3.0	intermediate	intermediate
83746	L3MBTL2	ENSG00000100395	22	41566312	41637276	158	58749	4.0542	2.5158e-05	5.0	4.0	intermediate	intermediate
7323	UBE2D3	ENSG00000109332	4	103705540	103825050	229	58749	4.0533	2.5248e-05	4.0	2.0	intermediate	intermediate
1819	DRG2	ENSG00000108591	17	17956181	18021299	120	58749	4.0511	2.5494e-05	1.0	1.0	low	low
9863	MAGI2	ENSG00000187391	7	77636374	79118121	5312	58749	4.0481	2.5815e-05	9.0	6.0	high_6	intermediate
10743	RAI1	ENSG00000108557	17	17549787	17724767	255	58749	4.0455	2.6101e-05	9.0	5.0	high_6	intermediate
64116	SLC39A8	ENSG00000138821	4	103162198	103301655	418	58749	4.0432	2.6362e-05	66.0	15.0	high_6	high_10
4690	NCK1	ENSG00000158092	3	136546050	136680446	294	58749	4.0417	2.6532e-05	8.0	4.0	high_6	intermediate
400954	EML6	ENSG00000214595	2	54917149	55209157	939	58749	4.0383	2.6922e-05	5.0	4.0	intermediate	intermediate
27332	ZNF638	ENSG00000075292	2	71468729	71672191	580	58749	4.0343	2.7379e-05	8.0	5.0	high_6	intermediate
22924	MAPRE3	ENSG00000084764	2	27158525	27260087	143	58749	4.0329	2.7542e-05	2.0	2.0	intermediate	intermediate
80222	TARS2	ENSG00000143374	1	150424840	150490085	181	58749	4.0323	2.7622e-05	1.0	1.0	low	low
2847	MCHR1	ENSG00000128285	22	41040182	41088818	90	58749	4.0288	2.8033e-05	3.0	3.0	intermediate	intermediate
1996	ELAVL4	ENSG00000162374	1	50478686	50679442	234	58749	4.0287	2.8038e-05	2.0	2.0	intermediate	intermediate
3344	FOXN2	ENSG00000170802	2	48506783	48616434	285	58749	4.0274	2.8201e-05	1.0	1.0	low	low
124540	MSI2	ENSG00000153944	17	55298931	55772050	1266	58749	4.0236	2.8658e-05	8.0	6.0	high_6	intermediate
60412	EXOC4	ENSG00000131558	7	132902823	133760514	1500	58749	4.0226	2.8777e-05	4.0	2.0	intermediate	intermediate
282809	POC1B	ENSG00000139323	12	89803495	89955039	357	58749	4.0104	3.031e-05	3.0	2.0	intermediate	intermediate
374383	NCR3LG1	ENSG00000188211	11	17338279	17408868	168	58749	4.0102	3.0335e-05	1.0	1.0	low	low
285600	KIAA0825	ENSG00000185261	5	93476556	93989309	796	58749	4.008	3.0619e-05	1.0	1.0	low	low
91056	AP5B1	ENSG00000254470	11	65531369	65583062	126	58749	3.9989	3.1819e-05	4.0	4.0	intermediate	intermediate
9478	CABP1	ENSG00000157782	12	121043422	121115129	233	58749	3.9989	3.1815e-05	2.0	2.0	intermediate	intermediate
23248	RPRD2	ENSG00000163125	1	150301624	150459042	439	58749	3.9951	3.2335e-05	7.0	5.0	high_6	intermediate
26031	OSBPL3	ENSG00000070882	7	24826159	25054818	699	58749	3.9941	3.2467e-05	1.0	1.0	low	low
10690	FUT9	ENSG00000172461	6	96428845	96673488	879	58749	3.9935	3.2554e-05	3.0	3.0	intermediate	intermediate
58155	PTBP2	ENSG00000117569	1	97152161	97290605	295	58749	3.9886	3.3239e-05	17.0	5.0	high_6	high_10
51780	KDM3B	ENSG00000120733	5	137653285	137782716	283	58749	3.9875	3.339e-05	10.0	3.0	high_6	high_10
83857	TMTC1	ENSG00000133687	12	29643746	29972692	1188	58749	3.9865	3.3526e-05	2.0	2.0	intermediate	intermediate
84871	AGBL4	ENSG00000186094	1	48988527	50524626	2059	58749	3.986	3.3603e-05	4.0	3.0	intermediate	intermediate
9585	KIF20B	ENSG00000138182	10	91426264	91544700	356	58749	3.9845	3.3809e-05	4.0	4.0	intermediate	intermediate
79012	CAMKV	ENSG00000164076	3	49885414	49942655	71	58749	3.9843	3.3842e-05	1.0	1.0	low	low
94030	LRRC4B	ENSG00000131409	19	51010149	51106302	269	58749	3.9826	3.4087e-05	2.0	2.0	intermediate	intermediate
84623	KIRREL3	ENSG00000149571	11	126283388	126905766	2111	58749	3.9791	3.4584e-05	2.0	2.0	intermediate	intermediate
5017	OVOL1	ENSG00000172818	11	65519505	65574690	105	58749	3.9791	3.4584e-05	25.0	9.0	high_6	high_10
3786	KCNQ3	ENSG00000184156	8	133123105	133528004	1431	58749	3.9771	3.4878e-05	2.0	2.0	intermediate	intermediate
55022	PID1	ENSG00000153823	2	229878689	230171057	924	58749	3.9768	3.4923e-05	5.0	2.0	intermediate	intermediate
10021	HCN4	ENSG00000138622	15	73602200	73696605	234	58749	3.9752	3.5153e-05	9.0	5.0	high_6	intermediate
84153	RNASEH2C	ENSG00000172922	11	65475144	65523409	110	58749	3.9696	3.5992e-05	5.0	4.0	intermediate	intermediate
26037	SIPA1L1	ENSG00000197555	14	71753108	72217761	644	58749	3.9654	3.6641e-05	4.0	2.0	intermediate	intermediate
22943	DKK1	ENSG00000107984	10	54039041	54087417	99	58749	3.9603	3.7428e-05	1.0	1.0	low	low
57476	GRAMD1B	ENSG00000023171	11	123290191	123508478	692	58749	3.9601	3.7464e-05	9.0	2.0	high_6	intermediate
2695	GIP	ENSG00000159224	17	47025918	47080955	144	58749	3.96	3.7471e-05	3.0	3.0	intermediate	intermediate
6207	RPS13	ENSG00000110700	11	17085939	17134220	100	58749	3.9594	3.7564e-05	1.0	1.0	low	low
57795	BRINP2	ENSG00000198797	1	177105058	177261558	300	58749	3.9589	3.7654e-05	3.0	1.0	intermediate	intermediate
254042	METAP1D	ENSG00000172878	2	172829804	172957158	301	58749	3.9537	3.847e-05	2.0	1.0	intermediate	intermediate
27319	BHLHE22	ENSG00000180828	8	65457795	65506191	89	58749	3.9509	3.8927e-05	10.0	3.0	high_6	high_10
23150	FRMD4B	ENSG00000114541	3	69209146	69470430	774	58749	3.9457	3.9777e-05	3.0	2.0	intermediate	intermediate
51168	MYO15A	ENSG00000091536	17	17977020	18093116	214	58749	3.9456	3.9795e-05	2.0	1.0	intermediate	intermediate
54849	DEF8	ENSG00000140995	16	89979560	90044468	279	58749	3.9351	4.1587e-05	18.0	4.0	high_6	high_10
643155	SMIM15	ENSG00000188725	5	60443536	60493302	115	58749	3.9321	4.2102e-05	2.0	2.0	intermediate	intermediate
85379	KIAA1671	ENSG00000197077	22	25313676	25603415	735	58749	3.9313	4.2243e-05	1.0	1.0	low	low
2016	EMX1	ENSG00000135638	2	73109604	73172020	81	58749	3.918	4.4648e-05	1.0	1.0	low	low
201176	ARHGAP27	ENSG00000159314	17	43461268	43545282	184	58749	3.9167	4.4886e-05	8.0	5.0	high_6	intermediate
150275	CCDC117	ENSG00000159873	22	29133662	29195283	156	58749	3.9137	4.5456e-05	4.0	2.0	intermediate	intermediate
3626	INHBC	ENSG00000175189	12	57793543	57854609	81	58749	3.9127	4.5628e-05	3.0	3.0	intermediate	intermediate
5607	MAP2K5	ENSG00000137764	15	67800021	68109455	690	58749	3.9073	4.6659e-05	3.0	2.0	intermediate	intermediate
10125	RASGRP1	ENSG00000172575	15	38770302	38892661	259	58749	3.9051	4.7098e-05	24.0	10.0	high_6	high_10
3707	ITPKB	ENSG00000143772	1	226809391	226962028	265	58749	3.9049	4.7128e-05	6.0	5.0	high_6	intermediate
64897	C12orf43	ENSG00000157895	12	121430835	121489300	212	58749	3.9038	4.7348e-05	3.0	2.0	intermediate	intermediate
127579	DCST2	ENSG00000163354	1	154981003	155041257	89	58749	3.9037	4.7376e-05	3.0	2.0	intermediate	intermediate
958	CD40	ENSG00000101017	20	44711899	44768384	176	58749	3.8944	4.922e-05	13.0	7.0	high_6	high_10
4026	LPP	ENSG00000145012	3	187836097	188618460	2175	58749	3.8942	4.9265e-05	59.0	14.0	high_6	high_10
84987	COX14	ENSG00000178449	12	50468418	50524240	80	58749	3.8923	4.9639e-05	1.0	1.0	low	low
5754	PTK7	ENSG00000112655	6	43009006	43139458	286	58749	3.8895	5.0224e-05	1.0	1.0	low	low
2185	PTK2B	ENSG00000120899	8	27133999	27326908	512	58749	3.8871	5.073e-05	6.0	5.0	high_6	intermediate
79811	SLTM	ENSG00000137776	15	59161244	59261323	151	58749	3.8868	5.0788e-05	1.0	1.0	low	low
57451	TENM2	ENSG00000145934	5	166371083	167701162	2986	58749	3.8853	5.1096e-05	15.0	5.0	high_6	high_10
6137	RPL13	ENSG00000167526	16	89578324	89643237	202	58749	3.8849	5.1188e-05	2.0	2.0	intermediate	intermediate
79712	GTDC1	ENSG00000121964	2	144692502	145147578	550	58749	3.8834	5.1496e-05	3.0	3.0	intermediate	intermediate
4199	ME1	ENSG00000065833	6	83910108	84175938	556	58749	3.8828	5.163e-05	2.0	1.0	intermediate	intermediate
23114	NFASC	ENSG00000163531	1	204762782	205001950	670	58749	3.8823	5.1728e-05	1.0	1.0	low	low
126147	NTN5	ENSG00000142233	19	49154664	49211264	142	58749	3.8808	5.2059e-05	2.0	2.0	intermediate	intermediate
389792	IER5L	ENSG00000188483	9	131927831	131975540	80	58749	3.8802	5.2176e-05	7.0	3.0	high_6	intermediate
548596	CKMT1B	ENSG00000237289	15	43950084	44001420	22	58749	3.8802	5.2195e-05	2.0	2.0	intermediate	intermediate
6671	SP4	ENSG00000105866	7	21432689	21564440	391	58749	3.8788	5.2481e-05	5.0	2.0	intermediate	intermediate
6927	HNF1A	ENSG00000135100	12	121380861	121450315	254	58749	3.8778	5.27e-05	24.0	9.0	high_6	high_10
51130	GPR75-ASB3	ENSG00000115239	2	53887117	54049146	487	58749	3.8776	5.274e-05	4.0	3.0	intermediate	intermediate
53353	LRP1B	ENSG00000168702	2	140978996	142924270	7559	58749	3.8731	5.3738e-05	8.0	6.0	high_6	intermediate
84146	ZNF644	ENSG00000122482	1	91370855	91522812	260	58749	3.8638	5.5829e-05	1.0	1.0	low	low
729665	CCDC175	ENSG00000151838	14	59961785	60078549	418	58749	3.861	5.6473e-05	3.0	1.0	intermediate	intermediate
7494	XBP1	ENSG00000100219	22	29180548	29231560	135	58749	3.8607	5.6524e-05	4.0	2.0	intermediate	intermediate
375341	C3orf62	ENSG00000188315	3	49296030	49349864	62	58749	3.8588	5.6969e-05	4.0	2.0	intermediate	intermediate
10371	SEMA3A	ENSG00000075213	7	83577659	84157040	1686	58749	3.8572	5.7355e-05	3.0	2.0	intermediate	intermediate
6729	SRP54	ENSG00000100883	14	35416901	35508773	346	58749	3.8561	5.7605e-05	3.0	3.0	intermediate	intermediate
26526	TSPAN16	ENSG00000130167	19	11371798	11447672	240	58749	3.8559	5.7655e-05	2.0	2.0	intermediate	intermediate
149095	DCST1	ENSG00000163357	1	154971256	155033406	90	58749	3.853	5.8351e-05	3.0	1.0	intermediate	intermediate
2957	GTF2A1	ENSG00000165417	14	81631796	81722575	187	58749	3.8507	5.8878e-05	1.0	1.0	low	low
4750	NEK1	ENSG00000137601	4	170304421	170568778	575	58749	3.8411	6.1251e-05	1.0	1.0	low	low
51053	GMNN	ENSG00000112312	6	24740159	24796327	157	58749	3.8407	6.135e-05	1.0	1.0	low	low
2560	GABRB1	ENSG00000163288	4	46998295	47442801	1020	58749	3.8388	6.1825e-05	1.0	1.0	low	low
11105	PRDM7	ENSG00000126856	16	90112974	90178708	150	58749	3.8364	6.2418e-05	5.0	3.0	intermediate	intermediate
339834	CCDC36	ENSG00000173421	3	49200861	49305636	129	58749	3.8345	6.2911e-05	2.0	1.0	intermediate	intermediate
57703	CWC22	ENSG00000163510	2	180799603	180907024	283	58749	3.832	6.355e-05	4.0	3.0	intermediate	intermediate
256380	SCML4	ENSG00000146285	6	108013361	108180521	485	58749	3.8233	6.5828e-05	4.0	4.0	intermediate	intermediate
9674	KIAA0040	ENSG00000235750	1	175116123	175197229	249	58749	3.8224	6.607e-05	3.0	1.0	intermediate	intermediate
6687	SPG7	ENSG00000197912	16	89539802	89634174	276	58749	3.817	6.7549e-05	6.0	2.0	high_6	intermediate
389421	LIN28B	ENSG00000187772	6	105349874	105541207	266	58749	3.8167	6.7631e-05	5.0	2.0	intermediate	intermediate
25778	DSTYK	ENSG00000133059	1	205101631	205215727	261	58749	3.8159	6.7832e-05	10.0	6.0	high_6	high_10
83892	KCTD10	ENSG00000110906	12	109876460	109950165	249	58749	3.8139	6.8403e-05	3.0	2.0	intermediate	intermediate
259232	NALCN	ENSG00000102452	13	101696130	102103813	1443	58749	3.8118	6.8979e-05	1.0	1.0	low	low
137868	SGCZ	ENSG00000185053	8	13937373	15130792	6085	58749	3.8106	6.9322e-05	10.0	4.0	high_6	high_10
200942	KLHDC8B	ENSG00000185909	3	49173987	49223919	68	58749	3.8049	7.0929e-05	7.0	3.0	high_6	intermediate
8751	ADAM15	ENSG00000143537	1	154988748	155045252	86	58749	3.8039	7.1205e-05	12.0	9.0	high_6	high_10
4481	MSR1	ENSG00000038945	8	15955387	16085300	498	58749	3.8014	7.1938e-05	1.0	1.0	low	low
27101	CACYBP	ENSG00000116161	1	174933571	174991163	82	58749	3.7998	7.2395e-05	6.0	4.0	high_6	intermediate
100131390	SP9	ENSG00000217236	2	175164769	175215859	111	58749	3.7979	7.2973e-05	2.0	2.0	intermediate	intermediate
22990	PCNX	ENSG00000100731	14	71339122	71592099	639	58749	3.795	7.3834e-05	2.0	2.0	intermediate	intermediate
89910	UBE3B	ENSG00000151148	12	109880215	109984510	344	58749	3.7933	7.433e-05	4.0	3.0	intermediate	intermediate
64146	PDF	ENSG00000258429	16	69352524	69399498	96	58749	3.7904	7.5208e-05	1.0	1.0	low	low
283446	MYO1H	ENSG00000174527	12	109791439	109896176	438	58749	3.7868	7.6311e-05	5.0	4.0	intermediate	intermediate
9472	AKAP6	ENSG00000151320	14	32763479	33312268	1738	58749	3.7867	7.6316e-05	16.0	7.0	high_6	high_10
4286	MITF	ENSG00000187098	3	69753586	70027488	634	58749	3.7853	7.6751e-05	12.0	6.0	high_6	high_10
1893	ECM1	ENSG00000143369	1	150445487	150496265	134	58749	3.7846	7.6984e-05	1.0	1.0	low	low
8541	PPFIA3	ENSG00000177380	19	49587646	49664287	196	58749	3.7826	7.7607e-05	3.0	3.0	intermediate	intermediate
57492	ARID1B	ENSG00000049618	6	157063980	157541913	997	58749	3.7802	7.8345e-05	9.0	5.0	high_6	intermediate
84894	LINGO1	ENSG00000169783	15	77895369	78023490	366	58749	3.7793	7.8633e-05	6.0	5.0	high_6	intermediate
5208	PFKFB2	ENSG00000123836	1	207172761	207264368	133	58749	3.7789	7.8749e-05	1.0	1.0	low	low
1588	CYP19A1	ENSG00000137869	15	51490254	51665795	525	58749	3.7771	7.9343e-05	18.0	7.0	high_6	high_10
6431	SRSF6	ENSG00000124193	20	42051504	42102245	187	58749	3.7752	7.9945e-05	1.0	1.0	low	low
65987	KCTD14	ENSG00000151364	11	77716761	77792237	268	58749	3.7695	8.1785e-05	1.0	1.0	low	low
6801	STRN	ENSG00000115808	2	37054841	37228673	455	58749	3.768	8.2296e-05	10.0	4.0	high_6	high_10
10087	COL4A3BP	ENSG00000113163	5	74656928	74842806	312	58749	3.766	8.2948e-05	1.0	1.0	low	low
100526664	LY75	ENSG00000054219	2	160615139	160796267	581	58749	3.7612	8.4563e-05	1.0	1.0	low	low
1945	EFNA4	ENSG00000243364	1	155001213	155052029	72	58749	3.76	8.4948e-05	1.0	1.0	low	low
8175	SF3A2	ENSG00000104897	19	2201816	2258678	158	58749	3.7592	8.522e-05	4.0	2.0	intermediate	intermediate
4140	MARK3	ENSG00000075413	14	103816701	103980168	364	58749	3.7592	8.5244e-05	11.0	6.0	high_6	high_10
2566	GABRG2	ENSG00000113327	5	161459648	161592545	235	58749	3.7587	8.5402e-05	1.0	1.0	low	low
124460	SNX20	ENSG00000167208	16	50690211	50750264	106	58749	3.758	8.5636e-05	4.0	3.0	intermediate	intermediate
10750	GRAP	ENSG00000154016	17	18913969	18985336	34	58749	3.7579	8.5687e-05	1.0	1.0	low	low
91012	CERS5	ENSG00000139624	12	50513581	50596154	120	58749	3.7561	8.6285e-05	2.0	2.0	intermediate	intermediate
26207	PITPNC1	ENSG00000154217	17	65338397	65703379	932	58749	3.756	8.632e-05	3.0	3.0	intermediate	intermediate
81693	AMN	ENSG00000166126	14	103353993	103407179	121	58749	3.7556	8.6453e-05	5.0	3.0	intermediate	intermediate
27147	DENND2A	ENSG00000146966	7	140208220	140376285	374	58749	3.7526	8.7502e-05	1.0	1.0	low	low
9527	GOSR1	ENSG00000108587	17	28769426	28863832	111	58749	3.7474	8.9334e-05	2.0	1.0	intermediate	intermediate
779	CACNA1S	ENSG00000081248	1	200998635	201116694	415	58749	3.7449	9.0237e-05	4.0	4.0	intermediate	intermediate
961	CD47	ENSG00000196776	3	107751941	107844935	200	58749	3.7383	9.2642e-05	1.0	1.0	low	low
3913	LAMB2	ENSG00000172037	3	49148547	49205599	62	58749	3.7373	9.2987e-05	4.0	2.0	intermediate	intermediate
5001	ORC5	ENSG00000164815	7	103756788	103883495	411	58749	3.7337	9.4326e-05	1.0	1.0	low	low
22803	XRN2	ENSG00000088930	20	21248942	21380463	253	58749	3.7308	9.5438e-05	9.0	4.0	high_6	intermediate
2035	EPB41	ENSG00000159023	1	29178603	29456558	503	58749	3.729	9.6124e-05	1.0	1.0	low	low
285761	DCBLD1	ENSG00000164465	6	117768803	117901021	428	58749	3.7287	9.6229e-05	5.0	3.0	intermediate	intermediate
494143	CHAC2	ENSG00000143942	2	53959929	54012320	165	58749	3.7283	9.6399e-05	3.0	1.0	intermediate	intermediate
7071	KLF10	ENSG00000155090	8	103651005	103703130	151	58749	3.726	9.7256e-05	4.0	4.0	intermediate	intermediate
4967	OGDH	ENSG00000105953	7	44611104	44758669	338	58749	3.7259	9.7316e-05	1.0	1.0	low	low
55209	SETD5	ENSG00000168137	3	9404384	9529838	246	58749	3.7255	9.747e-05	1.0	1.0	low	low
100532726	KCTD14	ENSG00000151364	11	77716761	77826265	395	58749	3.7241	9.7997e-05	1.0	1.0	low	low
4929	NR4A2	ENSG00000153234	2	157170944	157224287	55	58749	3.7232	9.8362e-05	7.0	2.0	high_6	intermediate
148534	TMEM56	ENSG00000152078	1	95547894	95673163	367	58749	3.7163	0.0001011	2.0	1.0	intermediate	intermediate
1362	CPD	ENSG00000108582	17	28670942	28806675	196	58749	3.7127	0.00010252	2.0	2.0	intermediate	intermediate
7021	TFAP2B	ENSG00000008196	6	50751439	50825326	162	58749	3.7127	0.00010252	30.0	10.0	high_6	high_10
51592	TRIM33	ENSG00000197323	1	114925399	115088781	381	58749	3.7122	0.00010273	1.0	1.0	low	low
9442	MED27	ENSG00000160563	9	134725497	134990274	409	58749	3.7121	0.00010277	6.0	4.0	high_6	intermediate
5414	SEPT4	ENSG00000108387	17	56587611	56653179	115	58749	3.7119	0.00010285	1.0	1.0	low	low
255239	ANKK1	ENSG00000170209	11	113223513	113281140	141	58749	3.7108	0.0001033	2.0	2.0	intermediate	intermediate
3990	LIPC	ENSG00000166035	15	58667953	58871073	782	58749	3.709	0.00010403	9.0	5.0	high_6	intermediate
463	ZFHX3	ENSG00000140836	16	72806784	73127534	784	58749	3.7083	0.00010431	33.0	10.0	high_6	high_10
11267	SNF8	ENSG00000159210	17	46997458	47057484	190	58749	3.7008	0.00010746	5.0	5.0	intermediate	intermediate
58489	ABHD17C	ENSG00000136379	15	80952635	81057962	317	58749	3.6988	0.0001083	11.0	4.0	high_6	high_10
662	BNIP1	ENSG00000113734	5	172536445	172601390	151	58749	3.6986	0.00010841	3.0	3.0	intermediate	intermediate
84159	ARID5B	ENSG00000150347	10	63626013	63866707	568	58749	3.6969	0.00010912	25.0	11.0	high_6	high_10
5862	RAB2A	ENSG00000104388	8	61394469	61546203	296	58749	3.6946	0.00011011	9.0	5.0	high_6	intermediate
5520	PPP2R2A	ENSG00000221914	8	26114007	26240196	313	58749	3.6945	0.00011016	2.0	2.0	intermediate	intermediate
474170	LRRC37A	ENSG00000176681	17	44552323	44643016	5	58749	3.6898	0.00011222	9.0	7.0	high_6	intermediate
63931	MRPS14	ENSG00000120333	1	174972094	175027591	111	58749	3.689	0.00011257	1.0	1.0	low	low
64839	FBXL17	ENSG00000145743	5	107184734	107753080	1260	58749	3.6877	0.00011316	3.0	3.0	intermediate	intermediate
114800	CCDC85A	ENSG00000055813	2	56376258	56623309	766	58749	3.6852	0.00011424	1.0	1.0	low	low
26053	AUTS2	ENSG00000158321	7	69028905	70267885	2534	58749	3.6782	0.00011745	21.0	11.0	high_6	high_10
390598	SKOR1	ENSG00000188779	15	68077042	68136498	176	58749	3.6779	0.00011759	10.0	5.0	high_6	high_10
83938	C10orf11	ENSG00000148655	10	77156217	78327133	2288	58749	3.6778	0.00011764	13.0	8.0	high_6	high_10
2532	DARC	ENSG00000213088	1	159138803	159186290	117	58749	3.6774	0.0001178	4.0	3.0	intermediate	intermediate
167681	PRSS35	ENSG00000146250	6	84187194	84245423	161	58749	3.6765	0.00011822	1.0	1.0	low	low
121340	SP7	ENSG00000170374	12	53710359	53765167	85	58749	3.6755	0.00011868	1.0	1.0	low	low
23416	KCNH3	ENSG00000135519	12	49897834	49962091	105	58749	3.6744	0.00011919	1.0	1.0	low	low
23087	TRIM35	ENSG00000104228	8	27132404	27203834	131	58749	3.6741	0.00011933	1.0	1.0	low	low
51684	SUFU	ENSG00000107882	10	104228719	104403214	397	58749	3.6736	0.0001196	8.0	4.0	high_6	intermediate
2817	GPC1	ENSG00000063660	2	241340115	241417495	345	58749	3.6716	0.00012052	1.0	1.0	low	low
92521	SPECC1	ENSG00000128487	17	19877649	20228072	743	58749	3.6715	0.00012055	1.0	1.0	low	low
516	ATP5G1	ENSG00000159199	17	46935148	46983233	115	58749	3.6695	0.00012153	2.0	2.0	intermediate	intermediate
57407	NMRAL1	ENSG00000153406	16	4501690	4559896	167	58749	3.6677	0.00012238	1.0	1.0	low	low
115399	LRRC56	ENSG00000161328	11	501722	564916	284	58749	3.6661	0.00012312	1.0	1.0	low	low
56171	DNAH7	ENSG00000118997	2	196592427	196968536	748	58749	3.6622	0.00012504	1.0	1.0	low	low
5287	PIK3C2B	ENSG00000133056	1	204381756	204498943	252	58749	3.6587	0.00012676	5.0	2.0	intermediate	intermediate
9612	NCOR2	ENSG00000196498	12	124798957	125087079	910	58749	3.6583	0.00012694	18.0	7.0	high_6	high_10
4126	MANBA	ENSG00000109323	4	103542643	103717151	318	58749	3.6574	0.00012737	14.0	8.0	high_6	high_10
64925	CCDC71	ENSG00000177352	3	49189968	49238785	62	58749	3.6559	0.00012816	5.0	4.0	intermediate	intermediate
84557	MAP1LC3A	ENSG00000101460	20	33099688	33158149	73	58749	3.6515	0.00013035	6.0	2.0	high_6	intermediate
22864	R3HDM2	ENSG00000179912	12	57637547	57859782	276	58749	3.6467	0.00013279	2.0	2.0	intermediate	intermediate
84079	ANKRD27	ENSG00000105186	19	33077907	33201102	508	58749	3.6426	0.00013496	1.0	1.0	low	low
4297	KMT2A	ENSG00000118058	11	118272205	118407539	157	58749	3.6355	0.00013874	1.0	1.0	low	low
55213	RCBTB1	ENSG00000136144	13	50096082	50194742	464	58749	3.6316	0.00014084	2.0	2.0	intermediate	intermediate
6423	SFRP2	ENSG00000145423	4	154691742	154745228	158	58749	3.6311	0.00014108	1.0	1.0	low	low
6622	SNCA	ENSG00000145335	4	90635250	90794447	561	58749	3.6309	0.00014122	6.0	3.0	high_6	intermediate
4761	NEUROD2	ENSG00000171532	17	37750021	37799175	99	58749	3.6285	0.00014256	1.0	1.0	low	low
23386	NUDCD3	ENSG00000015676	7	44411965	44565474	319	58749	3.6282	0.00014269	1.0	1.0	low	low
8997	KALRN	ENSG00000160145	3	123778558	124450036	1944	58749	3.6272	0.00014324	5.0	4.0	intermediate	intermediate
51490	C9orf114	ENSG00000198917	9	131571930	131627299	128	58749	3.6257	0.00014408	1.0	1.0	low	low
10669	CGREF1	ENSG00000138028	2	27312159	27376995	99	58749	3.6233	0.00014543	7.0	4.0	high_6	intermediate
60625	DHX35	ENSG00000101452	20	37555981	37678366	223	58749	3.6186	0.00014809	6.0	3.0	high_6	intermediate
5611	DNAJC3	ENSG00000102580	13	96294393	96457243	206	58749	3.6165	0.00014928	1.0	1.0	low	low
57604	KIAA1456	ENSG00000250305	8	12768183	12897286	738	58749	3.6163	0.00014943	4.0	2.0	intermediate	intermediate
83729	INHBE	ENSG00000139269	12	57814096	57861791	85	58749	3.6158	0.00014973	3.0	3.0	intermediate	intermediate
2729	GCLC	ENSG00000001084	6	53352139	53444927	299	58749	3.6155	0.00014987	2.0	1.0	intermediate	intermediate
165324	UBXN2A	ENSG00000173960	2	24115132	24233701	364	58749	3.6101	0.00015306	1.0	1.0	low	low
54458	PRR13	ENSG00000205352	12	53800433	53850427	61	58749	3.6084	0.00015405	1.0	1.0	low	low
84833	USMG5	ENSG00000173915	10	105138807	105191270	64	58749	3.6045	0.0001564	1.0	1.0	low	low
55824	PAG1	ENSG00000076641	8	81870045	82059303	452	58749	3.604	0.00015669	1.0	1.0	low	low
133308	SLC9B2	ENSG00000164038	4	103936647	104033480	149	58749	3.6028	0.00015741	1.0	1.0	low	low
2643	GCH1	ENSG00000131979	14	55298723	55404603	278	58749	3.6025	0.0001576	6.0	3.0	high_6	intermediate
7375	USP4	ENSG00000114316	3	49304577	49412536	136	58749	3.5962	0.00016143	3.0	3.0	intermediate	intermediate
65264	UBE2Z	ENSG00000159202	17	46950731	47016422	163	58749	3.5947	0.00016239	1.0	1.0	low	low
55512	SMPD3	ENSG00000103056	16	68382230	68517409	275	58749	3.5913	0.0001645	1.0	1.0	low	low
160762	CCDC63	ENSG00000173093	12	111249757	111355339	295	58749	3.5856	0.00016818	9.0	7.0	high_6	intermediate
6038	RNASE4	ENSG00000258818	14	21117259	21178761	231	58749	3.584	0.0001692	1.0	1.0	low	low
4598	MVK	ENSG00000110921	12	109976500	110045071	252	58749	3.5832	0.00016969	6.0	5.0	high_6	intermediate
60678	EEFSEC	ENSG00000132394	3	127837302	128137489	552	58749	3.5819	0.00017055	22.0	6.0	high_6	high_10
6667	SP1	ENSG00000185591	12	53738979	53820230	128	58749	3.5794	0.00017219	3.0	3.0	intermediate	intermediate
3096	HIVEP1	ENSG00000095951	6	11977724	12222270	715	58749	3.579	0.00017248	3.0	3.0	intermediate	intermediate
84978	FRMD5	ENSG00000171877	15	44152962	44522429	535	58749	3.5773	0.00017355	1.0	1.0	low	low
326625	MMAB	ENSG00000139428	12	109981520	110046358	232	58749	3.5746	0.00017536	5.0	5.0	intermediate	intermediate
81577	GFOD2	ENSG00000141098	16	67698436	67788273	91	58749	3.5743	0.00017556	1.0	1.0	low	low
65057	ACD	ENSG00000102977	16	67681415	67729718	57	58749	3.5728	0.00017657	2.0	2.0	intermediate	intermediate
254050	LRRC43	ENSG00000158113	12	122617266	122698018	210	58749	3.5713	0.00017763	9.0	4.0	high_6	intermediate
79693	YRDC	ENSG00000196449	1	38258614	38308865	82	58749	3.5683	0.00017967	1.0	1.0	low	low
10445	MCRS1	ENSG00000187778	12	49942077	49996928	92	58749	3.5662	0.00018109	1.0	1.0	low	low
43	ACHE	ENSG00000087085	7	100477615	100528754	143	58749	3.5653	0.00018172	1.0	1.0	low	low
11173	ADAMTS7	ENSG00000136378	15	79041545	79138805	340	58749	3.5616	0.00018429	17.0	5.0	high_6	high_10
7091	TLE4	ENSG00000106829	9	82151878	82351658	382	58749	3.5604	0.00018515	6.0	4.0	high_6	intermediate
9027	NAT8	ENSG00000144035	2	73857850	73904537	132	58749	3.56	0.00018545	2.0	2.0	intermediate	intermediate
23030	KDM4B	ENSG00000127663	19	4934123	5163609	669	58749	3.5595	0.00018575	7.0	4.0	high_6	intermediate
643	CXCR5	ENSG00000160683	11	118719475	118776980	132	58749	3.559	0.0001861	6.0	4.0	high_6	intermediate
1385	CREB1	ENSG00000118260	2	208359616	208480284	179	58749	3.5582	0.00018671	1.0	1.0	low	low
50863	NTM	ENSG00000182667	11	131205371	132216716	3075	58749	3.5579	0.00018694	4.0	3.0	intermediate	intermediate
151651	EFHB	ENSG00000163576	3	19910964	20012820	331	58749	3.5514	0.00019162	1.0	1.0	low	low
10654	PMVK	ENSG00000163344	1	154887208	154944484	86	58749	3.5501	0.00019252	4.0	4.0	intermediate	intermediate
2783	GNB2	ENSG00000172354	7	100236363	100286792	85	58749	3.5474	0.00019453	2.0	2.0	intermediate	intermediate
6711	SPTBN1	ENSG00000115306	2	54648454	54908583	746	58749	3.5465	0.0001952	8.0	5.0	high_6	intermediate
55799	CACNA2D3	ENSG00000157445	3	54121620	55118584	2881	58749	3.5418	0.00019869	2.0	2.0	intermediate	intermediate
728780	ANKDD1B	ENSG00000189045	5	74872301	74977671	234	58749	3.5397	0.00020027	2.0	2.0	intermediate	intermediate
131149	OTOL1	ENSG00000182447	3	161112389	161231740	400	58749	3.5392	0.00020067	2.0	2.0	intermediate	intermediate
8000	PSCA	ENSG00000167653	8	143716726	143774145	259	58749	3.5376	0.00020193	14.0	4.0	high_6	high_10
84561	SLC12A8	ENSG00000221955	3	124791480	124966609	651	58749	3.5346	0.00020417	6.0	5.0	high_6	intermediate
140803	TRPM6	ENSG00000119121	9	77327411	77538010	410	58749	3.5342	0.00020449	2.0	1.0	intermediate	intermediate
627	BDNF	ENSG00000176697	11	27666440	27778605	178	58749	3.5317	0.00020642	18.0	8.0	high_6	high_10
55111	PLEKHJ1	ENSG00000104886	19	2223149	2272703	161	58749	3.5206	0.0002153	1.0	1.0	low	low
10055	SAE1	ENSG00000142230	19	47599080	47723893	130	58749	3.519	0.00021659	1.0	1.0	low	low
84226	C2orf16	ENSG00000221843	2	27764389	27815589	83	58749	3.5166	0.00021852	4.0	4.0	intermediate	intermediate
1107	CHD3	ENSG00000170004	17	7753096	7826075	139	58749	3.5166	0.00021853	3.0	2.0	intermediate	intermediate
51108	METTL9	ENSG00000197006	16	21573543	21678792	107	58749	3.5165	0.00021864	3.0	2.0	intermediate	intermediate
3752	KCND3	ENSG00000171385	1	112308444	112567147	742	58749	3.5158	0.00021922	7.0	4.0	high_6	intermediate
84885	ZDHHC12	ENSG00000160446	9	131473148	131521451	40	58749	3.5153	0.00021959	5.0	3.0	intermediate	intermediate
9671	WSCD2	ENSG00000075035	12	108488511	108654314	454	58749	3.5143	0.00022045	10.0	5.0	high_6	high_10
91869	RFT1	ENSG00000163933	3	53112499	53199480	188	58749	3.5137	0.00022097	3.0	3.0	intermediate	intermediate
8638	OASL	ENSG00000135114	12	121448095	121512045	195	58749	3.5107	0.00022348	3.0	2.0	intermediate	intermediate
79718	TBL1XR1	ENSG00000177565	3	176728542	176950048	609	58749	3.5106	0.00022352	12.0	4.0	high_6	high_10
8943	AP3D1	ENSG00000065000	19	2090987	2186556	347	58749	3.5104	0.00022375	7.0	6.0	high_6	intermediate
56934	CA10	ENSG00000154975	17	49697674	50272377	1352	58749	3.5029	0.00023009	12.0	6.0	high_6	high_10
1390	CREM	ENSG00000095794	10	35380769	35511886	276	58749	3.5027	0.00023029	2.0	1.0	intermediate	intermediate
27248	ERLEC1	ENSG00000068912	2	53979068	54055956	203	58749	3.5025	0.00023044	2.0	2.0	intermediate	intermediate
150223	YDJC	ENSG00000161179	22	21972378	22034017	178	58749	3.5002	0.00023248	7.0	4.0	high_6	intermediate
10524	KAT5	ENSG00000172977	11	65444473	65497077	145	58749	3.4995	0.00023305	3.0	3.0	intermediate	intermediate
57727	NCOA5	ENSG00000124160	20	44679624	44753580	182	58749	3.4988	0.00023367	4.0	3.0	intermediate	intermediate
10815	CPLX1	ENSG00000168993	4	768745	854945	373	58749	3.4972	0.00023508	1.0	1.0	low	low
51426	POLK	ENSG00000122008	5	74772657	74905646	204	58749	3.4968	0.00023546	1.0	1.0	low	low
57572	DOCK6	ENSG00000130158	19	11299969	11408168	296	58749	3.494	0.0002379	2.0	2.0	intermediate	intermediate
51322	WAC	ENSG00000095787	10	28786355	28922041	284	58749	3.4921	0.00023965	3.0	2.0	intermediate	intermediate
56920	SEMA3G	ENSG00000010319	3	52457268	52514112	91	58749	3.492	0.00023969	1.0	1.0	low	low
1159	CKMT1B	ENSG00000237289	15	43850055	43901604	21	58749	3.4917	0.00023995	2.0	2.0	intermediate	intermediate
9446	GSTO1	ENSG00000148834	10	105978952	106037222	131	58749	3.4896	0.00024187	1.0	1.0	low	low
25981	DNAH1	ENSG00000114841	3	52315335	52444513	170	58749	3.4893	0.00024213	1.0	1.0	low	low
79902	NUP85	ENSG00000125450	17	73166597	73241854	121	58749	3.4868	0.0002444	1.0	1.0	low	low
79585	CORO7	ENSG00000262246	16	4394543	4501962	263	58749	3.4849	0.00024612	3.0	3.0	intermediate	intermediate
8453	CUL2	ENSG00000108094	10	35287479	35414570	286	58749	3.4844	0.00024664	3.0	1.0	intermediate	intermediate
80727	TTYH3	ENSG00000136295	7	2636603	2714436	293	58749	3.4832	0.00024768	1.0	1.0	low	low
5079	PAX5	ENSG00000196092	9	36823272	37069476	827	58749	3.4807	0.00025002	6.0	2.0	high_6	intermediate
9129	PRPF3	ENSG00000117360	1	150258928	150335704	204	58749	3.4792	0.00025146	8.0	7.0	high_6	intermediate
83481	EPPK1	ENSG00000261150	8	144929492	144987632	146	58749	3.4769	0.00025358	2.0	2.0	intermediate	intermediate
386653	IL31	ENSG00000204671	12	122646577	122693746	108	58749	3.4745	0.00025587	7.0	2.0	high_6	intermediate
1353	COX11	ENSG00000166260	17	53019259	53081064	180	58749	3.4743	0.00025608	5.0	1.0	intermediate	intermediate
153396	TMEM161B	ENSG00000164180	5	87475450	87599665	181	58749	3.4714	0.00025887	25.0	10.0	high_6	high_10
54014	BRWD1	ENSG00000185658	21	40546102	40720745	508	58749	3.465	0.00026508	10.0	4.0	high_6	high_10
4862	NPAS2	ENSG00000170485	2	101401613	101623289	640	58749	3.4635	0.00026658	5.0	5.0	intermediate	intermediate
22941	SHANK2	ENSG00000162105	11	70303961	70970808	1825	58749	3.4582	0.00027193	3.0	1.0	intermediate	intermediate
57654	UVSSA	ENSG00000163945	4	1306043	1391837	296	58749	3.4514	0.00027883	2.0	2.0	intermediate	intermediate
91942	NDUFAF2	ENSG00000164182	5	60205956	60458864	511	58749	3.4506	0.00027968	1.0	1.0	low	low
57188	ADAMTSL3	ENSG00000156218	15	84287838	84718594	1042	58749	3.45	0.00028027	11.0	6.0	high_6	high_10
60492	CCDC90B	ENSG00000137500	11	82962498	83032445	151	58749	3.4476	0.00028281	1.0	1.0	low	low
5636	PRPSAP2	ENSG00000141127	17	18724612	18844600	297	58749	3.4466	0.00028382	1.0	1.0	low	low
246213	SLC17A8	ENSG00000179520	12	100715857	100825837	233	58749	3.4466	0.00028383	1.0	1.0	low	low
5524	PPP2R4	ENSG00000119383	9	131838183	131921225	160	58749	3.4459	0.0002846	2.0	2.0	intermediate	intermediate
491	ATP2B2	ENSG00000157087	3	10355707	10768131	1461	58749	3.4447	0.00028585	3.0	2.0	intermediate	intermediate
57326	PBXIP1	ENSG00000163346	1	154906553	154963624	75	58749	3.4421	0.00028859	1.0	1.0	low	low
9150	CTDP1	ENSG00000060069	18	77404801	77524510	449	58749	3.4384	0.00029257	4.0	3.0	intermediate	intermediate
388730	TMEM81	ENSG00000174529	1	205042257	205088588	127	58749	3.4344	0.00029689	3.0	2.0	intermediate	intermediate
22984	PDCD11	ENSG00000148843	10	105121387	105216052	117	58749	3.4339	0.00029751	1.0	1.0	low	low
10544	PROCR	ENSG00000101000	20	33724740	33813771	207	58749	3.4323	0.00029923	20.0	5.0	high_6	high_10
79703	C11orf80	ENSG00000173715	11	66477207	66623997	122	58749	3.4293	0.00030258	2.0	1.0	intermediate	intermediate
2119	ETV5	ENSG00000244405	3	185754106	185861901	227	58749	3.429	0.0003029	9.0	5.0	high_6	intermediate
8224	SYN3	ENSG00000185666	22	32898539	33489377	1737	58749	3.4287	0.00030321	9.0	4.0	high_6	intermediate
140885	SIRPA	ENSG00000198053	20	1839763	1930540	323	58749	3.4286	0.00030336	3.0	3.0	intermediate	intermediate
725	C4BPB	ENSG00000123843	1	207227210	207283338	89	58749	3.4273	0.00030481	1.0	1.0	low	low
154661	RUNDC3B	ENSG00000105784	7	87222729	87471613	352	58749	3.4271	0.00030501	1.0	1.0	low	low
84450	ZNF512	ENSG00000243943	2	27770836	27856082	154	58749	3.4266	0.00030557	3.0	3.0	intermediate	intermediate
163351	GBP6	ENSG00000183347	1	89794436	89863719	184	58749	3.4257	0.0003066	1.0	1.0	low	low
4520	MTF1	ENSG00000188786	1	38265239	38360292	152	58749	3.4239	0.0003087	1.0	1.0	low	low
51755	CDK12	ENSG00000167258	17	37582739	37731398	267	58749	3.4211	0.00031186	8.0	5.0	high_6	intermediate
9514	GAL3ST1	ENSG00000128242	22	30940622	31005572	203	58749	3.4186	0.00031467	1.0	1.0	low	low
199699	DAND5	ENSG00000179284	19	13045432	13095567	71	58749	3.4158	0.00031803	1.0	1.0	low	low
9728	SECISBP2L	ENSG00000138593	15	49270835	49373760	199	58749	3.4153	0.00031851	6.0	4.0	high_6	intermediate
64409	WBSCR17	ENSG00000185274	7	70562523	71188586	2223	58749	3.4149	0.00031898	3.0	2.0	intermediate	intermediate
78999	LRFN4	ENSG00000173621	11	66589558	66637946	44	58749	3.4067	0.00032881	1.0	1.0	low	low
80232	WDR26	ENSG00000162923	1	224562845	224657001	156	58749	3.4039	0.00033211	1.0	1.0	low	low
10691	GMEB1	ENSG00000162419	1	28960234	29052115	120	58749	3.4019	0.00033458	1.0	1.0	low	low
1434	CSE1L	ENSG00000124207	20	47627783	47723497	236	58749	3.3997	0.00033733	2.0	1.0	intermediate	intermediate
121006	FAM186A	ENSG00000185958	12	50711095	50825405	192	58749	3.3978	0.00033963	2.0	2.0	intermediate	intermediate
11321	GPN1	ENSG00000198522	2	27816515	27883713	113	58749	3.3964	0.00034145	2.0	2.0	intermediate	intermediate
1742	DLG4	ENSG00000132535	17	7083209	7158369	104	58749	3.3946	0.00034361	3.0	3.0	intermediate	intermediate
8045	RASSF7	ENSG00000099849	11	525309	574025	242	58749	3.394	0.00034435	1.0	1.0	low	low
55357	TBC1D2	ENSG00000095383	9	100951280	101053003	459	58749	3.3896	0.00034991	4.0	3.0	intermediate	intermediate
151295	SLC23A3	ENSG00000213901	2	220016181	220070549	111	58749	3.3864	0.00035411	1.0	1.0	low	low
79567	FAM65A	ENSG00000039523	16	67527717	67590691	79	58749	3.3864	0.00035414	1.0	1.0	low	low
2531	KDSR	ENSG00000119537	18	60984971	61069506	177	58749	3.3849	0.00035598	1.0	1.0	low	low
6050	RNH1	ENSG00000023191	11	484512	542283	262	58749	3.3841	0.00035704	1.0	1.0	low	low
25794	FSCN2	ENSG00000186765	17	79446022	79514156	300	58749	3.3837	0.00035761	2.0	1.0	intermediate	intermediate
56164	STK31	ENSG00000196335	7	23714786	23882132	540	58749	3.3826	0.00035908	3.0	2.0	intermediate	intermediate
54943	DNAJC28	ENSG00000177692	21	34850238	34899023	81	58749	3.3802	0.0003622	1.0	1.0	low	low
5801	PTPRR	ENSG00000153233	12	71021853	71349584	1005	58749	3.3791	0.00036366	4.0	3.0	intermediate	intermediate
10948	STARD3	ENSG00000131748	17	37758333	37830454	171	58749	3.3782	0.00036486	3.0	2.0	intermediate	intermediate
84108	PCGF6	ENSG00000156374	10	105052553	105145891	113	58749	3.3772	0.00036617	2.0	1.0	intermediate	intermediate
56941	HMCES	ENSG00000183624	3	128962680	129035029	122	58749	3.377	0.00036646	4.0	4.0	intermediate	intermediate
83660	TLN2	ENSG00000171914	15	62647769	63146830	1375	58749	3.3763	0.00036732	5.0	3.0	intermediate	intermediate
4248	MGAT3	ENSG00000128268	22	39808235	39898199	154	58749	3.3681	0.00037843	4.0	3.0	intermediate	intermediate
129684	CNTNAP5	ENSG00000155052	2	124747864	125682954	2745	58749	3.3675	0.00037923	9.0	3.0	high_6	intermediate
57533	TBC1D14	ENSG00000132405	4	6876171	7044845	579	58749	3.3645	0.00038346	1.0	1.0	low	low
129285	PPP1R21	ENSG00000162869	2	48632908	48752531	351	58749	3.3644	0.00038356	1.0	1.0	low	low
5469	MED1	ENSG00000125686	17	37550538	37642527	156	58749	3.3608	0.00038856	2.0	2.0	intermediate	intermediate
121665	SPPL3	ENSG00000157837	12	121190313	121377155	561	58749	3.3607	0.00038878	10.0	6.0	high_6	high_10
154075	SAMD3	ENSG00000164483	6	130455447	130721570	1124	58749	3.3582	0.00039219	1.0	1.0	low	low
10394	PRG3	ENSG00000156575	11	57134242	57183623	93	58749	3.358	0.00039261	1.0	1.0	low	low
90025	UBE3D	ENSG00000118420	6	83592186	83810545	539	58749	3.358	0.00039252	1.0	1.0	low	low
66000	TMEM108	ENSG00000144868	3	132722171	133126619	1241	58749	3.3559	0.00039558	1.0	1.0	low	low
9910	RABGAP1L	ENSG00000152061	1	174093552	174974445	1690	58749	3.3558	0.00039566	3.0	2.0	intermediate	intermediate
1643	DDB2	ENSG00000134574	11	47201493	47270769	146	58749	3.3552	0.0003965	3.0	3.0	intermediate	intermediate
9783	RIMS3	ENSG00000117016	1	41076352	41166324	216	58749	3.3527	0.00040014	1.0	1.0	low	low
342035	GLDN	ENSG00000186417	15	51598713	51710210	382	58749	3.3525	0.00040037	4.0	2.0	intermediate	intermediate
387264	KRTAP5-1	ENSG00000205869	11	1595572	1641513	191	58749	3.3524	0.00040063	1.0	1.0	low	low
57863	CADM3	ENSG00000162706	1	159106377	159182932	154	58749	3.3514	0.00040201	2.0	2.0	intermediate	intermediate
91694	LONRF1	ENSG00000154359	8	12569406	12647992	271	58749	3.351	0.0004026	1.0	1.0	low	low
8607	RUVBL1	ENSG00000175792	3	127789800	127907752	228	58749	3.3499	0.00040414	7.0	3.0	high_6	intermediate
55561	CDC42BPG	ENSG00000171219	11	64581661	64647041	143	58749	3.3447	0.00041187	1.0	1.0	low	low
55016	MARCH1	ENSG00000145416	4	164435450	165340093	2850	58749	3.3446	0.00041207	1.0	1.0	low	low
146206	RLTPR	ENSG00000159753	16	67644030	67701472	68	58749	3.3439	0.00041303	2.0	2.0	intermediate	intermediate
2646	GCKR	ENSG00000084734	2	27684470	27756556	114	58749	3.343	0.00041438	38.0	13.0	high_6	high_10
205	AK4	ENSG00000162433	1	65578232	65707828	336	58749	3.3415	0.00041669	1.0	1.0	low	low
253782	CERS6	ENSG00000172292	2	169277759	169641644	949	58749	3.3412	0.00041706	1.0	1.0	low	low
8518	IKBKAP	ENSG00000070061	9	111619800	111731608	427	58749	3.337	0.00042342	1.0	1.0	low	low
5789	PTPRD	ENSG00000153707	9	8304246	10647723	9937	58749	3.3347	0.000427	6.0	3.0	high_6	intermediate
84844	PHF5A	ENSG00000100410	22	41845721	41899708	64	58749	3.3335	0.00042888	2.0	1.0	intermediate	intermediate
81542	TMX1	ENSG00000139921	14	51671886	51734373	174	58749	3.332	0.00043113	2.0	1.0	intermediate	intermediate
1411	CRYBA1	ENSG00000108255	17	27538875	27591512	124	58749	3.3314	0.00043201	2.0	2.0	intermediate	intermediate
9694	EMC2	ENSG00000104412	8	109420853	109509136	275	58749	3.3299	0.00043441	3.0	3.0	intermediate	intermediate
55793	FAM63A	ENSG00000143409	1	150959213	151015854	139	58749	3.327	0.0004389	2.0	1.0	intermediate	intermediate
37	ACADVL	ENSG00000072778	17	7085444	7138586	81	58749	3.3246	0.00044276	2.0	1.0	intermediate	intermediate
51090	PLLP	ENSG00000102934	16	57280009	57353584	256	58749	3.3221	0.00044672	1.0	1.0	low	low
4239	MFAP4	ENSG00000166482	17	19276755	19325532	58	58749	3.3217	0.00044732	2.0	1.0	intermediate	intermediate
79748	LMAN1L	ENSG00000140506	15	75070194	75128099	111	58749	3.3207	0.000449	5.0	5.0	intermediate	intermediate
1070	CETN3	ENSG00000153140	5	89679528	89740611	51	58749	3.3195	0.00045085	3.0	2.0	intermediate	intermediate
29951	PDZRN4	ENSG00000165966	12	41547250	41978392	1410	58749	3.3172	0.00045469	6.0	5.0	high_6	intermediate
375612	LHFPL3	ENSG00000187416	7	103934104	104559005	1799	58749	3.3166	0.00045561	2.0	2.0	intermediate	intermediate
57586	SYT13	ENSG00000019505	11	45251853	45342884	235	58749	3.3142	0.00045951	4.0	3.0	intermediate	intermediate
3646	EIF3E	ENSG00000104408	8	109203972	109295959	260	58749	3.314	0.0004599	4.0	4.0	intermediate	intermediate
127687	C1orf122	ENSG00000197982	1	38238473	38285126	89	58749	3.3118	0.00046347	2.0	2.0	intermediate	intermediate
134510	UBLCP1	ENSG00000164332	5	158655089	158723048	135	58749	3.311	0.00046475	5.0	3.0	intermediate	intermediate
9692	KIAA0391	ENSG00000100890	14	35556527	35753284	565	58749	3.3107	0.00046531	4.0	3.0	intermediate	intermediate
252983	STXBP4	ENSG00000166263	17	53011119	53251646	594	58749	3.3082	0.0004695	2.0	1.0	intermediate	intermediate
22980	TCF25	ENSG00000141002	16	89904994	89987795	249	58749	3.3066	0.00047224	6.0	3.0	high_6	intermediate
2618	GART	ENSG00000159131	21	34866238	34950223	101	58749	3.3049	0.00047509	2.0	1.0	intermediate	intermediate
5522	PPP2R2C	ENSG00000074211	4	6312305	6600327	1111	58749	3.302	0.00047996	2.0	2.0	intermediate	intermediate
57214	KIAA1199	ENSG00000103888	15	81036712	81254112	503	58749	3.301	0.00048172	1.0	1.0	low	low
84961	FBXL20	ENSG00000108306	17	37398897	37593530	360	58749	3.2999	0.00048362	6.0	4.0	high_6	intermediate
1856	DVL2	ENSG00000004975	17	7118661	7172867	62	58749	3.2976	0.00048763	2.0	2.0	intermediate	intermediate
23587	ELP5	ENSG00000170291	17	7120372	7173259	62	58749	3.2976	0.00048763	2.0	2.0	intermediate	intermediate
22913	RALY	ENSG00000125970	20	32546458	32680991	203	58749	3.2961	0.00049013	24.0	7.0	high_6	high_10
25827	FBXL2	ENSG00000153558	3	33283934	33455505	361	58749	3.2901	0.00050081	1.0	1.0	low	low
4821	NKX2-2	ENSG00000125820	20	21481655	21529664	86	58749	3.2898	0.00050138	2.0	2.0	intermediate	intermediate
23349	KIAA1045	ENSG00000122733	9	34922484	34992541	138	58749	3.2872	0.00050594	1.0	1.0	low	low
58497	PRUNE	ENSG00000143363	1	150945867	151018189	171	58749	3.2871	0.00050605	1.0	1.0	low	low
27063	ANKRD1	ENSG00000148677	10	92661857	92716032	202	58749	3.2852	0.00050953	1.0	1.0	low	low
1013	CDH15	ENSG00000129910	16	89203163	89271900	272	58749	3.285	0.00050994	2.0	2.0	intermediate	intermediate
28514	DLL1	ENSG00000198719	6	170581288	170634815	161	58749	3.2841	0.0005116	6.0	4.0	high_6	intermediate
5090	PBX3	ENSG00000167081	9	128474617	128739656	335	58749	3.2841	0.00051161	8.0	5.0	high_6	intermediate
55898	UNC45A	ENSG00000140553	15	91438410	91507323	223	58749	3.2799	0.00051925	1.0	1.0	low	low
29941	PKN3	ENSG00000160447	9	131429802	131493199	53	58749	3.2799	0.00051916	4.0	3.0	intermediate	intermediate
22950	SLC4A1AP	ENSG00000163798	2	27851338	27927847	76	58749	3.2784	0.00052205	3.0	3.0	intermediate	intermediate
83468	GLT8D2	ENSG00000120820	12	104372762	104492961	328	58749	3.2765	0.00052553	1.0	1.0	low	low
51621	KLF13	ENSG00000169926	15	31584083	31680102	216	58749	3.2759	0.00052657	5.0	5.0	intermediate	intermediate
115294	PCMTD1	ENSG00000168300	8	52720140	52846735	437	58749	3.2757	0.00052707	2.0	1.0	intermediate	intermediate
4065	LY75	ENSG00000054219	2	160649866	160796267	473	58749	3.2754	0.00052762	1.0	1.0	low	low
51678	MPP6	ENSG00000105926	7	24578007	24743322	483	58749	3.2749	0.00052851	4.0	2.0	intermediate	intermediate
245711	SPDYA	ENSG00000163806	2	28998462	29083476	135	58749	3.2747	0.00052881	1.0	1.0	low	low
9592	IER2	ENSG00000160888	19	13226282	13275722	95	58749	3.2745	0.00052924	1.0	1.0	low	low
3680	ITGA9	ENSG00000144668	3	37458813	37871281	1020	58749	3.2727	0.0005326	3.0	3.0	intermediate	intermediate
98	ACYP2	ENSG00000170634	2	54307410	54542437	667	58749	3.2716	0.00053473	2.0	2.0	intermediate	intermediate
10456	HAX1	ENSG00000143575	1	154210039	154258351	67	58749	3.2715	0.00053487	1.0	1.0	low	low
101060179	PRDM11	ENSG00000019485	11	45199027	45246295	110	58749	3.266	0.00054548	14.0	7.0	high_6	high_10
9369	NRXN3	ENSG00000021645	14	78601716	80344633	4225	58749	3.2655	0.00054636	15.0	8.0	high_6	high_10
9148	NEURL1	ENSG00000107954	10	105218735	105362309	367	58749	3.2645	0.00054826	11.0	6.0	high_6	high_10
11146	GLMN	ENSG00000174842	1	92701955	92799566	97	58749	3.2632	0.00055072	2.0	2.0	intermediate	intermediate
8502	PKP4	ENSG00000144283	2	159278476	159547941	839	58749	3.2602	0.00055668	5.0	2.0	intermediate	intermediate
113026	PLCD3	ENSG00000161714	17	43179008	43244891	120	58749	3.2572	0.0005626	1.0	1.0	low	low
196074	METTL15	ENSG00000169519	11	28094798	28365054	345	58749	3.2567	0.00056359	26.0	11.0	high_6	high_10
2037	EPB41L2	ENSG00000079819	6	131150487	131419462	820	58749	3.2545	0.00056798	2.0	2.0	intermediate	intermediate
84498	FAM120B	ENSG00000112584	6	170580812	170726155	419	58749	3.252	0.00057294	2.0	2.0	intermediate	intermediate
7187	TRAF3	ENSG00000131323	14	103208816	103387837	417	58749	3.2502	0.00057653	19.0	9.0	high_6	high_10
137886	UBXN2B	ENSG00000215114	8	59288823	59374060	265	58749	3.2502	0.00057655	5.0	3.0	intermediate	intermediate
79660	PPP1R3B	ENSG00000173281	8	8983764	9044152	182	58749	3.2498	0.00057742	18.0	9.0	high_6	high_10
23541	SEC14L2	ENSG00000100003	22	30757930	30831291	205	58749	3.2375	0.00060281	1.0	1.0	low	low
143941	TTC36	ENSG00000172425	11	118363210	118411740	73	58749	3.231	0.00061674	1.0	1.0	low	low
5576	PRKAR2A	ENSG00000114302	3	48774017	48920270	111	58749	3.2286	0.0006221	5.0	3.0	intermediate	intermediate
55614	KIF16B	ENSG00000089177	20	16242742	16589079	1227	58749	3.226	0.00062773	1.0	1.0	low	low
533	ATP6V0B	ENSG00000117410	1	44405118	44453972	80	58749	3.2257	0.0006284	1.0	1.0	low	low
1540	CYLD	ENSG00000083799	16	50740961	50845847	171	58749	3.2238	0.00063261	7.0	6.0	high_6	intermediate
29994	BAZ2B	ENSG00000123636	2	160165490	160508059	1005	58749	3.2232	0.00063382	1.0	1.0	low	low
4179	CD46	ENSG00000117335	1	207890383	207978861	175	58749	3.223	0.00063421	9.0	3.0	high_6	intermediate
5008	OSM	ENSG00000099985	22	30648817	30697829	91	58749	3.2223	0.00063581	4.0	2.0	intermediate	intermediate
1607	DGKB	ENSG00000136267	7	14174674	14978281	2536	58749	3.221	0.00063867	14.0	7.0	high_6	high_10
550631	CCDC157	ENSG00000187860	22	30717627	30782818	191	58749	3.2198	0.00064148	3.0	2.0	intermediate	intermediate
10564	ARFGEF2	ENSG00000124198	20	47503250	47663230	421	58749	3.217	0.00064776	3.0	2.0	intermediate	intermediate
64174	DPEP2	ENSG00000167261	16	68011293	68069493	68	58749	3.2154	0.00065121	3.0	3.0	intermediate	intermediate
253832	ZDHHC20	ENSG00000180776	13	21936710	22068508	314	58749	3.2141	0.00065419	2.0	2.0	intermediate	intermediate
149708	WFDC5	ENSG00000175121	20	43728093	43778813	148	58749	3.2139	0.00065484	1.0	1.0	low	low
64582	GPR135	ENSG00000181619	14	59920240	59967059	146	58749	3.2125	0.00065789	1.0	1.0	low	low
4194	MDM4	ENSG00000198625	1	204450507	204606131	323	58749	3.2117	0.0006597	16.0	4.0	high_6	high_10
667	DST	ENSG00000151914	6	56312785	56854426	995	58749	3.2107	0.00066197	3.0	3.0	intermediate	intermediate
9479	MAPK8IP1	ENSG00000121653	11	45872047	45938016	123	58749	3.2107	0.00066211	1.0	1.0	low	low
2104	ESRRG	ENSG00000196482	1	216666588	217346097	2251	58749	3.2101	0.00066346	3.0	3.0	intermediate	intermediate
8817	FGF18	ENSG00000156427	5	170811667	170894630	216	58749	3.2056	0.00067385	7.0	4.0	high_6	intermediate
55930	MYO5C	ENSG00000128833	15	52474515	52622995	360	58749	3.2054	0.0006743	2.0	1.0	intermediate	intermediate
51043	ZBTB7B	ENSG00000160685	1	154940106	155001001	74	58749	3.2027	0.00068074	15.0	6.0	high_6	high_10
2217	FCGRT	ENSG00000104870	19	49980536	50039685	146	58749	3.2014	0.00068374	2.0	2.0	intermediate	intermediate
55214	LEPREL1	ENSG00000090530	3	189664517	189875226	774	58749	3.2013	0.0006841	9.0	5.0	high_6	intermediate
466	ATF1	ENSG00000123268	12	51122789	51224943	178	58749	3.2009	0.00068488	7.0	4.0	high_6	intermediate
4591	TRIM37	ENSG00000108395	17	57049999	57219266	239	58749	3.1992	0.00068905	2.0	2.0	intermediate	intermediate
3460	IFNGR2	ENSG00000159128	21	34740202	34819828	180	58749	3.1984	0.00069101	5.0	4.0	intermediate	intermediate
1366	CLDN7	ENSG00000181885	17	7153222	7201863	74	58749	3.1972	0.00069384	1.0	1.0	low	low
116987	AGAP1	ENSG00000157985	2	236367733	237050444	1648	58749	3.1958	0.00069712	3.0	3.0	intermediate	intermediate
2976	GTF3C2	ENSG00000115207	2	27538716	27615243	84	58749	3.1949	0.00069928	1.0	1.0	low	low
55972	SLC25A40	ENSG00000075303	7	87452885	87540692	159	58749	3.1949	0.00069945	1.0	1.0	low	low
81848	SPRY4	ENSG00000187678	5	141679992	141739620	165	58749	3.1934	0.00070307	10.0	4.0	high_6	high_10
26047	CNTNAP2	ENSG00000174469	7	145778453	148128090	7998	58749	3.1929	0.00070415	5.0	4.0	intermediate	intermediate
221035	REEP3	ENSG00000165476	10	65246113	65394883	344	58749	3.1923	0.00070572	10.0	6.0	high_6	high_10
7813	EVI5	ENSG00000067208	1	92964253	93292961	633	58749	3.1917	0.00070726	7.0	6.0	high_6	intermediate
652968	GATSL3	ENSG00000239282	22	30671106	30720616	87	58749	3.1912	0.00070843	1.0	1.0	low	low
3361	HTR5A	ENSG00000157219	7	154827034	154889102	187	58749	3.1907	0.00070957	1.0	1.0	low	low
10949	HNRNPA0	ENSG00000177733	5	137077073	137125039	40	58749	3.1894	0.00071278	1.0	1.0	low	low
4584	MUC3A	ENSG00000169894	7	100512086	100621617	183	58749	3.1893	0.00071308	1.0	1.0	low	low
117177	RAB3IP	ENSG00000127328	12	70097466	70226984	326	58749	3.1891	0.00071356	1.0	1.0	low	low
6517	SLC2A4	ENSG00000181856	17	7149986	7201367	73	58749	3.1879	0.00071653	2.0	2.0	intermediate	intermediate
8761	PABPC4	ENSG00000090621	1	40016485	40077522	150	58749	3.1862	0.00072068	5.0	4.0	intermediate	intermediate
152002	XXYLT1	ENSG00000173950	3	194779008	195026895	834	58749	3.1861	0.0007211	1.0	1.0	low	low
6101	RP1	ENSG00000104237	8	55493627	55692524	327	58749	3.1843	0.00072563	5.0	4.0	intermediate	intermediate
388121	TNFAIP8L3	ENSG00000183578	15	51338798	51432473	192	58749	3.1837	0.00072715	3.0	2.0	intermediate	intermediate
79879	CCDC134	ENSG00000100147	22	42161636	42238175	180	58749	3.1826	0.00072975	3.0	2.0	intermediate	intermediate
163486	DENND1B	ENSG00000213047	1	197463878	197779623	436	58749	3.1778	0.00074203	12.0	7.0	high_6	high_10
57558	USP35	ENSG00000118369	11	77864858	77935757	144	58749	3.1777	0.00074217	3.0	2.0	intermediate	intermediate
23237	ARC	ENSG00000198576	8	143682405	143730833	164	58749	3.1768	0.00074457	5.0	2.0	intermediate	intermediate
5362	PLXNA2	ENSG00000076356	1	208185587	208452665	742	58749	3.175	0.00074925	4.0	3.0	intermediate	intermediate
8894	EIF2S2	ENSG00000125977	20	32666115	32735085	81	58749	3.1744	0.00075075	1.0	1.0	low	low
11037	STON1	ENSG00000243244	2	48722308	48835654	414	58749	3.1735	0.00075298	2.0	2.0	intermediate	intermediate
6547	SLC8A3	ENSG00000100678	14	70500934	70690787	700	58749	3.1695	0.00076338	1.0	1.0	low	low
5409	PNMT	ENSG00000141744	17	37789234	37836728	141	58749	3.1671	0.00076997	1.0	1.0	low	low
757	TMEM50B	ENSG00000142188	21	34794793	34887316	232	58749	3.1667	0.00077077	2.0	1.0	intermediate	intermediate
27243	CHMP2A	ENSG00000130724	19	59052933	59101495	96	58749	3.1653	0.00077462	3.0	2.0	intermediate	intermediate
6205	RPS11	ENSG00000142534	19	49964622	50012969	121	58749	3.1653	0.00077473	1.0	1.0	low	low
55423	SIRPG	ENSG00000089012	20	1599522	1673425	319	58749	3.1649	0.00077567	4.0	4.0	intermediate	intermediate
399687	MYO18A	ENSG00000196535	17	27390528	27542432	282	58749	3.1639	0.00077846	8.0	2.0	high_6	intermediate
84779	NAA11	ENSG00000156269	4	80228272	80282171	93	58749	3.1626	0.00078192	9.0	2.0	high_6	intermediate
8624	PSMG1	ENSG00000183527	21	40439076	40590440	459	58749	3.1592	0.00079098	22.0	8.0	high_6	high_10
8971	H1FX	ENSG00000184897	3	129023614	129070120	141	58749	3.1591	0.00079118	1.0	1.0	low	low
4306	NR3C2	ENSG00000151623	4	148989915	149400850	1024	58749	3.1588	0.00079204	13.0	7.0	high_6	high_10
729220	TAC4	ENSG00000176358	17	47888272	47936199	42	58749	3.1574	0.00079605	2.0	2.0	intermediate	intermediate
9040	UBE2M	ENSG00000130725	19	59057079	59105343	91	58749	3.1535	0.00080653	1.0	1.0	low	low
1534	CYB561	ENSG00000008283	17	61499665	61558724	86	58749	3.1534	0.00080681	2.0	1.0	intermediate	intermediate
7205	TRIP6	ENSG00000087077	7	100429950	100481076	106	58749	3.1519	0.00081111	1.0	1.0	low	low
155185	AMZ1	ENSG00000174945	7	2684163	2765069	336	58749	3.15	0.00081643	4.0	4.0	intermediate	intermediate
6780	STAU1	ENSG00000124214	20	47719876	47839907	261	58749	3.1486	0.00082036	3.0	2.0	intermediate	intermediate
57584	ARHGAP21	ENSG00000107863	10	24862538	25047597	283	58749	3.1469	0.00082516	5.0	5.0	intermediate	intermediate
57546	PDP2	ENSG00000172840	16	66879360	66935004	101	58749	3.1439	0.00083359	1.0	1.0	low	low
5506	PPP1R3A	ENSG00000154415	7	113506882	113594082	127	58749	3.1437	0.00083426	1.0	1.0	low	low
3796	KIF2A	ENSG00000068796	5	61566989	61693011	287	58749	3.1437	0.00083403	3.0	2.0	intermediate	intermediate
79582	SPAG16	ENSG00000144451	2	214114103	215285225	3126	58749	3.1433	0.00083522	10.0	4.0	high_6	high_10
161835	FSIP1	ENSG00000150667	15	39876422	40110039	672	58749	3.1424	0.00083784	2.0	2.0	intermediate	intermediate
6541	SLC7A1	ENSG00000139514	13	30073551	30204825	453	58749	3.1413	0.00084109	1.0	1.0	low	low
30833	NT5C	ENSG00000125458	17	73116320	73162890	82	58749	3.1376	0.00085154	1.0	1.0	low	low
10529	NEBL	ENSG00000078114	10	21058900	21498116	1063	58749	3.1362	0.00085566	8.0	5.0	high_6	intermediate
2202	EFEMP1	ENSG00000115380	2	56083097	56186298	304	58749	3.1348	0.0008599	32.0	9.0	high_6	high_10
56981	PRDM11	ENSG00000019485	11	45080564	45266675	393	58749	3.1328	0.00086587	14.0	7.0	high_6	high_10
7342	UBP1	ENSG00000153560	3	33419828	33516897	292	58749	3.1321	0.00086781	1.0	1.0	low	low
7026	NR2F2	ENSG00000185551	15	96834157	96893492	115	58749	3.1318	0.00086882	5.0	4.0	intermediate	intermediate
6310	ATXN1	ENSG00000124788	6	16289343	16796721	1492	58749	3.1301	0.00087368	9.0	6.0	high_6	intermediate
338645	LUZP2	ENSG00000187398	11	24483516	25114186	2617	58749	3.1301	0.00087383	6.0	3.0	high_6	intermediate
81562	LMAN2L	ENSG00000114988	2	97361666	97440813	90	58749	3.1265	0.00088458	9.0	2.0	high_6	intermediate
25886	POC1A	ENSG00000164087	3	52099249	52223720	172	58749	3.1238	0.00089281	1.0	1.0	low	low
100507203	SMLR1	ENSG00000256162	6	131113545	131168275	188	58749	3.1237	0.00089309	1.0	1.0	low	low
81558	FAM117A	ENSG00000121104	17	47777687	47876518	89	58749	3.1206	0.00090235	1.0	1.0	low	low
8170	SLC14A2	ENSG00000132874	18	42757947	43273072	1575	58749	3.1184	0.0009091	10.0	6.0	high_6	high_10
4947	OAZ2	ENSG00000180304	15	64969773	65030462	115	58749	3.1176	0.00091171	1.0	1.0	low	low
8801	SUCLG2	ENSG00000172340	3	67400884	67740038	1151	58749	3.1167	0.00091436	1.0	1.0	low	low
9262	STK17B	ENSG00000081320	2	196988307	197071336	260	58749	3.1161	0.00091645	2.0	1.0	intermediate	intermediate
221061	FAM171A1	ENSG00000148468	10	15243642	15448058	689	58749	3.1148	0.00092041	1.0	1.0	low	low
84530	SRRM4	ENSG00000139767	12	119384300	119610856	767	58749	3.114	0.00092299	1.0	1.0	low	low
9955	HS3ST3A1	ENSG00000153976	17	13389006	13540244	613	58749	3.1116	0.00093036	3.0	2.0	intermediate	intermediate
56923	NMUR2	ENSG00000132911	5	151761102	151819840	214	58749	3.1095	0.00093691	11.0	5.0	high_6	high_10
57111	RAB25	ENSG00000132698	1	155995966	156050295	75	58749	3.1084	0.00094063	2.0	2.0	intermediate	intermediate
5078	PAX4	ENSG00000106331	7	127240346	127290982	88	58749	3.1075	0.00094329	5.0	4.0	intermediate	intermediate
254827	NAALADL2	ENSG00000177694	3	174542095	175533428	3215	58749	3.1056	0.00094932	1.0	1.0	low	low
63891	RNF123	ENSG00000164068	3	49691950	49768962	101	58749	3.1052	0.00095086	2.0	2.0	intermediate	intermediate
285382	C3orf70	ENSG00000187068	3	184785838	184905802	392	58749	3.1052	0.00095087	2.0	2.0	intermediate	intermediate
23040	MYT1L	ENSG00000186487	2	1782885	2370147	1679	58749	3.1049	0.0009516	2.0	2.0	intermediate	intermediate
285051	C2orf61	ENSG00000239605	2	47304130	47417517	462	58749	3.1036	0.000956	1.0	1.0	low	low
149473	CCDC24	ENSG00000159214	1	44422280	44472200	83	58749	3.1034	0.00095667	1.0	1.0	low	low
325	APCS	ENSG00000132703	1	159522616	159568661	133	58749	3.1033	0.00095672	3.0	2.0	intermediate	intermediate
375337	TOPAZ1	ENSG00000173769	3	44248378	44383590	277	58749	3.1022	0.00096045	2.0	2.0	intermediate	intermediate
23762	OSBP2	ENSG00000184792	22	31054769	31313811	708	58749	3.0995	0.00096914	2.0	2.0	intermediate	intermediate
84915	FAM222A	ENSG00000139438	12	110117187	110218312	278	58749	3.099	0.00097093	2.0	2.0	intermediate	intermediate
1993	ELAVL2	ENSG00000107105	9	23680097	23861342	462	58749	3.0971	0.00097716	11.0	5.0	high_6	high_10
123803	NTAN1	ENSG00000157045	16	15121710	15184936	138	58749	3.0947	0.00098495	1.0	1.0	low	low
10642	IGF2BP1	ENSG00000159217	17	47039774	47143507	201	58749	3.094	0.00098752	11.0	5.0	high_6	high_10
9588	PRDX6	ENSG00000117592	1	173411486	173467946	99	58749	3.093	0.00099083	4.0	4.0	intermediate	intermediate
5500	PPP1CB	ENSG00000213639	2	28939614	29035806	170	58749	3.092	0.00099421	1.0	1.0	low	low
79192	IRX1	ENSG00000170549	5	3561168	3611517	197	58749	3.0914	0.00099612	8.0	5.0	high_6	intermediate
23521	RPL13A	ENSG00000142541	19	49955811	50005565	123	58749	3.0909	0.0009979	1.0	1.0	low	low
149428	BNIPL	ENSG00000163141	1	150974029	151030076	118	58749	3.0885	0.001006	2.0	2.0	intermediate	intermediate
3090	HIC1	ENSG00000177374	17	1922454	1972981	128	58749	3.0868	0.0010116	5.0	2.0	intermediate	intermediate
130940	CCDC148	ENSG00000153237	2	159017869	159348297	1214	58749	3.0865	0.0010127	4.0	2.0	intermediate	intermediate
8890	EIF2B4	ENSG00000115211	2	27577219	27628324	68	58749	3.0859	0.0010146	1.0	1.0	low	low
132989	C4orf36	ENSG00000163633	4	87787358	87859820	151	58749	3.0851	0.0010173	2.0	2.0	intermediate	intermediate
55777	MBD5	ENSG00000204406	2	148743580	149281046	1033	58749	3.0794	0.001037	1.0	1.0	low	low
3777	KCNK3	ENSG00000171303	2	26880581	26964066	170	58749	3.0781	0.0010415	16.0	6.0	high_6	high_10
89845	ABCC10	ENSG00000124574	6	43360282	43428163	125	58749	3.0776	0.0010434	1.0	1.0	low	low
93986	FOXP2	ENSG00000128573	7	113691365	114343827	1003	58749	3.0752	0.0010518	34.0	10.0	high_6	high_10
8715	NOL4	ENSG00000101746	18	31421064	31838515	829	58749	3.0744	0.0010547	2.0	2.0	intermediate	intermediate
29982	NRBF2	ENSG00000148572	10	64858007	64924786	182	58749	3.0742	0.0010553	10.0	8.0	high_6	high_10
4869	NPM1	ENSG00000181163	5	170779652	170847888	197	58749	3.0732	0.0010587	2.0	2.0	intermediate	intermediate
9464	HAND2	ENSG00000164107	4	174437652	174486378	118	58749	3.0707	0.0010678	8.0	3.0	high_6	intermediate
10614	HEXIM1	ENSG00000186834	17	43189684	43239468	87	58749	3.0705	0.0010686	3.0	3.0	intermediate	intermediate
84316	LSMD1	ENSG00000183011	17	7750003	7823608	140	58749	3.0704	0.0010688	6.0	5.0	high_6	intermediate
50807	ASAP1	ENSG00000153317	8	131054350	131490906	1359	58749	3.0678	0.0010783	1.0	1.0	low	low
80745	THUMPD2	ENSG00000138050	2	39953200	40041416	225	58749	3.0672	0.0010802	1.0	1.0	low	low
23026	MYO16	ENSG00000041515	13	109213500	109870355	2443	58749	3.0659	0.0010851	6.0	4.0	high_6	intermediate
57639	CCDC146	ENSG00000135205	7	76716934	76934534	568	58749	3.0648	0.001089	5.0	4.0	intermediate	intermediate
65055	REEP1	ENSG00000068615	2	86431116	86600206	521	58749	3.0632	0.001095	1.0	1.0	low	low
7078	TIMP3	ENSG00000100234	22	33161802	33269028	321	58749	3.0628	0.0010964	4.0	2.0	intermediate	intermediate
6916	TBXAS1	ENSG00000059377	7	139443047	139730125	649	58749	3.0627	0.0010968	1.0	1.0	low	low
25816	TNFAIP8	ENSG00000145779	5	118569418	118740294	493	58749	3.06	0.0011067	8.0	4.0	high_6	intermediate
56155	TEX14	ENSG00000121101	17	56624038	56804416	372	58749	3.0598	0.0011073	3.0	2.0	intermediate	intermediate
10011	SRA1	ENSG00000213523	5	139919652	139972678	61	58749	3.059	0.0011104	1.0	1.0	low	low
1180	CLCN1	ENSG00000188037	7	142978219	143059097	158	58749	3.0582	0.0011135	1.0	1.0	low	low
9780	PIEZO1	ENSG00000103335	16	88771746	88886372	589	58749	3.0579	0.0011145	10.0	6.0	high_6	high_10
29953	TRHDE	ENSG00000072657	12	72631314	73069422	901	58749	3.0563	0.0011203	2.0	2.0	intermediate	intermediate
164633	CABP7	ENSG00000100314	22	30081344	30137822	147	58749	3.055	0.0011252	1.0	1.0	low	low
150274	HSCB	ENSG00000100209	22	29103008	29163506	149	58749	3.0527	0.0011341	1.0	1.0	low	low
64420	SUSD1	ENSG00000106868	9	114793061	114972577	491	58749	3.0527	0.0011341	1.0	1.0	low	low
3683	ITGAL	ENSG00000005844	16	30448983	30544506	142	58749	3.0519	0.0011371	5.0	3.0	intermediate	intermediate
11044	PAPD7	ENSG00000112941	5	6679076	6767161	342	58749	3.0499	0.0011447	1.0	1.0	low	low
432	ASGR1	ENSG00000141505	17	7066750	7117883	86	58749	3.0488	0.0011489	4.0	3.0	intermediate	intermediate
10478	SLC25A17	ENSG00000100372	22	41155636	41250403	119	58749	3.0468	0.0011563	1.0	1.0	low	low
23760	PITPNB	ENSG00000180957	22	28237657	28350255	194	58749	3.0463	0.0011585	12.0	3.0	high_6	high_10
5443	POMC	ENSG00000115138	2	25373722	25426559	97	58749	3.0446	0.0011648	10.0	7.0	high_6	high_10
8110	DPF3	ENSG00000205683	14	73075561	73395824	971	58749	3.0443	0.0011662	11.0	5.0	high_6	high_10
9898	UBAP2L	ENSG00000143569	1	154157427	154253986	128	58749	3.0439	0.0011678	2.0	1.0	intermediate	intermediate
93210	PGAP3	ENSG00000161395	17	37817375	37879310	121	58749	3.0427	0.0011724	3.0	2.0	intermediate	intermediate
6996	TDG	ENSG00000139372	12	104324593	104392656	264	58749	3.0426	0.0011726	2.0	1.0	intermediate	intermediate
120534	ARL14EP	ENSG00000152219	11	30309649	30369165	155	58749	3.0403	0.0011816	14.0	8.0	high_6	high_10
874	CBR3	ENSG00000159231	21	37471614	37528860	226	58749	3.0403	0.0011816	1.0	1.0	low	low
5024	P2RX3	ENSG00000109991	11	57070841	57147549	186	58749	3.0391	0.0011866	1.0	1.0	low	low
3156	HMGCR	ENSG00000113161	5	74597159	74667926	164	58749	3.039	0.0011868	14.0	6.0	high_6	high_10
421	ARVCF	ENSG00000099889	22	19944126	20039325	359	58749	3.0376	0.0011923	1.0	1.0	low	low
9784	SNX17	ENSG00000115234	2	27558363	27610400	57	58749	3.0349	0.0012031	4.0	3.0	intermediate	intermediate
1398	CRK	ENSG00000167193	17	1314647	1394561	252	58749	3.0344	0.001205	3.0	3.0	intermediate	intermediate
352909	DNAAF3	ENSG00000167646	19	55660029	55713090	222	58749	3.0334	0.0012091	1.0	1.0	low	low
8522	GAS7	ENSG00000007237	17	9803926	10136868	1365	58749	3.0328	0.0012113	6.0	5.0	high_6	intermediate
255061	TAC4	ENSG00000176358	17	47905671	47960379	83	58749	3.0288	0.0012278	2.0	2.0	intermediate	intermediate
6670	SP3	ENSG00000172845	2	174761187	174865430	313	58749	3.0271	0.0012344	3.0	2.0	intermediate	intermediate
8939	FUBP3	ENSG00000107164	9	133419954	133523739	293	58749	3.0262	0.001238	3.0	1.0	intermediate	intermediate
200728	TMEM17	ENSG00000186889	2	62717356	62768604	187	58749	3.0234	0.0012499	5.0	4.0	intermediate	intermediate
2737	GLI3	ENSG00000106571	7	41990547	42312469	971	58749	3.0219	0.001256	3.0	3.0	intermediate	intermediate
100131897	FAM196B	ENSG00000204767	5	169280719	169442744	402	58749	3.0197	0.0012653	1.0	1.0	low	low
776	CACNA1D	ENSG00000157388	3	53494076	53857179	835	58749	3.0166	0.001278	4.0	2.0	intermediate	intermediate
23107	MRPS27	ENSG00000113048	5	71505236	71651084	188	58749	3.0164	0.0012789	1.0	1.0	low	low
6867	TACC1	ENSG00000147526	8	38550704	38720546	371	58749	3.0145	0.0012872	1.0	1.0	low	low
64843	ISL2	ENSG00000159556	15	76594065	76644817	110	58749	3.0145	0.001287	3.0	3.0	intermediate	intermediate
79973	ZNF442	ENSG00000198342	19	12450185	12511475	81	58749	3.0136	0.001291	1.0	1.0	low	low
7174	TPP2	ENSG00000134900	13	103214286	103341524	496	58749	3.013	0.0012936	1.0	1.0	low	low
284525	SLC9C2	ENSG00000162753	1	173459604	173607233	267	58749	3.0114	0.0013001	2.0	2.0	intermediate	intermediate
1535	CYBA	ENSG00000051523	16	88699697	88752492	167	58749	3.0105	0.0013043	1.0	1.0	low	low
4597	MVD	ENSG00000167508	16	88708343	88764495	184	58749	3.01	0.0013063	1.0	1.0	low	low
820	CAMP	ENSG00000164047	3	48229837	48276981	57	58749	3.0097	0.0013075	1.0	1.0	low	low
9911	TMCC2	ENSG00000133069	1	205162038	205252471	226	58749	3.0095	0.0013086	4.0	3.0	intermediate	intermediate
399947	C11orf87	ENSG00000185742	11	109257570	109309893	52	58749	3.0046	0.0013295	2.0	2.0	intermediate	intermediate
63876	PKNOX2	ENSG00000165495	11	124999559	125313285	894	58749	3.0034	0.0013347	4.0	3.0	intermediate	intermediate
144402	CPNE8	ENSG00000139117	12	39036002	39335395	733	58749	3.0032	0.001336	4.0	4.0	intermediate	intermediate
2346	FOLH1	ENSG00000086205	11	49158187	49265222	369	58749	3.0016	0.0013427	7.0	6.0	high_6	intermediate
11143	KAT7	ENSG00000136504	17	47830922	47916458	75	58749	3.0009	0.001346	2.0	2.0	intermediate	intermediate
51454	GULP1	ENSG00000144366	2	189121396	189470653	751	58749	2.9986	0.0013559	1.0	1.0	low	low
2064	ERBB2	ENSG00000141736	17	37809167	37894915	167	58749	2.9955	0.0013699	3.0	2.0	intermediate	intermediate
5793	PTPRG	ENSG00000144724	3	61512243	62290573	2304	58749	2.995	0.001372	6.0	3.0	high_6	intermediate
57628	DPP10	ENSG00000175497	2	115164899	116613328	3390	58749	2.9934	0.0013795	1.0	1.0	low	low
23211	ZC3H4	ENSG00000130749	19	47557444	47652009	125	58749	2.9913	0.0013891	5.0	3.0	intermediate	intermediate
993	CDC25A	ENSG00000164045	3	48188668	48265153	90	58749	2.9906	0.0013921	2.0	1.0	intermediate	intermediate
57142	RTN4	ENSG00000115310	2	55189325	55342770	450	58749	2.9896	0.0013967	1.0	1.0	low	low
5116	PCNT	ENSG00000160299	21	47708976	47875682	626	58749	2.9891	0.0013991	3.0	3.0	intermediate	intermediate
140767	NRSN1	ENSG00000152954	6	24091414	24157757	216	58749	2.9856	0.0014152	10.0	5.0	high_6	high_10
745	MYRF	ENSG00000124920	11	61485121	61565990	145	58749	2.9848	0.001419	1.0	1.0	low	low
56996	SLC12A9	ENSG00000146828	7	100415337	100474634	135	58749	2.9837	0.0014239	2.0	2.0	intermediate	intermediate
1163	CKS1B	ENSG00000173207	1	154912118	154961725	58	58749	2.9832	0.0014261	2.0	2.0	intermediate	intermediate
23576	DDAH1	ENSG00000153904	1	85774168	86079046	848	58749	2.9802	0.0014405	4.0	3.0	intermediate	intermediate
54901	CDKAL1	ENSG00000145996	6	20499688	21242635	2248	58749	2.9799	0.0014417	31.0	11.0	high_6	high_10
56893	UBQLN4	ENSG00000160803	1	155992945	156058613	91	58749	2.9798	0.001442	3.0	2.0	intermediate	intermediate
23418	CRB1	ENSG00000134376	1	197135592	197457585	459	58749	2.9756	0.0014619	8.0	4.0	high_6	intermediate
2918	GRM8	ENSG00000179603	7	126068652	126927428	2185	58749	2.9748	0.0014659	4.0	4.0	intermediate	intermediate
23001	WDFY3	ENSG00000163625	4	85580690	85922544	350	58749	2.9744	0.0014677	1.0	1.0	low	low
9705	ST18	ENSG00000147488	8	53013392	53357439	797	58749	2.9741	0.0014694	1.0	1.0	low	low
4485	MST1	ENSG00000173531	3	49711380	49761196	67	58749	2.9732	0.0014734	27.0	11.0	high_6	high_10
5071	PARK2	ENSG00000185345	6	161758590	163183834	5002	58749	2.9725	0.0014768	5.0	3.0	intermediate	intermediate
199990	C1orf86	ENSG00000162585	1	2105899	2179159	154	58749	2.9723	0.0014779	1.0	1.0	low	low
4149	MAX	ENSG00000125952	14	65462819	65604413	341	58749	2.9722	0.0014783	2.0	2.0	intermediate	intermediate
81930	KIF18A	ENSG00000121621	11	28032163	28164746	183	58749	2.9701	0.0014885	10.0	6.0	high_6	high_10
6532	SLC6A4	ENSG00000108576	17	28511337	28597986	129	58749	2.97	0.0014892	1.0	1.0	low	low
22890	ZBTB1	ENSG00000126804	14	64936292	65010408	202	58749	2.9698	0.0014898	2.0	2.0	intermediate	intermediate
11015	KDELR3	ENSG00000100196	22	38829067	38889452	136	58749	2.9695	0.0014913	1.0	1.0	low	low
114793	FMNL2	ENSG00000157827	2	153156684	153516348	1070	58749	2.9686	0.0014959	2.0	1.0	intermediate	intermediate
8708	B3GALT1	ENSG00000172318	2	168311692	168737366	1077	58749	2.9681	0.0014982	1.0	1.0	low	low
55790	CSGALNACT1	ENSG00000147408	8	19251672	19575261	1242	58749	2.9681	0.0014983	1.0	1.0	low	low
146760	RTN4RL1	ENSG00000185924	17	1827971	1963178	435	58749	2.9663	0.001507	3.0	2.0	intermediate	intermediate
114825	PWWP2A	ENSG00000170234	5	159492889	159581452	173	58749	2.9634	0.0015214	1.0	1.0	low	low
2848	GPR25	ENSG00000170128	1	200807083	200853306	131	58749	2.9627	0.0015247	3.0	2.0	intermediate	intermediate
375057	C1orf95	ENSG00000203685	1	226701501	226806915	276	58749	2.96	0.0015384	1.0	1.0	low	low
22979	EFR3B	ENSG00000084710	2	25229973	25392004	363	58749	2.9596	0.0015403	3.0	2.0	intermediate	intermediate
11200	CHEK2	ENSG00000183765	22	29073731	29172822	249	58749	2.9589	0.0015435	60.0	10.0	high_6	high_10
5496	PPM1G	ENSG00000115241	2	27594066	27667550	99	58749	2.9582	0.0015472	1.0	1.0	low	low
10658	CELF1	ENSG00000149187	11	47477489	47609792	151	58749	2.955	0.0015633	6.0	4.0	high_6	intermediate
152189	CMTM8	ENSG00000170293	3	32245171	32421817	631	58749	2.9543	0.0015667	1.0	1.0	low	low
23054	NCOA6	ENSG00000198646	20	33292578	33448433	220	58749	2.9542	0.0015673	6.0	4.0	high_6	intermediate
2585	GALK2	ENSG00000156958	15	49412974	49669955	658	58749	2.9537	0.0015698	1.0	1.0	low	low
29959	NRBP1	ENSG00000115216	2	27616473	27675126	75	58749	2.953	0.0015735	1.0	1.0	low	low
5939	RBMS2	ENSG00000076067	12	56880607	57004859	239	58749	2.9517	0.0015799	1.0	1.0	low	low
2894	GRID1	ENSG00000182771	10	87349312	88161250	2376	58749	2.9497	0.0015906	3.0	3.0	intermediate	intermediate
2555	GABRA2	ENSG00000151834	4	46236470	46427056	406	58749	2.9469	0.0016048	1.0	1.0	low	low
7402	UTRN	ENSG00000152818	6	144571434	145184170	1252	58749	2.942	0.0016307	1.0	1.0	low	low
596	BCL2	ENSG00000171791	18	60780579	61022011	674	58749	2.9418	0.0016318	23.0	7.0	high_6	high_10
79716	NPEPL1	ENSG00000215440	20	57229187	57300900	196	58749	2.9416	0.0016328	1.0	1.0	low	low
2184	FAH	ENSG00000103876	15	80410233	80488924	229	58749	2.9401	0.0016408	1.0	1.0	low	low
327	APEH	ENSG00000164062	3	49676427	49730936	68	58749	2.9397	0.0016425	2.0	2.0	intermediate	intermediate
22915	MMRN1	ENSG00000138722	4	90781003	90885780	262	58749	2.9396	0.001643	2.0	1.0	intermediate	intermediate
1950	EGF	ENSG00000138798	4	110799040	110944118	319	58749	2.9388	0.0016476	1.0	1.0	low	low
4157	MC1R	ENSG00000258839	16	89949287	89997385	149	58749	2.9375	0.0016544	30.0	8.0	high_6	high_10
8927	BSN	ENSG00000164061	3	49556922	49718982	215	58749	2.9359	0.0016626	2.0	1.0	intermediate	intermediate
57593	EBF4	ENSG00000088881	20	2638524	2750754	268	58749	2.9352	0.0016667	1.0	1.0	low	low
79643	CHMP6	ENSG00000176108	17	78930641	78983933	206	58749	2.9337	0.0016749	1.0	1.0	low	low
4719	NDUFS1	ENSG00000023228	2	206977803	207059243	197	58749	2.9334	0.0016765	1.0	1.0	low	low
55159	RFWD3	ENSG00000168411	16	74645297	74735779	299	58749	2.9311	0.0016887	3.0	1.0	intermediate	intermediate
50487	PLA2G3	ENSG00000100078	22	31520793	31571469	115	58749	2.9302	0.0016938	1.0	1.0	low	low
10643	IGF2BP3	ENSG00000136231	7	23339828	23544995	411	58749	2.93	0.0016946	1.0	1.0	low	low
8707	B3GALT2	ENSG00000162630	1	193137860	193190743	107	58749	2.9269	0.001712	4.0	3.0	intermediate	intermediate
221184	CPNE2	ENSG00000140848	16	57091455	57192281	354	58749	2.9257	0.0017184	3.0	3.0	intermediate	intermediate
747	DAGLA	ENSG00000134780	11	61412905	61524474	207	58749	2.9248	0.0017231	2.0	2.0	intermediate	intermediate
4116	MAGOH	ENSG00000162385	1	53682564	53739282	99	58749	2.9201	0.0017496	1.0	1.0	low	low
54879	ST7L	ENSG00000007341	1	113056140	113197040	264	58749	2.9194	0.0017537	4.0	3.0	intermediate	intermediate
23499	MACF1	ENSG00000127603	1	39514839	39962810	870	58749	2.9187	0.0017577	3.0	1.0	intermediate	intermediate
4343	MOV10	ENSG00000155363	1	113182048	113253368	124	58749	2.9167	0.0017685	2.0	2.0	intermediate	intermediate
4916	NTRK3	ENSG00000140538	15	88409948	88835026	921	58749	2.9146	0.0017805	6.0	3.0	high_6	intermediate
2668	GDNF	ENSG00000168621	5	37802779	37874782	244	58749	2.9144	0.0017821	4.0	4.0	intermediate	intermediate
8915	BCL10	ENSG00000142867	1	85721459	85777604	185	58749	2.9141	0.0017836	1.0	1.0	low	low
7008	TEF	ENSG00000167074	22	41728337	41805332	126	58749	2.9139	0.0017846	5.0	4.0	intermediate	intermediate
10461	MERTK	ENSG00000153208	2	112621056	112807293	609	58749	2.913	0.0017899	5.0	3.0	intermediate	intermediate
124535	HSF5	ENSG00000176160	17	56487528	56600759	146	58749	2.9129	0.0017902	2.0	2.0	intermediate	intermediate
57591	MKL1	ENSG00000196588	22	40796292	41067690	433	58749	2.9122	0.0017944	15.0	7.0	high_6	high_10
829	CAPZA1	ENSG00000116489	1	113127075	113224241	163	58749	2.9121	0.0017948	3.0	2.0	intermediate	intermediate
214	ALCAM	ENSG00000170017	3	105050557	105305757	759	58749	2.9112	0.0018	4.0	4.0	intermediate	intermediate
114971	PTPMT1	ENSG00000110536	11	47551888	47605013	74	58749	2.9102	0.0018057	2.0	2.0	intermediate	intermediate
114795	TMEM132B	ENSG00000139364	12	125776162	126156915	1216	58749	2.9094	0.0018109	3.0	3.0	intermediate	intermediate
56252	YLPM1	ENSG00000119596	14	75195025	75314013	184	58749	2.9072	0.0018233	2.0	2.0	intermediate	intermediate
4793	NFKBIB	ENSG00000104825	19	39355340	39409534	115	58749	2.9048	0.0018376	2.0	2.0	intermediate	intermediate
317762	CCDC85C	ENSG00000205476	14	99967603	100105727	453	58749	2.904	0.001842	1.0	1.0	low	low
55534	MAML3	ENSG00000196782	4	140627545	141110233	1153	58749	2.9035	0.0018453	15.0	9.0	high_6	high_10
8991	SELENBP1	ENSG00000143416	1	151326778	151380210	91	58749	2.9026	0.0018502	1.0	1.0	low	low
9557	CHD1L	ENSG00000131778	1	146679291	146777447	396	58749	2.9011	0.0018593	2.0	1.0	intermediate	intermediate
340061	TMEM173	ENSG00000184584	5	138845113	138897343	76	58749	2.9009	0.0018605	2.0	1.0	intermediate	intermediate
9577	BRE	ENSG00000158019	2	28078482	28571768	1000	58749	2.8993	0.0018702	8.0	5.0	high_6	intermediate
343930	MSGN1	ENSG00000151379	2	17962786	18008367	140	58749	2.8982	0.0018767	1.0	1.0	low	low
203859	ANO5	ENSG00000171714	11	22179199	22314913	208	58749	2.8966	0.0018862	2.0	2.0	intermediate	intermediate
333929	SNAI3	ENSG00000185669	16	88734090	88788192	225	58749	2.8964	0.0018873	1.0	1.0	low	low
2876	GPX1	ENSG00000233276	3	49384609	49430791	69	58749	2.8963	0.0018882	5.0	4.0	intermediate	intermediate
9867	PJA2	ENSG00000198961	5	108660410	108780675	398	58749	2.896	0.0018899	5.0	3.0	intermediate	intermediate
728568	C12orf73	ENSG00000204954	12	104333980	104385993	204	58749	2.8952	0.0018945	1.0	1.0	low	low
83694	RPS6KL1	ENSG00000198208	14	75360657	75424985	145	58749	2.8945	0.0018987	1.0	1.0	low	low
29015	SLC43A3	ENSG00000134802	11	57164427	57230053	111	58749	2.8939	0.0019027	4.0	4.0	intermediate	intermediate
55012	PPP2R3C	ENSG00000092020	14	35544678	35626868	231	58749	2.8937	0.0019034	3.0	2.0	intermediate	intermediate
23544	SEZ6L	ENSG00000100095	22	26530440	26789563	893	58749	2.8927	0.0019098	1.0	1.0	low	low
646658	SYNDIG1L	ENSG00000183379	14	74862596	74927805	151	58749	2.8852	0.0019556	1.0	1.0	low	low
284076	TTLL6	ENSG00000170703	17	46829593	46929469	269	58749	2.8852	0.0019555	2.0	2.0	intermediate	intermediate
4784	NFIX	ENSG00000008441	19	13071584	13219610	235	58749	2.8831	0.0019688	6.0	4.0	high_6	intermediate
23089	PEG10	ENSG00000242265	7	94250637	94309007	89	58749	2.8815	0.0019789	1.0	1.0	low	low
57578	UNC79	ENSG00000133958	14	93764565	94184222	930	58749	2.8786	0.0019971	4.0	4.0	intermediate	intermediate
813	CALU	ENSG00000128595	7	128344346	128423477	246	58749	2.8778	0.0020025	3.0	2.0	intermediate	intermediate
65263	PYCRL	ENSG00000104524	8	144676083	144726784	151	58749	2.8774	0.0020045	1.0	1.0	low	low
2686	GGT7	ENSG00000131067	20	33422523	33495661	121	58749	2.8762	0.0020126	6.0	2.0	high_6	intermediate
4299	AFF1	ENSG00000172493	4	87820758	88072206	544	58749	2.8727	0.0020352	10.0	8.0	high_6	high_10
6948	TCN2	ENSG00000185339	22	30968070	31033047	298	58749	2.8725	0.0020362	5.0	2.0	intermediate	intermediate
80204	FBXO11	ENSG00000138081	2	48024059	48168524	342	58749	2.8723	0.0020377	3.0	3.0	intermediate	intermediate
55066	PDPR	ENSG00000090857	16	70112529	70206437	69	58749	2.8723	0.0020378	4.0	2.0	intermediate	intermediate
23481	PES1	ENSG00000100029	22	30962612	31038000	329	58749	2.8717	0.0020415	1.0	1.0	low	low
259308	FAM205A	ENSG00000205108	9	34713050	34764535	124	58749	2.8717	0.0020415	1.0	1.0	low	low
1801	DPH1	ENSG00000108963	17	1898431	1957183	166	58749	2.8715	0.0020428	1.0	1.0	low	low
54891	INO80D	ENSG00000114933	2	206848445	206985906	305	58749	2.8696	0.0020551	11.0	4.0	high_6	high_10
2359	FPR3	ENSG00000187474	19	52263411	52339334	294	58749	2.8687	0.0020607	1.0	1.0	low	low
103	ADAR	ENSG00000160710	1	154544533	154635456	160	58749	2.8679	0.0020657	4.0	3.0	intermediate	intermediate
23271	CAMSAP2	ENSG00000118200	1	200673686	200839832	427	58749	2.8674	0.0020691	5.0	5.0	intermediate	intermediate
57645	POGK	ENSG00000143157	1	166773681	166833709	173	58749	2.8642	0.0020906	1.0	1.0	low	low
57495	KIAA1239	ENSG00000174145	4	37211690	37461087	796	58749	2.8621	0.0021043	4.0	1.0	intermediate	intermediate
116328	C8orf34	ENSG00000165084	8	69207957	69741258	1410	58749	2.862	0.0021046	2.0	2.0	intermediate	intermediate
1062	CENPE	ENSG00000138778	4	104016963	104154566	262	58749	2.8609	0.002112	4.0	3.0	intermediate	intermediate
79810	PTCD2	ENSG00000049883	5	71581200	71666544	92	58749	2.8606	0.0021143	3.0	3.0	intermediate	intermediate
8910	SGCE	ENSG00000127990	7	94204536	94320521	161	58749	2.8573	0.0021366	5.0	4.0	intermediate	intermediate
140733	MACROD2	ENSG00000172264	20	13941146	16043842	6278	58749	2.8572	0.0021369	4.0	2.0	intermediate	intermediate
7138	TNNT1	ENSG00000105048	19	55634161	55695752	217	58749	2.856	0.0021451	1.0	1.0	low	low
23534	TNPO3	ENSG00000064419	7	128584234	128730227	376	58749	2.8555	0.0021486	14.0	7.0	high_6	high_10
50650	ARHGEF3	ENSG00000163947	3	56751446	57148336	1182	58749	2.8554	0.002149	7.0	4.0	high_6	intermediate
1445	CSK	ENSG00000103653	15	75039425	75105539	140	58749	2.854	0.0021584	3.0	3.0	intermediate	intermediate
7150	TOP1	ENSG00000198900	20	39622462	39763127	252	58749	2.8531	0.0021646	7.0	5.0	high_6	intermediate
513	ATP5D	ENSG00000099624	19	1206749	1254824	114	58749	2.8528	0.0021667	1.0	1.0	low	low
4289	MKLN1	ENSG00000128585	7	130759855	131191398	1034	58749	2.8525	0.0021691	8.0	4.0	high_6	intermediate
658	BMPR1B	ENSG00000138696	4	95644128	96089601	1304	58749	2.8514	0.0021761	18.0	7.0	high_6	high_10
8706	B3GALNT1	ENSG00000169255	3	160791671	160858160	145	58749	2.8513	0.0021771	1.0	1.0	low	low
83992	CTTNBP2	ENSG00000077063	7	117340702	117548561	433	58749	2.8502	0.0021843	5.0	3.0	intermediate	intermediate
100129583	FAM47E	ENSG00000189157	4	77100193	77214936	453	58749	2.8498	0.0021874	1.0	1.0	low	low
128488	WFDC12	ENSG00000168703	20	43742067	43788106	126	58749	2.8493	0.002191	1.0	1.0	low	low
26505	CNNM3	ENSG00000168763	2	97445950	97511121	81	58749	2.8493	0.002191	2.0	2.0	intermediate	intermediate
114818	KLHL29	ENSG00000119771	2	23573298	23941483	1297	58749	2.8492	0.0021912	7.0	5.0	high_6	intermediate
8618	CADPS	ENSG00000163618	3	62374021	62896064	1890	58749	2.847	0.0022066	2.0	2.0	intermediate	intermediate
5529	PPP2R5E	ENSG00000154001	14	63829838	64045095	549	58749	2.8448	0.0022222	2.0	2.0	intermediate	intermediate
5602	MAPK10	ENSG00000109339	4	86923452	87409283	1236	58749	2.8446	0.002223	1.0	1.0	low	low
2045	EPHA7	ENSG00000135333	6	93939738	94164302	549	58749	2.8432	0.0022333	3.0	2.0	intermediate	intermediate
9293	GPR52	ENSG00000203737	1	174382212	174428683	87	58749	2.8428	0.0022356	2.0	2.0	intermediate	intermediate
84276	NICN1	ENSG00000145029	3	49449766	49501777	76	58749	2.8425	0.0022379	3.0	2.0	intermediate	intermediate
221037	JMJD1C	ENSG00000171988	10	64916983	65260880	691	58749	2.8417	0.0022438	13.0	8.0	high_6	high_10
7368	UGT8	ENSG00000174607	4	115484611	115608202	284	58749	2.8408	0.0022502	6.0	3.0	high_6	intermediate
23042	PDXDC1	ENSG00000179889	16	15033448	15141552	78	58749	2.8402	0.0022542	1.0	1.0	low	low
4624	MYH6	ENSG00000197616	14	23839942	23913836	188	58749	2.8399	0.0022567	4.0	2.0	intermediate	intermediate
4607	MYBPC3	ENSG00000134571	11	47342957	47409253	163	58749	2.8395	0.002259	3.0	2.0	intermediate	intermediate
23358	USP24	ENSG00000162402	1	55522032	55716039	412	58749	2.8381	0.0022694	4.0	2.0	intermediate	intermediate
27175	TUBG2	ENSG00000037042	17	40776266	40829024	89	58749	2.8354	0.0022885	1.0	1.0	low	low
8019	BRD3	ENSG00000169925	9	136885427	136968655	298	58749	2.8342	0.0022974	2.0	2.0	intermediate	intermediate
26205	GMEB2	ENSG00000101216	20	62208955	62293381	294	58749	2.8336	0.0023016	13.0	5.0	high_6	high_10
7425	VGF	ENSG00000128564	7	100795790	100845862	139	58749	2.8332	0.0023045	1.0	1.0	low	low
4642	MYO1D	ENSG00000176658	17	30809628	31238902	794	58749	2.83	0.0023274	2.0	2.0	intermediate	intermediate
10632	ATP5L	ENSG00000167283	11	118237104	118290562	85	58749	2.8274	0.0023462	3.0	3.0	intermediate	intermediate
284001	CCDC57	ENSG00000176155	17	80049333	80205705	586	58749	2.8274	0.0023463	1.0	1.0	low	low
145864	HAPLN3	ENSG00000140511	15	89410519	89473857	206	58749	2.8253	0.002362	5.0	2.0	intermediate	intermediate
55902	ACSS2	ENSG00000131069	20	33427766	33525769	155	58749	2.8247	0.0023663	1.0	1.0	low	low
517	ATP5G2	ENSG00000135390	12	54048944	54105512	152	58749	2.824	0.0023718	2.0	2.0	intermediate	intermediate
8030	CCDC6	ENSG00000108091	10	61538505	61701414	606	58749	2.8238	0.0023728	1.0	1.0	low	low
275	AMT	ENSG00000145020	3	49444211	49495111	74	58749	2.8232	0.0023773	1.0	1.0	low	low
54438	GFOD1	ENSG00000145990	6	13353587	13522869	466	58749	2.8207	0.0023956	2.0	2.0	intermediate	intermediate
56479	KCNQ5	ENSG00000185760	6	73296571	73918574	1524	58749	2.8187	0.0024107	15.0	5.0	high_6	high_10
646	BNC1	ENSG00000169594	15	83914655	83988468	97	58749	2.8172	0.002422	1.0	1.0	low	low
5915	RARB	ENSG00000077092	3	25180638	25649423	1801	58749	2.8121	0.0024609	17.0	10.0	high_6	high_10
55596	ZCCHC8	ENSG00000033030	12	122946146	123020543	109	58749	2.8104	0.0024741	2.0	1.0	intermediate	intermediate
5629	PROX1	ENSG00000117707	1	214126278	214224853	228	58749	2.807	0.0025006	15.0	8.0	high_6	high_10
162	AP1B1	ENSG00000100280	22	29713669	29819754	221	58749	2.8061	0.002507	1.0	1.0	low	low
79946	C10orf95	ENSG00000120055	10	104199594	104246300	126	58749	2.806	0.0025078	4.0	4.0	intermediate	intermediate
55137	FIGN	ENSG00000182263	2	164451447	164627618	315	58749	2.8042	0.0025218	13.0	5.0	high_6	high_10
6472	SHMT2	ENSG00000182199	12	57588356	57638718	62	58749	2.8034	0.0025286	8.0	2.0	high_6	intermediate
23345	SYNE1	ENSG00000131018	6	152432819	152993534	1828	58749	2.8017	0.0025414	15.0	3.0	high_6	high_10
4669	NAGLU	ENSG00000108784	17	40652951	40706467	75	58749	2.8004	0.0025523	1.0	1.0	low	low
22882	ZHX2	ENSG00000178764	8	123757510	123996755	606	58749	2.8002	0.0025534	1.0	1.0	low	low
2131	EXT1	ENSG00000182197	8	118801602	119159058	806	58749	2.7985	0.0025672	5.0	3.0	intermediate	intermediate
5570	PKIB	ENSG00000135549	6	122758062	123057518	723	58749	2.7976	0.0025745	2.0	2.0	intermediate	intermediate
7260	TSSC1	ENSG00000032389	2	3182741	3416653	794	58749	2.7954	0.0025918	1.0	1.0	low	low
283219	KCTD21	ENSG00000188997	11	77872289	77935006	130	58749	2.7948	0.0025966	1.0	1.0	low	low
10261	IGSF6	ENSG00000140749	16	21642605	21698987	83	58749	2.7923	0.0026168	2.0	1.0	intermediate	intermediate
8604	SLC25A12	ENSG00000115840	2	172629915	172785816	348	58749	2.7921	0.002618	1.0	1.0	low	low
387	RHOA	ENSG00000067560	3	49386569	49484526	160	58749	2.792	0.0026192	3.0	3.0	intermediate	intermediate
56950	SMYD2	ENSG00000143499	1	214419565	214520477	288	58749	2.7919	0.0026203	4.0	3.0	intermediate	intermediate
811	CALR	ENSG00000179218	19	13014414	13065304	77	58749	2.7917	0.0026216	2.0	1.0	intermediate	intermediate
5295	PIK3R1	ENSG00000145675	5	67476584	67607649	342	58749	2.7869	0.0026608	14.0	6.0	high_6	high_10
10631	POSTN	ENSG00000133110	13	38126719	38207981	275	58749	2.7851	0.0026757	5.0	5.0	intermediate	intermediate
9586	CREB5	ENSG00000146592	7	28303940	28875511	1746	58749	2.785	0.0026764	13.0	6.0	high_6	high_10
25809	TTLL1	ENSG00000100271	22	43425522	43520434	346	58749	2.7849	0.002677	1.0	1.0	low	low
1294	COL7A1	ENSG00000114270	3	48591506	48667593	69	58749	2.7815	0.0027057	2.0	1.0	intermediate	intermediate
2072	ERCC4	ENSG00000175595	16	13979014	14056205	205	58749	2.7811	0.0027089	12.0	5.0	high_6	high_10
90007	MIDN	ENSG00000167470	19	1213552	1269142	122	58749	2.7802	0.002716	4.0	4.0	intermediate	intermediate
55238	SLC38A7	ENSG00000103042	16	58690298	58753674	220	58749	2.7759	0.0027524	1.0	1.0	low	low
84166	NLRC5	ENSG00000140853	16	56988469	57127438	520	58749	2.7753	0.0027576	1.0	1.0	low	low
160851	DGKH	ENSG00000102780	13	42579172	42814352	834	58749	2.7711	0.0027933	4.0	2.0	intermediate	intermediate
6421	SFPQ	ENSG00000116560	1	35631981	35693766	101	58749	2.7709	0.0027953	1.0	1.0	low	low
4722	NDUFS3	ENSG00000213619	11	47565562	47616115	67	58749	2.7693	0.0028087	1.0	1.0	low	low
8682	PEA15	ENSG00000162734	1	160140125	160195162	132	58749	2.7683	0.0028174	1.0	1.0	low	low
5335	PLCG1	ENSG00000124181	20	39731159	39814359	121	58749	2.7681	0.0028188	8.0	6.0	high_6	intermediate
23753	SDF2L1	ENSG00000128228	22	21961542	22008588	108	58749	2.7676	0.0028233	1.0	1.0	low	low
1040	CDS1	ENSG00000163624	4	85469057	85582493	228	58749	2.7673	0.0028263	2.0	2.0	intermediate	intermediate
342357	ZKSCAN2	ENSG00000155592	16	25237322	25304210	273	58749	2.7664	0.0028336	1.0	1.0	low	low
79847	TMEM180	ENSG00000138111	10	104186149	104249546	164	58749	2.7659	0.0028385	9.0	7.0	high_6	intermediate
114884	OSBPL10	ENSG00000144645	3	31692317	32058342	1169	58749	2.7657	0.0028403	1.0	1.0	low	low
10201	NME6	ENSG00000172113	3	48325485	48378719	115	58749	2.7646	0.0028494	1.0	1.0	low	low
3446	IFNA10	ENSG00000186803	9	21196180	21242142	220	58749	2.7644	0.0028515	1.0	1.0	low	low
4771	NF2	ENSG00000186575	22	29964545	30104589	292	58749	2.7639	0.0028559	4.0	4.0	intermediate	intermediate
348093	RBPMS2	ENSG00000166831	15	65022093	65102770	212	58749	2.7639	0.0028555	2.0	2.0	intermediate	intermediate
51268	PIPOX	ENSG00000179761	17	27334918	27394245	117	58749	2.7636	0.0028585	2.0	1.0	intermediate	intermediate
7579	ZSCAN20	ENSG00000121903	1	33903232	33972105	177	58749	2.7621	0.0028716	1.0	1.0	low	low
100130733	LRRC70	ENSG00000186105	5	61839562	61887275	74	58749	2.7606	0.0028844	1.0	1.0	low	low
770	CA11	ENSG00000063180	19	49131272	49184451	97	58749	2.7605	0.0028859	1.0	1.0	low	low
744	MPPED2	ENSG00000066382	11	30396040	30643260	583	58749	2.7583	0.0029048	16.0	6.0	high_6	high_10
26249	KLHL3	ENSG00000146021	5	136943189	137185310	359	58749	2.7581	0.0029072	2.0	2.0	intermediate	intermediate
57216	VANGL2	ENSG00000162738	1	160335364	160408468	183	58749	2.7565	0.0029213	2.0	2.0	intermediate	intermediate
56648	EIF5A2	ENSG00000163577	3	170596204	170661426	119	58749	2.7564	0.0029221	3.0	2.0	intermediate	intermediate
5360	PLTP	ENSG00000100979	20	44517259	44576003	124	58749	2.7563	0.0029228	8.0	3.0	high_6	intermediate
7455	ZAN	ENSG00000146839	7	100296249	100405419	245	58749	2.7551	0.0029341	2.0	2.0	intermediate	intermediate
125228	FAM210A	ENSG00000177150	18	13653346	13761591	313	58749	2.7543	0.0029412	3.0	1.0	intermediate	intermediate
25989	ULK3	ENSG00000140474	15	75118459	75170552	70	58749	2.7515	0.0029659	3.0	3.0	intermediate	intermediate
10500	SEMA6C	ENSG00000143434	1	151094161	151154146	88	58749	2.751	0.0029705	1.0	1.0	low	low
51594	NBAS	ENSG00000151779	2	15297032	15736472	1042	58749	2.7489	0.0029901	2.0	1.0	intermediate	intermediate
80303	EFHD1	ENSG00000115468	2	233435767	233557491	340	58749	2.7475	0.0030029	2.0	1.0	intermediate	intermediate
93487	MAPK1IP1L	ENSG00000168175	14	55483362	55546912	122	58749	2.7454	0.0030216	1.0	1.0	low	low
1839	HBEGF	ENSG00000113070	5	139702428	139761188	87	58749	2.7453	0.0030223	4.0	4.0	intermediate	intermediate
9320	TRIP12	ENSG00000153827	2	230621098	230821763	243	58749	2.7451	0.0030244	1.0	1.0	low	low
90485	ZNF835	ENSG00000127903	19	57163729	57218151	224	58749	2.7446	0.0030293	1.0	1.0	low	low
6988	TCTA	ENSG00000145022	3	49414639	49463909	80	58749	2.7443	0.0030316	11.0	7.0	high_6	high_10
642	BLMH	ENSG00000108578	17	28565213	28654184	144	58749	2.7436	0.0030386	1.0	1.0	low	low
3772	KCNJ15	ENSG00000157551	21	39566837	39685043	349	58749	2.7435	0.0030396	1.0	1.0	low	low
6366	CCL21	ENSG00000137077	9	34699002	34745164	128	58749	2.7431	0.0030434	2.0	2.0	intermediate	intermediate
64682	ANAPC1	ENSG00000153107	2	112515214	112676765	312	58749	2.7431	0.0030435	10.0	6.0	high_6	high_10
23531	MMD	ENSG00000108960	17	53459974	53534341	160	58749	2.743	0.0030442	1.0	1.0	low	low
8945	BTRC	ENSG00000166167	10	103078790	103327078	496	58749	2.7427	0.0030471	5.0	5.0	intermediate	intermediate
10893	MMP24	ENSG00000125966	20	33779539	33874804	179	58749	2.7407	0.0030654	8.0	4.0	high_6	intermediate
9043	SPAG9	ENSG00000008294	17	49029535	49233226	295	58749	2.7383	0.0030876	1.0	1.0	low	low
388336	SHISA6	ENSG00000188803	17	11109740	11477380	1201	58749	2.7381	0.0030901	6.0	5.0	high_6	intermediate
5209	PFKFB3	ENSG00000170525	10	6151843	6287508	598	58749	2.7381	0.0030899	5.0	5.0	intermediate	intermediate
283659	PRTG	ENSG00000166450	15	55893738	56070847	517	58749	2.7378	0.0030928	7.0	5.0	high_6	intermediate
389549	FEZF1	ENSG00000128610	7	121931373	121986173	154	58749	2.7343	0.0031259	2.0	2.0	intermediate	intermediate
6536	SLC6A9	ENSG00000196517	1	44452155	44532171	167	58749	2.7341	0.0031272	1.0	1.0	low	low
11174	ADAMTS6	ENSG00000049192	5	64434563	64812704	863	58749	2.7333	0.003135	6.0	6.0	high_6	intermediate
7318	UBA7	ENSG00000182179	3	49832638	49886391	66	58749	2.7309	0.0031577	5.0	4.0	intermediate	intermediate
9735	KNTC1	ENSG00000184445	12	122976796	123120947	236	58749	2.7306	0.0031608	5.0	2.0	intermediate	intermediate
168451	THAP5	ENSG00000177683	7	108192671	108245189	144	58749	2.7304	0.0031629	1.0	1.0	low	low
1605	DAG1	ENSG00000173402	3	49471136	49583051	165	58749	2.7294	0.0031721	5.0	3.0	intermediate	intermediate
84957	RELT	ENSG00000054967	11	73052405	73118519	133	58749	2.7293	0.0031731	4.0	4.0	intermediate	intermediate
5534	PPP3R1	ENSG00000221823	2	68395979	68518392	221	58749	2.7288	0.0031781	3.0	3.0	intermediate	intermediate
162427	FAM134C	ENSG00000141699	17	40721526	40796445	134	58749	2.7275	0.0031909	1.0	1.0	low	low
23431	AP4E1	ENSG00000081014	15	51165780	51308097	336	58749	2.7273	0.0031929	3.0	2.0	intermediate	intermediate
90865	IL33	ENSG00000137033	9	6180149	6267983	221	58749	2.726	0.003205	26.0	7.0	high_6	high_10
169044	COL22A1	ENSG00000169436	8	139590478	139961236	1277	58749	2.7248	0.0032171	7.0	4.0	high_6	intermediate
6331	SCN5A	ENSG00000183873	3	38579553	38726164	392	58749	2.7246	0.0032194	10.0	4.0	high_6	high_10
91445	RNF185	ENSG00000138942	22	31521138	31613005	201	58749	2.7239	0.0032261	2.0	2.0	intermediate	intermediate
8672	EIF4G3	ENSG00000075151	1	21122785	21538381	755	58749	2.7235	0.0032296	2.0	2.0	intermediate	intermediate
63976	PRDM16	ENSG00000142611	1	2950565	3365185	1508	58749	2.722	0.0032441	20.0	7.0	high_6	high_10
55329	MNS1	ENSG00000138587	15	56710929	56792335	198	58749	2.7211	0.0032536	3.0	3.0	intermediate	intermediate
53616	ADAM22	ENSG00000008277	7	87528566	87842204	477	58749	2.7201	0.003263	1.0	1.0	low	low
80196	RNF34	ENSG00000170633	12	121802886	121872155	216	58749	2.7188	0.0032758	4.0	2.0	intermediate	intermediate
132204	SYNPR	ENSG00000163630	3	63228914	63612597	1437	58749	2.7143	0.0033205	2.0	2.0	intermediate	intermediate
91010	FMNL3	ENSG00000161791	12	50021724	50136197	207	58749	2.7118	0.0033463	1.0	1.0	low	low
9353	SLIT2	ENSG00000145147	4	20219566	20632184	1027	58749	2.7094	0.0033704	3.0	3.0	intermediate	intermediate
51059	FAM135B	ENSG00000147724	8	139132266	139544065	1336	58749	2.7088	0.0033766	1.0	1.0	low	low
1656	DDX6	ENSG00000110367	11	118608472	118696972	178	58749	2.7085	0.0033794	20.0	11.0	high_6	high_10
79626	TNFAIP8L2	ENSG00000163154	1	151094095	151142731	78	58749	2.7083	0.0033811	2.0	1.0	intermediate	intermediate
6335	SCN9A	ENSG00000169432	2	167041695	167267497	661	58749	2.7082	0.0033826	2.0	1.0	intermediate	intermediate
6919	TCEA2	ENSG00000171703	20	62653439	62713700	134	58749	2.7072	0.0033924	2.0	2.0	intermediate	intermediate
283455	KSR2	ENSG00000171435	12	117880817	118441399	1882	58749	2.7066	0.0033984	3.0	2.0	intermediate	intermediate
497190	CLEC18C	ENSG00000157335	16	74432529	74490368	98	58749	2.7066	0.0033983	4.0	3.0	intermediate	intermediate
5883	RAD9A	ENSG00000172613	11	67124423	67175883	78	58749	2.7064	0.0034005	2.0	2.0	intermediate	intermediate
11281	POU6F2	ENSG00000106536	7	38982609	39514390	1496	58749	2.7064	0.0034008	3.0	2.0	intermediate	intermediate
127833	SYT2	ENSG00000143858	1	202549724	202714551	365	58749	2.706	0.0034048	2.0	2.0	intermediate	intermediate
9348	NDST3	ENSG00000164100	4	118920500	119189789	788	58749	2.7043	0.003422	1.0	1.0	low	low
128869	PIGU	ENSG00000101464	20	33138346	33300089	220	58749	2.6993	0.0034738	13.0	5.0	high_6	high_10
65117	RSRC2	ENSG00000111011	12	122979190	123046560	108	58749	2.6991	0.0034764	1.0	1.0	low	low
10186	LHFP	ENSG00000183722	13	39907029	40212356	923	58749	2.6982	0.003486	1.0	1.0	low	low
7482	WNT2B	ENSG00000134245	1	112975040	113073910	221	58749	2.6971	0.0034972	13.0	3.0	high_6	high_10
23174	ZCCHC14	ENSG00000140948	16	87429852	87560870	411	58749	2.696	0.003509	8.0	4.0	high_6	intermediate
55709	KBTBD4	ENSG00000123444	11	47583749	47635567	64	58749	2.6958	0.0035112	2.0	2.0	intermediate	intermediate
57644	MYH7B	ENSG00000078814	20	33508704	33600240	190	58749	2.6916	0.0035558	2.0	2.0	intermediate	intermediate
285704	RGMB	ENSG00000174136	5	98069999	98142198	163	58749	2.6901	0.0035715	4.0	4.0	intermediate	intermediate
114900	C1QTNF4	ENSG00000172247	11	47601216	47650961	62	58749	2.6896	0.0035768	1.0	1.0	low	low
51776		ENSG00000091436	2	173905440	174142737	759	58749	2.6883	0.0035912	3.0	2.0	intermediate	intermediate
29957	SLC25A24	ENSG00000085491	1	108667344	108777980	278	58749	2.6879	0.003595	1.0	1.0	low	low
2237	FEN1	ENSG00000168496	11	61525109	61574716	73	58749	2.6875	0.0035992	2.0	2.0	intermediate	intermediate
390445	OR5AU1	ENSG00000169327	14	21613096	21659184	169	58749	2.6866	0.0036091	1.0	1.0	low	low
340990	OTOG	ENSG00000188162	11	17533920	17677491	376	58749	2.6866	0.003609	1.0	1.0	low	low
23515	MORC3	ENSG00000159256	21	37657360	37759999	322	58749	2.6861	0.0036148	1.0	1.0	low	low
23353	SUN1	ENSG00000164828	7	820194	924557	376	58749	2.6861	0.003615	3.0	1.0	intermediate	intermediate
55741	EDEM2	ENSG00000088298	20	33693160	33770161	205	58749	2.6845	0.0036324	3.0	2.0	intermediate	intermediate
54790	TET2	ENSG00000168769	4	106032032	106210960	383	58749	2.6831	0.0036467	34.0	11.0	high_6	high_10
339745	SPOPL	ENSG00000144228	2	139224350	139340805	179	58749	2.6829	0.0036493	1.0	1.0	low	low
7804	LRP8	ENSG00000157193	1	53698036	53828821	329	58749	2.6798	0.003683	2.0	2.0	intermediate	intermediate
128408	BHLHE23	ENSG00000125533	20	61627331	61673387	197	58749	2.6779	0.0037041	1.0	1.0	low	low
340359	KLHL38	ENSG00000175946	8	124647743	124701041	195	58749	2.6777	0.0037068	4.0	4.0	intermediate	intermediate
80816	ASXL3	ENSG00000141431	18	31123541	31341159	444	58749	2.6768	0.0037166	6.0	3.0	high_6	intermediate
63974	NEUROD6	ENSG00000164600	7	31367075	31415538	79	58749	2.6764	0.0037211	1.0	1.0	low	low
4009	LMX1A	ENSG00000162761	1	165161104	165360952	642	58749	2.676	0.0037254	3.0	2.0	intermediate	intermediate
2956	MSH6	ENSG00000116062	2	47975221	48044092	161	58749	2.676	0.003725	1.0	1.0	low	low
8303	SNN	ENSG00000184602	16	11727289	11783015	186	58749	2.6746	0.0037414	1.0	1.0	low	low
57609	DIP2B	ENSG00000066084	12	50863768	51152450	494	58749	2.6716	0.0037744	3.0	3.0	intermediate	intermediate
63935	PCIF1	ENSG00000100982	20	44528313	44586732	132	58749	2.6658	0.0038398	1.0	1.0	low	low
54700	RRN3	ENSG00000085721	16	15143879	15223168	104	58749	2.6656	0.0038423	2.0	2.0	intermediate	intermediate
79822	ARHGAP28	ENSG00000088756	18	6694717	6925715	653	58749	2.6654	0.0038444	3.0	2.0	intermediate	intermediate
344787	ZNF860	ENSG00000197385	3	31988266	32043228	171	58749	2.6638	0.003863	1.0	1.0	low	low
4053	LTBP2	ENSG00000119681	14	74954886	75114034	383	58749	2.6634	0.0038672	4.0	3.0	intermediate	intermediate
94134	ARHGAP12	ENSG00000165322	10	32084326	32252804	292	58749	2.6631	0.0038716	3.0	3.0	intermediate	intermediate
196951	FAM227B	ENSG00000166262	15	49608822	49948128	934	58749	2.6618	0.0038856	6.0	3.0	high_6	intermediate
5590	PRKCZ	ENSG00000067606	1	1946909	2126834	490	58749	2.6614	0.0038907	5.0	5.0	intermediate	intermediate
85441	HELZ2	ENSG00000130589	20	62179439	62240592	243	58749	2.66	0.0039072	9.0	6.0	high_6	intermediate
7322	UBE2D2	ENSG00000131508	5	138905751	139018019	202	58749	2.6596	0.003912	1.0	1.0	low	low
27351	DESI1	ENSG00000100418	22	41984032	42052079	63	58749	2.6592	0.0039166	1.0	1.0	low	low
10541	ANP32B	ENSG00000136938	9	100710479	100790860	120	58749	2.6569	0.0039436	3.0	2.0	intermediate	intermediate
284361	EMC10	ENSG00000161671	19	50944736	50996608	122	58749	2.6558	0.0039557	1.0	1.0	low	low
1029	CDKN2A	ENSG00000147889	9	21957751	22029490	119	58749	2.6558	0.0039561	15.0	6.0	high_6	high_10
348180	CTU2	ENSG00000174177	16	88737891	88791794	232	58749	2.6557	0.0039577	5.0	4.0	intermediate	intermediate
55156	ARMC1	ENSG00000104442	8	66504691	66581452	254	58749	2.6545	0.0039711	2.0	1.0	intermediate	intermediate
6657	SOX2	ENSG00000181449	3	181394712	181442224	56	58749	2.6532	0.0039865	6.0	4.0	high_6	intermediate
345275	HSD17B13	ENSG00000170509	4	88214941	88279056	165	58749	2.6528	0.0039913	6.0	3.0	high_6	intermediate
63978	PRDM14	ENSG00000147596	8	70953886	71018562	161	58749	2.6526	0.0039933	2.0	2.0	intermediate	intermediate
6323	SCN1A	ENSG00000144285	2	166835670	167040642	591	58749	2.6517	0.0040044	5.0	3.0	intermediate	intermediate
79932	KIAA0319L	ENSG00000142687	1	35889091	36058037	165	58749	2.6504	0.0040202	2.0	2.0	intermediate	intermediate
64864	RFX7	ENSG00000181827	15	56369479	56570728	536	58749	2.6484	0.0040439	2.0	1.0	intermediate	intermediate
5100	PCDH8	ENSG00000136099	13	53408109	53457775	131	58749	2.6477	0.0040518	1.0	1.0	low	low
219771	CCNY	ENSG00000108100	10	35500953	35870848	542	58749	2.6472	0.0040586	2.0	1.0	intermediate	intermediate
5649	RELN	ENSG00000189056	7	103102231	103664963	2131	58749	2.6471	0.0040589	10.0	8.0	high_6	high_10
1889	ECE1	ENSG00000117298	1	21533740	21707034	506	58749	2.6465	0.0040663	3.0	3.0	intermediate	intermediate
5048	PAFAH1B1	ENSG00000007168	17	2461923	2598909	285	58749	2.6462	0.0040704	2.0	1.0	intermediate	intermediate
1740	DLG2	ENSG00000150672	11	83156055	85373314	5882	58749	2.6443	0.0040929	4.0	3.0	intermediate	intermediate
283078	MKX	ENSG00000150051	10	27951803	28069778	237	58749	2.6437	0.0041	7.0	5.0	high_6	intermediate
1016	CDH18	ENSG00000145526	5	19463140	20610972	2868	58749	2.6413	0.0041292	1.0	1.0	low	low
5530	PPP3CA	ENSG00000138814	4	101934587	102303655	800	58749	2.6408	0.004136	2.0	2.0	intermediate	intermediate
6618	SNAPC2	ENSG00000104976	19	7950194	7998136	131	58749	2.6401	0.0041444	1.0	1.0	low	low
9658	ZNF516	ENSG00000101493	18	74059637	74242146	529	58749	2.6401	0.0041438	3.0	2.0	intermediate	intermediate
2120	ETV6	ENSG00000139083	12	11767788	12058336	813	58749	2.64	0.0041447	5.0	4.0	intermediate	intermediate
4133	MAP2	ENSG00000078018	2	210253733	210608842	889	58749	2.6394	0.0041531	1.0	1.0	low	low
50	ACO2	ENSG00000100412	22	41830099	41934993	129	58749	2.6388	0.0041603	1.0	1.0	low	low
10250	SRRM1	ENSG00000133226	1	24934594	25009772	104	58749	2.6385	0.0041637	1.0	1.0	low	low
90268	FAM105B	ENSG00000154124	5	14629783	14709842	156	58749	2.6382	0.0041679	4.0	2.0	intermediate	intermediate
58476	TP53INP2	ENSG00000078804	20	33257147	33311240	77	58749	2.6334	0.0042269	2.0	2.0	intermediate	intermediate
3633	INPP5B	ENSG00000204084	1	38316369	38447729	265	58749	2.6321	0.0042435	14.0	7.0	high_6	high_10
151126	ZNF385B	ENSG00000144331	2	180296709	180761232	1629	58749	2.6319	0.0042453	4.0	3.0	intermediate	intermediate
163404		ENSG00000117598	1	99345801	99505449	577	58749	2.6318	0.0042465	2.0	2.0	intermediate	intermediate
132320	SCLT1	ENSG00000151466	4	129795148	130049764	522	58749	2.6304	0.0042639	1.0	1.0	low	low
56895	AGPAT4	ENSG00000026652	6	161541057	161730107	590	58749	2.6281	0.0042927	3.0	2.0	intermediate	intermediate
659	BMPR2	ENSG00000204217	2	203206033	203442474	374	58749	2.628	0.0042945	4.0	3.0	intermediate	intermediate
1009	CDH11	ENSG00000140937	16	64906794	65195015	1011	58749	2.6269	0.0043087	7.0	5.0	high_6	intermediate
91862	MARVELD3	ENSG00000140832	16	71625056	71685868	144	58749	2.6264	0.0043148	2.0	2.0	intermediate	intermediate
151242	PPP1R1C	ENSG00000150722	2	182783968	183006109	454	58749	2.6262	0.0043171	2.0	2.0	intermediate	intermediate
360023	ZBTB41	ENSG00000177888	1	197112814	197204672	145	58749	2.6258	0.0043226	4.0	2.0	intermediate	intermediate
60685	ZFAND3	ENSG00000156639	6	37752272	38171637	1114	58749	2.6251	0.004331	1.0	1.0	low	low
25805	BAMBI	ENSG00000095739	10	28931424	28981868	136	58749	2.6242	0.0043427	7.0	5.0	high_6	intermediate
7422	VEGFA	ENSG00000112715	6	43702946	43764224	165	58749	2.6236	0.0043509	47.0	14.0	high_6	high_10
3306	HSPA2	ENSG00000126803	14	64972186	65019955	136	58749	2.6217	0.0043747	1.0	1.0	low	low
9141	PDCD5	ENSG00000105185	19	33037071	33088358	140	58749	2.62	0.004397	1.0	1.0	low	low
431707	LHX8	ENSG00000162624	1	75559119	75637218	132	58749	2.6191	0.0044075	1.0	1.0	low	low
64072	CDH23	ENSG00000107736	10	73121691	73585704	1460	58749	2.6187	0.004413	2.0	1.0	intermediate	intermediate
3996	LLGL1	ENSG00000131899	17	18093907	18158189	149	58749	2.6178	0.0044249	1.0	1.0	low	low
6688	SPI1	ENSG00000066336	11	47366409	47435127	179	58749	2.6169	0.004437	2.0	2.0	intermediate	intermediate
9522	SCAMP1	ENSG00000085365	5	77621339	77786562	410	58749	2.6162	0.0044459	5.0	3.0	intermediate	intermediate
1124	CHN2	ENSG00000106069	7	29198991	29563944	1213	58749	2.6158	0.0044507	1.0	1.0	low	low
9398	CD101	ENSG00000134256	1	117509372	117589173	228	58749	2.6157	0.0044519	2.0	1.0	intermediate	intermediate
65979	PHACTR4	ENSG00000204138	1	28661093	28836881	482	58749	2.6145	0.0044685	1.0	1.0	low	low
5923	RASGRF1	ENSG00000058335	15	79242289	79418215	532	58749	2.6132	0.004485	3.0	2.0	intermediate	intermediate
5122	PCSK1	ENSG00000175426	5	95716040	95803985	201	58749	2.612	0.0045006	15.0	7.0	high_6	high_10
119764	OR4X2	ENSG00000172208	11	48231656	48277567	155	58749	2.6119	0.0045014	1.0	1.0	low	low
10664	CTCF	ENSG00000102974	16	67561310	67683088	150	58749	2.6108	0.0045164	2.0	2.0	intermediate	intermediate
3038	HAS3	ENSG00000103044	16	69104467	69162622	97	58749	2.6088	0.0045436	2.0	1.0	intermediate	intermediate
2786	GNG4	ENSG00000168243	1	235700985	235849054	414	58749	2.6083	0.0045494	1.0	1.0	low	low
388650	FAM69A	ENSG00000154511	1	93288286	93462079	234	58749	2.6079	0.0045554	1.0	1.0	low	low
2915	GRM5	ENSG00000168959	11	88227256	88831846	1751	58749	2.6078	0.0045567	11.0	4.0	high_6	high_10
4010	LMX1B	ENSG00000136944	9	129341722	129473311	392	58749	2.6075	0.0045596	18.0	8.0	high_6	high_10
5608	MAP2K6	ENSG00000108984	17	67375838	67548470	394	58749	2.6075	0.0045602	8.0	3.0	high_6	intermediate
1131	CHRM3	ENSG00000133019	1	239514876	240088750	1416	58749	2.6064	0.0045754	2.0	2.0	intermediate	intermediate
1944	EFNA3	ENSG00000143590	1	155016348	155070014	79	58749	2.6058	0.0045832	2.0	2.0	intermediate	intermediate
22822	PHLDA1	ENSG00000139289	12	76409227	76460556	100	58749	2.605	0.0045943	4.0	2.0	intermediate	intermediate
51083	GAL	ENSG00000069482	11	68416983	68468643	139	58749	2.6031	0.0046186	1.0	1.0	low	low
51274	KLF3	ENSG00000109787	4	38630790	38713129	209	58749	2.6009	0.0046492	16.0	6.0	high_6	high_10
114881	OSBPL7	ENSG00000006025	17	45874733	45934169	194	58749	2.6008	0.0046497	3.0	2.0	intermediate	intermediate
84890	ADO	ENSG00000181915	10	64529516	64578239	114	58749	2.6006	0.0046529	46.0	15.0	high_6	high_10
166929	SGMS2	ENSG00000164023	4	108710721	108846203	293	58749	2.5966	0.0047077	1.0	1.0	low	low
6092	ROBO2	ENSG00000185008	3	75920845	77709115	5064	58749	2.5964	0.0047106	1.0	1.0	low	low
9699	RIMS2	ENSG00000176406	8	104477426	105276656	2396	58749	2.5959	0.0047169	2.0	2.0	intermediate	intermediate
83886	PRSS27	ENSG00000172382	16	2752423	2805552	47	58749	2.5948	0.0047325	2.0	2.0	intermediate	intermediate
11101	ATE1	ENSG00000107669	10	123489939	123723149	747	58749	2.5945	0.0047362	2.0	2.0	intermediate	intermediate
284467	FAM19A3	ENSG00000184599	1	113226619	113279857	108	58749	2.5942	0.0047408	1.0	1.0	low	low
1759	DNM1	ENSG00000106976	9	130930634	131027528	203	58749	2.5942	0.0047407	2.0	2.0	intermediate	intermediate
2194	FASN	ENSG00000169710	17	80026214	80091106	216	58749	2.5921	0.0047693	1.0	1.0	low	low
1487	CTBP1	ENSG00000159692	4	1195228	1277908	254	58749	2.5898	0.0048012	4.0	3.0	intermediate	intermediate
55553	SOX6	ENSG00000110693	11	15977995	16532935	920	58749	2.5885	0.0048201	14.0	7.0	high_6	high_10
22843	PPM1E	ENSG00000175175	17	56798230	57072540	402	58749	2.5878	0.0048296	3.0	2.0	intermediate	intermediate
197320	ZNF778	ENSG00000170100	16	89249111	89312402	263	58749	2.5834	0.0048909	1.0	1.0	low	low
1008	CDH10	ENSG00000040731	5	24477209	24680085	684	58749	2.581	0.0049257	1.0	1.0	low	low
256144	OR4C3	ENSG00000176547	11	48311493	48357482	126	58749	2.5805	0.0049332	3.0	2.0	intermediate	intermediate
23080	AVL9	ENSG00000105778	7	32500101	32638327	475	58749	2.5804	0.0049338	2.0	2.0	intermediate	intermediate
3184	HNRNPD	ENSG00000138668	4	83264467	83330149	198	58749	2.5794	0.0049489	1.0	1.0	low	low
63977	PRDM15	ENSG00000141956	21	43208385	43334591	625	58749	2.579	0.0049542	2.0	2.0	intermediate	intermediate
254122	SNX32	ENSG00000172803	11	65566305	65631578	151	58749	2.5779	0.0049696	4.0	4.0	intermediate	intermediate
27039	PKD2L2	ENSG00000078795	5	137190125	137286156	129	58749	2.5769	0.0049843	4.0	2.0	intermediate	intermediate
6945	MLX	ENSG00000108788	17	40684078	40735221	96	58749	2.5748	0.0050146	11.0	6.0	high_6	high_10
83594	NUDT12	ENSG00000112874	5	102874556	102933493	160	58749	2.5744	0.0050202	5.0	4.0	intermediate	intermediate
56992	KIF15	ENSG00000163808	3	44768209	44904748	145	58749	2.5738	0.0050301	2.0	2.0	intermediate	intermediate
5494	PPM1A	ENSG00000100614	14	60677470	60775805	182	58749	2.5737	0.0050313	2.0	1.0	intermediate	intermediate
56776	FMN2	ENSG00000155816	1	240220185	240648491	1408	58749	2.5681	0.0051122	3.0	3.0	intermediate	intermediate
54828	BCAS3	ENSG00000141376	17	58720172	59480199	1050	58749	2.5675	0.0051222	24.0	9.0	high_6	high_10
781	CACNA2D1	ENSG00000153956	7	81565760	82108031	1601	58749	2.5653	0.0051537	5.0	3.0	intermediate	intermediate
6016	RIT1	ENSG00000143622	1	155857599	155916193	84	58749	2.5645	0.005167	2.0	2.0	intermediate	intermediate
85456	TNKS1BP1	ENSG00000149115	11	57057103	57127485	176	58749	2.5639	0.0051752	1.0	1.0	low	low
57333	RCN3	ENSG00000142552	19	49995875	50056891	174	58749	2.5636	0.0051801	1.0	1.0	low	low
120237	DBX1	ENSG00000109851	11	20167760	20216870	168	58749	2.5635	0.0051804	2.0	1.0	intermediate	intermediate
1135	CHRNA2	ENSG00000120903	8	27307278	27371813	211	58749	2.5628	0.0051923	2.0	2.0	intermediate	intermediate
349667	RTN4RL2	ENSG00000186907	11	57192926	57254384	91	58749	2.5627	0.0051933	1.0	1.0	low	low
8546	AP3B1	ENSG00000132842	5	77288150	77625579	711	58749	2.5618	0.0052064	2.0	1.0	intermediate	intermediate
1080	CFTR	ENSG00000001626	7	117085017	117318719	377	58749	2.5611	0.0052169	3.0	3.0	intermediate	intermediate
3400	ID4	ENSG00000172201	6	19802579	19852431	222	58749	2.5595	0.0052416	16.0	9.0	high_6	high_10
55635	DEPDC1	ENSG00000024526	1	68929835	68997799	178	58749	2.5593	0.0052442	3.0	2.0	intermediate	intermediate
6712	SPTBN2	ENSG00000173898	11	66439967	66531716	72	58749	2.5588	0.0052511	2.0	2.0	intermediate	intermediate
57512	GPR158	ENSG00000151025	10	25429290	25901158	1708	58749	2.5585	0.0052569	2.0	1.0	intermediate	intermediate
9158	FIBP	ENSG00000172500	11	65641211	65691010	97	58749	2.5584	0.0052572	2.0	1.0	intermediate	intermediate
727	C5	ENSG00000106804	9	123704613	123847554	319	58749	2.5575	0.0052714	2.0	2.0	intermediate	intermediate
80824	DUSP16	ENSG00000111266	12	12616216	12750773	349	58749	2.5571	0.0052781	3.0	3.0	intermediate	intermediate
26013	L3MBTL1	ENSG00000185513	20	42101320	42189590	253	58749	2.5552	0.0053068	1.0	1.0	low	low
4836	NMT1	ENSG00000136448	17	43103322	43196384	253	58749	2.5548	0.0053126	2.0	2.0	intermediate	intermediate
84081	NSRP1	ENSG00000126653	17	28408821	28523493	160	58749	2.5548	0.0053131	4.0	3.0	intermediate	intermediate
1830	DSG3	ENSG00000134757	18	28992732	29068665	235	58749	2.5538	0.0053275	1.0	1.0	low	low
201973	PRIMPOL	ENSG00000164306	4	185535767	185626112	299	58749	2.5535	0.0053329	1.0	1.0	low	low
255057	C19orf26	ENSG00000099625	19	1218059	1272990	121	58749	2.5531	0.0053381	1.0	1.0	low	low
374786	EFCAB5	ENSG00000176927	17	28221874	28445470	276	58749	2.5528	0.0053424	1.0	1.0	low	low
23731	TMEM245	ENSG00000106771	9	111767415	111917225	536	58749	2.5517	0.0053595	1.0	1.0	low	low
53407	STX18	ENSG00000168818	4	4410695	4578775	436	58749	2.5516	0.0053622	3.0	2.0	intermediate	intermediate
3958	LGALS3	ENSG00000131981	14	55560935	55622148	135	58749	2.5515	0.0053631	3.0	2.0	intermediate	intermediate
2996	GYPE	ENSG00000197465	4	144782019	144861716	142	58749	2.5514	0.005364	1.0	1.0	low	low
790	CAD	ENSG00000084774	2	27405258	27476660	184	58749	2.5491	0.0053999	2.0	2.0	intermediate	intermediate
7184	HSP90B1	ENSG00000166598	12	104289112	104351708	277	58749	2.5484	0.0054116	1.0	1.0	low	low
1174	AP1S1	ENSG00000106367	7	100762685	100814557	143	58749	2.5482	0.0054145	1.0	1.0	low	low
85464	SSH2	ENSG00000141298	17	27942956	28292231	415	58749	2.5479	0.0054183	1.0	1.0	low	low
11249	NXPH2	ENSG00000144227	2	139416727	139572811	429	58749	2.5478	0.0054205	3.0	2.0	intermediate	intermediate
4774	NFIA	ENSG00000162599	1	61507946	61938460	1018	58749	2.5476	0.0054231	22.0	7.0	high_6	high_10
23283	CSTF2T	ENSG00000177613	10	53445246	53494355	154	58749	2.5469	0.0054336	1.0	1.0	low	low
84196	USP48	ENSG00000090686	1	21994791	22144688	493	58749	2.5468	0.0054355	1.0	1.0	low	low
8165	AKAP1	ENSG00000121057	17	55127553	55208710	272	58749	2.546	0.0054483	1.0	1.0	low	low
1837	DTNA	ENSG00000134769	18	32038254	32481808	968	58749	2.5445	0.0054723	1.0	1.0	low	low
55130	ARMC4	ENSG00000169126	10	28091095	28322977	565	58749	2.544	0.0054795	2.0	2.0	intermediate	intermediate
10238	DCAF7	ENSG00000136485	17	61592796	61681641	106	58749	2.5419	0.0055119	2.0	2.0	intermediate	intermediate
10491	CRTAP	ENSG00000170275	3	33120450	33199265	178	58749	2.5415	0.0055187	1.0	1.0	low	low
200424	TET3	ENSG00000187605	2	74177211	74345303	358	58749	2.5406	0.0055338	3.0	3.0	intermediate	intermediate
55636	CHD7	ENSG00000171316	8	61556321	61790587	439	58749	2.5399	0.0055441	7.0	6.0	high_6	intermediate
6445	SGCG	ENSG00000102683	13	23720060	23909304	1094	58749	2.5395	0.0055501	6.0	3.0	high_6	intermediate
390113	OR4X1	ENSG00000176567	11	48250413	48296330	163	58749	2.539	0.0055591	2.0	2.0	intermediate	intermediate
3747	KCNC2	ENSG00000166006	12	75423858	75638584	507	58749	2.5386	0.0055649	1.0	1.0	low	low
1770	DNAH9	ENSG00000007174	17	11466748	11883065	1016	58749	2.5386	0.0055649	4.0	4.0	intermediate	intermediate
5874	RAB27B	ENSG00000041353	18	52350097	52572747	657	58749	2.5371	0.005588	13.0	6.0	high_6	high_10
81532	MOB2	ENSG00000182208	11	1480685	1542948	207	58749	2.5357	0.0056114	2.0	2.0	intermediate	intermediate
130120	REG3G	ENSG00000143954	2	79217812	79265630	256	58749	2.5346	0.0056283	1.0	1.0	low	low
1777	DNASE2	ENSG00000105612	19	12976025	13027409	81	58749	2.5328	0.0056573	1.0	1.0	low	low
79668	PARP8	ENSG00000151883	5	49926733	50152356	410	58749	2.5321	0.0056698	4.0	2.0	intermediate	intermediate
8825	LIN7A	ENSG00000111052	12	81181171	81366702	540	58749	2.5313	0.0056814	1.0	1.0	low	low
148423	C1orf52	ENSG00000162642	1	85705636	85760355	165	58749	2.531	0.0056872	1.0	1.0	low	low
57554	LRRC7	ENSG00000033122	1	69998230	70599171	1581	58749	2.5304	0.0056971	4.0	3.0	intermediate	intermediate
40	ASIC2	ENSG00000108684	17	31330105	32518825	3761	58749	2.5304	0.0056973	1.0	1.0	low	low
9789	SPCS2	ENSG00000118363	11	74625292	74700076	118	58749	2.5296	0.0057089	1.0	1.0	low	low
2676	GFRA3	ENSG00000146013	5	137578069	137645544	121	58749	2.5293	0.005714	2.0	2.0	intermediate	intermediate
283232	TMEM80	ENSG00000177042	11	660591	715028	190	58749	2.5282	0.0057323	1.0	1.0	low	low
29915	HCFC2	ENSG00000111727	12	104423236	104510302	207	58749	2.528	0.0057352	1.0	1.0	low	low
53405	CLIC5	ENSG00000112782	6	45856188	46083085	660	58749	2.526	0.0057682	6.0	4.0	high_6	intermediate
1265	CNN2	ENSG00000064666	19	991274	1049064	388	58749	2.5254	0.0057788	5.0	5.0	intermediate	intermediate
9055	PRC1	ENSG00000198901	15	91499268	91572881	234	58749	2.5239	0.0058033	6.0	4.0	high_6	intermediate
1850	DUSP8	ENSG00000184545	11	1565281	1628150	188	58749	2.5229	0.0058198	1.0	1.0	low	low
116143	WDR92	ENSG00000243667	2	68347281	68419692	142	58749	2.5201	0.0058662	1.0	1.0	low	low
4225	MEP1B	ENSG00000141434	18	29734987	29810367	187	58749	2.5194	0.0058782	2.0	2.0	intermediate	intermediate
26297	SERGEF	ENSG00000129158	11	17799595	18069709	496	58749	2.5173	0.0059133	1.0	1.0	low	low
26052	DNM3	ENSG00000197959	1	171775618	172397606	1439	58749	2.5164	0.0059289	13.0	7.0	high_6	high_10
23414	ZFPM2	ENSG00000169946	8	106295917	106826767	1160	58749	2.5158	0.0059375	14.0	6.0	high_6	high_10
10423	CDIPT	ENSG00000103502	16	29859678	29909801	45	58749	2.5154	0.0059446	2.0	2.0	intermediate	intermediate
79664	NARG2	ENSG00000128915	15	60701808	60806359	171	58749	2.5133	0.0059806	8.0	5.0	high_6	intermediate
56902	PNO1	ENSG00000115946	2	68350005	68413091	125	58749	2.5131	0.005983	1.0	1.0	low	low
2547	XRCC6	ENSG00000196419	22	41982250	42070052	92	58749	2.5108	0.0060228	1.0	1.0	low	low
7057	THBS1	ENSG00000137801	15	39838280	39899668	92	58749	2.5104	0.0060301	4.0	4.0	intermediate	intermediate
55632	G2E3	ENSG00000092140	14	30993329	31099046	248	58749	2.5095	0.0060454	1.0	1.0	low	low
135228	CD109	ENSG00000156535	6	74370508	74548041	499	58749	2.5087	0.0060596	6.0	2.0	high_6	intermediate
539	ATP5O	ENSG00000241837	21	35265757	35323158	165	58749	2.5077	0.0060759	1.0	1.0	low	low
57568	SIPA1L2	ENSG00000116991	1	232523711	232800907	893	58749	2.507	0.0060885	5.0	5.0	intermediate	intermediate
6860	SYT4	ENSG00000132872	18	40837857	40892615	73	58749	2.5068	0.0060919	3.0	3.0	intermediate	intermediate
23250	ATP11A	ENSG00000068650	13	113309358	113551482	703	58749	2.5067	0.006093	10.0	4.0	high_6	high_10
146183	OTOA	ENSG00000155719	16	21654835	21782050	159	58749	2.5055	0.0061135	5.0	2.0	intermediate	intermediate
283377	SPRYD4	ENSG00000176422	12	56827301	56874769	96	58749	2.5045	0.0061314	2.0	2.0	intermediate	intermediate
65065	NBEAL1	ENSG00000144426	2	203844597	204101101	375	58749	2.5033	0.0061519	6.0	2.0	high_6	intermediate
10718	NRG3	ENSG00000185737	10	83600070	84756935	3176	58749	2.5019	0.0061756	3.0	3.0	intermediate	intermediate
1788	DNMT3A	ENSG00000119772	2	25441421	25600459	319	58749	2.5013	0.0061865	20.0	7.0	high_6	high_10
3902	LAG3	ENSG00000089692	12	6846670	6897621	156	58749	2.5004	0.006203	1.0	1.0	low	low
307	ANXA4	ENSG00000196975	2	69912946	70063596	338	58749	2.5	0.006209	1.0	1.0	low	low
773	CACNA1A	ENSG00000141837	19	13307256	13652274	1182	58749	2.4995	0.0062184	3.0	2.0	intermediate	intermediate
93145	OLFM2	ENSG00000105088	19	9954394	10082070	354	58749	2.4967	0.0062683	1.0	1.0	low	low
10417	SPON2	ENSG00000159674	4	1150720	1237750	221	58749	2.4936	0.0063236	3.0	2.0	intermediate	intermediate
7162	TPBG	ENSG00000146242	6	83037923	83087134	108	58749	2.4935	0.0063243	1.0	1.0	low	low
144165	PRICKLE1	ENSG00000139174	12	42842140	43018572	560	58749	2.4929	0.0063358	6.0	5.0	high_6	intermediate
79817	MOB3B	ENSG00000120162	9	27315207	27565223	852	58749	2.4928	0.0063368	12.0	5.0	high_6	high_10
2788	GNG7	ENSG00000176533	19	2501218	2737746	952	58749	2.4917	0.0063561	1.0	1.0	low	low
9887	SMG7	ENSG00000116698	1	183406506	183533328	150	58749	2.49	0.0063874	2.0	2.0	intermediate	intermediate
85378	TUBGCP6	ENSG00000128159	22	50646118	50718453	220	58749	2.4896	0.0063948	2.0	1.0	intermediate	intermediate
8534	CHST1	ENSG00000175264	11	45659239	45722206	191	58749	2.4884	0.0064158	4.0	3.0	intermediate	intermediate
57602	USP36	ENSG00000055483	17	76773463	76871980	197	58749	2.488	0.0064224	4.0	2.0	intermediate	intermediate
158248	TTC16	ENSG00000167094	9	130443358	130503879	79	58749	2.4867	0.0064476	1.0	1.0	low	low
79809	TTC21B	ENSG00000123607	2	166719872	166845348	238	58749	2.4867	0.0064462	3.0	2.0	intermediate	intermediate
8079	MLF2	ENSG00000089693	12	6847158	6897721	156	58749	2.4854	0.0064698	1.0	1.0	low	low
54808	DYM	ENSG00000141627	18	46557846	47022172	1137	58749	2.4853	0.0064723	2.0	2.0	intermediate	intermediate
50618	ITSN2	ENSG00000198399	2	24415733	24618647	473	58749	2.4824	0.0065252	2.0	2.0	intermediate	intermediate
4848	CNOT2	ENSG00000111596	12	70601774	70758773	432	58749	2.4822	0.006528	4.0	3.0	intermediate	intermediate
11273	ATXN2L	ENSG00000168488	16	28799369	28858558	65	58749	2.4811	0.006549	8.0	5.0	high_6	intermediate
57563	KLHL8	ENSG00000145332	4	88071260	88196466	275	58749	2.4807	0.0065559	8.0	4.0	high_6	intermediate
3985	LIMK2	ENSG00000182541	22	31573225	31686066	218	58749	2.4799	0.0065707	1.0	1.0	low	low
10048	RANBP9	ENSG00000010017	6	13611730	13746796	237	58749	2.479	0.0065875	5.0	1.0	intermediate	intermediate
23508	TTC9	ENSG00000133985	14	71073504	71152077	257	58749	2.4783	0.0066005	1.0	1.0	low	low
7079	TIMP4	ENSG00000157150	3	12184568	12235851	114	58749	2.4782	0.0066029	10.0	8.0	high_6	high_10
158038	LINGO2	ENSG00000174482	9	27938084	29247998	4564	58749	2.478	0.0066058	11.0	6.0	high_6	high_10
64407	RGS18	ENSG00000150681	1	192092592	192164945	143	58749	2.477	0.0066249	3.0	2.0	intermediate	intermediate
51256	TBC1D7	ENSG00000145979	6	13295183	13363787	300	58749	2.4768	0.006628	1.0	1.0	low	low
10891	PPARGC1A	ENSG00000109819	4	23783644	24509394	2002	58749	2.4764	0.006636	8.0	5.0	high_6	intermediate
5894	RAF1	ENSG00000132155	3	12615100	12740700	316	58749	2.4757	0.0066484	1.0	1.0	low	low
23140	ZZEF1	ENSG00000074755	17	3897739	4081314	592	58749	2.4743	0.0066741	4.0	3.0	intermediate	intermediate
238	ALK	ENSG00000171094	2	29405640	30179477	2690	58749	2.4742	0.0066762	1.0	1.0	low	low
284417	TMEM150B	ENSG00000180061	19	55813653	55880416	194	58749	2.4739	0.0066816	1.0	1.0	low	low
8763	CD164	ENSG00000135535	6	109677717	109738762	157	58749	2.4738	0.0066837	2.0	2.0	intermediate	intermediate
54677	CROT	ENSG00000005469	7	86939951	87039112	248	58749	2.4737	0.0066854	1.0	1.0	low	low
54854	FAM83E	ENSG00000105523	19	49093857	49153098	134	58749	2.4703	0.0067509	1.0	1.0	low	low
868	CBLB	ENSG00000114423	3	105364306	105624354	668	58749	2.4693	0.0067692	7.0	5.0	high_6	intermediate
9736	USP34	ENSG00000115464	2	61404590	61732868	644	58749	2.4678	0.006798	7.0	4.0	high_6	intermediate
25890	ABI3BP	ENSG00000154175	3	100458179	100747336	814	58749	2.4677	0.0067994	4.0	4.0	intermediate	intermediate
84910	TMEM87B	ENSG00000153214	2	112777800	112886895	315	58749	2.4666	0.0068194	3.0	3.0	intermediate	intermediate
10580	SORBS1	ENSG00000095637	10	97061530	97356171	1015	58749	2.4654	0.0068427	5.0	5.0	intermediate	intermediate
8520	HAT1	ENSG00000128708	2	172743935	172858600	247	58749	2.4651	0.0068491	1.0	1.0	low	low
53339	BTBD1	ENSG00000064726	15	83675175	83771106	202	58749	2.4635	0.0068794	2.0	2.0	intermediate	intermediate
11247	NXPH4	ENSG00000182379	12	57575578	57630232	78	58749	2.4633	0.0068833	1.0	1.0	low	low
339965	CCDC158	ENSG00000163749	4	77224192	77368285	258	58749	2.4632	0.0068848	3.0	1.0	intermediate	intermediate
5136	PDE1A	ENSG00000115252	2	182994762	183422572	1214	58749	2.4625	0.0068984	3.0	2.0	intermediate	intermediate
3069	HDLBP	ENSG00000115677	2	242156682	242290116	296	58749	2.4619	0.0069103	3.0	3.0	intermediate	intermediate
57683	ZDBF2	ENSG00000204186	2	207104523	207189162	140	58749	2.4616	0.0069156	1.0	1.0	low	low
5579	PRKCB	ENSG00000166501	16	23812300	24241932	1310	58749	2.4613	0.0069216	4.0	3.0	intermediate	intermediate
5887	RAD23B	ENSG00000119318	9	110010517	110104475	271	58749	2.4595	0.0069561	4.0	3.0	intermediate	intermediate
55789	DEPDC1B	ENSG00000035499	5	59882739	60030993	272	58749	2.4577	0.0069914	1.0	1.0	low	low
63925	ZNF335	ENSG00000198026	20	44567292	44636560	178	58749	2.4577	0.0069912	7.0	2.0	high_6	intermediate
25853	DCAF12	ENSG00000198876	9	34076381	34161771	231	58749	2.4573	0.0069999	4.0	3.0	intermediate	intermediate
57616	TSHZ3	ENSG00000121297	19	31755851	31875190	292	58749	2.4557	0.00703	15.0	6.0	high_6	high_10
121793	TEX29	ENSG00000153495	13	111938015	112006594	281	58749	2.4553	0.007039	1.0	1.0	low	low
287	ANK2	ENSG00000145362	4	113704239	114314896	1751	58749	2.4552	0.0070404	1.0	1.0	low	low
24142	NAT6	ENSG00000243477	3	50323833	50371852	37	58749	2.4536	0.0070713	3.0	2.0	intermediate	intermediate
23654	PLXNB2	ENSG00000196576	22	50703408	50781062	248	58749	2.4523	0.0070977	6.0	4.0	high_6	intermediate
56946	C11orf30	ENSG00000158636	11	76120967	76273943	315	58749	2.4515	0.0071134	14.0	8.0	high_6	high_10
123722	FSD2	ENSG00000186628	15	83416827	83509850	210	58749	2.4495	0.0071528	1.0	1.0	low	low
23051	ZHX3	ENSG00000174306	20	39797089	39963766	292	58749	2.4487	0.0071695	7.0	5.0	high_6	intermediate
39	ACAT2	ENSG00000120437	6	160147989	160210087	175	58749	2.4482	0.0071779	1.0	1.0	low	low
144347	FAM101A	ENSG00000178882	12	124738710	124810570	282	58749	2.4475	0.0071922	10.0	5.0	high_6	high_10
5702	PSMC3	ENSG00000165916	11	47430320	47483024	118	58749	2.4474	0.0071936	4.0	3.0	intermediate	intermediate
11215	AKAP11	ENSG00000023516	13	42811261	42907403	205	58749	2.4459	0.0072238	17.0	8.0	high_6	high_10
89797	NAV2	ENSG00000166833	11	19337271	20153147	2388	58749	2.4443	0.0072576	9.0	7.0	high_6	intermediate
374659	HDDC3	ENSG00000184508	15	91464148	91510792	151	58749	2.4438	0.0072671	1.0	1.0	low	low
64855	FAM129B	ENSG00000136830	9	130257618	130376268	298	58749	2.4432	0.0072783	2.0	2.0	intermediate	intermediate
8603	FAM193A	ENSG00000125386	4	2592159	2744302	364	58749	2.4429	0.0072839	1.0	1.0	low	low
653361	NCF1	ENSG00000158517	7	74153309	74213720	3	58749	2.4428	0.0072878	9.0	7.0	high_6	intermediate
29842	TFCP2L1	ENSG00000115112	2	121964163	122077778	288	58749	2.4407	0.0073289	2.0	2.0	intermediate	intermediate
29126	CD274	ENSG00000120217	9	5415503	5480567	187	58749	2.4401	0.007342	1.0	1.0	low	low
4951	OCM2	ENSG00000135175	7	97604012	97654416	222	58749	2.4401	0.0073424	2.0	2.0	intermediate	intermediate
23108	RAP1GAP2	ENSG00000132359	17	2624050	2951035	1163	58749	2.4394	0.0073557	1.0	1.0	low	low
219578	ZNF804B	ENSG00000182348	7	88353753	88976346	2027	58749	2.4346	0.0074546	5.0	3.0	intermediate	intermediate
11055	ZPBP	ENSG00000042813	7	49967023	50167860	541	58749	2.4341	0.0074643	6.0	3.0	high_6	intermediate
92689	FAM114A1	ENSG00000197712	4	38834354	38957365	432	58749	2.4338	0.0074704	2.0	1.0	intermediate	intermediate
25907	TMEM158	ENSG00000249992	3	45255956	45302814	216	58749	2.4333	0.0074799	1.0	1.0	low	low
267	AMFR	ENSG00000159461	16	56385364	56494450	245	58749	2.4331	0.0074844	2.0	2.0	intermediate	intermediate
100113407	TMEM170B	ENSG00000205269	6	11503460	11593757	307	58749	2.4313	0.0075224	8.0	5.0	high_6	intermediate
10446	LRRN2	ENSG00000170382	1	204576298	204689597	297	58749	2.4309	0.0075299	2.0	2.0	intermediate	intermediate
23254	KAZN	ENSG00000189337	1	14184646	15454544	4610	58749	2.4279	0.0075924	3.0	3.0	intermediate	intermediate
54894	RNF43	ENSG00000108375	17	56421037	56529931	172	58749	2.4277	0.0075968	11.0	6.0	high_6	high_10
7284	TUFM	ENSG00000178952	16	28843732	28892729	76	58749	2.4261	0.0076311	4.0	2.0	intermediate	intermediate
943	TNFRSF8	ENSG00000120949	1	12088434	12214264	307	58749	2.4255	0.0076427	6.0	3.0	high_6	intermediate
91433	RCCD1	ENSG00000166965	15	91463106	91516355	177	58749	2.4255	0.0076435	8.0	3.0	high_6	intermediate
25970	SH2B1	ENSG00000178188	16	28837939	28895534	92	58749	2.4229	0.0076989	2.0	2.0	intermediate	intermediate
57552	NCEH1	ENSG00000144959	3	172338435	172464207	385	58749	2.4226	0.0077044	1.0	1.0	low	low
3589	IL11	ENSG00000095752	19	55865750	55916831	179	58749	2.4223	0.0077111	6.0	2.0	high_6	intermediate
84250	ANKRD32	ENSG00000133302	5	93918086	94043326	293	58749	2.4218	0.007722	1.0	1.0	low	low
4041	LRP5	ENSG00000162337	11	68045077	68226743	411	58749	2.4212	0.0077341	4.0	4.0	intermediate	intermediate
256815	C10orf67	ENSG00000179133	10	23595520	23668772	169	58749	2.4211	0.0077365	1.0	1.0	low	low
4205	MEF2A	ENSG00000068305	15	100071133	100266688	374	58749	2.4207	0.0077462	3.0	3.0	intermediate	intermediate
11245	GPR176	ENSG00000166073	15	40081223	40248093	350	58749	2.4202	0.007755	1.0	1.0	low	low
11000	SLC27A3	ENSG00000143554	1	153711830	153762633	82	58749	2.4194	0.0077723	2.0	1.0	intermediate	intermediate
90390	MED30	ENSG00000164758	8	118497532	118562510	181	58749	2.4189	0.007784	1.0	1.0	low	low
89853	MVB12B	ENSG00000196814	9	129054123	129279320	591	58749	2.4178	0.0078079	1.0	1.0	low	low
4640	MYO1A	ENSG00000166866	12	57412301	57479549	127	58749	2.4175	0.0078142	1.0	1.0	low	low
91252	SLC39A13	ENSG00000165915	11	47393683	47448051	125	58749	2.4171	0.0078215	11.0	7.0	high_6	high_10
200159	C1orf100	ENSG00000173728	1	244480937	244562390	354	58749	2.4168	0.0078281	5.0	3.0	intermediate	intermediate
197322	ACSF3	ENSG00000176715	16	89125217	89232171	527	58749	2.4166	0.0078333	5.0	3.0	intermediate	intermediate
5991	RFX3	ENSG00000080298	9	3208297	3560992	831	58749	2.4157	0.0078523	5.0	4.0	intermediate	intermediate
7775	ZNF232	ENSG00000167840	17	4999029	5061411	156	58749	2.4153	0.0078615	2.0	2.0	intermediate	intermediate
222236	NAPEPLD	ENSG00000161048	7	102730023	102826081	214	58749	2.4151	0.0078655	1.0	1.0	low	low
79733	E2F8	ENSG00000129173	11	19235610	19298202	148	58749	2.4147	0.0078733	1.0	1.0	low	low
11226	GALNT6	ENSG00000139629	12	51735654	51820739	206	58749	2.4122	0.0079284	1.0	1.0	low	low
5913	RAPSN	ENSG00000165917	11	47449308	47505730	99	58749	2.4116	0.0079403	2.0	2.0	intermediate	intermediate
83953	FCAMR	ENSG00000162897	1	207121312	207178970	109	58749	2.4087	0.0080048	3.0	3.0	intermediate	intermediate
84962	AJUBA	ENSG00000129474	14	23430386	23486851	73	58749	2.4085	0.0080094	2.0	1.0	intermediate	intermediate
23256	SCFD1	ENSG00000092108	14	31056460	31215034	361	58749	2.4072	0.0080371	2.0	2.0	intermediate	intermediate
81833	SPACA1	ENSG00000118434	6	88722507	88786550	100	58749	2.4066	0.0080502	1.0	1.0	low	low
51199	NIN	ENSG00000100503	14	51176481	51332839	405	58749	2.4038	0.0081135	3.0	3.0	intermediate	intermediate
55129	ANO10	ENSG00000160746	3	43397818	43698560	515	58749	2.4028	0.0081357	5.0	2.0	intermediate	intermediate
164	AP1G1	ENSG00000166747	16	71752903	71878006	271	58749	2.402	0.0081524	2.0	2.0	intermediate	intermediate
1998	ELF2	ENSG00000109381	4	139968871	140133372	295	58749	2.4012	0.0081696	1.0	1.0	low	low
10241	CALCOCO2	ENSG00000136436	17	46873350	46952607	203	58749	2.3994	0.0082102	1.0	1.0	low	low
1072	CFL1	ENSG00000172757	11	65612282	65660804	88	58749	2.3993	0.0082126	1.0	1.0	low	low
10296	MAEA	ENSG00000090316	4	1248642	1343925	422	58749	2.3993	0.0082122	5.0	4.0	intermediate	intermediate
23705	CADM1	ENSG00000182985	11	115029933	115410241	660	58749	2.3979	0.0082445	12.0	6.0	high_6	high_10
29893	PSMC3IP	ENSG00000131470	17	40714328	40764849	84	58749	2.3966	0.0082744	5.0	4.0	intermediate	intermediate
388325	SCIMP	ENSG00000161929	17	5102215	5173997	226	58749	2.3959	0.0082892	1.0	1.0	low	low
84418	CYSTM1	ENSG00000120306	5	139519653	139633374	205	58749	2.3959	0.0082899	4.0	2.0	intermediate	intermediate
9392	TGFBRAP1	ENSG00000135966	2	105855861	105981148	363	58749	2.3956	0.0082967	1.0	1.0	low	low
5564	PRKAB1	ENSG00000111725	12	120070669	120129429	99	58749	2.3944	0.008324	1.0	1.0	low	low
35	ACADS	ENSG00000122971	12	121128544	121187811	176	58749	2.3944	0.008323	4.0	2.0	intermediate	intermediate
3976	LIF	ENSG00000128342	22	30626436	30677840	84	58749	2.3935	0.0083449	8.0	5.0	high_6	intermediate
5594	MAPK1	ENSG00000100030	22	22103946	22256970	340	58749	2.3932	0.0083516	1.0	1.0	low	low
83442	SH3BGRL3	ENSG00000142669	1	26571213	26618013	146	58749	2.3924	0.0083698	1.0	1.0	low	low
8454	CUL1	ENSG00000055130	7	148360631	148508202	323	58749	2.3916	0.008387	3.0	2.0	intermediate	intermediate
9456	HOMER1	ENSG00000152413	5	78659647	78844659	399	58749	2.391	0.0084013	1.0	1.0	low	low
136332	LRGUK	ENSG00000155530	7	133777105	133958933	398	58749	2.3908	0.0084062	5.0	2.0	intermediate	intermediate
5372	PMM1	ENSG00000100417	22	41962890	42020871	59	58749	2.3905	0.0084135	4.0	3.0	intermediate	intermediate
152816	C4orf26	ENSG00000174792	4	76446258	76501103	146	58749	2.3903	0.0084176	1.0	1.0	low	low
10644	IGF2BP2	ENSG00000073792	3	185351527	185577827	374	58749	2.3898	0.0084284	15.0	10.0	high_6	high_10
54913	RPP25	ENSG00000178718	15	75237443	75284775	85	58749	2.3889	0.0084494	1.0	1.0	low	low
400935	IL17REL	ENSG00000188263	22	50422942	50486055	193	58749	2.3887	0.0084551	5.0	3.0	intermediate	intermediate
108	ADCY2	ENSG00000078295	5	7361343	7840194	1214	58749	2.3874	0.0084846	8.0	3.0	high_6	intermediate
92017	SNX29	ENSG00000048471	16	12035602	12678146	2815	58749	2.3874	0.0084846	5.0	2.0	intermediate	intermediate
91133	L3MBTL4	ENSG00000154655	18	5944705	6449910	1289	58749	2.3873	0.008487	1.0	1.0	low	low
196294	IMMP1L	ENSG00000148950	11	31443948	31566169	128	58749	2.3863	0.0085095	1.0	1.0	low	low
29984	RHOD	ENSG00000173156	11	66789289	66849488	73	58749	2.3859	0.0085193	2.0	2.0	intermediate	intermediate
54504	CPVL	ENSG00000106066	7	29025247	29260213	819	58749	2.3851	0.0085383	11.0	3.0	high_6	high_10
57689	LRRC4C	ENSG00000148948	11	40125524	41516186	3620	58749	2.385	0.0085391	5.0	2.0	intermediate	intermediate
6664	SOX11	ENSG00000176887	2	5797799	5851517	148	58749	2.3838	0.0085665	7.0	5.0	high_6	intermediate
57348	TTYH1	ENSG00000167614	19	54891605	54957899	268	58749	2.3822	0.0086049	1.0	1.0	low	low
4293	MAP3K9	ENSG00000006432	14	71179243	71310912	505	58749	2.382	0.0086097	6.0	2.0	high_6	intermediate
6514	SLC2A2	ENSG00000163581	3	170704137	170779768	186	58749	2.3793	0.0086731	4.0	2.0	intermediate	intermediate
11098	PRSS23	ENSG00000150687	11	86476288	86532275	189	58749	2.3791	0.0086767	2.0	1.0	intermediate	intermediate
26011	TENM4	ENSG00000149256	11	78354328	79187014	2377	58749	2.3786	0.0086886	2.0	2.0	intermediate	intermediate
10526	IPO8	ENSG00000133704	12	30771915	30883929	303	58749	2.3783	0.008697	1.0	1.0	low	low
55585	UBE2Q1	ENSG00000160714	1	154511051	154566138	104	58749	2.3778	0.008709	2.0	2.0	intermediate	intermediate
54861	SNRK	ENSG00000163788	3	43293004	43402635	144	58749	2.3775	0.0087147	6.0	2.0	high_6	intermediate
54492	NEURL1B	ENSG00000214357	5	172033266	172128543	275	58749	2.3764	0.0087407	1.0	1.0	low	low
54914	FOCAD	ENSG00000188352	9	20623309	21005954	983	58749	2.3762	0.0087464	2.0	2.0	intermediate	intermediate
389203	SMIM20	ENSG00000250317	4	25880528	25941501	185	58749	2.3742	0.0087929	13.0	6.0	high_6	high_10
64400	AKTIP	ENSG00000166971	16	53515192	53573323	144	58749	2.3735	0.0088093	5.0	5.0	intermediate	intermediate
83637	ZMIZ2	ENSG00000122515	7	44753168	44819480	127	58749	2.3718	0.0088507	3.0	2.0	intermediate	intermediate
9025	RNF8	ENSG00000112130	6	37286748	37372514	148	58749	2.371	0.0088692	1.0	1.0	low	low
4249	MGAT5	ENSG00000152127	2	134842502	135222192	1059	58749	2.3702	0.0088902	5.0	5.0	intermediate	intermediate
3895	KTN1	ENSG00000126777	14	56011925	56161302	429	58749	2.3686	0.0089273	4.0	4.0	intermediate	intermediate
1903	S1PR3	ENSG00000213694	9	91571324	91630070	185	58749	2.3682	0.0089373	1.0	1.0	low	low
2286	FKBP2	ENSG00000173486	11	63973413	64021607	86	58749	2.3674	0.0089564	1.0	1.0	low	low
2241	FER	ENSG00000151422	5	108048523	108533373	1610	58749	2.3664	0.0089809	17.0	9.0	high_6	high_10
4211	MEIS1	ENSG00000143995	2	66627257	66809891	400	58749	2.3658	0.0089948	15.0	6.0	high_6	high_10
2768	GNA12	ENSG00000146535	7	2757739	2918963	505	58749	2.3655	0.0090038	12.0	7.0	high_6	high_10
6695	SPOCK1	ENSG00000152377	5	136300987	136870018	1469	58749	2.3635	0.009052	5.0	5.0	intermediate	intermediate
654	BMP6	ENSG00000153162	6	7692011	7891972	639	58749	2.3633	0.0090563	16.0	5.0	high_6	high_10
342184	FMN1	ENSG00000248905	15	33047745	33521934	2012	58749	2.3628	0.0090694	12.0	6.0	high_6	high_10
387694	SH2D4B	ENSG00000178217	10	82262658	82416316	527	58749	2.3626	0.0090743	4.0	2.0	intermediate	intermediate
1439	CSF2RB	ENSG00000100368	22	37274639	37346491	282	58749	2.3612	0.0091075	8.0	4.0	high_6	intermediate
130827	TMEM182	ENSG00000170417	2	103343490	103460948	233	58749	2.36	0.0091367	7.0	5.0	high_6	intermediate
55168	MRPS18A	ENSG00000096080	6	43628934	43690549	167	58749	2.3597	0.009146	3.0	2.0	intermediate	intermediate
54345	SOX18	ENSG00000203883	20	62669079	62715979	112	58749	2.3595	0.0091497	5.0	3.0	intermediate	intermediate
79022	TMEM106C	ENSG00000134291	12	48322330	48372661	145	58749	2.359	0.0091623	2.0	2.0	intermediate	intermediate
10945	KDELR1	ENSG00000105438	19	48875827	48929810	119	58749	2.3587	0.0091704	1.0	1.0	low	low
89970	RSPRY1	ENSG00000159579	16	57185026	57284385	157	58749	2.3587	0.009169	1.0	1.0	low	low
5361	PLXNA1	ENSG00000114554	3	126672437	126766235	310	58749	2.3583	0.0091787	1.0	1.0	low	low
1271	CNTFR	ENSG00000122756	9	34541425	34625713	198	58749	2.3579	0.0091898	1.0	1.0	low	low
89866	SEC16B	ENSG00000120341	1	177882825	177974188	345	58749	2.3576	0.0091973	8.0	3.0	high_6	intermediate
81550	TDRD3	ENSG00000083544	13	60935591	61158013	467	58749	2.3565	0.0092243	1.0	1.0	low	low
6405	SEMA3F	ENSG00000001617	3	50157562	50236508	121	58749	2.3554	0.0092505	14.0	9.0	high_6	high_10
149499	LRRC71	ENSG00000160838	1	156855400	156912881	166	58749	2.3542	0.0092809	1.0	1.0	low	low
30008	EFEMP2	ENSG00000172638	11	65623912	65675405	108	58749	2.354	0.0092856	2.0	2.0	intermediate	intermediate
201595	STT3B	ENSG00000163527	3	31539130	31687556	284	58749	2.3532	0.0093056	1.0	1.0	low	low
54212	SNTG1	ENSG00000147481	8	50787349	51716171	2701	58749	2.3523	0.009328	2.0	2.0	intermediate	intermediate
79656	BEND5	ENSG00000162373	1	49183538	49277547	154	58749	2.3523	0.0093278	1.0	1.0	low	low
119765	OR4B1	ENSG00000175619	11	48203362	48249291	167	58749	2.3519	0.0093396	1.0	1.0	low	low
1879	EBF1	ENSG00000164330	5	158112916	158561788	901	58749	2.3513	0.009354	22.0	8.0	high_6	high_10
136991	ASZ1	ENSG00000154438	7	116993276	117102577	146	58749	2.3492	0.009408	2.0	2.0	intermediate	intermediate
51655	RASD1	ENSG00000108551	17	17387751	17434709	122	58749	2.3491	0.0094104	1.0	1.0	low	low
9905	SGSM2	ENSG00000141258	17	2205806	2294353	224	58749	2.3489	0.0094137	1.0	1.0	low	low
5799	PTPRN2	ENSG00000155093	7	157321750	158415482	3784	58749	2.3489	0.0094139	4.0	4.0	intermediate	intermediate
84267	C9orf64	ENSG00000165118	9	86543226	86606665	107	58749	2.3486	0.0094211	1.0	1.0	low	low
673	BRAF	ENSG00000157764	7	140405749	140659564	396	58749	2.3478	0.0094411	2.0	2.0	intermediate	intermediate
92293	TMEM132C	ENSG00000181234	12	128716948	129202460	1587	58749	2.3472	0.0094587	1.0	1.0	low	low
23413	NCS1	ENSG00000107130	9	132899857	133009583	446	58749	2.347	0.0094634	1.0	1.0	low	low
3131	HLF	ENSG00000108924	17	53307321	53412426	253	58749	2.347	0.0094631	4.0	4.0	intermediate	intermediate
84433	CARD11	ENSG00000198286	7	2935709	3118579	790	58749	2.347	0.0094637	6.0	4.0	high_6	intermediate
132660	LIN54	ENSG00000189308	4	83835756	83969097	240	58749	2.3467	0.0094711	1.0	1.0	low	low
29956	CERS2	ENSG00000143418	1	150927649	150982479	129	58749	2.3455	0.0095	5.0	2.0	intermediate	intermediate
274	BIN1	ENSG00000136717	2	127795599	127899903	425	58749	2.3445	0.009527	7.0	4.0	high_6	intermediate
79840	NHEJ1	ENSG00000187736	2	219930046	220060587	241	58749	2.3444	0.0095295	5.0	4.0	intermediate	intermediate
746	TMEM258	ENSG00000134825	11	61546602	61595085	57	58749	2.3414	0.0096048	24.0	9.0	high_6	high_10
83540	NUF2	ENSG00000143228	1	163256723	163335553	348	58749	2.3414	0.0096062	12.0	6.0	high_6	high_10
8416	ANXA9	ENSG00000143412	1	150919499	150978114	129	58749	2.3407	0.0096229	1.0	1.0	low	low
171425	CLYBL	ENSG00000125246	13	100223919	100559388	986	58749	2.3405	0.0096296	2.0	2.0	intermediate	intermediate
10766	TOB2	ENSG00000183864	22	41819492	41879234	94	58749	2.3403	0.0096334	3.0	2.0	intermediate	intermediate
1147	CHUK	ENSG00000213341	10	101938123	102024367	200	58749	2.34	0.0096406	4.0	3.0	intermediate	intermediate
11278	KLF12	ENSG00000118922	13	74250149	74743400	1445	58749	2.3399	0.0096434	13.0	8.0	high_6	high_10
51441	YTHDF2	ENSG00000198492	1	29028133	29106287	108	58749	2.3396	0.0096532	1.0	1.0	low	low
55638	SYBU	ENSG00000147642	8	110576405	110739020	401	58749	2.3393	0.0096609	2.0	2.0	intermediate	intermediate
80312	TET1	ENSG00000138336	10	70285117	70464239	520	58749	2.3379	0.0096965	2.0	1.0	intermediate	intermediate
158135	TTLL11	ENSG00000175764	9	124567953	124890885	1063	58749	2.3377	0.0097004	2.0	2.0	intermediate	intermediate
254251	LCORL	ENSG00000178177	4	17834839	18058483	514	58749	2.3372	0.0097139	3.0	3.0	intermediate	intermediate
374618	TEX9	ENSG00000151575	15	56501207	56749032	713	58749	2.3368	0.0097254	4.0	1.0	intermediate	intermediate
440279	UNC13C	ENSG00000137766	15	54235557	54930806	2694	58749	2.336	0.0097452	1.0	1.0	low	low
3554	IL1R1	ENSG00000115594	2	102651836	102806334	453	58749	2.3335	0.0098099	3.0	2.0	intermediate	intermediate
9542	NRG2	ENSG00000158458	5	139216364	139457884	401	58749	2.3302	0.0098975	3.0	2.0	intermediate	intermediate
23658	LSM5	ENSG00000106355	7	32514945	32569870	192	58749	2.3296	0.0099138	4.0	2.0	intermediate	intermediate
4982	TNFRSF11B	ENSG00000164761	8	119925796	119999383	237	58749	2.3279	0.0099585	11.0	7.0	high_6	high_10
10947	AP3M2	ENSG00000070718	8	41975464	42038701	96	58749	2.3277	0.009963	3.0	3.0	intermediate	intermediate
6183	MRPS12	ENSG00000128626	19	39386348	39433660	113	58749	2.3268	0.0099892	1.0	1.0	low	low
3984	LIMK1	ENSG00000106683	7	73463107	73546855	148	58749	2.3262	0.010005	7.0	6.0	high_6	intermediate
2009	EML1	ENSG00000066629	14	100169056	100418397	725	58749	2.3255	0.010024	2.0	2.0	intermediate	intermediate
3454	IFNAR1	ENSG00000142166	21	34661748	34742129	233	58749	2.3247	0.010043	1.0	1.0	low	low
8506	CNTNAP1	ENSG00000108797	17	40799632	40862011	74	58749	2.3236	0.010072	1.0	1.0	low	low
27348	TOR1B	ENSG00000136816	9	132530428	132583563	226	58749	2.3217	0.010125	3.0	3.0	intermediate	intermediate
197335	WDR90	ENSG00000161996	16	664363	727833	184	58749	2.3207	0.010153	1.0	1.0	low	low
8675	STX16	ENSG00000124222	20	57191309	57264582	182	58749	2.3181	0.010221	1.0	1.0	low	low
23187	PHLDB1	ENSG00000019144	11	118442213	118538748	155	58749	2.318	0.010223	8.0	5.0	high_6	intermediate
51473	DCDC2	ENSG00000146038	6	24161983	24418520	917	58749	2.3133	0.010353	3.0	2.0	intermediate	intermediate
9922	IQSEC1	ENSG00000144711	3	12928542	13149652	709	58749	2.3127	0.010369	2.0	2.0	intermediate	intermediate
79776	ZFHX4	ENSG00000091656	8	77558515	77789521	488	58749	2.3127	0.010369	13.0	6.0	high_6	high_10
83707	TRPT1	ENSG00000149743	11	63981271	64028726	88	58749	2.3123	0.01038	1.0	1.0	low	low
9284	NPIPA1	ENSG00000183426	16	14992316	15055931	8	58749	2.3114	0.010406	1.0	1.0	low	low
138639	PTPDC1	ENSG00000158079	9	96758076	96882138	186	58749	2.3099	0.010448	1.0	1.0	low	low
9569	GTF2IRD1	ENSG00000006704	7	73833120	74026931	396	58749	2.3098	0.010449	6.0	6.0	high_6	intermediate
79866	BORA	ENSG00000136122	13	73266981	73340328	151	58749	2.3083	0.010491	2.0	2.0	intermediate	intermediate
54951	COMMD8	ENSG00000169019	4	47442815	47500676	144	58749	2.3082	0.010495	1.0	1.0	low	low
80036	TRPM3	ENSG00000083067	9	73133979	74096782	2810	58749	2.3075	0.010514	2.0	2.0	intermediate	intermediate
150921	TCF23	ENSG00000163792	2	27336835	27386402	84	58749	2.3073	0.01052	1.0	1.0	low	low
401207	C5orf63	ENSG00000164241	5	126368250	126444184	193	58749	2.3068	0.010532	2.0	1.0	intermediate	intermediate
439921	MXRA7	ENSG00000182534	17	74659748	74742056	182	58749	2.306	0.010555	1.0	1.0	low	low
9811	CTIF	ENSG00000134030	18	46030427	46399588	1150	58749	2.3057	0.010565	1.0	1.0	low	low
219956	OR9Q1	ENSG00000186509	11	57756353	57959059	664	58749	2.3035	0.010627	9.0	6.0	high_6	intermediate
6827	SUPT4H1	ENSG00000213246	17	56412536	56464599	104	58749	2.302	0.010669	7.0	5.0	high_6	intermediate
2165	F13B	ENSG00000143278	1	196997877	197071568	146	58749	2.3019	0.010671	2.0	1.0	intermediate	intermediate
10085	EDIL3	ENSG00000164176	5	83226414	83715685	955	58749	2.3003	0.010715	3.0	1.0	intermediate	intermediate
10861	SLC26A1	ENSG00000145217	4	962861	1022228	183	58749	2.2989	0.010757	1.0	1.0	low	low
219902	TMEM136	ENSG00000181264	11	120160838	120214397	118	58749	2.2979	0.010784	5.0	4.0	intermediate	intermediate
137872	ADHFE1	ENSG00000147576	8	67309693	67394260	237	58749	2.2965	0.010823	2.0	2.0	intermediate	intermediate
8633	UNC5C	ENSG00000182168	4	96073655	96505361	1421	58749	2.2945	0.01088	5.0	4.0	intermediate	intermediate
8722	CTSF	ENSG00000174080	11	66320935	66371047	79	58749	2.2932	0.010917	4.0	2.0	intermediate	intermediate
54984	PINX1	ENSG00000254093	8	10612473	10732394	570	58749	2.2925	0.01094	15.0	8.0	high_6	high_10
11057	ABHD2	ENSG00000140526	15	89596381	89755591	423	58749	2.2919	0.010957	6.0	2.0	high_6	intermediate
23333	DPY19L1	ENSG00000173852	7	34958491	35112653	463	58749	2.2914	0.010971	1.0	1.0	low	low
134288	TMEM174	ENSG00000164325	5	72429080	72481073	194	58749	2.2903	0.011003	2.0	2.0	intermediate	intermediate
4088	SMAD3	ENSG00000166949	15	67323036	67497533	479	58749	2.2901	0.011007	82.0	16.0	high_6	high_10
253738	EBF3	ENSG00000108001	10	131623496	131797546	400	58749	2.2899	0.011015	3.0	1.0	intermediate	intermediate
27345	KCNMB4	ENSG00000135643	12	70725062	70838072	367	58749	2.289	0.01104	2.0	2.0	intermediate	intermediate
10454	TAB1	ENSG00000100324	22	39760759	39843132	149	58749	2.2888	0.011046	1.0	1.0	low	low
27067	STAU2	ENSG00000040341	8	74322604	74694943	976	58749	2.2886	0.01105	3.0	2.0	intermediate	intermediate
1601	DAB2	ENSG00000153071	5	39361776	39460335	324	58749	2.2881	0.011066	6.0	5.0	high_6	intermediate
4735	SEPT2	ENSG00000168385	2	242219723	242303442	188	58749	2.2876	0.011079	2.0	2.0	intermediate	intermediate
487	ATP2A1	ENSG00000196296	16	28854192	28925830	97	58749	2.2873	0.011089	5.0	4.0	intermediate	intermediate
1501	CTNND2	ENSG00000169862	5	10961952	11939155	2650	58749	2.2852	0.011151	2.0	2.0	intermediate	intermediate
120425	AMICA1	ENSG00000160593	11	118054442	118130809	241	58749	2.2844	0.011175	1.0	1.0	low	low
83464	APH1B	ENSG00000138613	15	63534749	63611325	167	58749	2.2841	0.011183	3.0	2.0	intermediate	intermediate
54855	FAM46C	ENSG00000183508	1	118113604	118181011	216	58749	2.283	0.011214	7.0	5.0	high_6	intermediate
3716	JAK1	ENSG00000162434	1	65288906	65467593	453	58749	2.2824	0.011233	6.0	5.0	high_6	intermediate
1404	HAPLN1	ENSG00000145681	5	82924017	83051896	321	58749	2.2818	0.01125	1.0	1.0	low	low
6894	TARBP1	ENSG00000059588	1	234517059	234649863	566	58749	2.2794	0.011321	1.0	1.0	low	low
4756	NEO1	ENSG00000067141	15	73309056	73607547	632	58749	2.2776	0.011376	3.0	2.0	intermediate	intermediate
401190	RGS7BP	ENSG00000186479	5	63766774	63919285	321	58749	2.2775	0.01138	1.0	1.0	low	low
613210	DEFB136	ENSG00000205884	8	11821446	11867108	177	58749	2.2773	0.011386	5.0	2.0	intermediate	intermediate
388566	ZNF470	ENSG00000197016	19	57043401	57109965	219	58749	2.2768	0.011398	1.0	1.0	low	low
489	ATP2A3	ENSG00000074370	17	3817163	3902758	299	58749	2.2767	0.011403	4.0	3.0	intermediate	intermediate
130026	ICA1L	ENSG00000163596	2	203627873	203771708	285	58749	2.2766	0.011405	13.0	3.0	high_6	high_10
23355	VPS8	ENSG00000156931	3	184494925	184780402	573	58749	2.2761	0.01142	3.0	3.0	intermediate	intermediate
79887	PLBD1	ENSG00000121316	12	14646597	14755791	171	58749	2.2761	0.01142	2.0	1.0	intermediate	intermediate
535	ATP6V0A1	ENSG00000033627	17	40575862	40684597	160	58749	2.2745	0.011469	1.0	1.0	low	low
148823	GCSAML	ENSG00000169224	1	247635417	247750990	337	58749	2.2743	0.011475	3.0	3.0	intermediate	intermediate
23428	SLC7A8	ENSG00000092068	14	23584504	23687869	265	58749	2.2736	0.011495	1.0	1.0	low	low
54842	MFSD6	ENSG00000151690	2	191238081	191377041	315	58749	2.2724	0.01153	5.0	5.0	intermediate	intermediate
169792	GLIS3	ENSG00000107249	9	3814128	4335036	2133	58749	2.2722	0.011538	33.0	13.0	high_6	high_10
79800	CARF	ENSG00000138380	2	203741978	203861060	226	58749	2.2721	0.011539	10.0	3.0	high_6	high_10
4008	LMO7	ENSG00000136153	13	76159570	76444006	753	58749	2.2716	0.011555	7.0	5.0	high_6	intermediate
2053	EPHX2	ENSG00000120915	8	27313519	27412439	283	58749	2.2691	0.011632	2.0	2.0	intermediate	intermediate
10724	MGEA5	ENSG00000198408	10	103534200	103613930	102	58749	2.2684	0.011653	6.0	4.0	high_6	intermediate
8660	IRS2	ENSG00000185950	13	110396184	110473914	237	58749	2.2678	0.011671	5.0	4.0	intermediate	intermediate
5188	PET112	ENSG00000059691	4	152581808	152717175	296	58749	2.2676	0.011677	12.0	3.0	high_6	high_10
114805	GALNT13	ENSG00000144278	2	154693426	155320489	1947	58749	2.2653	0.011748	3.0	2.0	intermediate	intermediate
9915	ARNT2	ENSG00000172379	15	80661692	80900278	666	58749	2.2646	0.011769	5.0	3.0	intermediate	intermediate
2488	FSHB	ENSG00000131808	11	30217563	30266824	105	58749	2.2637	0.011796	21.0	6.0	high_6	high_10
169026	SLC30A8	ENSG00000164756	8	117927512	118198953	539	58749	2.262	0.011848	11.0	7.0	high_6	high_10
23671	TMEFF2	ENSG00000144339	2	192760615	193094645	677	58749	2.261	0.011879	2.0	1.0	intermediate	intermediate
146223	CMTM4	ENSG00000183723	16	66638653	66765610	252	58749	2.2608	0.011886	3.0	3.0	intermediate	intermediate
27352	SGSM3	ENSG00000100359	22	40731571	40816293	140	58749	2.2575	0.011987	3.0	3.0	intermediate	intermediate
3231	HOXD1	ENSG00000128645	2	177018307	177065635	86	58749	2.2574	0.011993	1.0	1.0	low	low
127731	VWA5B1	ENSG00000158816	1	20582412	20691662	423	58749	2.2574	0.011992	1.0	1.0	low	low
53834	FGFRL1	ENSG00000127418	4	969712	1030686	198	58749	2.2573	0.011994	4.0	3.0	intermediate	intermediate
2355	FOSL2	ENSG00000075426	2	28580704	28647516	169	58749	2.2563	0.012027	15.0	9.0	high_6	high_10
56922	MCCC1	ENSG00000078070	3	182723006	182852373	275	58749	2.253	0.012131	2.0	1.0	intermediate	intermediate
1316	KLF6	ENSG00000067082	10	3808188	3862473	212	58749	2.2526	0.012142	3.0	2.0	intermediate	intermediate
9830	TRIM14	ENSG00000106785	9	100788071	100916695	253	58749	2.2524	0.012149	1.0	1.0	low	low
3516	RBPJ	ENSG00000168214	4	26130077	26446753	567	58749	2.2505	0.012208	1.0	1.0	low	low
80198	MUS81	ENSG00000172732	11	65592872	65643914	92	58749	2.2502	0.012217	1.0	1.0	low	low
9750	FAM65B	ENSG00000111913	6	24794512	24971275	610	58749	2.248	0.012289	8.0	5.0	high_6	intermediate
9415	FADS2	ENSG00000134824	11	61548675	61644826	208	58749	2.2477	0.012296	44.0	11.0	high_6	high_10
9941	EXOG	ENSG00000157036	3	38502763	38593721	181	58749	2.2471	0.012317	4.0	3.0	intermediate	intermediate
23312	DMXL2	ENSG00000104093	15	51729921	51950030	469	58749	2.247	0.01232	7.0	4.0	high_6	intermediate
4170	MCL1	ENSG00000143384	1	150537027	150587214	113	58749	2.2448	0.012389	4.0	3.0	intermediate	intermediate
51390	AIG1	ENSG00000146416	6	143346979	143671441	644	58749	2.2433	0.012437	2.0	1.0	intermediate	intermediate
84929	FIBCD1	ENSG00000130720	9	133767825	133849455	323	58749	2.2432	0.012443	2.0	2.0	intermediate	intermediate
11113	CIT	ENSG00000122966	12	120113595	120350095	581	58749	2.2409	0.012517	3.0	2.0	intermediate	intermediate
8878	SQSTM1	ENSG00000161011	5	179198388	179275078	221	58749	2.2392	0.012572	1.0	1.0	low	low
9014	TAF1B	ENSG00000115750	2	9948571	10084545	614	58749	2.2378	0.012618	2.0	1.0	intermediate	intermediate
115	ADCY9	ENSG00000162104	16	4002650	4201186	760	58749	2.2376	0.012624	9.0	7.0	high_6	intermediate
9267	CYTH1	ENSG00000108669	17	76660130	76813376	324	58749	2.2376	0.012623	2.0	1.0	intermediate	intermediate
10121	ACTR1A	ENSG00000138107	10	104228986	104297580	183	58749	2.2371	0.012641	4.0	3.0	intermediate	intermediate
663	BNIP2	ENSG00000140299	15	59941345	60016728	291	58749	2.237	0.012643	1.0	1.0	low	low
403253	OR4A47	ENSG00000237388	11	48475345	48521274	145	58749	2.2366	0.012655	9.0	5.0	high_6	intermediate
123207	C15orf40	ENSG00000169609	15	83647715	83716050	141	58749	2.234	0.012741	1.0	1.0	low	low
100129480	C3orf83	ENSG00000225526	3	12571280	12621963	125	58749	2.2331	0.01277	1.0	1.0	low	low
800	CALD1	ENSG00000122786	7	134429164	134665480	610	58749	2.2327	0.012785	7.0	3.0	high_6	intermediate
55011	PIH1D1	ENSG00000104872	19	49939550	49990266	127	58749	2.2325	0.012792	2.0	1.0	intermediate	intermediate
57167	SALL4	ENSG00000101115	20	50390551	50454059	302	58749	2.232	0.012807	1.0	1.0	low	low
1141	CHRNB2	ENSG00000160716	1	154505257	154562354	119	58749	2.2319	0.012809	1.0	1.0	low	low
7093	TLL2	ENSG00000095587	10	98114363	98308683	529	58749	2.2317	0.012816	1.0	1.0	low	low
11163	NUDT4	ENSG00000173598	12	93736701	93807024	158	58749	2.2313	0.012831	2.0	2.0	intermediate	intermediate
5201	PFDN1	ENSG00000113068	5	139614635	139717689	172	58749	2.2309	0.012844	1.0	1.0	low	low
120526	DNAJC24	ENSG00000170946	11	31356377	31464382	147	58749	2.2309	0.012843	4.0	3.0	intermediate	intermediate
25950	RWDD3	ENSG00000122481	1	95664711	95722781	161	58749	2.2297	0.012884	3.0	2.0	intermediate	intermediate
64710	NUCKS1	ENSG00000069275	1	205671947	205754372	214	58749	2.2295	0.012892	6.0	6.0	high_6	intermediate
998	CDC42	ENSG00000070831	1	22344120	22429439	278	58749	2.2289	0.012911	13.0	5.0	high_6	high_10
6646	SOAT1	ENSG00000057252	1	179227849	179337815	445	58749	2.2287	0.012915	4.0	2.0	intermediate	intermediate
51138	COPS4	ENSG00000138663	4	83921239	84006971	120	58749	2.2228	0.013116	4.0	3.0	intermediate	intermediate
25911	DPCD	ENSG00000166171	10	103295399	103379410	156	58749	2.2205	0.013192	1.0	1.0	low	low
7881	KCNAB1	ENSG00000169282	3	155803337	156266927	1239	58749	2.2189	0.013248	4.0	4.0	intermediate	intermediate
6857	SYT1	ENSG00000067715	12	79222773	79855788	1439	58749	2.2182	0.013272	3.0	2.0	intermediate	intermediate
8609	KLF7	ENSG00000118263	2	207928861	208066970	377	58749	2.2177	0.013286	8.0	4.0	high_6	intermediate
57205	ATP10D	ENSG00000145246	4	47452296	47605503	472	58749	2.2168	0.013318	1.0	1.0	low	low
146429	SLC22A31	ENSG00000259803	16	89252169	89302757	219	58749	2.216	0.013347	2.0	2.0	intermediate	intermediate
55291	PPP6R3	ENSG00000110075	11	68193186	68392802	453	58749	2.2142	0.013406	3.0	3.0	intermediate	intermediate
375567	VWC2	ENSG00000188730	7	49778257	49971546	390	58749	2.2135	0.01343	1.0	1.0	low	low
10484	SEC23A	ENSG00000100934	14	39491123	39607447	282	58749	2.2131	0.013444	3.0	2.0	intermediate	intermediate
6484	ST3GAL4	ENSG00000110080	11	126190540	126294536	267	58749	2.2119	0.013487	10.0	5.0	high_6	high_10
23090	ZNF423	ENSG00000102935	16	49514515	49926830	1203	58749	2.2103	0.013543	3.0	3.0	intermediate	intermediate
128866	CHMP4B	ENSG00000101421	20	32364110	32452173	104	58749	2.2102	0.013545	3.0	2.0	intermediate	intermediate
115992	RNF166	ENSG00000158717	16	88752903	88807829	283	58749	2.2102	0.013547	5.0	3.0	intermediate	intermediate
9177	HTR3B	ENSG00000149305	11	113740518	113827283	227	58749	2.2097	0.013562	2.0	2.0	intermediate	intermediate
8532	CPZ	ENSG00000109625	4	8559387	8631488	385	58749	2.209	0.013588	3.0	3.0	intermediate	intermediate
8658	TNKS	ENSG00000173273	8	9377756	9649856	904	58749	2.2085	0.013606	7.0	7.0	high_6	intermediate
23788	MTCH2	ENSG00000109919	11	47628858	47699206	90	58749	2.2082	0.013614	3.0	3.0	intermediate	intermediate
23172	FAM175B	ENSG00000165660	10	126455354	126535239	133	58749	2.2081	0.01362	4.0	2.0	intermediate	intermediate
7088	TLE1	ENSG00000196781	9	84188598	84338596	472	58749	2.2074	0.013643	4.0	3.0	intermediate	intermediate
123720	WHAMM	ENSG00000156232	15	83441959	83513613	168	58749	2.2069	0.013661	2.0	2.0	intermediate	intermediate
10714	POLD3	ENSG00000077514	11	74268575	74390386	362	58749	2.2065	0.013675	10.0	4.0	high_6	high_10
836	CASP3	ENSG00000164305	4	185538850	185605629	207	58749	2.2064	0.013679	2.0	2.0	intermediate	intermediate
9870	AREL1	ENSG00000119682	14	75117955	75214807	104	58749	2.2063	0.013681	5.0	3.0	intermediate	intermediate
84620	ST6GAL2	ENSG00000144057	2	107408056	107538563	390	58749	2.2058	0.013701	1.0	1.0	low	low
6228	RPS23	ENSG00000186468	5	81559139	81609235	108	58749	2.2057	0.013702	2.0	1.0	intermediate	intermediate
5331	PLCB3	ENSG00000149782	11	63983995	64046924	111	58749	2.2043	0.013753	1.0	1.0	low	low
5581	PRKCE	ENSG00000171132	2	45843454	46425129	2062	58749	2.2033	0.013788	10.0	6.0	high_6	high_10
388135	C15orf59	ENSG00000205363	15	74017772	74080495	192	58749	2.2023	0.013824	2.0	1.0	intermediate	intermediate
387715	ARMS2	ENSG00000254636	10	124179179	124226868	129	58749	2.202	0.013832	22.0	6.0	high_6	high_10
126626	GABPB2	ENSG00000143458	1	151007784	151101007	186	58749	2.201	0.013866	1.0	1.0	low	low
23609	MKRN2	ENSG00000075975	3	12563513	12635212	173	58749	2.2002	0.013896	1.0	1.0	low	low
2782	GNB1	ENSG00000078369	1	1706725	1857552	250	58749	2.1959	0.014048	2.0	1.0	intermediate	intermediate
5087	PBX1	ENSG00000185630	1	164493597	164831067	937	58749	2.1955	0.014063	5.0	4.0	intermediate	intermediate
57596	BEGAIN	ENSG00000183092	14	100993484	101071131	160	58749	2.1944	0.014102	1.0	1.0	low	low
8934	RAB7L1	ENSG00000117280	1	205727114	205779615	162	58749	2.1941	0.014116	3.0	3.0	intermediate	intermediate
56997	ADCK3	ENSG00000163050	1	227049589	227185246	336	58749	2.1937	0.014129	2.0	2.0	intermediate	intermediate
1513	CTSK	ENSG00000143387	1	150758684	150815917	86	58749	2.1936	0.014132	1.0	1.0	low	low
101927562	DUSP8	ENSG00000184545	11	1565746	1612687	137	58749	2.1935	0.014136	1.0	1.0	low	low
7771	ZNF112	ENSG00000062370	19	44820706	44895856	246	58749	2.1927	0.014164	1.0	1.0	low	low
10283	CWC27	ENSG00000153015	5	64029755	64324590	531	58749	2.1921	0.014185	13.0	5.0	high_6	high_10
5046	PCSK6	ENSG00000140479	15	101834133	102065187	1031	58749	2.1901	0.014259	5.0	4.0	intermediate	intermediate
11178	LZTS1	ENSG00000061337	8	20093676	20196492	343	58749	2.1881	0.014331	1.0	1.0	low	low
9541	CIR1	ENSG00000138433	2	175202878	175295443	205	58749	2.1869	0.014375	2.0	2.0	intermediate	intermediate
79895	ATP8B4	ENSG00000104043	15	50140435	50446419	868	58749	2.1866	0.014387	3.0	3.0	intermediate	intermediate
10369	CACNG2	ENSG00000166862	22	36946916	37133690	571	58749	2.186	0.014409	1.0	1.0	low	low
144100	PLEKHA7	ENSG00000166689	11	16799207	17070963	845	58749	2.1858	0.014416	4.0	2.0	intermediate	intermediate
27	ABL2	ENSG00000143322	1	179058462	179233819	398	58749	2.1856	0.014422	4.0	3.0	intermediate	intermediate
285848	PNPLA1	ENSG00000180316	6	36175945	36286372	239	58749	2.1855	0.014426	2.0	2.0	intermediate	intermediate
1295	COL8A1	ENSG00000144810	3	99322440	99528061	491	58749	2.1853	0.014433	13.0	5.0	high_6	high_10
132299	OCIAD2	ENSG00000145247	4	48877405	48943815	98	58749	2.1845	0.014461	1.0	1.0	low	low
55924	FAM212B	ENSG00000197852	1	112254686	112333419	228	58749	2.1844	0.014468	2.0	2.0	intermediate	intermediate
8289	ARID1A	ENSG00000117713	1	26987522	27118601	177	58749	2.1843	0.01447	8.0	4.0	high_6	intermediate
84870	RSPO3	ENSG00000146374	6	127404844	127530626	238	58749	2.184	0.014483	30.0	9.0	high_6	high_10
29896	TRA2A	ENSG00000164548	7	23534399	23606656	159	58749	2.1834	0.014504	1.0	1.0	low	low
10020	GNE	ENSG00000159921	9	36204438	36312053	288	58749	2.1832	0.014512	1.0	1.0	low	low
80012	PHC3	ENSG00000173889	3	169795368	169934537	229	58749	2.1821	0.014551	1.0	1.0	low	low
283971	CLEC18A	ENSG00000157322	16	70172928	70231050	23	58749	2.182	0.014555	7.0	3.0	high_6	intermediate
26575	RGS17	ENSG00000091844	6	153322026	153487389	500	58749	2.1817	0.014566	4.0	2.0	intermediate	intermediate
158219	TTC39B	ENSG00000155158	9	15160842	15342358	579	58749	2.1812	0.014583	6.0	5.0	high_6	intermediate
53841	CDHR5	ENSG00000099834	11	606565	660067	207	58749	2.1807	0.014601	1.0	1.0	low	low
5184	PEPD	ENSG00000124299	19	33867855	34047799	761	58749	2.1805	0.014611	3.0	2.0	intermediate	intermediate
2315	MLANA	ENSG00000120215	9	5855895	5919822	180	58749	2.1789	0.014668	1.0	1.0	low	low
2592	GALT	ENSG00000213930	9	34611586	34660595	80	58749	2.1785	0.014685	1.0	1.0	low	low
51659	GINS2	ENSG00000131153	16	85701280	85757588	161	58749	2.1771	0.014736	1.0	1.0	low	low
55759	WDR12	ENSG00000138442	2	203735323	203811949	153	58749	2.1766	0.014754	5.0	3.0	intermediate	intermediate
974	CD79B	ENSG00000007312	17	61996098	62044710	114	58749	2.1765	0.014758	1.0	1.0	low	low
23379	KIAA0947	ENSG00000164151	5	5387786	5500347	271	58749	2.1758	0.014783	4.0	2.0	intermediate	intermediate
5609	MAP2K7	ENSG00000076984	19	7933665	7989363	134	58749	2.1755	0.014798	2.0	1.0	intermediate	intermediate
2879	GPX4	ENSG00000167468	19	1068936	1116787	191	58749	2.1753	0.014804	3.0	2.0	intermediate	intermediate
7431	VIM	ENSG00000026025	10	17234934	17289592	164	58749	2.1743	0.014842	1.0	1.0	low	low
79365	BHLHE41	ENSG00000123095	12	26262959	26313003	132	58749	2.1739	0.014857	3.0	3.0	intermediate	intermediate
56986	DTWD1	ENSG00000104047	15	49878226	49947333	172	58749	2.1738	0.014859	5.0	3.0	intermediate	intermediate
9617	MTRF1	ENSG00000120662	13	41780505	41872731	227	58749	2.1723	0.014916	1.0	1.0	low	low
56917	MEIS3	ENSG00000105419	19	47896375	47957785	183	58749	2.1712	0.014957	1.0	1.0	low	low
26996	GPR160	ENSG00000173890	3	169720735	169813184	224	58749	2.1698	0.01501	2.0	2.0	intermediate	intermediate
3308	HSPA4	ENSG00000170606	5	132352662	132450709	250	58749	2.1696	0.015018	8.0	5.0	high_6	intermediate
150465	TTL	ENSG00000114999	2	113204743	113300223	150	58749	2.168	0.015078	1.0	1.0	low	low
5713	PSMD7	ENSG00000103035	16	74295673	74350186	95	58749	2.1676	0.015094	4.0	3.0	intermediate	intermediate
5525	PPP2R5A	ENSG00000066027	1	212423879	212545205	299	58749	2.1672	0.01511	1.0	1.0	low	low
7247	TSN	ENSG00000211460	2	122478121	122535429	98	58749	2.1666	0.015133	1.0	1.0	low	low
84071	ARMC2	ENSG00000118690	6	109134617	109305352	437	58749	2.1643	0.015223	6.0	3.0	high_6	intermediate
223117	SEMA3D	ENSG00000153993	7	84614508	84851171	376	58749	2.1642	0.015225	4.0	4.0	intermediate	intermediate
55500	ETNK1	ENSG00000139163	12	22743076	22853608	197	58749	2.1638	0.015239	2.0	1.0	intermediate	intermediate
26040	SETBP1	ENSG00000152217	18	42223849	42658475	829	58749	2.1637	0.015243	19.0	8.0	high_6	high_10
54465	ETAA1	ENSG00000143971	2	67589442	67647540	158	58749	2.163	0.01527	13.0	8.0	high_6	high_10
405	ARNT	ENSG00000143437	1	150772181	150884244	173	58749	2.1617	0.015321	2.0	2.0	intermediate	intermediate
80267	EDEM3	ENSG00000116406	1	184649625	184759041	222	58749	2.1609	0.015353	1.0	1.0	low	low
7064	THOP1	ENSG00000172009	19	2750464	2823599	156	58749	2.1606	0.015364	1.0	1.0	low	low
753	LDLRAD4	ENSG00000168675	18	13183729	13662753	1309	58749	2.1605	0.015366	1.0	1.0	low	low
56911	MAP3K7CL	ENSG00000156265	21	30414659	30558210	381	58749	2.1601	0.015383	8.0	2.0	high_6	intermediate
10319	LAMC3	ENSG00000050555	9	133849504	133978446	426	58749	2.16	0.015386	1.0	1.0	low	low
11077	HSF2BP	ENSG00000160207	21	44939066	45114380	296	58749	2.1582	0.015458	1.0	1.0	low	low
26033	ATRNL1	ENSG00000107518	10	116818124	117718496	1794	58749	2.1578	0.015472	2.0	2.0	intermediate	intermediate
56033	BARX1	ENSG00000131668	9	96703909	96752608	120	58749	2.1572	0.015494	8.0	5.0	high_6	intermediate
80169	CTC1	ENSG00000178971	17	8118139	8186413	185	58749	2.1564	0.015528	2.0	1.0	intermediate	intermediate
22874	PLEKHA6	ENSG00000143850	1	204177979	204364057	562	58749	2.1558	0.015548	1.0	1.0	low	low
10142	AKAP9	ENSG00000127914	7	91535181	91749987	364	58749	2.1553	0.01557	1.0	1.0	low	low
5244	ABCB4	ENSG00000005471	7	87021361	87140019	265	58749	2.1546	0.015595	7.0	4.0	high_6	intermediate
79094	CHAC1	ENSG00000128965	15	41210636	41258717	97	58749	2.1541	0.015614	3.0	2.0	intermediate	intermediate
84640	USP38	ENSG00000170185	4	144071070	144153141	151	58749	2.1533	0.015647	5.0	4.0	intermediate	intermediate
6675	UAP1	ENSG00000117143	1	162496296	162580379	142	58749	2.1523	0.015689	1.0	1.0	low	low
400823	FAM177B	ENSG00000197520	1	222875558	222936932	99	58749	2.1521	0.015693	6.0	2.0	high_6	intermediate
84107	ZIC4	ENSG00000174963	3	147093835	147159596	117	58749	2.1513	0.015725	2.0	2.0	intermediate	intermediate
27343	POLL	ENSG00000166169	10	103328639	103383027	87	58749	2.151	0.015738	1.0	1.0	low	low
2890	GRIA1	ENSG00000155511	5	152835084	153203429	1294	58749	2.1505	0.015756	9.0	2.0	high_6	intermediate
10905	MAN1A2	ENSG00000198162	1	117875085	118078320	527	58749	2.1502	0.015772	1.0	1.0	low	low
56829	ZC3HAV1	ENSG00000105939	7	138718266	138829466	295	58749	2.15	0.015779	4.0	3.0	intermediate	intermediate
23322	RPGRIP1L	ENSG00000103494	16	53623818	53772771	306	58749	2.1493	0.015804	6.0	4.0	high_6	intermediate
9261	MAPKAPK2	ENSG00000162889	1	206823295	206917630	242	58749	2.1488	0.015823	1.0	1.0	low	low
5156	PDGFRA	ENSG00000134853	4	55060264	55174412	259	58749	2.1474	0.015882	3.0	2.0	intermediate	intermediate
22899	ARHGEF15	ENSG00000198844	17	8178556	8235834	187	58749	2.1474	0.015883	1.0	1.0	low	low
26999	CYFIP2	ENSG00000055163	5	156658091	156832606	525	58749	2.1467	0.01591	2.0	2.0	intermediate	intermediate
93100	NAPRT1	ENSG00000147813	8	144646955	144695881	201	58749	2.1463	0.015925	1.0	1.0	low	low
10651	MTX2	ENSG00000128654	2	177099123	177212753	214	58749	2.1458	0.015944	7.0	6.0	high_6	intermediate
80017	C14orf159	ENSG00000133943	14	91491677	91701976	517	58749	2.1455	0.015957	1.0	1.0	low	low
4734	NEDD4	ENSG00000069869	15	56109120	56320835	782	58749	2.1448	0.015986	8.0	5.0	high_6	intermediate
5098	PCDHGC5	ENSG00000240764	5	140820569	140902546	200	58749	2.1429	0.01606	2.0	1.0	intermediate	intermediate
125336	LOXHD1	ENSG00000167210	18	44046935	44271996	711	58749	2.1415	0.016116	1.0	1.0	low	low
4069	LYZ	ENSG00000090382	12	69707134	69758013	164	58749	2.1413	0.016123	2.0	2.0	intermediate	intermediate
23468	CBX5	ENSG00000094916	12	54614730	54708915	79	58749	2.1362	0.016332	1.0	1.0	low	low
2820	GPD2	ENSG00000115159	2	157256965	157452915	359	58749	2.1351	0.016375	7.0	3.0	high_6	intermediate
25824	PRDX5	ENSG00000126432	11	64050347	64099295	50	58749	2.1351	0.016377	1.0	1.0	low	low
9256	BZRAP1	ENSG00000005379	17	56368588	56441152	189	58749	2.1342	0.016415	3.0	2.0	intermediate	intermediate
285527	FRYL	ENSG00000075539	4	48489380	48817329	408	58749	2.1334	0.016447	2.0	2.0	intermediate	intermediate
138715	ARID3C	ENSG00000205143	9	34611455	34663011	83	58749	2.1334	0.016445	1.0	1.0	low	low
51582	AZIN1	ENSG00000155096	8	103828536	103911905	216	58749	2.1333	0.016451	1.0	1.0	low	low
5932	RBBP8	ENSG00000101773	18	20478295	20616451	305	58749	2.1325	0.016483	6.0	3.0	high_6	intermediate
3485	IGFBP2	ENSG00000115457	2	217463127	217539159	168	58749	2.1316	0.016521	1.0	1.0	low	low
55183	RIF1	ENSG00000080345	2	152231397	152343860	255	58749	2.1305	0.016564	1.0	1.0	low	low
774	CACNA1B	ENSG00000148408	9	140737241	141029076	634	58749	2.1304	0.016569	3.0	3.0	intermediate	intermediate
93643	TJAP1	ENSG00000137221	6	43410261	43484294	141	58749	2.1292	0.01662	5.0	4.0	intermediate	intermediate
4801	NFYB	ENSG00000120837	12	104500858	104567040	171	58749	2.1278	0.016676	1.0	1.0	low	low
54476	RNF216	ENSG00000011275	7	5649672	5856361	789	58749	2.127	0.016709	2.0	1.0	intermediate	intermediate
55154	MSTO1	ENSG00000125459	1	155544961	155594758	40	58749	2.1259	0.016754	1.0	1.0	low	low
161436	EML5	ENSG00000165521	14	89069241	89294096	379	58749	2.1254	0.016779	1.0	1.0	low	low
157807	CLVS1	ENSG00000177182	8	62165514	62424204	520	58749	2.1243	0.016822	3.0	3.0	intermediate	intermediate
93	ACVR2B	ENSG00000114739	3	38460790	38544633	157	58749	2.1238	0.016842	2.0	1.0	intermediate	intermediate
1345	COX6C	ENSG00000164919	8	100880223	100941242	97	58749	2.1238	0.016844	1.0	1.0	low	low
389	RHOC	ENSG00000155366	1	113233749	113285025	119	58749	2.1212	0.016955	3.0	3.0	intermediate	intermediate
114788	CSMD3	ENSG00000164796	8	113225157	114484242	2977	58749	2.1195	0.017025	2.0	2.0	intermediate	intermediate
9686	VGLL4	ENSG00000144560	3	11587543	11797220	718	58749	2.119	0.017047	10.0	5.0	high_6	high_10
6482	ST3GAL1	ENSG00000008513	8	134457091	134619697	649	58749	2.1188	0.017054	1.0	1.0	low	low
351	APP	ENSG00000142192	21	27242861	27578446	878	58749	2.1188	0.017056	6.0	3.0	high_6	intermediate
7343	UBTF	ENSG00000108312	17	42272401	42333994	102	58749	2.1176	0.017106	2.0	2.0	intermediate	intermediate
55843	ARHGAP15	ENSG00000075884	2	143851899	144535921	1497	58749	2.1174	0.017113	28.0	10.0	high_6	high_10
6954	TCP11	ENSG00000124678	6	35075848	35144187	220	58749	2.1167	0.017143	16.0	5.0	high_6	high_10
150864	FAM117B	ENSG00000138439	2	203464901	203644480	222	58749	2.1161	0.017169	3.0	3.0	intermediate	intermediate
54622	ARL15	ENSG00000185305	5	53170578	53641403	1410	58749	2.1159	0.017176	8.0	6.0	high_6	intermediate
221458	KIF6	ENSG00000164627	6	39292876	39728181	1204	58749	2.1157	0.017186	1.0	1.0	low	low
5800	PTPRO	ENSG00000151490	12	15440191	15761265	641	58749	2.1154	0.017198	5.0	3.0	intermediate	intermediate
57690	TNRC6C	ENSG00000078687	17	75965194	76114916	263	58749	2.1152	0.017205	1.0	1.0	low	low
11164	NUDT5	ENSG00000165609	10	12199573	12273143	175	58749	2.115	0.017214	5.0	4.0	intermediate	intermediate
1401	CRP	ENSG00000132693	1	159672079	159719396	112	58749	2.1136	0.017277	9.0	3.0	high_6	intermediate
638	BIK	ENSG00000100290	22	43471754	43535718	214	58749	2.1119	0.017348	3.0	1.0	intermediate	intermediate
841	CASP8	ENSG00000064012	2	202063166	202162434	238	58749	2.1093	0.01746	22.0	4.0	high_6	high_10
143884	CWF19L2	ENSG00000152404	11	107187071	107363572	620	58749	2.1084	0.0175	2.0	2.0	intermediate	intermediate
219931	TPCN2	ENSG00000162341	11	68781350	68868072	263	58749	2.1084	0.017498	17.0	8.0	high_6	high_10
219736	STOX1	ENSG00000165730	10	70552294	70665209	306	58749	2.108	0.017516	2.0	1.0	intermediate	intermediate
1847	DUSP5	ENSG00000138166	10	112222625	112281302	134	58749	2.1074	0.017541	4.0	3.0	intermediate	intermediate
643853	GLB1	ENSG00000170266	3	33028219	33173689	446	58749	2.1072	0.017551	14.0	4.0	high_6	high_10
2720	GLB1	ENSG00000170266	3	33028100	33173694	446	58749	2.1072	0.017551	14.0	4.0	high_6	high_10
645369	TMEM200C	ENSG00000206432	18	5879411	5930373	144	58749	2.1064	0.017584	2.0	2.0	intermediate	intermediate
8398	PLA2G6	ENSG00000184381	22	38497502	38612857	402	58749	2.1062	0.017594	10.0	6.0	high_6	high_10
6575	SLC20A2	ENSG00000168575	8	42263980	42432356	363	58749	2.1059	0.017605	2.0	2.0	intermediate	intermediate
10472	ZBTB18	ENSG00000179456	1	244177241	244230778	131	58749	2.1045	0.017668	3.0	2.0	intermediate	intermediate
9079	LDB2	ENSG00000169744	4	16493164	16935424	1257	58749	2.1041	0.017686	2.0	2.0	intermediate	intermediate
51337	THEM6	ENSG00000130193	8	143773621	143828350	137	58749	2.1018	0.017784	2.0	2.0	intermediate	intermediate
80115	BAIAP2L2	ENSG00000128298	22	38470896	38541971	163	58749	2.1014	0.017802	3.0	3.0	intermediate	intermediate
200916	RPL22L1	ENSG00000163584	3	170572664	170623045	93	58749	2.1006	0.017839	4.0	4.0	intermediate	intermediate
54927	CHCHD3	ENSG00000106554	7	132459623	132801839	643	58749	2.1002	0.017854	1.0	1.0	low	low
2775	GNAO1	ENSG00000087258	16	56190251	56401356	543	58749	2.0978	0.01796	1.0	1.0	low	low
254428	SLC41A1	ENSG00000133065	1	205748221	205817887	174	58749	2.0977	0.017968	1.0	1.0	low	low
11107	PRDM5	ENSG00000138738	4	121603070	121879013	1049	58749	2.0974	0.017979	9.0	3.0	high_6	intermediate
1418	CRYGA	ENSG00000168582	2	209015464	209063366	192	58749	2.0964	0.018024	1.0	1.0	low	low
730087	ZNF726	ENSG00000213967	19	24062684	24126769	215	58749	2.0955	0.018065	1.0	1.0	low	low
64799	IQCH	ENSG00000103599	15	67512138	67804142	473	58749	2.0955	0.018064	8.0	5.0	high_6	intermediate
11097	NUPL2	ENSG00000136243	7	23186446	23250630	221	58749	2.0953	0.018071	1.0	1.0	low	low
1137	CHRNA4	ENSG00000101204	20	61964662	62044487	405	58749	2.0948	0.018094	12.0	5.0	high_6	high_10
4857	NOVA1	ENSG00000139910	14	26905089	27102239	305	58749	2.094	0.018129	5.0	3.0	intermediate	intermediate
55766	H2AFJ	ENSG00000246705	12	14892270	14940936	147	58749	2.0939	0.018133	1.0	1.0	low	low
2784	GNB3	ENSG00000111664	12	6914375	6966564	118	58749	2.0935	0.018152	4.0	2.0	intermediate	intermediate
83988	NCALD	ENSG00000104490	8	102688770	103172135	1368	58749	2.0934	0.018159	5.0	3.0	intermediate	intermediate
84692	CCDC54	ENSG00000138483	3	107061188	107107481	144	58749	2.0914	0.018247	5.0	3.0	intermediate	intermediate
59277	NTN4	ENSG00000074527	12	96041583	96219565	585	58749	2.0909	0.018269	2.0	2.0	intermediate	intermediate
1030	CDKN2B	ENSG00000147883	9	21992902	22044312	102	58749	2.0906	0.01828	148.0	21.0	high_6	high_10
57468	SLC12A5	ENSG00000124140	20	44615329	44698789	248	58749	2.0897	0.018322	6.0	1.0	high_6	intermediate
284119	PTRF	ENSG00000177469	17	40544467	40610506	175	58749	2.0881	0.018396	3.0	3.0	intermediate	intermediate
51602	NOP58	ENSG00000055044	2	203095515	203178384	148	58749	2.0878	0.018408	2.0	2.0	intermediate	intermediate
23112	TNRC6B	ENSG00000100354	22	40405046	40741812	509	58749	2.0875	0.01842	9.0	5.0	high_6	intermediate
26133	TRPC4AP	ENSG00000100991	20	33580207	33715618	354	58749	2.087	0.018443	12.0	6.0	high_6	high_10
4240	MFGE8	ENSG00000140545	15	89431914	89491685	209	58749	2.0865	0.018466	6.0	2.0	high_6	intermediate
55083	KIF26B	ENSG00000162849	1	245283287	245876428	2148	58749	2.0855	0.018511	2.0	2.0	intermediate	intermediate
92595	ZNF764	ENSG00000169951	16	30555085	30604642	38	58749	2.0852	0.018526	2.0	2.0	intermediate	intermediate
3981	LIG4	ENSG00000174405	13	108849790	108905716	120	58749	2.084	0.018582	1.0	1.0	low	low
29890	RBM15B	ENSG00000259956	3	51393699	51445339	62	58749	2.0835	0.018604	2.0	1.0	intermediate	intermediate
283116	TRIM49B	ENSG00000182053	11	49018152	49069529	153	58749	2.0825	0.01865	3.0	3.0	intermediate	intermediate
5550	PREP	ENSG00000085377	6	105715442	105885999	447	58749	2.0816	0.01869	3.0	3.0	intermediate	intermediate
8677	STX10	ENSG00000104915	19	13244872	13296188	109	58749	2.0804	0.018745	1.0	1.0	low	low
65983	GRAMD3	ENSG00000155324	5	125660788	125839853	537	58749	2.0803	0.018749	3.0	3.0	intermediate	intermediate
80125	CCDC33	ENSG00000140481	15	74493630	74638813	373	58749	2.0802	0.018752	1.0	1.0	low	low
5578	PRKCA	ENSG00000154229	17	64263760	64816862	1909	58749	2.0787	0.018823	7.0	3.0	high_6	intermediate
129852	C2orf73	ENSG00000177994	2	54523006	54598714	186	58749	2.0787	0.018824	2.0	2.0	intermediate	intermediate
55351	STK32B	ENSG00000152953	4	5018527	5512728	2081	58749	2.0784	0.018834	1.0	1.0	low	low
57507	ZNF608	ENSG00000168916	5	123962606	124119517	425	58749	2.0782	0.018845	9.0	2.0	high_6	intermediate
8850	KAT2B	ENSG00000114166	3	20046524	20205896	593	58749	2.0775	0.018876	4.0	3.0	intermediate	intermediate
253827	MSRB3	ENSG00000174099	12	65637423	65870687	338	58749	2.0775	0.018876	4.0	2.0	intermediate	intermediate
64395	GMCL1	ENSG00000087338	2	70021818	70116727	177	58749	2.0764	0.018926	2.0	1.0	intermediate	intermediate
51320	MEX3C	ENSG00000176624	18	48690920	48759051	136	58749	2.076	0.018946	1.0	1.0	low	low
375190	FAM228B	ENSG00000219626	2	24311350	24402507	292	58749	2.0757	0.018962	2.0	2.0	intermediate	intermediate
1002	CDH4	ENSG00000179242	20	59792482	60525673	2991	58749	2.0735	0.019062	3.0	2.0	intermediate	intermediate
6769	STAC	ENSG00000144681	3	36386842	36599499	836	58749	2.0732	0.019077	5.0	3.0	intermediate	intermediate
10007	GNPDA1	ENSG00000113552	5	141370234	141427620	190	58749	2.0715	0.019154	3.0	2.0	intermediate	intermediate
1280	COL2A1	ENSG00000139219	12	48356748	48433285	278	58749	2.0711	0.019173	6.0	3.0	high_6	intermediate
8674	VAMP4	ENSG00000117533	1	171659296	171746379	265	58749	2.0694	0.019256	2.0	2.0	intermediate	intermediate
121256	TMEM132D	ENSG00000151952	12	129546271	130423212	3166	58749	2.0692	0.019265	1.0	1.0	low	low
51306	FAM13B	ENSG00000031003	5	137263638	137422650	303	58749	2.0691	0.019266	4.0	2.0	intermediate	intermediate
23024	PDZRN3	ENSG00000121440	3	73421582	73709072	730	58749	2.0691	0.019269	5.0	3.0	intermediate	intermediate
9258	MFHAS1	ENSG00000147324	8	8630864	8786131	728	58749	2.0687	0.019289	8.0	6.0	high_6	intermediate
79591	C10orf76	ENSG00000120029	10	103595356	103850932	327	58749	2.0665	0.019392	3.0	2.0	intermediate	intermediate
128153	SPATA17	ENSG00000162814	1	217769684	218050492	776	58749	2.0658	0.019421	2.0	1.0	intermediate	intermediate
5152	PDE9A	ENSG00000160191	21	44038862	44205619	645	58749	2.0655	0.01944	1.0	1.0	low	low
4123	MAN2C1	ENSG00000140400	15	75638133	75696455	56	58749	2.0626	0.019577	1.0	1.0	low	low
83855	KLF16	ENSG00000129911	19	1842398	1898564	129	58749	2.0625	0.019581	2.0	2.0	intermediate	intermediate
5583	PRKCH	ENSG00000027075	14	61753515	62027698	751	58749	2.0615	0.019629	2.0	2.0	intermediate	intermediate
79982	DNAJB14	ENSG00000164031	4	100807405	100902883	165	58749	2.0613	0.019638	1.0	1.0	low	low
1580	CYP4B1	ENSG00000142973	1	47229670	47295021	143	58749	2.0591	0.019744	1.0	1.0	low	low
6578	SLCO2A1	ENSG00000174640	3	133641540	133783920	407	58749	2.0582	0.019787	3.0	2.0	intermediate	intermediate
6457	SH3GL3	ENSG00000140600	15	84081091	84297495	487	58749	2.0578	0.019803	2.0	2.0	intermediate	intermediate
65110	UPF3A	ENSG00000169062	13	115012059	115081292	168	58749	2.0551	0.019935	1.0	1.0	low	low
143187	VTI1A	ENSG00000151532	10	114171756	114588503	876	58749	2.053	0.020036	7.0	2.0	high_6	intermediate
646000	SLC35G5	ENSG00000177710	18	11574557	11620611	115	58749	2.0519	0.020091	3.0	2.0	intermediate	intermediate
196996	GRAMD2	ENSG00000175318	15	72442147	72525136	127	58749	2.0509	0.020136	2.0	2.0	intermediate	intermediate
25862	USP49	ENSG00000164663	6	41747634	41898099	268	58749	2.0506	0.020151	1.0	1.0	low	low
30849	PIK3R4	ENSG00000196455	3	130387778	130500696	197	58749	2.0501	0.020177	1.0	1.0	low	low
80331	DNAJC5	ENSG00000101152	20	62491455	62577384	239	58749	2.0493	0.020214	1.0	1.0	low	low
2108	ETFA	ENSG00000140374	15	76498628	76638810	275	58749	2.0491	0.020227	3.0	2.0	intermediate	intermediate
116236	ABHD15	ENSG00000168792	17	27877679	27929042	76	58749	2.049	0.020231	1.0	1.0	low	low
2994	GYPB	ENSG00000250361	4	144907257	144975498	140	58749	2.0476	0.020301	2.0	2.0	intermediate	intermediate
23076	RRP1B	ENSG00000160208	21	45044432	45125960	149	58749	2.0462	0.020366	1.0	1.0	low	low
11033	ADAP1	ENSG00000105963	7	927537	1030208	401	58749	2.0427	0.020542	6.0	4.0	high_6	intermediate
50940	PDE11A	ENSG00000128655	2	178477977	179008066	1736	58749	2.0418	0.020583	2.0	2.0	intermediate	intermediate
2596	GAP43	ENSG00000172020	3	115307151	115450334	383	58749	2.0407	0.020638	2.0	2.0	intermediate	intermediate
3373	HYAL1	ENSG00000114378	3	50327320	50384812	43	58749	2.0401	0.02067	1.0	1.0	low	low
5596	MAPK4	ENSG00000141639	18	48051484	48268196	506	58749	2.0386	0.020744	1.0	1.0	low	low
3624	INHBA	ENSG00000122641	7	41718601	41777706	87	58749	2.0385	0.020748	5.0	3.0	intermediate	intermediate
8301	PICALM	ENSG00000073921	11	85658214	85815923	429	58749	2.0377	0.020788	8.0	3.0	high_6	intermediate
8462	KLF11	ENSG00000172059	2	10135776	10204963	230	58749	2.0374	0.020804	2.0	2.0	intermediate	intermediate
51333	ZNF771	ENSG00000179965	16	30383735	30439916	72	58749	2.0373	0.020811	1.0	1.0	low	low
54472	TOLLIP	ENSG00000078902	11	1285598	1365892	246	58749	2.037	0.020823	1.0	1.0	low	low
11218	DDX20	ENSG00000064703	1	112263190	112320199	183	58749	2.0363	0.020858	3.0	2.0	intermediate	intermediate
51341	ZBTB7A	ENSG00000178951	19	4035216	4101816	149	58749	2.0362	0.020866	7.0	5.0	high_6	intermediate
54875	CNTLN	ENSG00000044459	9	17099989	17513921	1384	58749	2.0346	0.020946	4.0	1.0	intermediate	intermediate
65981	CAPRIN2	ENSG00000110888	12	30852486	30942448	230	58749	2.0338	0.020988	2.0	2.0	intermediate	intermediate
133746	JMY	ENSG00000152409	5	78496925	78633038	248	58749	2.0334	0.021004	3.0	2.0	intermediate	intermediate
81501	DCSTAMP	ENSG00000164935	8	105317024	105378917	231	58749	2.0324	0.021056	2.0	2.0	intermediate	intermediate
84940	CORO6	ENSG00000167549	17	27931774	27984926	57	58749	2.0324	0.021056	1.0	1.0	low	low
254170	FBXO33	ENSG00000165355	14	39855577	39936704	197	58749	2.0299	0.021182	1.0	1.0	low	low
688	KLF5	ENSG00000102554	13	73594114	73661676	196	58749	2.0293	0.021214	20.0	6.0	high_6	high_10
3992	FADS1	ENSG00000149485	11	61557097	61619529	113	58749	2.0292	0.02122	26.0	10.0	high_6	high_10
3075	CFH	ENSG00000000971	1	196586008	196726634	258	58749	2.0287	0.021246	17.0	5.0	high_6	high_10
100130988	C7orf72	ENSG00000164500	7	50100682	50208852	338	58749	2.0287	0.021245	7.0	3.0	high_6	intermediate
27201	GPR78	ENSG00000155269	4	8546964	8601750	293	58749	2.0283	0.021263	2.0	2.0	intermediate	intermediate
6304	SATB1	ENSG00000182568	3	18379133	18515265	290	58749	2.0281	0.021274	26.0	11.0	high_6	high_10
124930	ANKRD13B	ENSG00000198720	17	27885527	27951779	90	58749	2.0264	0.021362	1.0	1.0	low	low
1787	TRDMT1	ENSG00000107614	10	17169828	17279093	324	58749	2.0257	0.021396	5.0	2.0	intermediate	intermediate
5126	PCSK2	ENSG00000125851	20	17171752	17475223	1077	58749	2.0249	0.021441	1.0	1.0	low	low
55832	CAND1	ENSG00000111530	12	67628061	67718388	301	58749	2.0237	0.021499	1.0	1.0	low	low
79571	GCC1	ENSG00000179562	7	127210682	127260654	108	58749	2.0225	0.021565	6.0	4.0	high_6	intermediate
611	OPN1SW	ENSG00000128617	7	128402543	128450844	121	58749	2.0219	0.021594	1.0	1.0	low	low
254394	MCM9	ENSG00000111877	6	119124612	119291327	487	58749	2.0218	0.021597	1.0	1.0	low	low
29855	UBN1	ENSG00000118900	16	4861666	4942363	271	58749	2.021	0.021638	4.0	4.0	intermediate	intermediate
27130	INVS	ENSG00000119509	9	102826467	103073908	484	58749	2.0209	0.021645	4.0	3.0	intermediate	intermediate
5663	PSEN1	ENSG00000080815	14	73568143	73700399	248	58749	2.0207	0.021655	1.0	1.0	low	low
3150	HMGN1	ENSG00000205581	21	40704241	40756047	147	58749	2.0204	0.02167	2.0	1.0	intermediate	intermediate
7166	TPH1	ENSG00000129167	11	18032084	18097354	103	58749	2.0203	0.021677	1.0	1.0	low	low
84172	POLR1B	ENSG00000125630	2	113263676	113344727	188	58749	2.0203	0.021678	2.0	1.0	intermediate	intermediate
5795	PTPRJ	ENSG00000149177	11	47967101	48202394	440	58749	2.0202	0.021684	19.0	8.0	high_6	high_10
9852	EPM2AIP1	ENSG00000178567	3	37017357	37069795	84	58749	2.0196	0.021712	1.0	1.0	low	low
728215	FAM155A	ENSG00000204442	13	107810879	108554460	2525	58749	2.0184	0.021776	2.0	1.0	intermediate	intermediate
1525	CXADR	ENSG00000154639	21	18850224	18975897	336	58749	2.0161	0.021896	13.0	4.0	high_6	high_10
221336	BEND6	ENSG00000151917	6	56784773	56902450	233	58749	2.0159	0.021905	2.0	2.0	intermediate	intermediate
266727	MDGA1	ENSG00000112139	6	37590284	37700766	457	58749	2.0157	0.021915	4.0	3.0	intermediate	intermediate
23036	ZNF292	ENSG00000188994	6	87830269	87983926	404	58749	2.0154	0.021929	1.0	1.0	low	low
26094	DCAF4	ENSG00000119599	14	73358040	73438825	325	58749	2.015	0.021953	1.0	1.0	low	low
5738	PTGFRN	ENSG00000134247	1	117417689	117542972	310	58749	2.0147	0.021966	2.0	1.0	intermediate	intermediate
10659	CELF2	ENSG00000048740	10	10803851	11388674	1803	58749	2.0134	0.022036	10.0	3.0	high_6	high_10
25803	SPDEF	ENSG00000124664	6	34495579	34559110	150	58749	2.0133	0.022042	3.0	3.0	intermediate	intermediate
90459	ERI1	ENSG00000104626	8	8825314	8900849	301	58749	2.0127	0.022073	2.0	1.0	intermediate	intermediate
84109	QRFPR	ENSG00000186867	4	122239797	122337181	500	58749	2.0117	0.022126	3.0	3.0	intermediate	intermediate
131540	ZDHHC19	ENSG00000163958	3	195914323	195973308	241	58749	2.0103	0.022199	1.0	1.0	low	low
63923	TNN	ENSG00000120332	1	175001994	175127202	404	58749	2.0095	0.02224	1.0	1.0	low	low
785	CACNB4	ENSG00000182389	2	152679285	152990593	703	58749	2.0087	0.022286	1.0	1.0	low	low
285521	COX18	ENSG00000163626	4	73910416	73970476	42	58749	2.0085	0.022295	2.0	2.0	intermediate	intermediate
5447	POR	ENSG00000127948	7	75509420	75626173	206	58749	2.0075	0.022351	1.0	1.0	low	low
27000	DNAJC2	ENSG00000105821	7	102942921	103020320	121	58749	2.0075	0.02235	1.0	1.0	low	low
11052	CPSF6	ENSG00000111605	12	69598317	69678138	168	58749	2.0074	0.022355	2.0	2.0	intermediate	intermediate
80131	LRRC8E	ENSG00000171017	19	7918390	7976908	149	58749	2.0065	0.022402	1.0	1.0	low	low
4355	MPP2	ENSG00000108852	17	41942727	42022079	238	58749	2.0061	0.022422	1.0	1.0	low	low
64326	RFWD2	ENSG00000143207	1	175903967	176211386	664	58749	2.0057	0.022445	9.0	7.0	high_6	intermediate
254102	EHBP1L1	ENSG00000173442	11	65308509	65370121	99	58749	2.0046	0.022503	6.0	4.0	high_6	intermediate
375449	MAST4	ENSG00000069020	5	65857176	66475426	1604	58749	2.0042	0.022526	2.0	2.0	intermediate	intermediate
79785	RERGL	ENSG00000111404	12	18223803	18278139	138	58749	2.003	0.02259	6.0	5.0	high_6	intermediate
284	ANGPT1	ENSG00000154188	8	108251710	108545254	897	58749	2.0016	0.022664	5.0	4.0	intermediate	intermediate
10160	FARP1	ENSG00000152767	13	98759893	99112023	1232	58749	2.0006	0.02272	5.0	4.0	intermediate	intermediate
84708	LNX1	ENSG00000072201	4	54316437	54553653	730	58749	1.9994	0.022785	4.0	4.0	intermediate	intermediate
3663	IRF5	ENSG00000128604	7	128542976	128600089	167	58749	1.9994	0.022781	32.0	10.0	high_6	high_10
49855	SCAPER	ENSG00000140386	15	76630526	77232796	1100	58749	1.9984	0.022836	6.0	6.0	high_6	intermediate
4292	MLH1	ENSG00000076242	3	36999841	37102337	181	58749	1.9975	0.022887	2.0	2.0	intermediate	intermediate
10062	NR1H3	ENSG00000025434	11	47234851	47300584	151	58749	1.9971	0.022907	5.0	4.0	intermediate	intermediate
168850	ZNF800	ENSG00000048405	7	127000097	127067778	211	58749	1.996	0.022966	11.0	5.0	high_6	high_10
54516	MTRF1L	ENSG00000112031	6	153298400	153358925	155	58749	1.9951	0.023015	1.0	1.0	low	low
22861	NLRP1	ENSG00000091592	17	5394719	5522832	556	58749	1.9938	0.023087	1.0	1.0	low	low
284114	TMEM102	ENSG00000181284	17	7303762	7350998	91	58749	1.9937	0.023094	3.0	2.0	intermediate	intermediate
23469	PHF3	ENSG00000118482	6	64310707	64434407	209	58749	1.9936	0.023099	4.0	3.0	intermediate	intermediate
5013	OTX1	ENSG00000115507	2	63242192	63294966	39	58749	1.9936	0.023095	4.0	3.0	intermediate	intermediate
1006	CDH8	ENSG00000150394	16	61671169	62105939	897	58749	1.9922	0.023176	5.0	2.0	intermediate	intermediate
2678	GGT1	ENSG00000100031	22	24944629	25034972	146	58749	1.9902	0.023282	5.0	1.0	intermediate	intermediate
4778	NFE2	ENSG00000123405	12	54675891	54753869	66	58749	1.9902	0.023287	1.0	1.0	low	low
57449	PLEKHG5	ENSG00000171680	1	6516152	6615121	262	58749	1.9898	0.023307	1.0	1.0	low	low
7837	PXDN	ENSG00000130508	2	1625659	1783291	532	58749	1.9884	0.023382	1.0	1.0	low	low
80323	CCDC68	ENSG00000166510	18	52558740	52661739	247	58749	1.9868	0.023471	9.0	4.0	high_6	intermediate
392617	ELFN1	ENSG00000225968	7	1713798	1797590	203	58749	1.9865	0.023487	25.0	8.0	high_6	high_10
84163	GTF2IRD2	ENSG00000196275	7	74200483	74302872	12	58749	1.9864	0.023492	7.0	3.0	high_6	intermediate
388228	SBK1	ENSG00000188322	16	28235041	28345170	215	58749	1.9855	0.023542	1.0	1.0	low	low
56172	ANKH	ENSG00000154122	5	14694909	14906887	550	58749	1.9849	0.023577	6.0	3.0	high_6	intermediate
23373	CRTC1	ENSG00000105662	19	18759425	18903143	368	58749	1.9843	0.023614	14.0	8.0	high_6	high_10
10670	RRAGA	ENSG00000155876	9	19014372	19061023	189	58749	1.9835	0.023655	2.0	1.0	intermediate	intermediate
55763	EXOC1	ENSG00000090989	4	56684802	56781244	227	58749	1.9825	0.023713	1.0	1.0	low	low
255928	SYT14	ENSG00000143469	1	210076519	210347636	429	58749	1.9824	0.02372	3.0	3.0	intermediate	intermediate
100423062	IGLL5	ENSG00000254709	22	23194960	23248014	166	58749	1.982	0.023738	1.0	1.0	low	low
23301	EHBP1	ENSG00000115504	2	62865986	63283622	459	58749	1.9815	0.02377	8.0	5.0	high_6	intermediate
2829	XCR1	ENSG00000173578	3	46052291	46103979	203	58749	1.9808	0.023807	5.0	5.0	intermediate	intermediate
54758	KLHDC4	ENSG00000104731	16	87720239	87834603	459	58749	1.9806	0.023816	2.0	2.0	intermediate	intermediate
10973	ASCC3	ENSG00000112249	6	100946325	101364243	1059	58749	1.9804	0.023832	4.0	2.0	intermediate	intermediate
29993	PACSIN1	ENSG00000124507	6	34398838	34513000	263	58749	1.9802	0.023839	6.0	4.0	high_6	intermediate
65217	PCDH15	ENSG00000150275	10	55552531	56596051	3900	58749	1.9797	0.023871	2.0	2.0	intermediate	intermediate
23613	ZMYND8	ENSG00000101040	20	45827994	46020485	327	58749	1.9783	0.023947	7.0	4.0	high_6	intermediate
5049	PAFAH1B2	ENSG00000168092	11	116980000	117058889	250	58749	1.9782	0.023955	1.0	1.0	low	low
9379	NRXN2	ENSG00000110076	11	64363646	64525660	205	58749	1.9778	0.023974	3.0	2.0	intermediate	intermediate
11328	FKBP9	ENSG00000122642	7	32962005	33056543	228	58749	1.9762	0.024065	1.0	1.0	low	low
51471	NAT8	ENSG00000144035	2	73917636	73963467	98	58749	1.9745	0.024164	2.0	2.0	intermediate	intermediate
6204	RPS10	ENSG00000124614	6	34375231	34428902	136	58749	1.9734	0.024228	3.0	3.0	intermediate	intermediate
339479	BRINP3	ENSG00000162670	1	190056792	190482534	841	58749	1.973	0.02425	15.0	8.0	high_6	high_10
3651	PDX1	ENSG00000139515	13	28459168	28510451	189	58749	1.9728	0.024261	4.0	3.0	intermediate	intermediate
6909	TBX2	ENSG00000121068	17	59442257	59496827	122	58749	1.9723	0.024285	19.0	8.0	high_6	high_10
81609	SNX27	ENSG00000143376	1	151549454	151681559	183	58749	1.9705	0.02439	3.0	2.0	intermediate	intermediate
285672	SREK1IP1	ENSG00000153006	5	64003975	64099496	139	58749	1.9705	0.024391	9.0	5.0	high_6	intermediate
401138	AMTN	ENSG00000187689	4	71349298	71408460	348	58749	1.9704	0.024395	1.0	1.0	low	low
80010	RMI1	ENSG00000178966	9	86560321	86628989	107	58749	1.9702	0.024409	2.0	2.0	intermediate	intermediate
84966	IGSF21	ENSG00000117154	1	18399240	18714977	1118	58749	1.9695	0.024448	1.0	1.0	low	low
1292	COL6A2	ENSG00000142173	21	47483033	47562763	368	58749	1.9694	0.024451	6.0	3.0	high_6	intermediate
9855	FARP2	ENSG00000006607	2	242260664	242444256	428	58749	1.9693	0.024457	5.0	3.0	intermediate	intermediate
6876	TAGLN	ENSG00000149591	11	117035040	117085508	146	58749	1.9693	0.024457	1.0	1.0	low	low
200844	C3orf67	ENSG00000163689	3	58710199	59070804	439	58749	1.9683	0.024514	1.0	1.0	low	low
7073	TIAL1	ENSG00000151923	10	121322977	121391541	181	58749	1.9675	0.024561	1.0	1.0	low	low
3232	HOXD3	ENSG00000128652	2	176966669	177053737	175	58749	1.966	0.024648	5.0	2.0	intermediate	intermediate
171019	ADAMTS19	ENSG00000145808	5	128761103	129084376	812	58749	1.9642	0.024752	1.0	1.0	low	low
642475	MROH6	ENSG00000204839	8	144638362	144689928	214	58749	1.9622	0.024871	1.0	1.0	low	low
26271	FBXO5	ENSG00000112029	6	153281658	153339740	169	58749	1.9614	0.024916	1.0	1.0	low	low
3078	CFHR1	ENSG00000244414	1	196753861	196811319	34	58749	1.9606	0.024962	4.0	3.0	intermediate	intermediate
389384	C6orf222	ENSG00000189325	6	36273534	36339662	189	58749	1.9598	0.02501	1.0	1.0	low	low
9638	FEZ1	ENSG00000149557	11	125305641	125401206	218	58749	1.9597	0.025018	1.0	1.0	low	low
55975	KLHL7	ENSG00000122550	7	23110353	23225040	318	58749	1.9595	0.025028	1.0	1.0	low	low
3908	LAMA2	ENSG00000196569	6	129169286	129847711	1757	58749	1.9594	0.025031	7.0	4.0	high_6	intermediate
79037	PVRIG	ENSG00000213413	7	99781147	99829113	107	58749	1.9579	0.025118	3.0	2.0	intermediate	intermediate
57282	SLC4A10	ENSG00000144290	2	162445699	162851786	854	58749	1.9569	0.025177	1.0	1.0	low	low
259266	ASPM	ENSG00000066279	1	197043257	197150824	183	58749	1.9566	0.025196	3.0	2.0	intermediate	intermediate
57419	SLC24A3	ENSG00000185052	20	19158290	19713541	1643	58749	1.9561	0.025229	7.0	6.0	high_6	intermediate
1491	CTH	ENSG00000116761	1	70841901	70915534	183	58749	1.9552	0.02528	5.0	3.0	intermediate	intermediate
151056	PLB1	ENSG00000163803	2	28683938	28876654	730	58749	1.9534	0.025387	3.0	3.0	intermediate	intermediate
2765	GML	ENSG00000104499	8	143881217	143938262	230	58749	1.9529	0.025417	2.0	2.0	intermediate	intermediate
4892	NRAP	ENSG00000197893	10	115338583	115458829	403	58749	1.9527	0.025426	1.0	1.0	low	low
26057	ANKRD17	ENSG00000132466	4	73930502	74159858	179	58749	1.9524	0.025446	8.0	7.0	high_6	intermediate
8487	GEMIN2	ENSG00000092208	14	39548488	39616177	174	58749	1.9521	0.025462	1.0	1.0	low	low
2048	EPHB2	ENSG00000133216	1	23002263	23251823	521	58749	1.9516	0.025496	3.0	2.0	intermediate	intermediate
832	CAPZB	ENSG00000077549	1	19655267	19847066	659	58749	1.9499	0.025595	11.0	4.0	high_6	high_10
388886	FAM211B	ENSG00000178026	22	24971588	25024073	75	58749	1.9486	0.02567	2.0	1.0	intermediate	intermediate
5053	PAH	ENSG00000171759	12	103222104	103346381	376	58749	1.9484	0.025682	3.0	2.0	intermediate	intermediate
51427	ZNF107	ENSG00000196247	7	64091461	64181960	253	58749	1.9483	0.025689	2.0	1.0	intermediate	intermediate
57455	REXO1	ENSG00000079313	19	1805245	1883520	185	58749	1.9481	0.025701	2.0	2.0	intermediate	intermediate
3692	EIF6	ENSG00000242372	20	33856709	33907619	97	58749	1.9481	0.025702	1.0	1.0	low	low
2971	GTF3A	ENSG00000122034	13	27963681	28019846	237	58749	1.9481	0.025701	1.0	1.0	low	low
8745	ADAM23	ENSG00000114948	2	207273268	207495854	433	58749	1.9472	0.025757	3.0	3.0	intermediate	intermediate
84969	TOX2	ENSG00000124191	20	42508492	42708256	582	58749	1.9472	0.025753	3.0	2.0	intermediate	intermediate
85414	SLC45A3	ENSG00000158715	1	205616979	205684630	181	58749	1.9469	0.025776	1.0	1.0	low	low
63906	GPATCH3	ENSG00000198746	1	27206979	27261962	77	58749	1.9461	0.025824	2.0	2.0	intermediate	intermediate
6554	SLC10A1	ENSG00000100652	14	70232552	70299006	161	58749	1.9461	0.025819	1.0	1.0	low	low
64324	NSD1	ENSG00000165671	5	176525026	176737214	486	58749	1.946	0.025825	3.0	3.0	intermediate	intermediate
133522	PPARGC1B	ENSG00000155846	5	149074815	149244585	541	58749	1.9447	0.025908	11.0	5.0	high_6	high_10
5771	PTPN2	ENSG00000175354	18	12775477	12919337	385	58749	1.9445	0.02592	23.0	10.0	high_6	high_10
91584	PLXNA4	ENSG00000221866	7	131798091	132368447	1593	58749	1.9444	0.025921	1.0	1.0	low	low
57211	GPR126	ENSG00000112414	6	142588056	142777403	307	58749	1.9444	0.025921	3.0	2.0	intermediate	intermediate
10576	CCT2	ENSG00000166226	12	69944206	70020595	181	58749	1.9443	0.025927	1.0	1.0	low	low
6497	SKI	ENSG00000157933	1	2125134	2251652	316	58749	1.944	0.025949	6.0	6.0	high_6	intermediate
283471	TMPRSS12	ENSG00000186452	12	51201701	51291667	203	58749	1.9435	0.025979	1.0	1.0	low	low
91544	UBXN11	ENSG00000158062	1	26598773	26679756	253	58749	1.9433	0.025988	1.0	1.0	low	low
10660	LBX1	ENSG00000138136	10	102976733	103024954	92	58749	1.9432	0.025997	3.0	2.0	intermediate	intermediate
131616	TMEM42	ENSG00000169964	3	44868408	44917156	62	58749	1.9426	0.026033	1.0	1.0	low	low
1859	DYRK1A	ENSG00000157540	21	38704859	38897679	500	58749	1.9424	0.026042	2.0	2.0	intermediate	intermediate
27166	PRELID1	ENSG00000169230	5	176695763	176743960	111	58749	1.9408	0.026141	5.0	3.0	intermediate	intermediate
4649	MYO9A	ENSG00000066933	15	72104632	72445440	508	58749	1.9404	0.026166	1.0	1.0	low	low
164592	CCDC116	ENSG00000161180	22	21952086	22001616	91	58749	1.9394	0.026225	5.0	3.0	intermediate	intermediate
57089	ENTPD7	ENSG00000198018	10	101384263	101481002	187	58749	1.9392	0.026241	2.0	1.0	intermediate	intermediate
22818	COPZ1	ENSG00000111481	12	54683874	54755635	62	58749	1.9387	0.026267	1.0	1.0	low	low
28960	DCPS	ENSG00000110063	11	126138647	126225644	236	58749	1.9376	0.026338	2.0	1.0	intermediate	intermediate
8326	FZD9	ENSG00000188763	7	72813109	72860450	64	58749	1.937	0.026371	2.0	2.0	intermediate	intermediate
4040	LRP6	ENSG00000070018	12	12258959	12454811	480	58749	1.9364	0.026411	1.0	1.0	low	low
81894	SLC25A28	ENSG00000155287	10	101360275	101454039	215	58749	1.9364	0.026412	6.0	2.0	high_6	intermediate
4440	MSI1	ENSG00000135097	12	120769133	120841983	141	58749	1.9364	0.026412	3.0	2.0	intermediate	intermediate
9840	TESPA1	ENSG00000135426	12	55332087	55413965	321	58749	1.9363	0.026416	13.0	6.0	high_6	high_10
218	ALDH3A1	ENSG00000108602	17	19631297	19686746	105	58749	1.9358	0.026448	1.0	1.0	low	low
8881	CDC16	ENSG00000130177	13	114965320	115048150	252	58749	1.9356	0.02646	1.0	1.0	low	low
9589	WTAP	ENSG00000146457	6	160112712	160187351	186	58749	1.9349	0.026502	1.0	1.0	low	low
8581	LY6D	ENSG00000167656	8	143856298	143903008	226	58749	1.9342	0.026543	3.0	1.0	intermediate	intermediate
29116	MYLIP	ENSG00000007944	6	16094277	16158479	122	58749	1.9316	0.026707	3.0	2.0	intermediate	intermediate
340260	UNCX	ENSG00000164853	7	1237654	1286613	111	58749	1.9313	0.026725	4.0	3.0	intermediate	intermediate
84174	SLA2	ENSG00000101082	20	35230922	35309619	75	58749	1.9313	0.026722	1.0	1.0	low	low
64111	NPVF	ENSG00000105954	7	25254189	25303105	202	58749	1.9288	0.026876	4.0	3.0	intermediate	intermediate
11221	DUSP10	ENSG00000143507	1	221864764	221951204	228	58749	1.9286	0.026891	17.0	8.0	high_6	high_10
151742	PPM1L	ENSG00000163590	3	160438996	160798817	810	58749	1.9286	0.026891	1.0	1.0	low	low
64788	LMF1	ENSG00000103227	16	893634	1066318	891	58749	1.9286	0.026893	3.0	2.0	intermediate	intermediate
284257	BOD1L2	ENSG00000228075	18	54779293	54827639	141	58749	1.9284	0.026903	4.0	4.0	intermediate	intermediate
10613	ERLIN1	ENSG00000107566	10	101899847	101980814	170	58749	1.9274	0.026968	9.0	6.0	high_6	intermediate
9209	LRRFIP2	ENSG00000093167	3	37084117	37252992	292	58749	1.927	0.026988	3.0	2.0	intermediate	intermediate
196264	MPZL3	ENSG00000160588	11	118087405	118159135	249	58749	1.9268	0.026999	3.0	1.0	intermediate	intermediate
2063	NR2F6	ENSG00000160113	19	17332692	17391744	216	58749	1.925	0.027113	2.0	2.0	intermediate	intermediate
140706	CCM2L	ENSG00000101331	20	30563200	30629984	126	58749	1.9236	0.0272	1.0	1.0	low	low
22871	NLGN1	ENSG00000169760	3	173080570	174014434	2439	58749	1.9223	0.027286	6.0	4.0	high_6	intermediate
22920	KIFAP3	ENSG00000075945	1	169880461	170078882	571	58749	1.9219	0.027309	3.0	1.0	intermediate	intermediate
124925	SEZ6	ENSG00000063015	17	27271923	27368458	152	58749	1.9214	0.02734	1.0	1.0	low	low
100506742	CASP12	ENSG00000204403	11	104746445	104804397	112	58749	1.9212	0.027354	1.0	1.0	low	low
204962	SLC44A5	ENSG00000137968	1	75657816	76116698	1120	58749	1.9208	0.027381	1.0	1.0	low	low
128876	FAM83C	ENSG00000125998	20	33863534	33915225	100	58749	1.9205	0.027395	2.0	2.0	intermediate	intermediate
56832	IFNK	ENSG00000147896	9	27489312	27536496	212	58749	1.9204	0.027405	1.0	1.0	low	low
343450	KCNT2	ENSG00000162687	1	196184913	196612690	679	58749	1.9187	0.027508	8.0	4.0	high_6	intermediate
313	AOAH	ENSG00000136250	7	36542549	36799154	732	58749	1.9187	0.027509	3.0	2.0	intermediate	intermediate
23331	TTC28	ENSG00000100154	22	28364002	29110853	1248	58749	1.9185	0.027524	23.0	8.0	high_6	high_10
6196	RPS6KA2	ENSG00000071242	6	166812854	167310948	1711	58749	1.9176	0.027584	1.0	1.0	low	low
2958	GTF2A2	ENSG00000140307	15	59920261	59984737	249	58749	1.9173	0.027597	1.0	1.0	low	low
57181	SLC39A10	ENSG00000196950	2	196442798	196612426	309	58749	1.9168	0.027634	2.0	2.0	intermediate	intermediate
3015	H2AFZ	ENSG00000164032	4	100859242	100906512	89	58749	1.9166	0.027642	1.0	1.0	low	low
51050	PI15	ENSG00000137558	8	75701772	75777264	197	58749	1.9161	0.027678	1.0	1.0	low	low
348938	NIPAL4	ENSG00000172548	5	156852027	156911730	183	58749	1.915	0.027744	1.0	1.0	low	low
5451	POU2F1	ENSG00000143190	1	167155066	167406582	495	58749	1.9149	0.02775	1.0	1.0	low	low
734	OSGIN2	ENSG00000164823	8	90879096	90950096	150	58749	1.9148	0.027757	1.0	1.0	low	low
100507607	NPIPB7	ENSG00000233232	16	28728573	28794171	4	58749	1.9143	0.027789	2.0	1.0	intermediate	intermediate
81563	C1orf21	ENSG00000116667	1	184321150	184608155	716	58749	1.9139	0.027816	1.0	1.0	low	low
9421	HAND1	ENSG00000113196	5	153844532	153892824	151	58749	1.9124	0.027913	1.0	1.0	low	low
51099	ABHD5	ENSG00000011198	3	43697375	43774217	171	58749	1.9119	0.027943	3.0	3.0	intermediate	intermediate
7869	SEMA3B	ENSG00000012171	3	50270040	50324573	57	58749	1.9115	0.02797	1.0	1.0	low	low
147	ADRA1B	ENSG00000170214	5	159308740	159410017	281	58749	1.9111	0.027996	1.0	1.0	low	low
2771	GNAI2	ENSG00000114353	3	50229120	50306786	89	58749	1.911	0.027999	1.0	1.0	low	low
107	ADCY1	ENSG00000164742	7	45579125	45772715	580	58749	1.9104	0.028039	2.0	2.0	intermediate	intermediate
51092	SIDT2	ENSG00000149577	11	117014626	117078161	194	58749	1.9097	0.028083	3.0	2.0	intermediate	intermediate
11124	FAF1	ENSG00000185104	1	50896935	51460936	715	58749	1.9095	0.028098	18.0	8.0	high_6	high_10
27327	TNRC6A	ENSG00000090905	16	24706028	24847548	332	58749	1.9091	0.028124	9.0	6.0	high_6	intermediate
221154	MICU2	ENSG00000165487	13	22056828	22213355	385	58749	1.9083	0.028178	1.0	1.0	low	low
150365	MEI1	ENSG00000167077	22	42060518	42205459	309	58749	1.908	0.028196	1.0	1.0	low	low
255738	PCSK9	ENSG00000169174	1	55470149	55540526	267	58749	1.906	0.028323	23.0	4.0	high_6	high_10
7367	UGT2B17	ENSG00000197888	4	69392902	69469245	12	58749	1.9057	0.028343	5.0	4.0	intermediate	intermediate
8404	SPARCL1	ENSG00000152583	4	88384483	88485798	315	58749	1.905	0.028391	1.0	1.0	low	low
389073	C2orf80	ENSG00000188674	2	209020071	209089969	254	58749	1.9048	0.028405	2.0	1.0	intermediate	intermediate
151188	ARL6IP6	ENSG00000177917	2	153539407	153627767	213	58749	1.9002	0.028705	1.0	1.0	low	low
84259	DCUN1D5	ENSG00000137692	11	102911413	102997944	126	58749	1.9001	0.028712	1.0	1.0	low	low
140801	RPL10L	ENSG00000165496	14	47110213	47156041	98	58749	1.8999	0.028721	8.0	5.0	high_6	intermediate
80790	CMIP	ENSG00000153815	16	81443775	81755367	1296	58749	1.8992	0.028767	9.0	6.0	high_6	intermediate
431704	RGS21	ENSG00000253148	1	192251122	192346415	220	58749	1.8989	0.028787	2.0	1.0	intermediate	intermediate
23199	GSE1	ENSG00000131149	16	85168152	85719812	1958	58749	1.8988	0.028798	3.0	3.0	intermediate	intermediate
10562	OLFM4	ENSG00000102837	13	53567876	53636196	187	58749	1.8984	0.028819	26.0	10.0	high_6	high_10
80045	GPR157	ENSG00000180758	1	9153472	9224229	168	58749	1.8984	0.028822	1.0	1.0	low	low
51302	CYP39A1	ENSG00000146233	6	46507317	46655567	325	58749	1.898	0.02885	1.0	1.0	low	low
57698	KIAA1598	ENSG00000187164	10	118632888	118921097	357	58749	1.8976	0.028876	3.0	2.0	intermediate	intermediate
60490	PPCDC	ENSG00000138621	15	75280927	75353067	180	58749	1.8964	0.028955	7.0	5.0	high_6	intermediate
55647	RAB20	ENSG00000139832	13	111165413	111249071	335	58749	1.8951	0.029037	5.0	4.0	intermediate	intermediate
27244	SESN1	ENSG00000080546	6	109297640	109450708	261	58749	1.8951	0.029037	8.0	4.0	high_6	intermediate
80856	KIAA1715	ENSG00000144320	2	176780410	176902018	314	58749	1.8948	0.02906	3.0	2.0	intermediate	intermediate
91272	BOD1	ENSG00000145919	5	173024148	173078706	130	58749	1.8948	0.029061	5.0	4.0	intermediate	intermediate
89872	AQP10	ENSG00000143595	1	154258592	154307801	121	58749	1.8948	0.02906	1.0	1.0	low	low
7991	TUSC3	ENSG00000104723	8	15362596	15634158	1076	58749	1.8946	0.02907	2.0	2.0	intermediate	intermediate
29999	FSCN3	ENSG00000106328	7	127198689	127251851	122	58749	1.8943	0.029095	2.0	2.0	intermediate	intermediate
729993	SHISA9	ENSG00000237515	16	12960477	13344273	1593	58749	1.894	0.029113	11.0	4.0	high_6	high_10
1959	EGR2	ENSG00000122877	10	64561756	64613927	162	58749	1.8914	0.029287	4.0	3.0	intermediate	intermediate
3696	ITGB8	ENSG00000105855	7	20335345	20465382	436	58749	1.891	0.029315	17.0	7.0	high_6	high_10
896	CCND3	ENSG00000112576	6	41892671	42051610	465	58749	1.89	0.029378	1.0	1.0	low	low
148753	FAM163A	ENSG00000143340	1	179661912	179795333	450	58749	1.8893	0.029429	1.0	1.0	low	low
60495	HPSE2	ENSG00000172987	10	100206834	101030632	1843	58749	1.889	0.029444	4.0	4.0	intermediate	intermediate
153090	DAB2IP	ENSG00000136848	9	124294162	124557809	587	58749	1.888	0.029514	8.0	3.0	high_6	intermediate
23214	XPO6	ENSG00000169180	16	28099297	28258281	204	58749	1.8876	0.029541	1.0	1.0	low	low
644150	WIPF3	ENSG00000122574	7	29811170	29966682	558	58749	1.8874	0.029552	2.0	2.0	intermediate	intermediate
80333	KCNIP4	ENSG00000185774	4	20720234	21985424	4297	58749	1.8874	0.029556	4.0	2.0	intermediate	intermediate
79659	DYNC2H1	ENSG00000187240	11	102945160	103360591	1706	58749	1.8872	0.029568	2.0	2.0	intermediate	intermediate
143282	FGFBP3	ENSG00000174721	10	93656345	93704258	97	58749	1.8872	0.029565	1.0	1.0	low	low
168507	PKD1L1	ENSG00000158683	7	47804250	48023071	641	58749	1.8871	0.029576	1.0	1.0	low	low
55107	ANO1	ENSG00000131620	11	69889408	70045651	631	58749	1.8868	0.029594	6.0	5.0	high_6	intermediate
153733	CCDC112	ENSG00000164221	5	114592885	114667458	155	58749	1.8867	0.029598	3.0	3.0	intermediate	intermediate
51422	PRKAG2	ENSG00000106617	7	151243200	151609316	1281	58749	1.8866	0.02961	13.0	6.0	high_6	high_10
84243	ZDHHC18	ENSG00000204160	1	27118201	27194092	90	58749	1.8865	0.029611	3.0	3.0	intermediate	intermediate
6692	SPINT1	ENSG00000166145	15	41101246	41159853	131	58749	1.8864	0.029617	1.0	1.0	low	low
256987	SERINC5	ENSG00000164300	5	79397050	79586898	705	58749	1.886	0.029644	1.0	1.0	low	low
112885	PHF21B	ENSG00000056487	22	45267042	45440809	640	58749	1.8846	0.02974	3.0	3.0	intermediate	intermediate
635	BHMT	ENSG00000145692	5	78372604	78438113	142	58749	1.8836	0.029807	2.0	1.0	intermediate	intermediate
54584	GNB1L	ENSG00000185838	22	19765932	19877462	305	58749	1.883	0.029849	1.0	1.0	low	low
29889	GNL2	ENSG00000134697	1	38022413	38096586	171	58749	1.8829	0.029854	3.0	2.0	intermediate	intermediate
22927	HABP4	ENSG00000130956	9	99177414	99263618	155	58749	1.8822	0.029905	1.0	1.0	low	low
23105	FSTL4	ENSG00000053108	5	132522152	132983223	1314	58749	1.8819	0.029928	1.0	1.0	low	low
552889	ATXN7L3B	ENSG00000253719	12	74896551	74945232	180	58749	1.8812	0.029975	1.0	1.0	low	low
1600	DAB1	ENSG00000173406	1	57450453	58751211	3622	58749	1.881	0.029989	5.0	3.0	intermediate	intermediate
153020	RASGEF1B	ENSG00000138670	4	82337547	82428082	237	58749	1.8805	0.030017	4.0	3.0	intermediate	intermediate
3614	IMPDH1	ENSG00000106348	7	128022331	128085045	205	58749	1.8805	0.030021	1.0	1.0	low	low
5352	PLOD2	ENSG00000152952	3	145777225	145914282	359	58749	1.8803	0.030033	4.0	2.0	intermediate	intermediate
339145	FAM92B	ENSG00000153789	16	85121964	85181114	334	58749	1.8799	0.030061	1.0	1.0	low	low
55969	C20orf24	ENSG00000101084	20	35199137	35250960	41	58749	1.8795	0.030085	2.0	1.0	intermediate	intermediate
7803	PTP4A1	ENSG00000112245	6	64246917	64303493	97	58749	1.879	0.030124	1.0	1.0	low	low
1373	CPS1	ENSG00000021826	2	211307406	211553831	574	58749	1.8784	0.030164	12.0	7.0	high_6	high_10
5077	PAX3	ENSG00000135903	2	223054606	223198715	420	58749	1.8778	0.030202	3.0	3.0	intermediate	intermediate
5971	RELB	ENSG00000104856	19	45469707	45551456	187	58749	1.8759	0.030335	1.0	1.0	low	low
2984	GUCY2C	ENSG00000070019	12	14755566	14884519	211	58749	1.8744	0.030436	1.0	1.0	low	low
8814	CDKL1	ENSG00000100490	14	50786122	50918179	292	58749	1.873	0.030537	1.0	1.0	low	low
5593	PRKG2	ENSG00000138669	4	81998643	82171271	385	58749	1.8729	0.030539	7.0	3.0	high_6	intermediate
55246	CCDC25	ENSG00000147419	8	27580833	27665170	289	58749	1.8723	0.030583	2.0	2.0	intermediate	intermediate
7328	UBE2H	ENSG00000186591	7	129460572	129627800	554	58749	1.8715	0.030638	3.0	3.0	intermediate	intermediate
10841	FTCD	ENSG00000160282	21	47546065	47610499	361	58749	1.8709	0.030683	3.0	2.0	intermediate	intermediate
816	CAMK2B	ENSG00000058404	7	44246749	44400230	386	58749	1.8702	0.030727	3.0	3.0	intermediate	intermediate
1907	EDN2	ENSG00000127129	1	41934446	41985348	165	58749	1.869	0.030814	2.0	2.0	intermediate	intermediate
64900	LPIN3	ENSG00000132793	20	39934495	39999222	148	58749	1.8678	0.030894	2.0	2.0	intermediate	intermediate
6817	SULT1A1	ENSG00000196502	16	28606908	28669907	113	58749	1.8676	0.030906	8.0	5.0	high_6	intermediate
113189	CHST14	ENSG00000169105	15	40728160	40775357	62	58749	1.8671	0.030942	1.0	1.0	low	low
23176	SEPT8	ENSG00000164402	5	132076509	132148976	104	58749	1.8666	0.030978	5.0	4.0	intermediate	intermediate
147808	ZNF784	ENSG00000179922	19	56122107	56170941	117	58749	1.8664	0.030995	1.0	1.0	low	low
25942	SIN3A	ENSG00000169375	15	75651720	75783181	141	58749	1.8662	0.031006	2.0	2.0	intermediate	intermediate
6121	RPE65	ENSG00000116745	1	68884507	68950642	194	58749	1.8662	0.031006	2.0	1.0	intermediate	intermediate
4507	MTAP	ENSG00000099810	9	21767635	21951040	443	58749	1.8659	0.031028	21.0	7.0	high_6	high_10
1794	DOCK2	ENSG00000134516	5	169029251	169520386	1518	58749	1.8648	0.031106	3.0	2.0	intermediate	intermediate
57537	SORCS2	ENSG00000184985	4	7159374	7754564	3141	58749	1.8642	0.031149	1.0	1.0	low	low
1890	TYMP	ENSG00000025708	22	50954181	51003514	223	58749	1.864	0.031159	1.0	1.0	low	low
9113	LATS1	ENSG00000131023	6	149969289	150074392	153	58749	1.8622	0.031287	2.0	2.0	intermediate	intermediate
6659	SOX4	ENSG00000124766	6	21558972	21608850	36	58749	1.8608	0.031386	26.0	8.0	high_6	high_10
254359	ZDHHC24	ENSG00000174165	11	66278854	66348709	146	58749	1.8605	0.031405	1.0	1.0	low	low
80777	CYB5B	ENSG00000103018	16	69423498	69510167	243	58749	1.8605	0.031407	1.0	1.0	low	low
57673	BEND3	ENSG00000178409	6	107376385	107471371	265	58749	1.8586	0.031541	6.0	3.0	high_6	intermediate
79258	MMEL1	ENSG00000142606	1	2512078	2599499	211	58749	1.8583	0.031561	7.0	5.0	high_6	intermediate
7145	TNS1	ENSG00000079308	2	218654512	218843796	562	58749	1.8576	0.031615	26.0	11.0	high_6	high_10
54453	RIN2	ENSG00000132669	20	19703254	19993103	1024	58749	1.8572	0.031644	7.0	6.0	high_6	intermediate
100127206	KIAA1024L	ENSG00000186367	5	129048884	129110756	150	58749	1.8566	0.031681	3.0	2.0	intermediate	intermediate
55870	ASH1L	ENSG00000116539	1	155295052	155567324	210	58749	1.856	0.03173	5.0	3.0	intermediate	intermediate
79784	MYH14	ENSG00000105357	19	50671885	50823801	615	58749	1.8554	0.03177	4.0	3.0	intermediate	intermediate
6713	SQLE	ENSG00000104549	8	125975720	126044525	220	58749	1.8552	0.031786	1.0	1.0	low	low
2122	MECOM	ENSG00000085276	3	168791287	169416563	1699	58749	1.8544	0.03184	24.0	10.0	high_6	high_10
2683	B4GALT1	ENSG00000086062	9	33100636	33202356	321	58749	1.8536	0.031895	4.0	3.0	intermediate	intermediate
25817	FAM19A5	ENSG00000219438	22	48850288	49157744	1694	58749	1.8535	0.031906	2.0	2.0	intermediate	intermediate
1644	DDC	ENSG00000132437	7	50516134	50668154	621	58749	1.8526	0.031972	4.0	4.0	intermediate	intermediate
284069	FAM171A2	ENSG00000161682	17	42421101	42476235	66	58749	1.8521	0.032008	1.0	1.0	low	low
55770	EXOC2	ENSG00000112685	6	475138	728141	849	58749	1.8514	0.032053	11.0	7.0	high_6	high_10
55013	CCDC109B	ENSG00000005059	4	110446355	110618872	396	58749	1.8509	0.032091	5.0	4.0	intermediate	intermediate
3363	HTR7	ENSG00000148680	10	92490575	92652671	388	58749	1.8508	0.032097	1.0	1.0	low	low
79841	AGBL2	ENSG00000165923	11	47671143	47771928	164	58749	1.8506	0.032117	5.0	3.0	intermediate	intermediate
2146	EZH2	ENSG00000106462	7	148494464	148616441	249	58749	1.8506	0.032113	4.0	3.0	intermediate	intermediate
11068	CYB561D2	ENSG00000114395	3	50353265	50401500	30	58749	1.8491	0.032218	1.0	1.0	low	low
10570	DPYSL4	ENSG00000151640	10	133963564	134029280	219	58749	1.849	0.032228	1.0	1.0	low	low
10205	MPZL2	ENSG00000149573	11	118114131	118170251	216	58749	1.8476	0.03233	2.0	1.0	intermediate	intermediate
55888	ZKSCAN7	ENSG00000196345	3	44561667	44634975	144	58749	1.8468	0.032385	1.0	1.0	low	low
284110	GSDMA	ENSG00000167914	17	38084226	38144019	190	58749	1.8453	0.0325	5.0	4.0	intermediate	intermediate
3310	HSPA6	ENSG00000173110	1	161459036	161506687	120	58749	1.8453	0.032493	7.0	4.0	high_6	intermediate
133022	TRAM1L1	ENSG00000174599	4	117994710	118041736	121	58749	1.8423	0.032718	3.0	2.0	intermediate	intermediate
26276	VPS33B	ENSG00000184056	15	91531774	91600833	274	58749	1.8423	0.032716	2.0	2.0	intermediate	intermediate
474354	LRRC18	ENSG00000165383	10	50107528	50182980	271	58749	1.842	0.032739	2.0	2.0	intermediate	intermediate
57646	USP28	ENSG00000048028	11	113658597	113781292	243	58749	1.8419	0.032747	5.0	4.0	intermediate	intermediate
121214	SDR9C7	ENSG00000170426	12	57306938	57363189	124	58749	1.8411	0.032805	3.0	2.0	intermediate	intermediate
132949	AASDH	ENSG00000157426	4	57194450	57289265	259	58749	1.8401	0.032876	2.0	2.0	intermediate	intermediate
10818	FRS2	ENSG00000166225	12	69829129	69983573	360	58749	1.8395	0.03292	4.0	4.0	intermediate	intermediate
54877	ZCCHC2	ENSG00000141664	18	60155658	60264942	243	58749	1.8391	0.03295	3.0	3.0	intermediate	intermediate
54963	UCKL1	ENSG00000198276	20	62561182	62622800	140	58749	1.8381	0.033022	2.0	2.0	intermediate	intermediate
1140	CHRNB1	ENSG00000170175	17	7313406	7370932	111	58749	1.8378	0.033049	4.0	4.0	intermediate	intermediate
7332	UBE2L3	ENSG00000185651	22	21868736	21988323	129	58749	1.8376	0.033062	11.0	7.0	high_6	high_10
732	C8B	ENSG00000021852	1	57384883	57468213	311	58749	1.8374	0.033072	4.0	2.0	intermediate	intermediate
652991	SKOR2	ENSG00000215474	18	44728460	44810554	200	58749	1.837	0.033105	1.0	1.0	low	low
116113	FOXP4	ENSG00000137166	6	41479164	41580122	305	58749	1.8368	0.033123	8.0	3.0	high_6	intermediate
7443	VRK1	ENSG00000100749	14	97228684	97357951	348	58749	1.8367	0.033124	2.0	2.0	intermediate	intermediate
932	MS4A3	ENSG00000149516	11	59789101	59848588	147	58749	1.8359	0.033183	1.0	1.0	low	low
204851	HIPK1	ENSG00000163349	1	114436819	114530491	173	58749	1.8351	0.033243	2.0	2.0	intermediate	intermediate
54443	ANLN	ENSG00000011426	7	36394415	36503400	323	58749	1.8327	0.033427	1.0	1.0	low	low
89795	NAV3	ENSG00000067798	12	78189685	78616790	1339	58749	1.8323	0.033454	5.0	3.0	intermediate	intermediate
608	TNFRSF17	ENSG00000048462	16	12023964	12071925	148	58749	1.8316	0.033504	1.0	1.0	low	low
23251	KIAA1024	ENSG00000169330	15	79689858	79774642	246	58749	1.8311	0.033546	1.0	1.0	low	low
9066	SYT7	ENSG00000011347	11	61271188	61383523	171	58749	1.831	0.033547	1.0	1.0	low	low
83401	ELOVL3	ENSG00000119915	10	103951143	103999346	64	58749	1.8305	0.033591	1.0	1.0	low	low
121551	BTBD11	ENSG00000151136	12	107677197	108063419	1045	58749	1.8303	0.0336	2.0	2.0	intermediate	intermediate
57626	KLHL1	ENSG00000150361	13	70264725	70717625	1827	58749	1.8298	0.033638	7.0	6.0	high_6	intermediate
4850	CNOT4	ENSG00000080802	7	135036547	135229875	350	58749	1.8294	0.033667	2.0	2.0	intermediate	intermediate
6402	SELL	ENSG00000188404	1	169649806	169715843	305	58749	1.8292	0.033687	10.0	5.0	high_6	high_10
3425	IDUA	ENSG00000127415	4	945785	1008317	181	58749	1.8291	0.033693	7.0	4.0	high_6	intermediate
80975	TMPRSS5	ENSG00000166682	11	113548268	113612151	222	58749	1.829	0.033699	7.0	5.0	high_6	intermediate
9644	SH3PXD2A	ENSG00000107957	10	105343784	105650195	749	58749	1.8288	0.033712	28.0	9.0	high_6	high_10
79990	PLEKHH3	ENSG00000068137	17	40809932	40864048	56	58749	1.8287	0.033721	1.0	1.0	low	low
23101	MCF2L2	ENSG00000053524	3	182885831	183181031	801	58749	1.8283	0.033755	1.0	1.0	low	low
137209	ZNF572	ENSG00000180938	8	125950539	126001631	162	58749	1.8283	0.033752	1.0	1.0	low	low
7157	TP53	ENSG00000141510	17	7561720	7625868	179	58749	1.8277	0.0338	42.0	5.0	high_6	high_10
126075	CCDC159	ENSG00000183401	19	11422160	11475620	118	58749	1.8268	0.033866	1.0	1.0	low	low
7533	YWHAH	ENSG00000128245	22	32305479	32363590	165	58749	1.8263	0.033899	3.0	2.0	intermediate	intermediate
165055	CCDC138	ENSG00000163006	2	109368208	109503047	229	58749	1.8254	0.03397	1.0	1.0	low	low
8022	LHX3	ENSG00000107187	9	139078096	139131955	169	58749	1.8249	0.03401	1.0	1.0	low	low
54961	SSH3	ENSG00000172830	11	67035919	67090078	69	58749	1.8238	0.034092	1.0	1.0	low	low
55666	NPLOC4	ENSG00000182446	17	79513913	79639138	578	58749	1.8235	0.034115	4.0	4.0	intermediate	intermediate
7428	VHL	ENSG00000134086	3	10148319	10205354	213	58749	1.8234	0.034121	3.0	2.0	intermediate	intermediate
2322	FLT3	ENSG00000122025	13	28567411	28717904	523	58749	1.8233	0.034131	8.0	5.0	high_6	intermediate
2965	GTF2H1	ENSG00000110768	11	18308816	18398590	202	58749	1.8228	0.034167	1.0	1.0	low	low
6401	SELE	ENSG00000007908	1	169681781	169738220	348	58749	1.8225	0.034187	1.0	1.0	low	low
65249	ZSWIM4	ENSG00000132003	19	13871258	13953068	173	58749	1.8224	0.034198	3.0	1.0	intermediate	intermediate
23764	MAFF	ENSG00000185022	22	38562939	38622518	206	58749	1.8224	0.0342	11.0	4.0	high_6	high_10
2535	FZD2	ENSG00000180340	17	42599812	42648630	85	58749	1.8216	0.034262	1.0	1.0	low	low
345222	MSANTD1	ENSG00000188981	4	3215766	3283465	187	58749	1.8216	0.034257	4.0	4.0	intermediate	intermediate
51063	CALHM2	ENSG00000138172	10	105196543	105247162	112	58749	1.8214	0.03427	1.0	1.0	low	low
1286	COL4A4	ENSG00000081052	2	227857427	228064275	660	58749	1.8208	0.034315	7.0	2.0	high_6	intermediate
388125	C2CD4B	ENSG00000205502	15	62445734	62493359	102	58749	1.8196	0.034412	1.0	1.0	low	low
55833	UBAP2	ENSG00000137073	9	33911691	34083947	469	58749	1.8195	0.034415	5.0	4.0	intermediate	intermediate
23294	ANKS1A	ENSG00000064999	6	34822038	35095802	652	58749	1.8188	0.034473	8.0	6.0	high_6	intermediate
8872	CDC123	ENSG00000151465	10	12202961	12302589	244	58749	1.8187	0.03448	8.0	6.0	high_6	intermediate
57674	RNF213	ENSG00000173821	17	78199643	78382586	561	58749	1.8182	0.034519	4.0	3.0	intermediate	intermediate
388662	SLC6A17	ENSG00000197106	1	110658132	110754824	215	58749	1.8181	0.034524	2.0	1.0	intermediate	intermediate
522	ATP5J	ENSG00000154723	21	27086791	27142965	76	58749	1.8175	0.034569	5.0	3.0	intermediate	intermediate
440836	ODF3B	ENSG00000177989	22	50958836	51006008	224	58749	1.8175	0.034571	2.0	2.0	intermediate	intermediate
51704	GPRC5B	ENSG00000167191	16	19860293	19932049	154	58749	1.8169	0.034616	6.0	3.0	high_6	intermediate
10752	CHL1	ENSG00000134121	3	203279	461100	962	58749	1.8168	0.034627	2.0	2.0	intermediate	intermediate
56912	IFT46	ENSG00000118096	11	118405243	118471791	145	58749	1.8162	0.034668	1.0	1.0	low	low
23213	SULF1	ENSG00000137573	8	70343859	70583147	676	58749	1.815	0.034763	8.0	5.0	high_6	intermediate
6774	STAT3	ENSG00000168610	17	40455342	40575586	257	58749	1.815	0.034765	12.0	8.0	high_6	high_10
52	ACP1	ENSG00000143727	2	229869	288283	109	58749	1.8142	0.034827	3.0	3.0	intermediate	intermediate
26059	ERC2	ENSG00000187672	3	55532336	56537391	2892	58749	1.8141	0.034829	11.0	4.0	high_6	high_10
1609	DGKQ	ENSG00000145214	4	942672	1002348	171	58749	1.8123	0.034969	6.0	4.0	high_6	intermediate
55544	RBM38	ENSG00000132819	20	55931454	55994389	187	58749	1.8115	0.035032	2.0	2.0	intermediate	intermediate
3418	IDH2	ENSG00000182054	15	90616283	90680730	199	58749	1.8111	0.035065	2.0	2.0	intermediate	intermediate
27022	FOXD3	ENSG00000187140	1	63753730	63800797	124	58749	1.8103	0.035126	3.0	3.0	intermediate	intermediate
142	PARP1	ENSG00000143799	1	226538392	226630801	286	58749	1.8101	0.035143	5.0	1.0	intermediate	intermediate
55343	SLC35C1	ENSG00000181830	11	45790623	45844568	178	58749	1.8095	0.035183	2.0	2.0	intermediate	intermediate
51142	CHCHD2	ENSG00000106153	7	56159266	56209187	168	58749	1.8085	0.035261	1.0	1.0	low	low
54101	RIPK4	ENSG00000183421	21	43149529	43222249	337	58749	1.8082	0.035289	5.0	1.0	intermediate	intermediate
9221	NOLC1	ENSG00000166197	10	103876933	103933627	87	58749	1.808	0.0353	1.0	1.0	low	low
84446	BRSK1	ENSG00000160469	19	55758440	55833930	202	58749	1.8069	0.03539	2.0	1.0	intermediate	intermediate
1031	CDKN2C	ENSG00000123080	1	51399367	51450309	49	58749	1.8068	0.035393	14.0	8.0	high_6	high_10
145942	TMCO5A	ENSG00000166069	15	38191801	38253623	110	58749	1.8062	0.035442	4.0	4.0	intermediate	intermediate
10057	ABCC5	ENSG00000114770	3	183627722	183770803	390	58749	1.8058	0.035474	1.0	1.0	low	low
9848	MFAP3L	ENSG00000198948	4	170897748	170983371	189	58749	1.8054	0.035503	1.0	1.0	low	low
51085	MLXIPL	ENSG00000009950	7	72997524	73073903	206	58749	1.8051	0.035526	11.0	7.0	high_6	high_10
5654	HTRA1	ENSG00000166033	10	124186041	124284424	335	58749	1.8043	0.035591	31.0	8.0	high_6	high_10
64399	HHIP	ENSG00000164161	4	145532148	145672542	249	58749	1.8039	0.035624	16.0	6.0	high_6	high_10
157753	TMEM74	ENSG00000164841	8	109781165	109834770	128	58749	1.8033	0.035668	3.0	3.0	intermediate	intermediate
3229	HOXC13	ENSG00000123364	12	54297576	54350328	159	58749	1.8027	0.035718	2.0	2.0	intermediate	intermediate
840	CASP7	ENSG00000165806	10	115403921	115500668	313	58749	1.8021	0.035768	2.0	2.0	intermediate	intermediate
1352	COX10	ENSG00000006695	17	13937719	14121996	516	58749	1.8021	0.035764	1.0	1.0	low	low
5468	PPARG	ENSG00000132170	3	12294349	12485855	448	58749	1.8018	0.035787	20.0	14.0	high_6	high_10
7802	DNALI1	ENSG00000163879	1	37987520	38042458	116	58749	1.8011	0.035842	1.0	1.0	low	low
406	ARNTL	ENSG00000133794	11	13264325	13418813	420	58749	1.8008	0.035866	18.0	8.0	high_6	high_10
91227	GGT1	ENSG00000100031	22	22952059	23000368	75	58749	1.8007	0.035879	5.0	1.0	intermediate	intermediate
6332	SCN7A	ENSG00000136546	2	167250083	167378481	336	58749	1.8007	0.035874	1.0	1.0	low	low
84239	ATP13A4	ENSG00000127249	3	193109866	193307810	508	58749	1.8001	0.035919	1.0	1.0	low	low
57600	FNIP2	ENSG00000052795	4	159655182	159839202	259	58749	1.7984	0.03606	1.0	1.0	low	low
2551	GABPA	ENSG00000154727	21	27072258	27154771	125	58749	1.7975	0.036128	1.0	1.0	low	low
6549	SLC9A2	ENSG00000115616	2	103201166	103337809	349	58749	1.7974	0.03614	1.0	1.0	low	low
26034	IPCEF1	ENSG00000074706	6	154465618	154712900	836	58749	1.7973	0.036142	3.0	2.0	intermediate	intermediate
7456	WIPF1	ENSG00000115935	2	175414302	175582667	330	58749	1.7966	0.036199	4.0	2.0	intermediate	intermediate
126133	ALDH16A1	ENSG00000161618	19	49921473	49984305	140	58749	1.7965	0.036207	6.0	3.0	high_6	intermediate
92105	INTS4	ENSG00000149262	11	77579766	77740771	390	58749	1.7957	0.036274	1.0	1.0	low	low
113730	KLHDC7B	ENSG00000130487	22	50951462	50999452	209	58749	1.7955	0.036286	3.0	2.0	intermediate	intermediate
64077	LHPP	ENSG00000107902	10	126115341	126312710	923	58749	1.7953	0.036302	6.0	4.0	high_6	intermediate
4331	MNAT1	ENSG00000020426	14	61166459	61445398	281	58749	1.7946	0.03636	1.0	1.0	low	low
4522	MTHFD1	ENSG00000100714	14	64819754	64936725	310	58749	1.794	0.03641	2.0	2.0	intermediate	intermediate
9587	MAD2L1BP	ENSG00000124688	6	43562279	43618689	85	58749	1.794	0.03641	1.0	1.0	low	low
2885	GRB2	ENSG00000177885	17	73304157	73436790	331	58749	1.7931	0.03648	1.0	1.0	low	low
90627	STARD13	ENSG00000133121	13	33667272	34285932	1652	58749	1.7931	0.03648	5.0	4.0	intermediate	intermediate
653149	NBPF6	ENSG00000186086	1	108957887	109023639	34	58749	1.793	0.036488	1.0	1.0	low	low
4987	OPRL1	ENSG00000125510	20	62676451	62741996	149	58749	1.7929	0.036494	1.0	1.0	low	low
2900	GRIK4	ENSG00000149403	11	120347465	120869514	1470	58749	1.7921	0.036559	1.0	1.0	low	low
7478	WNT8A	ENSG00000061492	5	137384581	137438337	103	58749	1.7919	0.036571	5.0	3.0	intermediate	intermediate
89	ACTN3	ENSG00000248746	11	66279312	66340799	133	58749	1.79	0.036725	3.0	3.0	intermediate	intermediate
256435	ST6GALNAC3	ENSG00000184005	1	76505389	77110311	1815	58749	1.7894	0.036777	1.0	1.0	low	low
57561	ARRDC3	ENSG00000113369	5	90654541	90714149	72	58749	1.7894	0.036773	5.0	3.0	intermediate	intermediate
222235	FBXL13	ENSG00000161040	7	102443308	102750288	427	58749	1.7893	0.036786	3.0	3.0	intermediate	intermediate
10946	SF3A3	ENSG00000183431	1	38412647	38491019	172	58749	1.7889	0.036819	6.0	4.0	high_6	intermediate
3705	ITPK1	ENSG00000100605	14	93393259	93617263	718	58749	1.7888	0.036825	11.0	4.0	high_6	high_10
3693	ITGB5	ENSG00000082781	3	124470795	124641500	544	58749	1.7886	0.036843	6.0	4.0	high_6	intermediate
375248	ANKRD36	ENSG00000135976	2	97743923	97940258	94	58749	1.7884	0.036855	1.0	1.0	low	low
22797	TFEC	ENSG00000105967	7	115565202	115834950	657	58749	1.7878	0.036908	1.0	1.0	low	low
2868	GRK4	ENSG00000125388	4	2930232	3052474	345	58749	1.7876	0.03692	1.0	1.0	low	low
56097	PCDHGC5	ENSG00000240764	5	140833808	140902546	164	58749	1.7874	0.036933	2.0	1.0	intermediate	intermediate
3398	ID2	ENSG00000115738	2	8787113	8834583	154	58749	1.7858	0.037065	17.0	9.0	high_6	high_10
84970	C1orf94	ENSG00000142698	1	34597624	34694732	325	58749	1.784	0.037208	1.0	1.0	low	low
59338	PLEKHA1	ENSG00000107679	10	124099094	124201871	269	58749	1.7837	0.037233	8.0	6.0	high_6	intermediate
2029	ENSA	ENSG00000143420	1	150584599	150637098	115	58749	1.7833	0.037271	2.0	2.0	intermediate	intermediate
353500	BMP8A	ENSG00000183682	1	39922318	40005541	171	58749	1.7828	0.037309	5.0	4.0	intermediate	intermediate
23200	ATP11B	ENSG00000058063	3	182476291	182649423	345	58749	1.7819	0.037386	6.0	4.0	high_6	intermediate
1326	MAP3K8	ENSG00000107968	10	30687950	30760762	151	58749	1.7799	0.037546	5.0	3.0	intermediate	intermediate
647087	C7orf73	ENSG00000243317	7	135312221	135371160	217	58749	1.7784	0.037673	3.0	3.0	intermediate	intermediate
3570	IL6R	ENSG00000160712	1	154342669	154451926	298	58749	1.7779	0.037709	23.0	8.0	high_6	high_10
8500	PPFIA1	ENSG00000131626	11	70081806	70240607	322	58749	1.7759	0.037876	2.0	1.0	intermediate	intermediate
430	ASCL2	ENSG00000183734	11	2279728	2327182	252	58749	1.7748	0.037964	1.0	1.0	low	low
127795	C1orf87	ENSG00000162598	1	60446066	60574442	280	58749	1.7741	0.038023	4.0	4.0	intermediate	intermediate
60494	CCDC81	ENSG00000149201	11	86050778	86144151	337	58749	1.7741	0.038022	1.0	1.0	low	low
50853	VILL	ENSG00000136059	3	37997217	38058676	147	58749	1.7731	0.038103	10.0	4.0	high_6	high_10
9518	GDF15	ENSG00000130513	19	18461968	18509986	141	58749	1.773	0.038112	3.0	3.0	intermediate	intermediate
4084	MXD1	ENSG00000059728	2	70107173	70180077	137	58749	1.7727	0.038137	1.0	1.0	low	low
8395	PIP5K1B	ENSG00000107242	9	71285188	71634092	1005	58749	1.772	0.038195	1.0	1.0	low	low
8888	MCM3AP	ENSG00000160294	21	47645047	47741211	319	58749	1.7717	0.038219	2.0	1.0	intermediate	intermediate
1459	CSNK2A2	ENSG00000070770	16	58181811	58266782	303	58749	1.7717	0.038226	1.0	1.0	low	low
60485	SAV1	ENSG00000151748	14	51090298	51170071	228	58749	1.7709	0.038287	3.0	2.0	intermediate	intermediate
7471	WNT1	ENSG00000125084	12	49337236	49386396	103	58749	1.7706	0.038318	2.0	2.0	intermediate	intermediate
10799	RPP40	ENSG00000124787	6	4985280	5039292	234	58749	1.7703	0.038337	3.0	1.0	intermediate	intermediate
90701	SEC11C	ENSG00000166562	18	56771709	56836069	225	58749	1.7696	0.038396	2.0	2.0	intermediate	intermediate
5015	OTX2	ENSG00000165588	14	57257425	57312194	107	58749	1.7691	0.03844	4.0	3.0	intermediate	intermediate
54852	PAQR5	ENSG00000137819	15	69556294	69709976	321	58749	1.769	0.038444	2.0	2.0	intermediate	intermediate
158297	FAM154A	ENSG00000155875	9	18917891	19068256	729	58749	1.768	0.038527	3.0	2.0	intermediate	intermediate
130497	OSR1	ENSG00000143867	2	19541246	19593372	101	58749	1.7679	0.038539	15.0	8.0	high_6	high_10
7294	TXK	ENSG00000074966	4	48058410	48171273	248	58749	1.7666	0.038649	1.0	1.0	low	low
23071	ERP44	ENSG00000023318	9	102731461	102896330	271	58749	1.7663	0.038677	3.0	2.0	intermediate	intermediate
127385	OR10J5	ENSG00000184155	1	159494868	159540797	105	58749	1.7663	0.03867	2.0	2.0	intermediate	intermediate
79149	ZSCAN5A	ENSG00000131848	19	56722672	56861208	436	58749	1.766	0.038699	1.0	1.0	low	low
1962	EHHADH	ENSG00000113790	3	184898412	185006886	191	58749	1.7658	0.038712	1.0	1.0	low	low
10493	VAT1	ENSG00000108828	17	41156622	41209459	82	58749	1.7658	0.038714	3.0	3.0	intermediate	intermediate
137695	TMEM68	ENSG00000167904	8	56641317	56720955	208	58749	1.7651	0.038772	2.0	2.0	intermediate	intermediate
54926	UBE2R2	ENSG00000107341	9	33782162	33930401	349	58749	1.7645	0.038827	2.0	2.0	intermediate	intermediate
3973	LHCGR	ENSG00000138039	2	48903913	49017880	460	58749	1.7645	0.038826	3.0	3.0	intermediate	intermediate
6007	RHD	ENSG00000187010	1	25563884	25666936	59	58749	1.7627	0.038973	1.0	1.0	low	low
57514	ARHGAP31	ENSG00000031081	3	118978220	119148323	599	58749	1.7626	0.038982	4.0	3.0	intermediate	intermediate
442361	OR2A2	ENSG00000221989	7	143771676	143817632	124	58749	1.7619	0.039043	1.0	1.0	low	low
51271	UBAP1	ENSG00000165006	9	34144003	34262521	236	58749	1.7619	0.039042	1.0	1.0	low	low
23400	ATP13A2	ENSG00000159363	1	17302453	17373467	179	58749	1.7615	0.039081	3.0	3.0	intermediate	intermediate
23272	FAM208A	ENSG00000163946	3	56644160	56752270	388	58749	1.7614	0.039089	2.0	2.0	intermediate	intermediate
10404	CPQ	ENSG00000104324	8	97622455	98165731	843	58749	1.7595	0.039246	3.0	3.0	intermediate	intermediate
10133	OPTN	ENSG00000123240	10	13106425	13190291	259	58749	1.7591	0.039278	2.0	2.0	intermediate	intermediate
54899	PXK	ENSG00000168297	3	58283617	58421815	560	58749	1.7581	0.039368	5.0	5.0	intermediate	intermediate
282991	BLOC1S2	ENSG00000196072	10	102023035	102081469	124	58749	1.758	0.039372	1.0	1.0	low	low
79690	GAL3ST4	ENSG00000197093	7	99746865	99801373	80	58749	1.7571	0.039448	1.0	1.0	low	low
7067	THRA	ENSG00000126351	17	38183446	38260120	125	58749	1.7569	0.039466	1.0	1.0	low	low
94103	ORMDL3	ENSG00000172057	17	38067294	38118884	156	58749	1.7551	0.039619	4.0	4.0	intermediate	intermediate
64853	AIDA	ENSG00000186063	1	222831355	222921602	139	58749	1.7551	0.039624	3.0	2.0	intermediate	intermediate
64105	CENPK	ENSG00000123219	5	64803593	64893995	268	58749	1.7546	0.03966	3.0	3.0	intermediate	intermediate
26030	PLEKHG3	ENSG00000126822	14	65136132	65223623	174	58749	1.7543	0.039693	1.0	1.0	low	low
1134	CHRNA1	ENSG00000138435	2	175602320	175664200	148	58749	1.7528	0.039821	2.0	2.0	intermediate	intermediate
9455	HOMER2	ENSG00000103942	15	83507729	83689905	383	58749	1.7518	0.039902	1.0	1.0	low	low
54858	PGPEP1	ENSG00000130517	19	18416397	18490763	191	58749	1.75	0.040057	3.0	3.0	intermediate	intermediate
83741	TFAP2D	ENSG00000008197	6	50646257	50750746	155	58749	1.7493	0.040121	5.0	3.0	intermediate	intermediate
84959	UBASH3B	ENSG00000154127	11	122491398	122695187	667	58749	1.7492	0.040131	5.0	3.0	intermediate	intermediate
2150	F2RL1	ENSG00000164251	5	76079833	76141140	130	58749	1.7488	0.040166	1.0	1.0	low	low
3736	KCNA1	ENSG00000111262	12	4984073	5037422	175	58749	1.7485	0.04019	1.0	1.0	low	low
22853	LMTK2	ENSG00000164715	7	97701197	97848945	421	58749	1.7481	0.040222	4.0	2.0	intermediate	intermediate
8291	DYSF	ENSG00000135636	2	71645347	71923895	944	58749	1.7474	0.040283	4.0	2.0	intermediate	intermediate
100127983	C8orf88	ENSG00000253250	8	91960706	92032485	101	58749	1.7461	0.0404	1.0	1.0	low	low
55366	LGR4	ENSG00000205213	11	27377508	27529338	263	58749	1.7461	0.040395	3.0	3.0	intermediate	intermediate
26145	IRF2BP1	ENSG00000170604	19	46376866	46424376	161	58749	1.7438	0.040597	10.0	6.0	high_6	high_10
5890	RAD51B	ENSG00000182185	14	68251496	69159889	1989	58749	1.7435	0.040623	32.0	12.0	high_6	high_10
5903	RANBP2	ENSG00000153201	2	109300902	109412267	165	58749	1.7425	0.040713	1.0	1.0	low	low
117583	PARD3B	ENSG00000116117	2	205375516	206494886	2579	58749	1.7417	0.040778	6.0	5.0	high_6	intermediate
23057	NMNAT2	ENSG00000157064	1	183207372	183422634	506	58749	1.7411	0.040832	1.0	1.0	low	low
29927	SEC61A1	ENSG00000058262	3	127735402	127800526	167	58749	1.7407	0.040867	1.0	1.0	low	low
284485	RIIAD1	ENSG00000178796	1	151659013	151712082	93	58749	1.7402	0.040912	2.0	2.0	intermediate	intermediate
26751	SH3YL1	ENSG00000035115	2	208136	299820	178	58749	1.74	0.040925	2.0	2.0	intermediate	intermediate
11199	ANXA10	ENSG00000109511	4	168978688	169118893	344	58749	1.7396	0.040963	1.0	1.0	low	low
347240	KIF24	ENSG00000186638	9	34242378	34364198	233	58749	1.7395	0.040972	3.0	2.0	intermediate	intermediate
93082	NEURL3	ENSG00000163121	2	97153383	97208846	60	58749	1.7394	0.040984	2.0	2.0	intermediate	intermediate
55287	TMEM40	ENSG00000088726	3	12765392	12836038	223	58749	1.7394	0.040985	1.0	1.0	low	low
64968	MRPS6	ENSG00000243927	21	35410823	35525334	196	58749	1.7393	0.040989	2.0	2.0	intermediate	intermediate
3020	H3F3B	ENSG00000132475	1	226215408	226269703	86	58749	1.7392	0.040996	4.0	3.0	intermediate	intermediate
100129216	DEFB131	ENSG00000186146	11	71554499	71605607	218	58749	1.7392	0.041003	2.0	2.0	intermediate	intermediate
51176	LEF1	ENSG00000138795	4	108958701	109125112	302	58749	1.7391	0.041011	15.0	10.0	high_6	high_10
8897	MTMR3	ENSG00000100330	22	30244149	30436857	428	58749	1.7389	0.041027	10.0	7.0	high_6	high_10
1262	CNGA4	ENSG00000132259	11	6221724	6277066	109	58749	1.7386	0.04105	1.0	1.0	low	low
2115	ETV1	ENSG00000006468	7	13920854	14066050	510	58749	1.7384	0.041066	8.0	5.0	high_6	intermediate
129685	TAF8	ENSG00000137413	6	41983251	42065093	324	58749	1.738	0.041105	1.0	1.0	low	low
81494	CFHR5	ENSG00000134389	1	196911667	196988804	135	58749	1.7374	0.041158	4.0	3.0	intermediate	intermediate
10865	ARID5A	ENSG00000196843	2	97167464	97228375	70	58749	1.7371	0.041183	1.0	1.0	low	low
3881	KRT31	ENSG00000094796	17	39539976	39588844	125	58749	1.7368	0.041208	1.0	1.0	low	low
10365	KLF2	ENSG00000127528	19	16400651	16448345	185	58749	1.7367	0.041222	8.0	6.0	high_6	intermediate
100131211	TMEM194B	ENSG00000189362	2	191361619	191434468	145	58749	1.7363	0.041259	1.0	1.0	low	low
23038	WDTC1	ENSG00000142784	1	27526007	27645124	182	58749	1.7352	0.041354	1.0	1.0	low	low
80757	TMEM121	ENSG00000184986	14	105957953	106006554	80	58749	1.7349	0.041376	10.0	5.0	high_6	high_10
6726	SRP9	ENSG00000143742	1	225930515	225988168	199	58749	1.7347	0.041393	1.0	1.0	low	low
51530	ZC3HC1	ENSG00000091732	7	129648126	129726233	183	58749	1.734	0.041458	12.0	3.0	high_6	high_10
2290	FOXG1	ENSG00000176165	14	29201278	29249483	122	58749	1.733	0.041548	8.0	5.0	high_6	intermediate
8871	SYNJ2	ENSG00000078269	6	158367888	158530208	540	58749	1.7329	0.041558	3.0	2.0	intermediate	intermediate
55151	TMEM38B	ENSG00000095209	9	108421806	108548892	327	58749	1.732	0.041639	3.0	2.0	intermediate	intermediate
389206	BEND4	ENSG00000188848	4	42102870	42189895	293	58749	1.7308	0.041745	2.0	1.0	intermediate	intermediate
57724	EPG5	ENSG00000152223	18	43417574	43582305	453	58749	1.7303	0.041784	1.0	1.0	low	low
83858	ATAD3B	ENSG00000160072	1	1372139	1454852	136	58749	1.7303	0.041786	2.0	1.0	intermediate	intermediate
65059	RAPH1	ENSG00000173166	2	204288538	204435058	200	58749	1.73	0.041815	3.0	3.0	intermediate	intermediate
55732	C1orf112	ENSG00000000460	1	169728224	169832229	392	58749	1.7286	0.041943	2.0	2.0	intermediate	intermediate
160298	C11orf42	ENSG00000180878	11	6191798	6242365	126	58749	1.7272	0.04207	1.0	1.0	low	low
129049	SGSM1	ENSG00000167037	22	25167136	25332813	654	58749	1.7267	0.042107	1.0	1.0	low	low
1956	EGFR	ENSG00000146648	7	55051678	55289262	609	58749	1.7265	0.042129	8.0	4.0	high_6	intermediate
222008	VSTM2A	ENSG00000170419	7	54575019	54646948	220	58749	1.7265	0.042124	5.0	5.0	intermediate	intermediate
9583	ENTPD4	ENSG00000197217	8	23274687	23350244	191	58749	1.726	0.042169	2.0	2.0	intermediate	intermediate
160419	C12orf50	ENSG00000165805	12	88363816	88458176	156	58749	1.7254	0.04223	1.0	1.0	low	low
7371	UCK2	ENSG00000143179	1	165761732	165890855	218	58749	1.7246	0.0423	2.0	2.0	intermediate	intermediate
66004	LYNX1	ENSG00000180155	8	143835756	143894640	244	58749	1.7245	0.042309	4.0	2.0	intermediate	intermediate
11083	DIDO1	ENSG00000101191	20	61499090	61604304	335	58749	1.724	0.04235	1.0	1.0	low	low
341019	DCDC1	ENSG00000170959	11	31274171	31426357	209	58749	1.7232	0.042425	5.0	4.0	intermediate	intermediate
84034	EMILIN2	ENSG00000132205	18	2811786	2924090	367	58749	1.7224	0.042496	2.0	2.0	intermediate	intermediate
388115	C15orf52	ENSG00000188549	15	40613653	40668168	158	58749	1.7216	0.042574	2.0	1.0	intermediate	intermediate
23359	FAM189A1	ENSG00000104059	15	29402455	29897927	1571	58749	1.7216	0.04257	2.0	2.0	intermediate	intermediate
55328	RNLS	ENSG00000184719	10	90023621	90378611	750	58749	1.7215	0.042577	15.0	7.0	high_6	high_10
57824	HMHB1	ENSG00000158497	5	143156726	143210284	158	58749	1.7211	0.042618	3.0	2.0	intermediate	intermediate
147694	ZNF548	ENSG00000188785	19	57866218	57923919	130	58749	1.721	0.042622	1.0	1.0	low	low
9555	H2AFY	ENSG00000113648	5	134660071	134770645	173	58749	1.7209	0.042635	2.0	2.0	intermediate	intermediate
64753	CCDC136	ENSG00000128596	7	128396464	128472187	187	58749	1.7184	0.04286	4.0	1.0	intermediate	intermediate
27346	TMEM97	ENSG00000109084	17	26611121	26665711	67	58749	1.7182	0.042876	1.0	1.0	low	low
283518	KCNRG	ENSG00000198553	13	50554390	50605058	75	58749	1.7165	0.043037	16.0	8.0	high_6	high_10
57699	CPNE5	ENSG00000124772	6	36698549	36842220	500	58749	1.7161	0.043072	2.0	2.0	intermediate	intermediate
282996	RBM20	ENSG00000203867	10	112369155	112609227	783	58749	1.7155	0.04313	3.0	1.0	intermediate	intermediate
140893	RBBP8NL	ENSG00000130701	20	60975293	61037629	276	58749	1.7154	0.043133	3.0	2.0	intermediate	intermediate
8792	TNFRSF11A	ENSG00000141655	18	59957520	60064943	383	58749	1.7148	0.043194	16.0	7.0	high_6	high_10
3021	H3F3B	ENSG00000132475	17	73762515	73810860	102	58749	1.7145	0.043217	4.0	3.0	intermediate	intermediate
5784	PTPN14	ENSG00000152104	1	214511640	214760024	862	58749	1.7141	0.043253	7.0	2.0	high_6	intermediate
10123	ARL4C	ENSG00000188042	2	235391685	235440721	145	58749	1.7138	0.043284	3.0	3.0	intermediate	intermediate
26045	LRRTM2	ENSG00000146006	5	138195079	138246057	73	58749	1.7133	0.043328	1.0	1.0	low	low
222658	KCTD20	ENSG00000112078	6	36375544	36468918	249	58749	1.7128	0.043376	1.0	1.0	low	low
55342	STRBP	ENSG00000165209	9	125868338	126065855	259	58749	1.7127	0.043387	3.0	2.0	intermediate	intermediate
399665	FAM102A	ENSG00000167106	9	130692861	130777812	246	58749	1.7125	0.043399	1.0	1.0	low	low
4154	MBNL1	ENSG00000152601	3	151927120	152193569	396	58749	1.711	0.043545	5.0	4.0	intermediate	intermediate
10400	PEMT	ENSG00000133027	17	17398877	17530434	335	58749	1.7102	0.043618	1.0	1.0	low	low
27020	NPTN	ENSG00000156642	15	73842344	73960753	209	58749	1.7101	0.043623	1.0	1.0	low	low
3665	IRF7	ENSG00000185507	11	602555	650999	178	58749	1.7087	0.043749	7.0	6.0	high_6	intermediate
4650	MYO9B	ENSG00000099331	19	17151591	17334104	665	58749	1.7084	0.043785	4.0	3.0	intermediate	intermediate
10463	SLC30A9	ENSG00000014824	4	41957516	42099551	476	58749	1.7079	0.043827	9.0	2.0	high_6	intermediate
2780	GNAT2	ENSG00000134183	1	110135889	110190705	98	58749	1.7077	0.043845	2.0	2.0	intermediate	intermediate
4300	MLLT3	ENSG00000171843	9	20331663	20657514	580	58749	1.7077	0.043846	5.0	4.0	intermediate	intermediate
7025	NR2F1	ENSG00000175745	5	92884043	92940319	56	58749	1.7063	0.043978	11.0	6.0	high_6	high_10
51166	AADAT	ENSG00000109576	4	170971373	171047823	204	58749	1.7062	0.043989	1.0	1.0	low	low
2995	GYPC	ENSG00000136732	2	127378426	127464251	319	58749	1.7061	0.043997	5.0	3.0	intermediate	intermediate
85455	DISP2	ENSG00000140323	15	40615434	40673256	161	58749	1.7056	0.044038	1.0	1.0	low	low
9159	PCSK7	ENSG00000160613	11	117065788	117137811	208	58749	1.7056	0.044042	1.0	1.0	low	low
90864	SPSB3	ENSG00000162032	16	1816713	1867582	312	58749	1.7054	0.04406	1.0	1.0	low	low
9886	RHOBTB1	ENSG00000072422	10	62619196	62796198	435	58749	1.7053	0.044071	1.0	1.0	low	low
54566	EPB41L4B	ENSG00000095203	9	111924254	112118021	517	58749	1.7051	0.044084	1.0	1.0	low	low
5828	PEX2	ENSG00000164751	8	77882494	77948280	164	58749	1.7046	0.044135	2.0	1.0	intermediate	intermediate
28232	SLCO3A1	ENSG00000176463	15	92361938	92725665	1145	58749	1.7039	0.044196	3.0	2.0	intermediate	intermediate
64078	SLC28A3	ENSG00000197506	9	86880765	87018413	504	58749	1.7038	0.044211	2.0	1.0	intermediate	intermediate
23279	NUP160	ENSG00000030066	11	47789670	47905057	207	58749	1.7034	0.044249	5.0	3.0	intermediate	intermediate
79961	DENND2D	ENSG00000162777	1	111718591	111782160	174	58749	1.703	0.044285	1.0	1.0	low	low
79191	IRX3	ENSG00000177508	16	54307212	54355724	147	58749	1.6998	0.044587	12.0	7.0	high_6	high_10
168417	ZNF679	ENSG00000197123	7	63653852	63737309	354	58749	1.6997	0.044592	1.0	1.0	low	low
23514	SPIDR	ENSG00000164808	8	48138489	48658563	395	58749	1.6995	0.044609	1.0	1.0	low	low
6799	SULT1A2	ENSG00000197165	16	28593264	28646058	141	58749	1.6994	0.044621	1.0	1.0	low	low
8887	TAX1BP1	ENSG00000106052	7	27743992	27879386	279	58749	1.6993	0.044635	9.0	3.0	high_6	intermediate
85407	NKD1	ENSG00000140807	16	50547241	50684771	174	58749	1.6984	0.044712	14.0	8.0	high_6	high_10
255022	CALHM1	ENSG00000185933	10	105203144	105253648	121	58749	1.6983	0.04473	2.0	2.0	intermediate	intermediate
23160	WDR43	ENSG00000163811	2	29082533	29181080	281	58749	1.6978	0.044769	3.0	3.0	intermediate	intermediate
9413	FAM189A2	ENSG00000135063	9	71904287	72017372	380	58749	1.6975	0.044798	1.0	1.0	low	low
10347	ABCA7	ENSG00000064687	19	1005102	1075571	376	58749	1.6971	0.044842	4.0	2.0	intermediate	intermediate
10874	NMU	ENSG00000109255	4	56451396	56537465	293	58749	1.6958	0.044963	2.0	1.0	intermediate	intermediate
10447	FAM3C	ENSG00000196937	7	120978905	121071422	219	58749	1.695	0.045034	5.0	3.0	intermediate	intermediate
3350	HTR1A	ENSG00000178394	5	63245875	63293119	96	58749	1.695	0.045037	4.0	2.0	intermediate	intermediate
64771	C6orf106	ENSG00000196821	6	34545065	34699625	343	58749	1.692	0.045319	18.0	12.0	high_6	high_10
54708	MARCH5	ENSG00000198060	10	94015920	94123721	148	58749	1.6915	0.045371	1.0	1.0	low	low
10457	GPNMB	ENSG00000136235	7	23251305	23324729	114	58749	1.6905	0.045462	2.0	2.0	intermediate	intermediate
1520	CTSS	ENSG00000163131	1	150692672	150773433	139	58749	1.6885	0.045656	16.0	5.0	high_6	high_10
23127	COLGALT2	ENSG00000198756	1	183888988	184041904	420	58749	1.688	0.045707	11.0	5.0	high_6	high_10
57624	NYAP2	ENSG00000144460	2	226229426	226528734	534	58749	1.6879	0.045711	8.0	4.0	high_6	intermediate
3704	ITPA	ENSG00000125877	20	3154514	3214516	214	58749	1.6879	0.045717	2.0	2.0	intermediate	intermediate
83650	SLC35G5	ENSG00000177710	8	11153495	11199695	119	58749	1.6877	0.045733	3.0	2.0	intermediate	intermediate
57528	KCTD16	ENSG00000183775	5	143515437	143868097	630	58749	1.6875	0.045751	8.0	2.0	high_6	intermediate
11222	MRPL3	ENSG00000114686	3	131171045	131256860	168	58749	1.686	0.0459	1.0	1.0	low	low
23466	CBX6	ENSG00000183741	22	39247468	39303258	178	58749	1.6859	0.04591	2.0	2.0	intermediate	intermediate
79155	TNIP2	ENSG00000168884	4	2733387	2793103	241	58749	1.6851	0.045987	5.0	4.0	intermediate	intermediate
5138	PDE2A	ENSG00000186642	11	72277184	72420497	405	58749	1.6849	0.046001	2.0	2.0	intermediate	intermediate
80003	PCNXL2	ENSG00000135749	1	233109855	233466459	1161	58749	1.6847	0.046024	2.0	1.0	intermediate	intermediate
6653	SORL1	ENSG00000137642	11	121287912	121514471	461	58749	1.6844	0.046056	9.0	6.0	high_6	intermediate
51439	FAM8A1	ENSG00000137414	6	17565518	17621950	147	58749	1.6837	0.046117	3.0	1.0	intermediate	intermediate
6138	RPL15	ENSG00000174748	3	23923295	23975187	103	58749	1.6827	0.046218	1.0	1.0	low	low
91	ACVR1B	ENSG00000135503	12	52310451	52400863	199	58749	1.6818	0.046304	2.0	2.0	intermediate	intermediate
722	C4BPA	ENSG00000123838	1	207242583	207328317	179	58749	1.6818	0.046308	1.0	1.0	low	low
319	APOF	ENSG00000175336	12	56744355	56791583	43	58749	1.6811	0.046368	5.0	4.0	intermediate	intermediate
8567	MADD	ENSG00000110514	11	47255927	47361582	234	58749	1.6788	0.046594	4.0	3.0	intermediate	intermediate
3371	TNC	ENSG00000041982	9	117771854	117915536	442	58749	1.6775	0.046722	14.0	7.0	high_6	high_10
26123	TCTN3	ENSG00000119977	10	97413153	97488900	213	58749	1.6768	0.046794	1.0	1.0	low	low
7562	ZNF708	ENSG00000182141	19	21463963	21547219	341	58749	1.6766	0.046808	1.0	1.0	low	low
950	SCARB2	ENSG00000138760	4	77069890	77170052	377	58749	1.6763	0.046837	1.0	1.0	low	low
55816	DOK5	ENSG00000101134	20	53057266	53277710	535	58749	1.6758	0.046892	1.0	1.0	low	low
85007	PHYKPL	ENSG00000175309	5	177625475	177694823	266	58749	1.6743	0.047038	1.0	1.0	low	low
27115	PDE7B	ENSG00000171408	6	136137834	136526709	651	58749	1.6737	0.047098	5.0	4.0	intermediate	intermediate
221692	PHACTR1	ENSG00000112137	6	12681888	13300476	1521	58749	1.6736	0.047102	25.0	4.0	high_6	high_10
1355	COX15	ENSG00000014919	10	101445886	101527423	131	58749	1.6723	0.047231	1.0	1.0	low	low
1482	NKX2-5	ENSG00000183072	5	172649107	172697315	110	58749	1.6712	0.047343	10.0	3.0	high_6	high_10
7372	UMPS	ENSG00000114491	3	124414213	124478120	222	58749	1.671	0.04736	5.0	4.0	intermediate	intermediate
4338	MOCS2	ENSG00000164172	5	52381509	52440602	218	58749	1.6708	0.04738	12.0	3.0	high_6	high_10
56905	C15orf39	ENSG00000167173	15	75456219	75514510	65	58749	1.6696	0.0475	4.0	3.0	intermediate	intermediate
126695	C1orf172	ENSG00000175707	1	27266047	27321901	63	58749	1.6687	0.047587	3.0	3.0	intermediate	intermediate
822	CAPG	ENSG00000042493	2	85611871	85676197	206	58749	1.6687	0.047591	1.0	1.0	low	low
255119	C4orf22	ENSG00000197826	4	81221861	81894910	1366	58749	1.668	0.047659	6.0	5.0	high_6	intermediate
2128	EVX1	ENSG00000106038	7	27247164	27297438	108	58749	1.6675	0.047707	6.0	4.0	high_6	intermediate
255725	OR52B2	ENSG00000255307	11	6180585	6226556	125	58749	1.6673	0.047728	1.0	1.0	low	low
256006	ANKRD31	ENSG00000145700	5	74354122	74567703	534	58749	1.6672	0.047739	1.0	1.0	low	low
284546	C1orf185	ENSG00000204006	1	51407129	51623754	350	58749	1.6669	0.047768	5.0	3.0	intermediate	intermediate
222642	TSPO2	ENSG00000112212	6	40975237	41022076	114	58749	1.6666	0.047801	1.0	1.0	low	low
112752	IFT43	ENSG00000119650	14	76417096	76560416	290	58749	1.6663	0.04783	1.0	1.0	low	low
10314	LANCL1	ENSG00000115365	2	211285973	211377347	209	58749	1.6627	0.04819	1.0	1.0	low	low
651746	ANKRD33B	ENSG00000164236	5	10529435	10667928	417	58749	1.6622	0.048236	1.0	1.0	low	low
22880	MORC2	ENSG00000133422	22	31312598	31399483	111	58749	1.662	0.048254	1.0	1.0	low	low
57035	C1orf63	ENSG00000117616	1	25558740	25609010	36	58749	1.662	0.048253	1.0	1.0	low	low
126668	TDRD10	ENSG00000163239	1	154439695	154530624	199	58749	1.6613	0.048331	1.0	1.0	low	low
9798	IST1	ENSG00000182149	16	71893311	71974542	169	58749	1.661	0.048356	5.0	3.0	intermediate	intermediate
23082	PPRC1	ENSG00000148840	10	103857787	103920090	87	58749	1.6609	0.048371	1.0	1.0	low	low
8538	BARX2	ENSG00000043039	11	129210879	129332174	388	58749	1.6604	0.048415	2.0	1.0	intermediate	intermediate
7514	XPO1	ENSG00000082898	2	61695069	61800440	183	58749	1.6585	0.04861	2.0	2.0	intermediate	intermediate
7507	XPA	ENSG00000136936	9	100427191	100494691	129	58749	1.6583	0.048626	5.0	2.0	intermediate	intermediate
100526767	CHMP3	ENSG00000115561	2	86720553	86983245	484	58749	1.6578	0.048678	1.0	1.0	low	low
9439	MED23	ENSG00000112282	6	131885106	131984379	124	58749	1.6576	0.048703	1.0	1.0	low	low
7474	WNT5A	ENSG00000114251	3	55489743	55556670	171	58749	1.6576	0.048697	5.0	4.0	intermediate	intermediate
5300	PIN1	ENSG00000127445	19	9910883	9970365	97	58749	1.6574	0.048721	1.0	1.0	low	low
19	ABCA1	ENSG00000165029	9	107533283	107725527	776	58749	1.6562	0.048844	17.0	9.0	high_6	high_10
64167	ERAP2	ENSG00000164308	5	96176644	96265420	410	58749	1.656	0.048859	6.0	4.0	high_6	intermediate
1776	DNASE1L3	ENSG00000163687	3	58168353	58231730	207	58749	1.6545	0.049016	6.0	4.0	high_6	intermediate
79753	SNIP1	ENSG00000163877	1	37990050	38054945	150	58749	1.6541	0.049058	3.0	2.0	intermediate	intermediate
4685	NCAM2	ENSG00000154654	21	22335633	22923892	1922	58749	1.6541	0.049049	1.0	1.0	low	low
11240	PADI2	ENSG00000117115	1	17383256	17480948	389	58749	1.6541	0.049054	1.0	1.0	low	low
26074	C20orf26	ENSG00000089101	20	19998158	20351359	1033	58749	1.6531	0.049152	1.0	1.0	low	low
24145	PANX1	ENSG00000110218	11	93827094	93928762	234	58749	1.653	0.049163	3.0	3.0	intermediate	intermediate
8440	NCK2	ENSG00000071051	2	106326520	106520730	692	58749	1.6528	0.049186	1.0	1.0	low	low
1329	COX5B	ENSG00000135940	2	98227521	98274657	41	58749	1.6524	0.049222	1.0	1.0	low	low
11096	ADAMTS5	ENSG00000154736	21	28280231	28374439	292	58749	1.6522	0.049247	5.0	4.0	intermediate	intermediate
56853	CELF4	ENSG00000101489	18	34813003	35181000	932	58749	1.6517	0.049302	15.0	7.0	high_6	high_10
9969	MED13	ENSG00000108510	17	60009966	60177643	221	58749	1.6516	0.049305	3.0	2.0	intermediate	intermediate
25949	SYF2	ENSG00000117614	1	25538767	25594013	40	58749	1.6506	0.049406	2.0	2.0	intermediate	intermediate
374470	C12orf42	ENSG00000179088	12	103621369	103924788	640	58749	1.6506	0.049413	12.0	7.0	high_6	high_10
6464	SHC1	ENSG00000160691	1	154924774	154981959	56	58749	1.6506	0.049408	4.0	3.0	intermediate	intermediate
25813	SAMM50	ENSG00000100347	22	44316261	44402412	331	58749	1.6496	0.049511	3.0	2.0	intermediate	intermediate
343035	RD3	ENSG00000198570	1	211639864	211701259	304	58749	1.6494	0.049531	3.0	1.0	intermediate	intermediate
2893	GRIA4	ENSG00000152578	11	105445800	105862819	842	58749	1.6488	0.049595	3.0	2.0	intermediate	intermediate
283234	CCDC88B	ENSG00000168071	11	64072690	64135006	98	58749	1.6485	0.049625	18.0	9.0	high_6	high_10
6882	TAF11	ENSG00000064995	6	34835555	34890908	146	58749	1.6482	0.049656	1.0	1.0	low	low
10744	PTTG2	ENSG00000250254	4	37927056	37972631	140	58749	1.6479	0.049692	1.0	1.0	low	low
57623	ZFAT	ENSG00000066827	8	135480031	135760292	914	58749	1.6478	0.049697	2.0	2.0	intermediate	intermediate
284654	RSPO1	ENSG00000169218	1	38066821	38135595	170	58749	1.6476	0.049713	3.0	3.0	intermediate	intermediate
6448	SGSH	ENSG00000181523	17	78170515	78229199	225	58749	1.6469	0.04979	5.0	2.0	intermediate	intermediate
9026	HIP1R	ENSG00000130787	12	123284045	123357508	233	58749	1.6453	0.049956	5.0	3.0	intermediate	intermediate
65084	TMEM135	ENSG00000166575	11	86713886	87049876	1591	58749	1.6439	0.050103	7.0	3.0	high_6	intermediate
89882	TPD52L3	ENSG00000170777	9	6293349	6341900	114	58749	1.6436	0.050132	5.0	4.0	intermediate	intermediate
6461	SHB	ENSG00000107338	9	37905895	38104210	552	58749	1.6429	0.050206	2.0	1.0	intermediate	intermediate
1608	DGKG	ENSG00000058866	3	185842896	186115023	664	58749	1.6425	0.050247	3.0	2.0	intermediate	intermediate
646625	URAD	ENSG00000183463	13	28542243	28597774	156	58749	1.6422	0.050276	3.0	2.0	intermediate	intermediate
162073	ITPRIPL2	ENSG00000205730	16	19090254	19142952	100	58749	1.6413	0.050367	1.0	1.0	low	low
57497	LRFN2	ENSG00000156564	6	40349373	40590126	913	58749	1.6412	0.050378	6.0	4.0	high_6	intermediate
6904	TBCD	ENSG00000141556	17	80674938	80911062	826	58749	1.6405	0.050453	1.0	1.0	low	low
4318	MMP9	ENSG00000100985	20	44602547	44655200	152	58749	1.6403	0.050474	4.0	3.0	intermediate	intermediate
200845	KCTD6	ENSG00000168301	3	58442823	58498087	104	58749	1.6398	0.050528	1.0	1.0	low	low
23236	PLCB1	ENSG00000182621	20	8077912	8875547	2447	58749	1.6397	0.050532	4.0	4.0	intermediate	intermediate
4781	NFIB	ENSG00000147862	9	14071842	14433982	877	58749	1.6396	0.050543	9.0	6.0	high_6	intermediate
6229	RPS24	ENSG00000138326	10	79758518	79826571	92	58749	1.6396	0.050544	1.0	1.0	low	low
8193	DPF1	ENSG00000011332	19	38691649	38755317	179	58749	1.6392	0.050589	2.0	2.0	intermediate	intermediate
54361	WNT4	ENSG00000162552	1	22433798	22505474	255	58749	1.6392	0.050587	18.0	5.0	high_6	high_10
51379	CRLF3	ENSG00000176390	17	29099702	29186778	247	58749	1.639	0.050608	2.0	2.0	intermediate	intermediate
9883	POM121	ENSG00000196313	7	72314906	72431979	61	58749	1.6379	0.050719	1.0	1.0	low	low
10428	CFDP1	ENSG00000153774	16	75317608	75502387	627	58749	1.6374	0.050774	25.0	6.0	high_6	high_10
346288	SEPT14	ENSG00000154997	7	55851237	55965482	324	58749	1.6365	0.050872	1.0	1.0	low	low
6262	RYR2	ENSG00000198626	1	237170510	238007288	2779	58749	1.636	0.050922	2.0	2.0	intermediate	intermediate
1735	DIO3	ENSG00000197406	14	101992688	102039789	110	58749	1.6349	0.051034	1.0	1.0	low	low
7818	DAP3	ENSG00000132676	1	155622693	155718801	91	58749	1.6344	0.051083	2.0	2.0	intermediate	intermediate
4000	LMNA	ENSG00000160789	1	156017369	156119880	201	58749	1.6343	0.0511	3.0	2.0	intermediate	intermediate
5796	PTPRK	ENSG00000152894	6	128279924	128876870	1116	58749	1.634	0.051127	10.0	5.0	high_6	high_10
90416	C15orf57	ENSG00000128891	15	40814083	40892252	230	58749	1.6333	0.051206	1.0	1.0	low	low
55771	PRR11	ENSG00000068489	17	57197860	57294070	142	58749	1.633	0.051237	1.0	1.0	low	low
57620	STIM2	ENSG00000109689	4	26824329	27037003	407	58749	1.633	0.051238	4.0	3.0	intermediate	intermediate
285753	CEP57L1	ENSG00000183137	6	109381329	109495115	127	58749	1.632	0.051337	5.0	4.0	intermediate	intermediate
22849	CPEB3	ENSG00000107864	10	93796452	94085875	373	58749	1.6314	0.0514	1.0	1.0	low	low
55266	TMEM19	ENSG00000139291	12	72044878	72107840	90	58749	1.6306	0.051488	2.0	1.0	intermediate	intermediate
92342	METTL18	ENSG00000171806	1	169751670	169799088	169	58749	1.6304	0.051513	1.0	1.0	low	low
23074	UHRF1BP1L	ENSG00000111647	12	100412233	100571642	390	58749	1.6298	0.051573	1.0	1.0	low	low
3995	FADS3	ENSG00000221968	11	61630998	61694006	147	58749	1.6277	0.051791	2.0	1.0	intermediate	intermediate
57198	ATP8B2	ENSG00000143515	1	154263036	154333780	186	58749	1.6271	0.051859	3.0	2.0	intermediate	intermediate
9900	SV2A	ENSG00000159164	1	149864870	149924434	95	58749	1.6267	0.051903	2.0	2.0	intermediate	intermediate
151393	RMDN2	ENSG00000115841	2	38117462	38304285	525	58749	1.6257	0.052004	3.0	1.0	intermediate	intermediate
84164	ASCC2	ENSG00000100325	22	30174597	30269293	214	58749	1.6252	0.052059	6.0	5.0	high_6	intermediate
131368	ZPLD1	ENSG00000170044	3	101893816	102208685	693	58749	1.6249	0.052087	1.0	1.0	low	low
79685	SAP30L	ENSG00000164576	5	153790517	153850613	155	58749	1.6239	0.052199	1.0	1.0	low	low
10858	CYP46A1	ENSG00000036530	14	100115755	100203638	220	58749	1.623	0.052291	7.0	2.0	high_6	intermediate
1717	DHCR7	ENSG00000172893	11	71135457	71194477	201	58749	1.6223	0.052372	1.0	1.0	low	low
374569	ASPG	ENSG00000166183	14	104517019	104589100	212	58749	1.6222	0.052375	1.0	1.0	low	low
793	CALB1	ENSG00000104327	8	91060836	91130107	130	58749	1.6213	0.052476	1.0	1.0	low	low
2887	GRB10	ENSG00000106070	7	50647760	50896159	801	58749	1.6207	0.052546	13.0	7.0	high_6	high_10
127255	LRRIQ3	ENSG00000162620	1	74481699	74698871	383	58749	1.6206	0.052556	2.0	2.0	intermediate	intermediate
57172	CAMK1G	ENSG00000008118	1	209722045	209797284	250	58749	1.6205	0.052563	3.0	2.0	intermediate	intermediate
338707	B4GALNT4	ENSG00000182272	11	334795	392117	276	58749	1.6201	0.052606	1.0	1.0	low	low
55876	GSDMB	ENSG00000073605	17	38050848	38109903	152	58749	1.62	0.052621	36.0	12.0	high_6	high_10
100526737	RBM4	ENSG00000173933	11	66349053	66423944	67	58749	1.6197	0.052651	3.0	3.0	intermediate	intermediate
23365	ARHGEF12	ENSG00000196914	11	120172264	120370645	349	58749	1.6197	0.052649	3.0	2.0	intermediate	intermediate
987	LRBA	ENSG00000198589	4	151175811	151971879	1444	58749	1.6192	0.052699	7.0	6.0	high_6	intermediate
152404	IGSF11	ENSG00000144847	3	118609477	118899915	732	58749	1.6192	0.052698	2.0	1.0	intermediate	intermediate
55974	SLC50A1	ENSG00000169241	1	155072817	155121334	96	58749	1.6189	0.052731	1.0	1.0	low	low
28984	RGCC	ENSG00000102760	13	41996542	42055013	171	58749	1.6188	0.052748	1.0	1.0	low	low
132954	PDCL2	ENSG00000163440	4	56412686	56493418	257	58749	1.6183	0.052796	1.0	1.0	low	low
253559	CADM2	ENSG00000175161	3	84973133	86133579	2881	58749	1.6166	0.052987	22.0	9.0	high_6	high_10
10236	HNRNPR	ENSG00000125944	1	23625953	23706143	107	58749	1.6164	0.053007	1.0	1.0	low	low
7498	XDH	ENSG00000158125	2	31547188	31672611	403	58749	1.616	0.053042	1.0	1.0	low	low
163702	IFNLR1	ENSG00000185436	1	24470647	24548765	255	58749	1.6157	0.053079	3.0	2.0	intermediate	intermediate
3667	IRS1	ENSG00000169047	2	227586033	227699545	242	58749	1.6147	0.053193	19.0	11.0	high_6	high_10
284071	C17orf104	ENSG00000180336	17	42698762	42765673	139	58749	1.614	0.053264	2.0	2.0	intermediate	intermediate
10402	ST3GAL6	ENSG00000064225	3	98416080	98524689	273	58749	1.6135	0.053315	5.0	5.0	intermediate	intermediate
221833	SP8	ENSG00000164651	7	20811894	20861508	75	58749	1.6131	0.053366	5.0	2.0	intermediate	intermediate
6002	RGS12	ENSG00000159788	4	3280874	3451640	437	58749	1.6125	0.053424	6.0	5.0	high_6	intermediate
8729	GBF1	ENSG00000107862	10	103970255	104152656	261	58749	1.6122	0.053457	5.0	3.0	intermediate	intermediate
22841	RAB11FIP2	ENSG00000107560	10	119754427	119841297	136	58749	1.6104	0.05366	8.0	4.0	high_6	intermediate
3174	HNF4G	ENSG00000164749	8	76417203	76489069	293	58749	1.6104	0.053655	14.0	5.0	high_6	high_10
25893	TRIM58	ENSG00000162722	1	247768007	248053440	1195	58749	1.6103	0.053666	1.0	1.0	low	low
124491	TMEM170A	ENSG00000166822	16	75467136	75533584	223	58749	1.6095	0.053755	7.0	4.0	high_6	intermediate
3428	IFI16	ENSG00000163565	1	158944682	159034945	363	58749	1.6087	0.053837	2.0	1.0	intermediate	intermediate
989	SEPT7	ENSG00000122545	7	35805596	35956715	244	58749	1.6082	0.0539	2.0	1.0	intermediate	intermediate
5709	PSMD3	ENSG00000108344	17	38102021	38164213	218	58749	1.6068	0.054052	4.0	2.0	intermediate	intermediate
5988	RFPL1	ENSG00000128250	22	29799572	29848444	147	58749	1.6066	0.054066	3.0	2.0	intermediate	intermediate
8553	BHLHE40	ENSG00000134107	3	4986097	5036866	166	58749	1.6066	0.054075	5.0	4.0	intermediate	intermediate
196483	FAM86A	ENSG00000118894	16	5124301	5182789	292	58749	1.606	0.054133	1.0	1.0	low	low
51741	WWOX	ENSG00000186153	16	78098310	79256567	6913	58749	1.606	0.054132	4.0	4.0	intermediate	intermediate
640	BLK	ENSG00000136573	8	11316521	11432108	459	58749	1.606	0.054132	20.0	10.0	high_6	high_10
9111	NMI	ENSG00000123609	2	152116982	152181430	213	58749	1.6059	0.054153	1.0	1.0	low	low
94234	FOXQ1	ENSG00000164379	6	1277675	1324993	152	58749	1.6056	0.054181	4.0	3.0	intermediate	intermediate
64895	PAPOLG	ENSG00000115421	2	60948365	61039221	227	58749	1.6047	0.054276	3.0	3.0	intermediate	intermediate
27289	RND1	ENSG00000172602	12	49240916	49294653	125	58749	1.6046	0.054292	1.0	1.0	low	low
26953	RANBP6	ENSG00000137040	9	6001019	6050640	82	58749	1.6044	0.054318	9.0	5.0	high_6	intermediate
1942	EFNA1	ENSG00000169242	1	155065349	155117386	107	58749	1.6041	0.05435	7.0	4.0	high_6	intermediate
54816	ZNF280D	ENSG00000137871	15	56912374	57061279	283	58749	1.6032	0.054443	4.0	3.0	intermediate	intermediate
26090	ABHD12	ENSG00000100997	20	25265379	25406618	359	58749	1.6024	0.054537	1.0	1.0	low	low
118	ADD1	ENSG00000087274	4	2810454	2941803	276	58749	1.6022	0.054552	1.0	1.0	low	low
3714	JAG2	ENSG00000184916	14	105597318	105670161	144	58749	1.6021	0.05457	1.0	1.0	low	low
156	ADRBK1	ENSG00000173020	11	66998905	67064029	70	58749	1.6015	0.054634	3.0	2.0	intermediate	intermediate
644844	PHGR1	ENSG00000233041	15	40608234	40658635	138	58749	1.6013	0.054658	1.0	1.0	low	low
64121	RRAGC	ENSG00000116954	1	39293869	39360495	169	58749	1.6013	0.054654	2.0	1.0	intermediate	intermediate
2224	FDPS	ENSG00000160752	1	155243539	155300457	64	58749	1.6007	0.054718	2.0	2.0	intermediate	intermediate
51072	MEMO1	ENSG00000162959	2	32082892	32271116	397	58749	1.6006	0.054738	2.0	2.0	intermediate	intermediate
1544	CYP1A2	ENSG00000140505	15	75006184	75058941	102	58749	1.6005	0.054744	7.0	3.0	high_6	intermediate
55911	APOBR	ENSG00000184730	16	28470970	28520291	59	58749	1.6003	0.054762	19.0	9.0	high_6	high_10
11128	POLR3A	ENSG00000148606	10	79724907	79824298	156	58749	1.5991	0.054898	1.0	1.0	low	low
158358	KIAA2026	ENSG00000183354	9	5909008	6043479	294	58749	1.5985	0.054961	4.0	4.0	intermediate	intermediate
5075	PAX1	ENSG00000125813	20	21651297	21709124	97	58749	1.5981	0.05501	7.0	4.0	high_6	intermediate
23099	ZBTB43	ENSG00000169155	9	129532285	129610489	81	58749	1.5978	0.055042	3.0	2.0	intermediate	intermediate
85302	FBF1	ENSG00000188878	17	73895925	73972119	186	58749	1.5978	0.055049	1.0	1.0	low	low
148811	PM20D1	ENSG00000162877	1	205787150	205854276	196	58749	1.5976	0.055061	1.0	1.0	low	low
51078	THAP4	ENSG00000176946	2	242513820	242611753	315	58749	1.597	0.055129	1.0	1.0	low	low
8626	TP63	ENSG00000073282	3	189313942	189625068	1173	58749	1.5962	0.055223	16.0	5.0	high_6	high_10
10077	TSPAN32	ENSG00000064201	11	2288195	2349430	300	58749	1.5957	0.055281	4.0	4.0	intermediate	intermediate
64359	NXN	ENSG00000167693	17	692553	918017	1058	58749	1.594	0.055466	4.0	1.0	intermediate	intermediate
10933	MORF4L1	ENSG00000185787	15	79097903	79200081	361	58749	1.594	0.055465	9.0	3.0	high_6	intermediate
23430	TPSD1	ENSG00000095917	16	1271273	1318494	142	58749	1.594	0.055472	3.0	2.0	intermediate	intermediate
9777	TM9SF4	ENSG00000101337	20	30662309	30765061	177	58749	1.5936	0.055515	1.0	1.0	low	low
11102	RPP14	ENSG00000163684	3	58256972	58315920	220	58749	1.593	0.055579	2.0	2.0	intermediate	intermediate
730130	TMEM229A	ENSG00000234224	7	123660970	123708523	148	58749	1.5928	0.055605	1.0	1.0	low	low
4254	KITLG	ENSG00000049130	12	88876570	89009250	234	58749	1.5916	0.055737	8.0	2.0	high_6	intermediate
337876	CHSY3	ENSG00000198108	5	129205389	129532327	563	58749	1.5916	0.055739	6.0	3.0	high_6	intermediate
64428	NARFL	ENSG00000103245	16	769753	825997	202	58749	1.5904	0.055872	1.0	1.0	low	low
9619	ABCG1	ENSG00000160179	21	43584799	43734497	560	58749	1.5903	0.055878	1.0	1.0	low	low
7274	TTPA	ENSG00000137561	8	63962047	64033612	222	58749	1.5895	0.055973	3.0	2.0	intermediate	intermediate
10981	RAB32	ENSG00000118508	6	146829828	146886086	58	58749	1.5894	0.055982	1.0	1.0	low	low
57404	CYP20A1	ENSG00000119004	2	204068164	204180563	189	58749	1.5887	0.056059	1.0	1.0	low	low
8648	NCOA1	ENSG00000084676	2	24679919	25003571	708	58749	1.5881	0.056129	2.0	2.0	intermediate	intermediate
57473	ZNF512B	ENSG00000196700	20	62578057	62636223	121	58749	1.5872	0.056236	2.0	1.0	intermediate	intermediate
1627	DBN1	ENSG00000113758	5	176873613	176935694	98	58749	1.5871	0.056249	4.0	2.0	intermediate	intermediate
53343	NUDT9	ENSG00000170502	4	88308728	88390606	208	58749	1.5869	0.056272	1.0	1.0	low	low
2580	GAK	ENSG00000178950	4	833065	961174	452	58749	1.5865	0.056313	3.0	3.0	intermediate	intermediate
4351	MPI	ENSG00000178802	15	75147377	75200581	66	58749	1.5864	0.05633	2.0	2.0	intermediate	intermediate
54928	IMPAD1	ENSG00000104331	8	57860488	57941430	146	58749	1.5862	0.056348	2.0	2.0	intermediate	intermediate
100289561	PRKRIP1	ENSG00000128563	7	101969266	102046780	117	58749	1.586	0.056365	1.0	1.0	low	low
440275	EIF2AK4	ENSG00000128829	15	40191331	40337797	416	58749	1.5852	0.056457	3.0	3.0	intermediate	intermediate
3983	ABLIM1	ENSG00000099204	10	116180869	116479762	847	58749	1.5848	0.056509	1.0	1.0	low	low
84318	CCDC77	ENSG00000120647	12	463516	561811	253	58749	1.5842	0.056572	1.0	1.0	low	low
7432	VIP	ENSG00000146469	6	153036932	153090900	145	58749	1.5841	0.05658	1.0	1.0	low	low
25833	POU2F3	ENSG00000137709	11	120072349	120200653	352	58749	1.5833	0.056673	4.0	2.0	intermediate	intermediate
910	CD1B	ENSG00000158485	1	158287740	158336321	132	58749	1.5833	0.056679	1.0	1.0	low	low
145581	LRFN5	ENSG00000165379	14	42041764	42383752	1018	58749	1.5833	0.056675	8.0	3.0	high_6	intermediate
29781	NCAPH2	ENSG00000025770	22	50911645	50973209	196	58749	1.5817	0.056856	1.0	1.0	low	low
5454	POU3F2	ENSG00000184486	6	99247580	99296666	123	58749	1.5814	0.056894	3.0	2.0	intermediate	intermediate
3988	LIPA	ENSG00000107798	10	90963326	91046660	213	58749	1.5812	0.056918	12.0	2.0	high_6	high_10
222256	CDHR3	ENSG00000128536	7	105482251	105686877	688	58749	1.5812	0.056918	9.0	5.0	high_6	intermediate
83546	RTBDN	ENSG00000132026	19	12926291	12981242	113	58749	1.5803	0.057023	1.0	1.0	low	low
2626	GATA4	ENSG00000136574	8	11499433	11627510	467	58749	1.5796	0.0571	7.0	4.0	high_6	intermediate
203228	C9orf72	ENSG00000147894	9	27536543	27608864	277	58749	1.5788	0.057189	4.0	2.0	intermediate	intermediate
55818	KDM3A	ENSG00000115548	2	86633271	86729839	233	58749	1.5779	0.0573	1.0	1.0	low	low
8912	CACNA1H	ENSG00000196557	16	1168241	1281772	403	58749	1.5771	0.057384	3.0	3.0	intermediate	intermediate
401145	CCSER1	ENSG00000184305	4	91013684	92533370	4286	58749	1.5771	0.057382	4.0	4.0	intermediate	intermediate
6621	SNAPC4	ENSG00000165684	9	139260021	139329655	284	58749	1.5766	0.057446	4.0	3.0	intermediate	intermediate
2212	FCGR2A	ENSG00000143226	1	161440205	161499360	145	58749	1.5749	0.05764	15.0	5.0	high_6	high_10
9404	LPXN	ENSG00000110031	11	58284344	58380688	160	58749	1.5729	0.057872	2.0	2.0	intermediate	intermediate
283999	TMEM235	ENSG00000204278	17	76192391	76247068	263	58749	1.5726	0.057907	1.0	1.0	low	low
55660	PRPF40A	ENSG00000196504	2	153498107	153609628	265	58749	1.572	0.057973	1.0	1.0	low	low
26608	TBL2	ENSG00000106638	7	72973274	73028013	113	58749	1.5718	0.057996	6.0	5.0	high_6	intermediate
4633	MYL2	ENSG00000111245	12	111338623	111393404	153	58749	1.5714	0.058042	18.0	9.0	high_6	high_10
23493	HEY2	ENSG00000135547	6	126031211	126092415	79	58749	1.5707	0.05813	7.0	5.0	high_6	intermediate
219968	OR5B21	ENSG00000198283	11	58264649	58310578	59	58749	1.5704	0.058161	1.0	1.0	low	low
11014	KDELR2	ENSG00000136240	7	6490712	6558849	239	58749	1.5702	0.058188	4.0	3.0	intermediate	intermediate
23313	KIAA0930	ENSG00000100364	22	45578123	45671650	404	58749	1.5699	0.058222	7.0	3.0	high_6	intermediate
222894	FERD3L	ENSG00000146618	7	19170618	19220044	131	58749	1.5696	0.058251	1.0	1.0	low	low
3798	KIF5A	ENSG00000155980	12	57908812	57990416	115	58749	1.5692	0.058305	2.0	2.0	intermediate	intermediate
1408	CRY2	ENSG00000121671	11	45833669	45914799	190	58749	1.5686	0.058368	2.0	2.0	intermediate	intermediate
124872	B4GALNT2	ENSG00000167080	17	47174822	47257351	260	58749	1.5665	0.058615	4.0	4.0	intermediate	intermediate
23261	CAMTA1	ENSG00000171735	1	6810384	7839766	2815	58749	1.5662	0.058653	4.0	3.0	intermediate	intermediate
112495	GTF3C6	ENSG00000155115	6	111244763	111299091	238	58749	1.5657	0.058708	1.0	1.0	low	low
9031	BAZ1B	ENSG00000009954	7	72844728	72971628	182	58749	1.5649	0.058806	2.0	2.0	intermediate	intermediate
8650	NUMB	ENSG00000133961	14	73731858	73960288	459	58749	1.5643	0.058874	3.0	3.0	intermediate	intermediate
27283	TINAG	ENSG00000137251	6	54138203	54264950	360	58749	1.5639	0.058916	2.0	2.0	intermediate	intermediate
6899	TBX1	ENSG00000184058	22	19709226	19781116	198	58749	1.5637	0.058938	8.0	5.0	high_6	intermediate
57003	CCDC47	ENSG00000108588	17	61812610	61886088	141	58749	1.5633	0.05899	1.0	1.0	low	low
1490	CTGF	ENSG00000118523	6	132259316	132307518	107	58749	1.563	0.059027	1.0	1.0	low	low
196528	ARID2	ENSG00000189079	12	46088494	46311820	259	58749	1.5618	0.05917	4.0	4.0	intermediate	intermediate
51384	WNT16	ENSG00000002745	7	120930421	120991158	118	58749	1.5596	0.059427	12.0	5.0	high_6	high_10
2982	GUCY1A3	ENSG00000164116	4	156552862	156668214	391	58749	1.5591	0.059482	7.0	2.0	high_6	intermediate
4656	MYOG	ENSG00000122180	1	203042257	203090166	90	58749	1.5591	0.059483	2.0	2.0	intermediate	intermediate
10652	YKT6	ENSG00000106636	7	44205577	44263893	174	58749	1.5585	0.059552	6.0	5.0	high_6	intermediate
9496	TBX4	ENSG00000121075	17	59494134	59572471	156	58749	1.5583	0.059585	2.0	2.0	intermediate	intermediate
8545	CGGBP1	ENSG00000163320	3	88091100	88234016	311	58749	1.5582	0.059589	1.0	1.0	low	low
2247	FGF2	ENSG00000138685	4	123712568	123829390	402	58749	1.5576	0.059664	1.0	1.0	low	low
22982	DIP2C	ENSG00000151240	10	310130	770621	1088	58749	1.5576	0.059666	3.0	2.0	intermediate	intermediate
10630	PDPN	ENSG00000162493	1	13875252	13954452	260	58749	1.5556	0.059906	2.0	2.0	intermediate	intermediate
286	ANK1	ENSG00000029534	8	41500744	41789280	817	58749	1.5552	0.059954	3.0	2.0	intermediate	intermediate
2530	FUT8	ENSG00000033170	14	65842310	66220839	872	58749	1.5539	0.060104	2.0	2.0	intermediate	intermediate
2019	EN1	ENSG00000163064	2	119589747	119640759	151	58749	1.5535	0.060156	13.0	7.0	high_6	high_10
7103	TSPAN8	ENSG00000127324	12	71508877	71586779	236	58749	1.5535	0.060151	6.0	5.0	high_6	intermediate
79981	FRMD1	ENSG00000153303	6	168446425	168517237	333	58749	1.5534	0.060168	1.0	1.0	low	low
23360	FNBP4	ENSG00000109920	11	47728055	47824012	171	58749	1.5533	0.060176	3.0	3.0	intermediate	intermediate
9231	DLG5	ENSG00000151208	10	79540549	79721348	503	58749	1.5533	0.060175	4.0	3.0	intermediate	intermediate
5291	PIK3CB	ENSG00000051382	3	138361540	138588780	294	58749	1.5532	0.060192	2.0	2.0	intermediate	intermediate
84944	MAEL	ENSG00000143194	1	166923394	167001451	183	58749	1.5529	0.060218	2.0	2.0	intermediate	intermediate
283742	FAM98B	ENSG00000171262	15	38711328	38787063	242	58749	1.5528	0.06023	1.0	1.0	low	low
3768	KCNJ12	ENSG00000184185	17	21244699	21333184	117	58749	1.552	0.060333	2.0	2.0	intermediate	intermediate
6689	SPIB	ENSG00000269404	19	50887195	50944310	139	58749	1.552	0.060326	2.0	1.0	intermediate	intermediate
6777	STAT5B	ENSG00000173757	17	40341195	40463478	141	58749	1.5515	0.06039	4.0	3.0	intermediate	intermediate
23328	SASH1	ENSG00000111961	6	148628729	148883185	942	58749	1.5509	0.06046	7.0	4.0	high_6	intermediate
5818	PVRL1	ENSG00000110400	11	119498808	119634435	303	58749	1.5507	0.060485	4.0	3.0	intermediate	intermediate
339344	MYPOP	ENSG00000176182	19	46383281	46440862	211	58749	1.5506	0.060501	3.0	2.0	intermediate	intermediate
8793	TNFRSF10D	ENSG00000173530	8	22983101	23056543	193	58749	1.5506	0.060501	1.0	1.0	low	low
285237	C3orf38	ENSG00000179021	3	88163875	88217115	96	58749	1.5506	0.060502	1.0	1.0	low	low
79772	MCTP1	ENSG00000175471	5	94028280	94655279	1505	58749	1.5505	0.060506	2.0	1.0	intermediate	intermediate
10848	PPP1R13L	ENSG00000104881	19	45872892	45944787	157	58749	1.5501	0.060559	1.0	1.0	low	low
25902	MTHFD1L	ENSG00000120254	6	151151815	151433023	1184	58749	1.5499	0.060587	3.0	3.0	intermediate	intermediate
490	ATP2B1	ENSG00000070961	12	89971826	90138130	261	58749	1.5498	0.060597	22.0	7.0	high_6	high_10
10577	NPC2	ENSG00000119655	14	74932900	74995084	154	58749	1.5496	0.060623	3.0	2.0	intermediate	intermediate
947	CD34	ENSG00000174059	1	208049883	208119742	256	58749	1.5495	0.060629	2.0	2.0	intermediate	intermediate
2694	GIF	ENSG00000134812	11	59586746	59647974	71	58749	1.5487	0.060731	4.0	2.0	intermediate	intermediate
115265	DDIT4L	ENSG00000145358	4	101096267	101146939	285	58749	1.5487	0.060728	2.0	2.0	intermediate	intermediate
10717	AP4B1	ENSG00000134262	1	114427370	114482741	100	58749	1.5485	0.060749	10.0	6.0	high_6	high_10
84440	RAB11FIP4	ENSG00000131242	17	29683642	29875232	502	58749	1.5484	0.060762	3.0	3.0	intermediate	intermediate
10584	COLEC10	ENSG00000184374	8	119929527	120129207	843	58749	1.5479	0.060821	5.0	4.0	intermediate	intermediate
735	C9	ENSG00000113600	5	39274377	39399655	346	58749	1.5476	0.060857	6.0	3.0	high_6	intermediate
90407	TMEM41A	ENSG00000163900	3	185197389	185251845	98	58749	1.546	0.061048	1.0	1.0	low	low
381	ARF5	ENSG00000004059	7	127193406	127241759	113	58749	1.5457	0.061084	2.0	2.0	intermediate	intermediate
28951	TRIB2	ENSG00000071575	2	12821998	12892860	150	58749	1.5455	0.061118	10.0	5.0	high_6	high_10
57213	SPRYD7	ENSG00000123178	13	50476842	50545626	119	58749	1.5446	0.061223	2.0	2.0	intermediate	intermediate
285016	FAM150B	ENSG00000189292	2	269561	324002	114	58749	1.5443	0.061254	14.0	8.0	high_6	high_10
80176	SPSB1	ENSG00000171621	1	9300202	9439591	556	58749	1.5441	0.061287	20.0	8.0	high_6	high_10
2252	FGF7	ENSG00000140285	15	49680375	49789523	298	58749	1.5438	0.061318	14.0	5.0	high_6	high_10
64123	ELTD1	ENSG00000162618	1	79345449	79507495	650	58749	1.5437	0.061327	3.0	3.0	intermediate	intermediate
53	ACP2	ENSG00000134575	11	47250853	47305457	135	58749	1.5427	0.061449	6.0	5.0	high_6	intermediate
4683	NBN	ENSG00000104320	8	90935564	91031952	212	58749	1.5421	0.061519	1.0	1.0	low	low
7484	WNT9B	ENSG00000158955	17	44893952	44974096	159	58749	1.5412	0.06163	5.0	4.0	intermediate	intermediate
51062	ATL1	ENSG00000198513	14	50964800	51109786	251	58749	1.5409	0.061673	1.0	1.0	low	low
5064	PALM	ENSG00000099864	19	673953	758330	420	58749	1.5406	0.061705	1.0	1.0	low	low
170463	SSBP4	ENSG00000130511	19	18494679	18555372	132	58749	1.5401	0.061766	1.0	1.0	low	low
1834	DSPP	ENSG00000152591	4	88494681	88548025	121	58749	1.54	0.061779	2.0	2.0	intermediate	intermediate
57185	NIPAL3	ENSG00000001461	1	24707245	24809473	267	58749	1.5396	0.061827	2.0	2.0	intermediate	intermediate
23649	POLA2	ENSG00000014138	11	64994432	65075088	98	58749	1.5394	0.061859	1.0	1.0	low	low
6474	SHOX2	ENSG00000168779	3	157803800	157858952	129	58749	1.5387	0.061939	10.0	2.0	high_6	high_10
8480	RAE1	ENSG00000101146	20	55891145	55963519	227	58749	1.538	0.062027	1.0	1.0	low	low
83696	TRAPPC9	ENSG00000167632	8	140730324	141503678	2266	58749	1.5377	0.062066	1.0	1.0	low	low
100652824		ENSG00000182329	2	202902978	203071886	427	58749	1.5369	0.062158	1.0	1.0	low	low
55252	ASXL2	ENSG00000143970	2	25952253	26136312	410	58749	1.5367	0.062187	4.0	3.0	intermediate	intermediate
130013	ACMSD	ENSG00000153086	2	135560994	135669604	187	58749	1.5361	0.062256	1.0	1.0	low	low
55967	NDUFA12	ENSG00000184752	12	95355104	95432489	295	58749	1.5357	0.062311	3.0	2.0	intermediate	intermediate
84678	KDM2B	ENSG00000089094	12	121856899	122054110	365	58749	1.5338	0.062535	3.0	3.0	intermediate	intermediate
78997	GDAP1L1	ENSG00000124194	20	42840739	42919557	210	58749	1.5337	0.06255	1.0	1.0	low	low
2001	ELF5	ENSG00000135374	11	34490342	34570347	239	58749	1.5335	0.062582	1.0	1.0	low	low
55100	WDR70	ENSG00000082068	5	37344391	37762774	812	58749	1.5332	0.062609	1.0	1.0	low	low
81606	LBH	ENSG00000213626	2	30419397	30492899	205	58749	1.5331	0.062628	9.0	7.0	high_6	intermediate
1291	COL6A1	ENSG00000142156	21	47366663	47434963	255	58749	1.533	0.062637	4.0	3.0	intermediate	intermediate
5081	PAX7	ENSG00000009709	1	18922500	19085360	485	58749	1.5324	0.062715	5.0	3.0	intermediate	intermediate
90417	KNSTRN	ENSG00000128944	15	40639922	40696489	147	58749	1.5315	0.062822	2.0	1.0	intermediate	intermediate
137075	CLDN23	ENSG00000253958	8	8524666	8571617	217	58749	1.5309	0.062894	8.0	5.0	high_6	intermediate
338442	HCAR2	ENSG00000182782	12	123175840	123229392	109	58749	1.5306	0.062933	2.0	1.0	intermediate	intermediate
55110	MAGOH	ENSG00000162385	12	10746364	10801208	140	58749	1.5306	0.062929	1.0	1.0	low	low
2159	F10	ENSG00000126218	13	113742113	113813843	169	58749	1.5299	0.063027	4.0	2.0	intermediate	intermediate
10424	PGRMC2	ENSG00000164040	4	129180392	129244984	96	58749	1.5298	0.063034	1.0	1.0	low	low
28983	TMPRSS11E	ENSG00000087128	4	69278167	69373322	394	58749	1.5286	0.063178	4.0	3.0	intermediate	intermediate
22895	RPH3A	ENSG00000089169	12	113194343	113346686	320	58749	1.5279	0.063269	14.0	9.0	high_6	high_10
27198	HCAR1	ENSG00000196917	12	123202153	123250129	80	58749	1.5278	0.063286	1.0	1.0	low	low
23637	RABGAP1	ENSG00000011454	9	125668288	125877147	331	58749	1.5266	0.063429	6.0	4.0	high_6	intermediate
6586	SLIT3	ENSG00000184347	5	168078738	168763133	2347	58749	1.5266	0.063432	2.0	2.0	intermediate	intermediate
345651	ACTBL2	ENSG00000169067	5	56765843	56813636	176	58749	1.5265	0.063443	2.0	2.0	intermediate	intermediate
57147	SCYL3	ENSG00000000457	1	169812215	169898100	264	58749	1.5254	0.06358	3.0	3.0	intermediate	intermediate
79783	SUGCT	ENSG00000175600	7	40139575	40910366	1326	58749	1.5233	0.063846	15.0	6.0	high_6	high_10
10944	C11orf58	ENSG00000110696	11	16725148	16789901	96	58749	1.5227	0.063912	4.0	4.0	intermediate	intermediate
1474	CST6	ENSG00000175315	11	65744462	65790976	146	58749	1.5226	0.063934	2.0	2.0	intermediate	intermediate
252969	NEIL2	ENSG00000154328	8	11592172	11654854	337	58749	1.5226	0.063927	2.0	1.0	intermediate	intermediate
27040	LAT	ENSG00000213658	16	28961147	29012104	76	58749	1.522	0.064006	4.0	3.0	intermediate	intermediate
140460	ASB7	ENSG00000183475	15	101107755	101201906	314	58749	1.522	0.064007	5.0	4.0	intermediate	intermediate
22893	BAHD1	ENSG00000140320	15	40698411	40770441	137	58749	1.5205	0.064191	1.0	1.0	low	low
350	APOH	ENSG00000091583	17	64198147	64260556	252	58749	1.5203	0.064218	8.0	5.0	high_6	intermediate
200879	LIPH	ENSG00000163898	3	185215570	185305369	219	58749	1.5187	0.064414	1.0	1.0	low	low
79915	ATAD5	ENSG00000176208	17	29124020	29232295	247	58749	1.5181	0.064491	1.0	1.0	low	low
25953	PNKD	ENSG00000127838	2	219100115	219221516	277	58749	1.5177	0.064546	1.0	1.0	low	low
6338	SCNN1B	ENSG00000168447	16	23278591	23402620	314	58749	1.5174	0.064577	2.0	1.0	intermediate	intermediate
5780	PTPN9	ENSG00000169410	15	75749462	75906625	207	58749	1.5171	0.06462	2.0	1.0	intermediate	intermediate
92335	STRADA	ENSG00000266173	17	61770192	61854330	161	58749	1.517	0.064627	1.0	1.0	low	low
6091	ROBO1	ENSG00000169855	3	78636388	79852059	2731	58749	1.5163	0.064719	4.0	3.0	intermediate	intermediate
84286	TMEM175	ENSG00000127419	4	891175	962444	199	58749	1.5163	0.064716	5.0	4.0	intermediate	intermediate
11329	STK38	ENSG00000112079	6	36451666	36550256	258	58749	1.516	0.06476	2.0	2.0	intermediate	intermediate
81928	CABLES2	ENSG00000149679	20	60953686	61017339	275	58749	1.5159	0.064767	3.0	2.0	intermediate	intermediate
22992	KDM2A	ENSG00000173120	11	66851740	67035553	213	58749	1.5139	0.065021	6.0	4.0	high_6	intermediate
403341	ZBTB34	ENSG00000177125	9	129587944	129658157	121	58749	1.5139	0.06503	2.0	2.0	intermediate	intermediate
6160	RPL31	ENSG00000071082	2	101583691	101646155	161	58749	1.5137	0.065047	3.0	2.0	intermediate	intermediate
222659	PXT1	ENSG00000179165	6	36348328	36445666	277	58749	1.5133	0.065102	3.0	3.0	intermediate	intermediate
1780	DYNC1I1	ENSG00000158560	7	95366818	95749634	954	58749	1.513	0.065143	6.0	1.0	high_6	intermediate
54491	FAM105A	ENSG00000145569	5	14546891	14626289	142	58749	1.5127	0.065174	7.0	3.0	high_6	intermediate
30812	SOX8	ENSG00000005513	16	996808	1046979	243	58749	1.5125	0.065202	1.0	1.0	low	low
144453	BEST3	ENSG00000127325	12	70027334	70128196	383	58749	1.5119	0.065285	1.0	1.0	low	low
7096	TLR1	ENSG00000174125	4	38787876	38841814	169	58749	1.5119	0.065277	19.0	7.0	high_6	high_10
3169	FOXA1	ENSG00000129514	14	38048757	38099325	115	58749	1.5115	0.065326	5.0	3.0	intermediate	intermediate
8788	DLK1	ENSG00000185559	14	101158202	101211467	166	58749	1.5114	0.065347	5.0	4.0	intermediate	intermediate
51477	ISYNA1	ENSG00000105655	19	18535198	18584111	91	58749	1.5113	0.065359	3.0	2.0	intermediate	intermediate
27306	HPGDS	ENSG00000163106	4	95209707	95299027	207	58749	1.5102	0.065497	3.0	3.0	intermediate	intermediate
9693	RAPGEF2	ENSG00000109756	4	159990224	160291314	521	58749	1.5098	0.065544	3.0	2.0	intermediate	intermediate
9837	GINS1	ENSG00000101003	20	25353323	25439191	224	58749	1.5091	0.065639	1.0	1.0	low	low
84067	FAM160A2	ENSG00000051009	11	6222564	6290941	162	58749	1.5088	0.065677	2.0	2.0	intermediate	intermediate
8742	TNFSF12	ENSG00000239697	17	7417375	7471207	180	58749	1.5085	0.065717	7.0	6.0	high_6	intermediate
10814	CPLX2	ENSG00000145920	5	175188542	175321024	335	58749	1.5075	0.06584	1.0	1.0	low	low
56603	CYP26B1	ENSG00000003137	2	72346367	72409991	134	58749	1.5073	0.065861	6.0	5.0	high_6	intermediate
50488	MINK1	ENSG00000141503	17	4701635	4811356	293	58749	1.5072	0.065884	1.0	1.0	low	low
9510	ADAMTS1	ENSG00000154734	21	28198606	28252728	229	58749	1.5072	0.065884	1.0	1.0	low	low
23232	TBC1D12	ENSG00000108239	10	96126956	96306089	300	58749	1.507	0.065907	3.0	2.0	intermediate	intermediate
4688	NCF2	ENSG00000116701	1	183514697	183595056	227	58749	1.5064	0.065978	7.0	3.0	high_6	intermediate
1948	EFNB2	ENSG00000125266	13	107132079	107222388	163	58749	1.5053	0.066122	1.0	1.0	low	low
54933	RHBDL2	ENSG00000158315	1	39340614	39442456	308	58749	1.5047	0.066198	1.0	1.0	low	low
115426	UHRF2	ENSG00000147854	9	6378151	6517054	330	58749	1.5042	0.066268	3.0	3.0	intermediate	intermediate
53942	CNTN5	ENSG00000149972	11	98856706	100239616	5443	58749	1.504	0.06629	12.0	6.0	high_6	high_10
344148	NCKAP5	ENSG00000176771	2	133419361	134434118	2500	58749	1.5017	0.066591	5.0	4.0	intermediate	intermediate
259282	BOD1L1	ENSG00000038219	4	13560362	13664334	227	58749	1.5013	0.066638	3.0	3.0	intermediate	intermediate
80829	ZFP91	ENSG00000186660	11	58311587	58399023	144	58749	1.5001	0.066796	1.0	1.0	low	low
80308	FLAD1	ENSG00000160688	1	154920770	154975587	50	58749	1.4993	0.066904	1.0	1.0	low	low
375056	MIA3	ENSG00000154305	1	222756444	222851351	230	58749	1.4986	0.066993	9.0	2.0	high_6	intermediate
119504	ANAPC16	ENSG00000166295	10	73940758	74005618	139	58749	1.4985	0.067	1.0	1.0	low	low
64063	PRSS22	ENSG00000005001	16	2892728	2943625	178	58749	1.4985	0.067003	2.0	1.0	intermediate	intermediate
54617	INO80	ENSG00000128908	15	41261078	41443340	216	58749	1.4984	0.067009	4.0	3.0	intermediate	intermediate
4814	NINJ1	ENSG00000131669	9	95873771	95931570	202	58749	1.4983	0.067023	1.0	1.0	low	low
112744	IL17F	ENSG00000112116	6	52091484	52144298	179	58749	1.4974	0.067144	2.0	1.0	intermediate	intermediate
7871	SLMAP	ENSG00000163681	3	57706948	57925597	330	58749	1.4973	0.067152	2.0	1.0	intermediate	intermediate
83648	FAM167A	ENSG00000154319	8	11268972	11359276	456	58749	1.497	0.067192	2.0	2.0	intermediate	intermediate
126969	SLC44A3	ENSG00000143036	1	95250898	95370803	397	58749	1.4965	0.067259	2.0	1.0	intermediate	intermediate
11181	TREH	ENSG00000118094	11	118518942	118585381	214	58749	1.4957	0.06736	6.0	5.0	high_6	intermediate
2028	ENPEP	ENSG00000138792	4	111362229	111494493	262	58749	1.4949	0.067466	3.0	1.0	intermediate	intermediate
319089	TTC6	ENSG00000139865	14	38029941	38228563	541	58749	1.4946	0.067514	6.0	4.0	high_6	intermediate
388403	YPEL2	ENSG00000175155	17	57374053	57489095	242	58749	1.4936	0.06764	2.0	2.0	intermediate	intermediate
9627	SNCAIP	ENSG00000064692	5	121612455	121809794	301	58749	1.4934	0.067662	1.0	1.0	low	low
1808	DPYSL2	ENSG00000092964	8	26336709	26525693	779	58749	1.493	0.067718	1.0	1.0	low	low
9975	NR1D2	ENSG00000174738	3	23951751	24032109	215	58749	1.4929	0.067733	4.0	2.0	intermediate	intermediate
84299	MIEN1	ENSG00000141741	17	37875409	37921792	55	58749	1.4928	0.067747	1.0	1.0	low	low
10262	SF3B4	ENSG00000143368	1	149885209	149936449	61	58749	1.4922	0.067817	1.0	1.0	low	low
8549	LGR5	ENSG00000139292	12	71797931	71990090	673	58749	1.4919	0.067869	2.0	2.0	intermediate	intermediate
7298	TYMS	ENSG00000176890	18	622590	683499	222	58749	1.4916	0.0679	2.0	2.0	intermediate	intermediate
407977	TNFSF12	ENSG00000239697	17	7417375	7474925	185	58749	1.4914	0.06793	7.0	6.0	high_6	intermediate
8843	HCAR3	ENSG00000255398	12	123189303	123236439	89	58749	1.4912	0.067953	1.0	1.0	low	low
5829	PXN	ENSG00000089159	12	120638242	120738574	157	58749	1.4909	0.067997	2.0	2.0	intermediate	intermediate
339345	NANOS2	ENSG00000188425	19	46406472	46453036	145	58749	1.4901	0.0681	3.0	2.0	intermediate	intermediate
427	ASAH1	ENSG00000104763	8	17903925	17977507	380	58749	1.4899	0.068125	4.0	2.0	intermediate	intermediate
205717	KIAA2018	ENSG00000176542	3	113357232	113450493	112	58749	1.4891	0.068233	1.0	1.0	low	low
63950	DMRTA2	ENSG00000142700	1	50873223	50924119	72	58749	1.4885	0.068315	18.0	10.0	high_6	high_10
23539	SLC16A8	ENSG00000100156	22	38464144	38514170	101	58749	1.4884	0.068319	8.0	5.0	high_6	intermediate
26122	EPC2	ENSG00000135999	2	149367560	149555136	396	58749	1.4883	0.068338	2.0	2.0	intermediate	intermediate
4163	MCC	ENSG00000171444	5	112347796	112859527	1911	58749	1.4882	0.068349	1.0	1.0	low	low
8082	SSPN	ENSG00000123096	12	26313032	26397710	262	58749	1.4882	0.068348	17.0	8.0	high_6	high_10
257	ALX3	ENSG00000156150	1	110592997	110648322	97	58749	1.4881	0.068366	2.0	1.0	intermediate	intermediate
23387	SIK3	ENSG00000160584	11	116704118	117004131	1032	58749	1.4879	0.068387	5.0	5.0	intermediate	intermediate
647219	ASCL5	ENSG00000232237	1	201073081	201119500	188	58749	1.4871	0.068494	1.0	1.0	low	low
1760	DMPK	ENSG00000104936	19	46262975	46320815	127	58749	1.4867	0.068553	4.0	3.0	intermediate	intermediate
2177	FANCD2	ENSG00000144554	3	10033113	10153614	314	58749	1.4853	0.068728	3.0	3.0	intermediate	intermediate
1543	CYP1A1	ENSG00000140465	15	75001883	75052951	94	58749	1.4848	0.068799	2.0	2.0	intermediate	intermediate
5708	PSMD2	ENSG00000175166	3	183981886	184036842	104	58749	1.4838	0.068937	1.0	1.0	low	low
135152	B3GAT2	ENSG00000112309	6	71556914	71702101	382	58749	1.4828	0.06907	1.0	1.0	low	low
401474	SAMD12	ENSG00000177570	8	119191694	119669184	1269	58749	1.4828	0.069066	3.0	2.0	intermediate	intermediate
137682	NDUFAF6	ENSG00000156170	8	96002209	96125685	304	58749	1.4827	0.069078	2.0	2.0	intermediate	intermediate
5179	PENK	ENSG00000181195	8	57343513	57394282	145	58749	1.4823	0.069127	1.0	1.0	low	low
347736	NME9	ENSG00000181322	3	137970279	138084018	147	58749	1.4823	0.069133	1.0	1.0	low	low
55191	NADSYN1	ENSG00000172890	11	71129217	71222586	318	58749	1.4816	0.069217	4.0	4.0	intermediate	intermediate
253943	YTHDF3	ENSG00000185728	8	64046112	64135346	204	58749	1.481	0.069307	1.0	1.0	low	low
124783	SPATA32	ENSG00000184361	17	43321760	43374479	101	58749	1.4807	0.069346	4.0	2.0	intermediate	intermediate
23095	KIF1B	ENSG00000054523	1	10235606	10451664	669	58749	1.4788	0.069598	2.0	2.0	intermediate	intermediate
7185	TRAF1	ENSG00000056558	9	123654671	123726451	208	58749	1.4781	0.069691	8.0	5.0	high_6	intermediate
92292	GLYATL1	ENSG00000166840	11	58660102	58734543	184	58749	1.4779	0.069711	1.0	1.0	low	low
730291	ZNF679	ENSG00000197123	7	63632581	63690668	293	58749	1.4772	0.069805	1.0	1.0	low	low
55096	EBLN2	ENSG00000255423	3	73075810	73122488	138	58749	1.4772	0.069817	1.0	1.0	low	low
6495	SIX1	ENSG00000126778	14	61101417	61151155	74	58749	1.476	0.069972	4.0	2.0	intermediate	intermediate
8497	PPFIA4	ENSG00000143847	1	202960649	203057864	257	58749	1.4743	0.0702	5.0	2.0	intermediate	intermediate
9882	TBC1D4	ENSG00000136111	13	75848809	76091782	630	58749	1.4738	0.070271	4.0	2.0	intermediate	intermediate
2844	GPR21	ENSG00000188394	9	125760916	125811380	76	58749	1.4721	0.070502	2.0	2.0	intermediate	intermediate
286205	SCAI	ENSG00000173611	9	127694887	127940838	388	58749	1.4721	0.070493	4.0	4.0	intermediate	intermediate
2254	FGF9	ENSG00000102678	13	22210215	22288640	163	58749	1.472	0.070507	6.0	5.0	high_6	intermediate
84888	SPPL2A	ENSG00000138600	15	50989730	51092910	326	58749	1.4715	0.070583	3.0	3.0	intermediate	intermediate
116085	SLC22A12	ENSG00000197891	11	64323113	64379825	90	58749	1.4711	0.070635	3.0	2.0	intermediate	intermediate
9275	BCL7B	ENSG00000106635	7	72940683	73007065	116	58749	1.4701	0.070763	1.0	1.0	low	low
152831	KLB	ENSG00000134962	4	39373473	39463153	253	58749	1.4698	0.070809	9.0	9.0	high_6	intermediate
1244	ABCC2	ENSG00000023839	10	101507457	101621662	225	58749	1.4694	0.070868	3.0	3.0	intermediate	intermediate
151254	ALS2CR11	ENSG00000155754	2	202342144	202518905	444	58749	1.4693	0.070875	2.0	2.0	intermediate	intermediate
9685	CLINT1	ENSG00000113282	5	157202751	157321183	364	58749	1.4686	0.070964	7.0	5.0	high_6	intermediate
64783	RBM15	ENSG00000162775	1	110846945	110899303	145	58749	1.4672	0.071166	1.0	1.0	low	low
6019	RLN2	ENSG00000107014	9	5289864	5339611	117	58749	1.4661	0.071306	1.0	1.0	low	low
55734	ZFP64	ENSG00000020256	20	50690550	50843524	492	58749	1.4656	0.071381	11.0	7.0	high_6	high_10
84251	SGIP1	ENSG00000118473	1	66964066	67220768	909	58749	1.4656	0.071374	6.0	4.0	high_6	intermediate
83734	ATG10	ENSG00000152348	5	81232844	81561958	493	58749	1.4644	0.071545	2.0	1.0	intermediate	intermediate
4745	NELL1	ENSG00000165973	11	20656117	21607232	3069	58749	1.4643	0.07156	1.0	1.0	low	low
54802	TRIT1	ENSG00000043514	1	40296703	40384177	208	58749	1.4637	0.071634	1.0	1.0	low	low
8476	CDC42BPA	ENSG00000143776	1	227167566	227541193	1728	58749	1.4635	0.071663	5.0	4.0	intermediate	intermediate
84706	GPT2	ENSG00000166123	16	46883308	46975201	86	58749	1.4633	0.071698	1.0	1.0	low	low
81555	YIPF5	ENSG00000145817	5	143527723	143585278	151	58749	1.4626	0.07179	2.0	1.0	intermediate	intermediate
2192	FBLN1	ENSG00000077942	22	45863719	46007014	545	58749	1.4607	0.07205	1.0	1.0	low	low
57541	ZNF398	ENSG00000197024	7	148788508	148890134	267	58749	1.4592	0.07225	1.0	1.0	low	low
84236	RHBDD1	ENSG00000144468	2	227665652	227873926	410	58749	1.4578	0.072448	2.0	2.0	intermediate	intermediate
84313	VPS25	ENSG00000131475	17	40890454	40941618	36	58749	1.4573	0.072514	1.0	1.0	low	low
56894	AGPAT3	ENSG00000160216	21	45250116	45417475	443	58749	1.4571	0.072541	1.0	1.0	low	low
1053	CEBPE	ENSG00000092067	14	23576515	23623820	106	58749	1.4568	0.07258	2.0	1.0	intermediate	intermediate
123099	DEGS2	ENSG00000168350	14	100602753	100661012	154	58749	1.4565	0.072634	1.0	1.0	low	low
5153	PDE1B	ENSG00000123360	12	54908177	54983023	194	58749	1.4563	0.072649	1.0	1.0	low	low
87	ACTN1	ENSG00000072110	14	69330840	69481083	557	58749	1.4561	0.072683	5.0	5.0	intermediate	intermediate
257364	SNX33	ENSG00000173548	15	75906348	75960968	93	58749	1.4538	0.073001	1.0	1.0	low	low
5537	PPP6C	ENSG00000119414	9	127898852	127987218	184	58749	1.4537	0.073011	1.0	1.0	low	low
90529	STPG1	ENSG00000001460	1	24673489	24776587	286	58749	1.4535	0.073038	1.0	1.0	low	low
3026	HABP2	ENSG00000148702	10	115275590	115359361	295	58749	1.4531	0.073092	11.0	3.0	high_6	high_10
10432	RBM14	ENSG00000239306	11	66349053	66407405	49	58749	1.4521	0.073235	2.0	1.0	intermediate	intermediate
613211	DEFB134	ENSG00000205882	8	11841489	11888760	159	58749	1.4521	0.073236	2.0	2.0	intermediate	intermediate
5080	PAX6	ENSG00000007372	11	31796340	31874509	108	58749	1.4516	0.07331	10.0	3.0	high_6	high_10
1075	CTSC	ENSG00000109861	11	88016760	88105941	295	58749	1.4515	0.073321	3.0	2.0	intermediate	intermediate
168975	CNBD1	ENSG00000176571	8	87843676	88404955	1514	58749	1.4507	0.073438	1.0	1.0	low	low
51804	SIX4	ENSG00000100625	14	61166256	61226039	58	58749	1.4504	0.073475	2.0	2.0	intermediate	intermediate
219927	MRPL21	ENSG00000197345	11	68648744	68706303	139	58749	1.4502	0.073507	3.0	2.0	intermediate	intermediate
7477	WNT7B	ENSG00000188064	22	46306246	46408008	425	58749	1.4499	0.073538	17.0	7.0	high_6	high_10
143098	MPP7	ENSG00000150054	10	28329922	28626953	1063	58749	1.4497	0.073565	1.0	1.0	low	low
27161	AGO2	ENSG00000123908	8	141531264	141680646	405	58749	1.4496	0.073589	8.0	6.0	high_6	intermediate
55848	PLGRKT	ENSG00000107020	9	5347966	5473381	426	58749	1.4491	0.07366	2.0	1.0	intermediate	intermediate
2638	GC	ENSG00000145321	4	72597410	72706237	249	58749	1.4476	0.073871	3.0	3.0	intermediate	intermediate
55703	POLR3B	ENSG00000013503	12	106716436	106913976	447	58749	1.4471	0.073932	1.0	1.0	low	low
22837	COBLL1	ENSG00000082438	2	165526695	165733678	584	58749	1.4466	0.074011	5.0	4.0	intermediate	intermediate
22832	KIAA1009	ENSG00000135315	6	84823960	84972386	251	58749	1.4461	0.074081	2.0	2.0	intermediate	intermediate
1089	CEACAM4	ENSG00000105352	19	42115344	42168442	171	58749	1.446	0.074085	3.0	2.0	intermediate	intermediate
146754	DNAH2	ENSG00000183914	17	7585631	7747058	348	58749	1.4459	0.074109	1.0	1.0	low	low
57169	ZNFX1	ENSG00000124201	20	47852437	47929756	279	58749	1.445	0.074225	1.0	1.0	low	low
26032	SUSD5	ENSG00000173705	3	33181537	33295707	349	58749	1.4449	0.074247	1.0	1.0	low	low
90576	ZNF799	ENSG00000196466	19	12490828	12547088	221	58749	1.4437	0.074414	2.0	2.0	intermediate	intermediate
55352	COPRS	ENSG00000172301	17	30168884	30221326	116	58749	1.4434	0.074459	5.0	5.0	intermediate	intermediate
3911	LAMA5	ENSG00000130702	20	60874116	60977368	451	58749	1.442	0.074651	21.0	4.0	high_6	high_10
3709	ITPR2	ENSG00000123104	12	26478285	27021131	1684	58749	1.4409	0.074802	7.0	6.0	high_6	intermediate
3097	HIVEP2	ENSG00000010818	6	143062604	143302495	568	58749	1.4405	0.074865	10.0	7.0	high_6	high_10
55959	SULF2	ENSG00000196562	20	46276150	46450360	737	58749	1.4402	0.074903	4.0	2.0	intermediate	intermediate
29035	C16orf72	ENSG00000182831	16	9150537	9223555	271	58749	1.44	0.074936	3.0	2.0	intermediate	intermediate
285556		ENSG00000248713	4	100547686	100610424	179	58749	1.4394	0.075018	1.0	1.0	low	low
10427	SEC24B	ENSG00000138802	4	110319969	110471615	281	58749	1.4391	0.075066	1.0	1.0	low	low
23650	TRIM29	ENSG00000137699	11	119971994	120091237	321	58749	1.4369	0.075378	1.0	1.0	low	low
59067	IL21	ENSG00000138684	4	123523783	123577212	134	58749	1.4364	0.075438	14.0	6.0	high_6	high_10
3673	ITGA2	ENSG00000164171	5	52250156	52400609	564	58749	1.4363	0.075463	6.0	3.0	high_6	intermediate
51347	TAOK3	ENSG00000135090	12	118577606	118845750	502	58749	1.4363	0.075459	1.0	1.0	low	low
57452	GALNT16	ENSG00000100626	14	69691681	69831190	441	58749	1.4354	0.07558	2.0	2.0	intermediate	intermediate
150209	AIFM3	ENSG00000183773	22	21284418	21345649	157	58749	1.4353	0.075596	1.0	1.0	low	low
149345	SHISA4	ENSG00000198892	1	201822797	201871715	75	58749	1.4353	0.075605	1.0	1.0	low	low
9238	TBRG4	ENSG00000136270	7	45129699	45186346	193	58749	1.4349	0.075655	2.0	2.0	intermediate	intermediate
6299	SALL1	ENSG00000103449	16	51159886	51220183	103	58749	1.4347	0.07569	12.0	8.0	high_6	high_10
4237	MFAP2	ENSG00000117122	1	17290997	17343081	116	58749	1.4346	0.075699	1.0	1.0	low	low
54549	SDK2	ENSG00000069188	17	71320523	71675227	1101	58749	1.4345	0.075713	1.0	1.0	low	low
222389	BEND7	ENSG00000165626	10	13470484	13605587	369	58749	1.4343	0.07575	3.0	2.0	intermediate	intermediate
79719	AAGAB	ENSG00000103591	15	67483013	67582536	189	58749	1.432	0.076071	9.0	5.0	high_6	intermediate
285313	IGSF10	ENSG00000152580	3	151143778	151214272	214	58749	1.4315	0.076145	1.0	1.0	low	low
1524	CX3CR1	ENSG00000168329	3	39294985	39358226	192	58749	1.4314	0.076156	2.0	1.0	intermediate	intermediate
9451	EIF2AK3	ENSG00000172071	2	88846259	88962094	161	58749	1.4313	0.076175	2.0	2.0	intermediate	intermediate
127281	FAM213B	ENSG00000157870	1	2482899	2532908	139	58749	1.4307	0.07626	12.0	7.0	high_6	high_10
79363	RSG1	ENSG00000132881	1	16548182	16598659	103	58749	1.4301	0.076348	1.0	1.0	low	low
2624	GATA2	ENSG00000179348	3	128188265	128247030	193	58749	1.4297	0.076399	4.0	4.0	intermediate	intermediate
10451	VAV3	ENSG00000134215	1	108103782	108542545	1408	58749	1.4284	0.076581	7.0	3.0	high_6	intermediate
9942	XYLB	ENSG00000093217	3	38353251	38466467	338	58749	1.4274	0.076736	5.0	3.0	intermediate	intermediate
57406	ABHD6	ENSG00000163686	3	58188233	58290463	348	58749	1.4268	0.076816	1.0	1.0	low	low
6117	RPA1	ENSG00000132383	17	1698273	1812848	340	58749	1.426	0.076933	14.0	1.0	high_6	high_10
7357	UGCG	ENSG00000148154	9	114624206	114707649	394	58749	1.4259	0.076954	1.0	1.0	low	low
147007	TMEM199	ENSG00000244045	17	26649687	26699089	72	58749	1.4256	0.076996	4.0	2.0	intermediate	intermediate
2703	GJA8	ENSG00000121634	1	147339946	147391396	156	58749	1.4253	0.077035	2.0	1.0	intermediate	intermediate
55891	LENEP	ENSG00000163352	1	154931062	154976791	43	58749	1.4252	0.077045	1.0	1.0	low	low
55244	SLC47A1	ENSG00000142494	17	19402167	19492346	172	58749	1.4251	0.077067	1.0	1.0	low	low
134359	POC5	ENSG00000152359	5	74960023	75048313	258	58749	1.4247	0.077126	5.0	4.0	intermediate	intermediate
3674	ITGA2B	ENSG00000005961	17	42439550	42501873	83	58749	1.4244	0.077169	4.0	3.0	intermediate	intermediate
5723	PSPH	ENSG00000146733	7	56068056	56154297	226	58749	1.4232	0.077335	3.0	3.0	intermediate	intermediate
55279	ZNF654	ENSG00000175105	3	88073394	88203814	304	58749	1.4226	0.077423	1.0	1.0	low	low
9869	SETDB1	ENSG00000143379	1	150863815	150947389	161	58749	1.422	0.077513	2.0	2.0	intermediate	intermediate
1270	CNTF	ENSG00000242689	11	58355146	58403206	85	58749	1.4214	0.077601	3.0	2.0	intermediate	intermediate
126364	LRRC25	ENSG00000175489	19	18491947	18543428	128	58749	1.4191	0.077932	4.0	3.0	intermediate	intermediate
8790	FPGT	ENSG00000254685	1	74628896	74684533	111	58749	1.418	0.078102	1.0	1.0	low	low
10878	CFHR3	ENSG00000116785	1	196708925	196773203	43	58749	1.4178	0.078119	4.0	3.0	intermediate	intermediate
7106	TSPAN4	ENSG00000214063	11	807824	877116	186	58749	1.4172	0.078219	1.0	1.0	low	low
10956	OS9	ENSG00000135506	12	58052738	58125340	169	58749	1.4166	0.078293	1.0	1.0	low	low
6812	STXBP1	ENSG00000136854	9	130339486	130464995	149	58749	1.4166	0.078295	1.0	1.0	low	low
55117	SLC6A15	ENSG00000072041	12	85243267	85341608	155	58749	1.4154	0.078481	9.0	7.0	high_6	intermediate
255631	COL24A1	ENSG00000171502	1	86184916	86657121	1552	58749	1.4151	0.078514	6.0	3.0	high_6	intermediate
10765	KDM5B	ENSG00000117139	1	202686532	202812549	322	58749	1.4148	0.07856	1.0	1.0	low	low
63948	DMRTB1	ENSG00000143006	1	53890072	53943158	154	58749	1.4146	0.078599	1.0	1.0	low	low
6045	RNF2	ENSG00000121481	1	184979482	185081740	123	58749	1.414	0.078674	1.0	1.0	low	low
55552	ZNF823	ENSG00000197933	19	11822080	11884824	226	58749	1.4137	0.078725	1.0	1.0	low	low
10880	ACTL7B	ENSG00000148156	9	111606868	111653275	225	58749	1.4134	0.078765	3.0	2.0	intermediate	intermediate
129804	FBLN7	ENSG00000144152	2	112860962	112955793	230	58749	1.4118	0.079002	5.0	5.0	intermediate	intermediate
64170	CARD9	ENSG00000187796	9	139248408	139303133	213	58749	1.4112	0.07909	6.0	2.0	high_6	intermediate
2904	GRIN2B	ENSG00000273079	12	13703684	14168022	1426	58749	1.4112	0.07909	1.0	1.0	low	low
169166	SNX31	ENSG00000174226	8	101575110	101696893	461	58749	1.4107	0.079165	1.0	1.0	low	low
51750	RTEL1	ENSG00000258366	20	62254163	62337606	279	58749	1.4105	0.079191	27.0	6.0	high_6	high_10
54103	GSAP	ENSG00000186088	7	76930068	77080719	463	58749	1.4099	0.079291	8.0	6.0	high_6	intermediate
7087	ICAM5	ENSG00000105376	19	10365655	10417454	123	58749	1.4098	0.079294	4.0	3.0	intermediate	intermediate
163747	C1orf177	ENSG00000162398	1	55236736	55317937	293	58749	1.4098	0.079305	1.0	1.0	low	low
728489	DNLZ	ENSG00000213221	9	139246352	139303111	218	58749	1.4097	0.079315	5.0	4.0	intermediate	intermediate
55075	UACA	ENSG00000137831	15	70936893	71090932	309	58749	1.4087	0.079461	4.0	4.0	intermediate	intermediate
3593	IL12B	ENSG00000113302	5	158731791	158792481	114	58749	1.4062	0.079827	25.0	12.0	high_6	high_10
22955	SCMH1	ENSG00000010803	1	41482871	41742815	613	58749	1.4061	0.079848	6.0	4.0	high_6	intermediate
23255	SOGA2	ENSG00000168502	18	8670659	8842776	557	58749	1.406	0.079857	1.0	1.0	low	low
90273	CEACAM21	ENSG00000007129	19	42020886	42103255	184	58749	1.406	0.079866	1.0	1.0	low	low
1050	CEBPA	ENSG00000245848	19	33780840	33828430	145	58749	1.4058	0.079885	3.0	1.0	intermediate	intermediate
3569	IL6	ENSG00000136244	7	22731766	22781621	193	58749	1.404	0.08016	19.0	8.0	high_6	high_10
283383	GPR133	ENSG00000111452	12	131403452	131636010	982	58749	1.4026	0.08037	2.0	2.0	intermediate	intermediate
2207	FCER1G	ENSG00000158869	1	161150087	161199038	100	58749	1.4024	0.080398	7.0	3.0	high_6	intermediate
414152	C10orf105	ENSG00000214688	10	73461458	73532581	199	58749	1.4017	0.080507	1.0	1.0	low	low
3508	IGHMBP2	ENSG00000132740	11	68636319	68718070	217	58749	1.4008	0.080638	1.0	1.0	low	low
23085	ERC1	ENSG00000082805	12	1065404	1615099	1750	58749	1.4006	0.080667	1.0	1.0	low	low
92196	DAPL1	ENSG00000163331	2	159616829	159682506	212	58749	1.3999	0.080768	1.0	1.0	low	low
114990	VASN	ENSG00000168140	16	4386849	4443529	143	58749	1.3997	0.080808	2.0	2.0	intermediate	intermediate
54462	CCSER2	ENSG00000107771	10	86053342	86288276	684	58749	1.3991	0.080897	3.0	2.0	intermediate	intermediate
2872	MKNK2	ENSG00000099875	19	2027470	2086243	180	58749	1.399	0.080902	1.0	1.0	low	low
9507	ADAMTS4	ENSG00000158859	1	161149538	161203845	112	58749	1.3985	0.080987	1.0	1.0	low	low
124626	ZPBP2	ENSG00000186075	17	37989417	38044149	128	58749	1.3985	0.080975	27.0	9.0	high_6	high_10
9760	TOX	ENSG00000198846	8	59707977	60066767	904	58749	1.3985	0.080984	7.0	5.0	high_6	intermediate
84203	TXNDC2	ENSG00000168454	18	9850723	9899272	209	58749	1.398	0.081058	1.0	1.0	low	low
56916	SMARCAD1	ENSG00000163104	4	95093759	95222443	255	58749	1.3975	0.08113	5.0	4.0	intermediate	intermediate
283677	C15orf60	ENSG00000183324	15	73700499	73862354	325	58749	1.397	0.081213	2.0	2.0	intermediate	intermediate
23403	FBXO46	ENSG00000177051	19	46203887	46269151	112	58749	1.3955	0.081433	1.0	1.0	low	low
7015	TERT	ENSG00000164362	5	1243282	1330178	232	58749	1.3952	0.081485	84.0	11.0	high_6	high_10
5027	P2RX7	ENSG00000089041	12	121535622	121634439	467	58749	1.3941	0.08165	1.0	1.0	low	low
2205	FCER1A	ENSG00000179639	1	159218678	159288014	194	58749	1.3938	0.08169	1.0	1.0	low	low
10903	MTMR11	ENSG00000014914	1	149890543	149943791	63	58749	1.3936	0.08172	16.0	7.0	high_6	high_10
53917	RAB24	ENSG00000169228	5	176718199	176765744	92	58749	1.3931	0.081794	5.0	4.0	intermediate	intermediate
56301	SLC7A10	ENSG00000130876	19	33689570	33751756	209	58749	1.393	0.08181	26.0	9.0	high_6	high_10
6206	RPS12	ENSG00000112306	6	133100708	133152007	185	58749	1.3916	0.082025	4.0	3.0	intermediate	intermediate
2895	GRID2	ENSG00000152208	4	93190453	94705707	3618	58749	1.3913	0.082064	3.0	2.0	intermediate	intermediate
828	CAPS	ENSG00000105519	19	5878659	5926222	154	58749	1.3908	0.08215	1.0	1.0	low	low
400258	C14orf180	ENSG00000184601	14	105011056	105066184	211	58749	1.3906	0.082172	2.0	2.0	intermediate	intermediate
3720	JARID2	ENSG00000008083	6	15211206	15532273	848	58749	1.3904	0.082208	5.0	5.0	intermediate	intermediate
8940	TOP3B	ENSG00000100038	22	22301397	22372219	177	58749	1.39	0.082261	1.0	1.0	low	low
3238	HOXD12	ENSG00000170178	2	176929530	176975488	99	58749	1.39	0.082265	2.0	2.0	intermediate	intermediate
9254	CACNA2D2	ENSG00000007402	3	50390230	50575892	272	58749	1.3891	0.082405	1.0	1.0	low	low
64499	TPSB2	ENSG00000197253	16	1268336	1315185	145	58749	1.3885	0.082496	1.0	1.0	low	low
4488	MSX2	ENSG00000120149	5	174116575	174167902	156	58749	1.3874	0.082663	1.0	1.0	low	low
203076	C8orf74	ENSG00000171060	8	10495147	10568103	191	58749	1.3873	0.08268	1.0	1.0	low	low
80381	CD276	ENSG00000103855	15	73941560	74016859	184	58749	1.3873	0.082676	1.0	1.0	low	low
146	ADRA1D	ENSG00000171873	20	4191278	4264659	249	58749	1.3872	0.082695	1.0	1.0	low	low
11183	MAP4K5	ENSG00000012983	14	50875211	51034376	234	58749	1.3861	0.082862	3.0	3.0	intermediate	intermediate
55170	PRMT6	ENSG00000198890	1	107564267	107611916	82	58749	1.386	0.082875	4.0	2.0	intermediate	intermediate
84327	ZBED3	ENSG00000132846	5	76362532	76418030	144	58749	1.3846	0.083086	3.0	2.0	intermediate	intermediate
3558	IL2	ENSG00000109471	4	123362625	123412650	81	58749	1.3844	0.083117	16.0	8.0	high_6	high_10
5641	LGMN	ENSG00000100600	14	93160152	93250047	205	58749	1.3843	0.083133	1.0	1.0	low	low
4609	MYC	ENSG00000136997	8	128713315	128763680	116	58749	1.3843	0.083129	50.0	9.0	high_6	high_10
246778	IL27	ENSG00000197272	16	28500683	28553155	114	58749	1.384	0.083179	5.0	3.0	intermediate	intermediate
128553	TSHZ2	ENSG00000182463	20	51553946	52121869	1495	58749	1.3838	0.083215	5.0	3.0	intermediate	intermediate
5226	PGD	ENSG00000142657	1	10423884	10490565	191	58749	1.3837	0.083224	2.0	2.0	intermediate	intermediate
10656	KHDRBS3	ENSG00000131773	8	136434702	136679068	551	58749	1.3834	0.08327	3.0	2.0	intermediate	intermediate
10618	TGOLN2	ENSG00000152291	2	85535141	85590419	141	58749	1.3833	0.083288	1.0	1.0	low	low
348174	CLEC18A	ENSG00000157322	16	69949608	70008250	97	58749	1.3829	0.08335	7.0	3.0	high_6	intermediate
9252	RPS6KA5	ENSG00000100784	14	91325086	91561993	492	58749	1.3829	0.083355	1.0	1.0	low	low
4653	MYOC	ENSG00000034971	1	171594557	171656773	249	58749	1.382	0.083489	4.0	3.0	intermediate	intermediate
25804	LSM4	ENSG00000130520	19	18407040	18469001	168	58749	1.3808	0.083665	1.0	1.0	low	low
2948	GSTM4	ENSG00000168765	1	110163698	110218123	119	58749	1.3799	0.083806	1.0	1.0	low	low
50833	TAS2R16	ENSG00000128519	7	122624759	122670754	116	58749	1.3796	0.083861	1.0	1.0	low	low
9924	PAN2	ENSG00000135473	12	56700007	56762837	71	58749	1.3795	0.083868	3.0	2.0	intermediate	intermediate
1665	DHX15	ENSG00000109606	4	24519087	24621184	285	58749	1.3789	0.08397	5.0	3.0	intermediate	intermediate
150280	HORMAD2	ENSG00000176635	22	30441453	30583064	275	58749	1.3782	0.084074	19.0	9.0	high_6	high_10
57569	ARHGAP20	ENSG00000137727	11	110437759	110618912	446	58749	1.3781	0.084082	1.0	1.0	low	low
5627	PROS1	ENSG00000184500	3	93581881	93727934	117	58749	1.3773	0.084213	7.0	3.0	high_6	intermediate
8312	AXIN1	ENSG00000103126	16	327440	440244	454	58749	1.377	0.084255	3.0	3.0	intermediate	intermediate
9741	LAPTM4A	ENSG00000068697	2	20222411	20286789	181	58749	1.3762	0.084383	1.0	1.0	low	low
84529	C15orf41	ENSG00000186073	15	36836812	37112449	757	58749	1.3762	0.084376	5.0	2.0	intermediate	intermediate
162333	MARCH10	ENSG00000173838	17	60768675	60920705	381	58749	1.3758	0.084448	1.0	1.0	low	low
51008	ASCC1	ENSG00000138303	10	73845790	74011892	259	58749	1.3756	0.084469	3.0	2.0	intermediate	intermediate
91661	ZNF765	ENSG00000196417	19	53863397	53925262	287	58749	1.3753	0.084514	1.0	1.0	low	low
51141	INSIG2	ENSG00000125629	2	118811033	118877604	202	58749	1.3752	0.084534	6.0	5.0	high_6	intermediate
30062	RAX	ENSG00000134438	18	56924267	56975625	170	58749	1.3748	0.084589	1.0	1.0	low	low
7627	ZNF75A	ENSG00000162086	16	3320406	3382935	103	58749	1.3747	0.084616	1.0	1.0	low	low
119749	OR4C46	ENSG00000185926	11	51480282	51526211	232	58749	1.3738	0.084753	5.0	3.0	intermediate	intermediate
27255	CNTN6	ENSG00000134115	3	1099342	1455278	1566	58749	1.3734	0.084819	1.0	1.0	low	low
23505	TMEM131	ENSG00000075568	2	98362799	98647389	533	58749	1.3722	0.085002	1.0	1.0	low	low
1128	CHRM1	ENSG00000168539	11	62666151	62724012	111	58749	1.3708	0.085212	1.0	1.0	low	low
84700	MYO18B	ENSG00000133454	22	26103117	26463345	1210	58749	1.3704	0.085281	2.0	2.0	intermediate	intermediate
23626	SPO11	ENSG00000054796	20	55869831	55929049	154	58749	1.3691	0.085476	2.0	2.0	intermediate	intermediate
8516	ITGA8	ENSG00000077943	10	15547711	15797328	753	58749	1.369	0.085492	1.0	1.0	low	low
158427	TSTD2	ENSG00000136925	9	100352362	100430962	77	58749	1.3684	0.085586	1.0	1.0	low	low
64207	IRF2BPL	ENSG00000119669	14	77480886	77530042	143	58749	1.3666	0.08587	5.0	2.0	intermediate	intermediate
2977	GUCY1A2	ENSG00000152402	11	106534738	106924171	1119	58749	1.3625	0.086516	2.0	1.0	intermediate	intermediate
22839	DLGAP4	ENSG00000080845	20	34960444	35167040	244	58749	1.3622	0.086561	3.0	2.0	intermediate	intermediate
23586	DDX58	ENSG00000107201	9	32445300	32561322	256	58749	1.3621	0.086584	2.0	2.0	intermediate	intermediate
346653	FAM71F2	ENSG00000205085	7	128276743	128338949	183	58749	1.36	0.086923	1.0	1.0	low	low
340069	FAM170A	ENSG00000164334	5	118930254	118981517	183	58749	1.3598	0.086942	1.0	1.0	low	low
84072	HORMAD1	ENSG00000143452	1	150660535	150728372	147	58749	1.3596	0.086977	6.0	4.0	high_6	intermediate
57684	ZBTB26	ENSG00000171448	9	125667845	125728792	112	58749	1.3593	0.087028	2.0	2.0	intermediate	intermediate
91833	WDR20	ENSG00000140153	14	102571189	102700010	288	58749	1.3589	0.087096	1.0	1.0	low	low
80157	CWH43	ENSG00000109182	4	48953264	49074096	207	58749	1.3583	0.087187	1.0	1.0	low	low
29841	GRHL1	ENSG00000134317	2	10056792	10152412	442	58749	1.358	0.087234	3.0	1.0	intermediate	intermediate
84958	SYTL1	ENSG00000142765	1	27633483	27690423	124	58749	1.3579	0.087255	1.0	1.0	low	low
66036	MTMR9	ENSG00000104643	8	11107000	11195655	270	58749	1.3576	0.087293	1.0	1.0	low	low
2534	FYN	ENSG00000010810	6	111971535	112229655	681	58749	1.3572	0.087357	6.0	4.0	high_6	intermediate
80228	ORAI2	ENSG00000160991	7	102038977	102107268	178	58749	1.3557	0.087594	2.0	1.0	intermediate	intermediate
55204	GOLPH3L	ENSG00000143457	1	150608701	150704672	236	58749	1.3547	0.087757	4.0	2.0	intermediate	intermediate
220929	ZNF438	ENSG00000183621	10	31123563	31355866	644	58749	1.3545	0.087784	5.0	4.0	intermediate	intermediate
347730	LRRTM1	ENSG00000162951	2	80505481	80566718	127	58749	1.3541	0.087856	1.0	1.0	low	low
56977	STOX2	ENSG00000173320	4	184791509	184954679	483	58749	1.354	0.087874	1.0	1.0	low	low
2041	EPHA1	ENSG00000146904	7	143078205	143140985	170	58749	1.353	0.088027	2.0	1.0	intermediate	intermediate
23480	SEC61G	ENSG00000132432	7	54809940	54861939	175	58749	1.3527	0.088079	3.0	1.0	intermediate	intermediate
5893	RAD52	ENSG00000002016	12	1011255	1134774	331	58749	1.3526	0.088096	2.0	1.0	intermediate	intermediate
375611	SLC26A5	ENSG00000170615	7	102983177	103121624	341	58749	1.3517	0.088243	7.0	4.0	high_6	intermediate
51300	TIMMDC1	ENSG00000113845	3	119182324	119253128	225	58749	1.3497	0.088553	6.0	4.0	high_6	intermediate
5909	RAP1GAP	ENSG00000076864	1	21912708	22031010	423	58749	1.3495	0.088595	4.0	3.0	intermediate	intermediate
651	BMP3	ENSG00000152785	4	81917119	81988685	157	58749	1.3492	0.088635	5.0	3.0	intermediate	intermediate
339324	ZNF260	ENSG00000254004	19	36991589	37054248	157	58749	1.3492	0.088633	1.0	1.0	low	low
143686	SESN3	ENSG00000149212	11	94888677	95000705	168	58749	1.348	0.088825	1.0	1.0	low	low
3177	SLC29A2	ENSG00000174669	11	66119992	66174961	99	58749	1.3478	0.088856	1.0	1.0	low	low
83999	KREMEN1	ENSG00000183762	22	29434066	29574321	391	58749	1.3475	0.088904	3.0	3.0	intermediate	intermediate
134285	TMEM171	ENSG00000157111	5	72375286	72437765	141	58749	1.3474	0.088927	3.0	2.0	intermediate	intermediate
57082	CASC5	ENSG00000137812	15	40851447	40964881	276	58749	1.3471	0.088966	3.0	2.0	intermediate	intermediate
168667	BMPER	ENSG00000164619	7	33909523	34205484	642	58749	1.3437	0.089522	1.0	1.0	low	low
3167	HMX2	ENSG00000188816	10	124867006	124920188	121	58749	1.3435	0.089553	1.0	1.0	low	low
3899	AFF3	ENSG00000144218	2	100152326	100794037	1258	58749	1.3434	0.089568	12.0	7.0	high_6	high_10
23452	ANGPTL2	ENSG00000136859	9	129839628	129920044	112	58749	1.3433	0.089587	4.0	3.0	intermediate	intermediate
114815	SORCS1	ENSG00000108018	10	108323421	108959466	1731	58749	1.3424	0.089728	3.0	3.0	intermediate	intermediate
8728	ADAM19	ENSG00000135074	5	156812071	157037831	762	58749	1.3414	0.0899	5.0	2.0	intermediate	intermediate
10458	BAIAP2	ENSG00000175866	17	78973944	79101232	556	58749	1.3414	0.089892	1.0	1.0	low	low
23052	ENDOD1	ENSG00000149218	11	94787974	94875815	301	58749	1.341	0.089956	1.0	1.0	low	low
2859	GPR35	ENSG00000178623	2	241509825	241580676	292	58749	1.3399	0.090146	12.0	5.0	high_6	high_10
4094	MAF	ENSG00000178573	16	79617745	79669622	186	58749	1.3399	0.090141	28.0	8.0	high_6	high_10
1001	CDH3	ENSG00000062038	16	68643151	68742959	248	58749	1.3399	0.090146	4.0	2.0	intermediate	intermediate
3257	HPS1	ENSG00000107521	10	100165955	100241720	311	58749	1.3393	0.090238	1.0	1.0	low	low
9145	SYNGR1	ENSG00000100321	22	39710954	39791593	261	58749	1.3384	0.090383	6.0	5.0	high_6	intermediate
100287898	TTC34	ENSG00000215912	1	2562807	2741230	203	58749	1.3381	0.090428	6.0	4.0	high_6	intermediate
2806	GOT2	ENSG00000125166	16	58731035	58803246	338	58749	1.3377	0.090494	3.0	3.0	intermediate	intermediate
10540	DCTN2	ENSG00000175203	12	57913833	57976114	85	58749	1.3369	0.090622	1.0	1.0	low	low
5791	PTPRE	ENSG00000132334	10	129670325	129894180	860	58749	1.3362	0.090734	2.0	2.0	intermediate	intermediate
23461	ABCA5	ENSG00000154265	17	67230576	67358323	270	58749	1.3355	0.090854	1.0	1.0	low	low
4790	NFKB1	ENSG00000109320	4	103387486	103548459	345	58749	1.3355	0.09085	19.0	9.0	high_6	high_10
151648	SGOL1	ENSG00000129810	3	20192085	20262724	245	58749	1.335	0.090932	5.0	4.0	intermediate	intermediate
645121	CCNI2	ENSG00000205089	5	132048137	132099856	59	58749	1.3349	0.090958	2.0	2.0	intermediate	intermediate
4221	MEN1	ENSG00000133895	11	64560986	64613766	91	58749	1.3349	0.09095	2.0	1.0	intermediate	intermediate
22904	SBNO2	ENSG00000064932	19	1097633	1209282	391	58749	1.3344	0.091032	7.0	4.0	high_6	intermediate
285315	C3orf33	ENSG00000174928	3	155470401	155559076	223	58749	1.3337	0.091151	1.0	1.0	low	low
80320	SP6	ENSG00000189120	17	45912280	45968240	154	58749	1.3326	0.091334	1.0	1.0	low	low
5118	PCOLCE	ENSG00000106333	7	100164882	100215798	73	58749	1.3311	0.091573	1.0	1.0	low	low
79736	TEFM	ENSG00000172171	17	29216001	29268286	80	58749	1.331	0.091601	10.0	3.0	high_6	high_10
84629	TNRC18	ENSG00000182095	7	5336421	5498177	584	58749	1.3304	0.091689	46.0	12.0	high_6	high_10
10079	ATP9A	ENSG00000054793	20	50203314	50419908	897	58749	1.3298	0.091791	4.0	3.0	intermediate	intermediate
23512	SUZ12	ENSG00000178691	17	30229044	30338057	234	58749	1.3294	0.09186	1.0	1.0	low	low
908	CCT6A	ENSG00000146731	7	56084378	56141682	140	58749	1.3284	0.092023	2.0	2.0	intermediate	intermediate
81	ACTN4	ENSG00000130402	19	39103256	39231336	331	58749	1.328	0.092089	2.0	2.0	intermediate	intermediate
79977	GRHL2	ENSG00000083307	8	102469668	102691954	632	58749	1.3276	0.092147	4.0	3.0	intermediate	intermediate
3797	KIF3C	ENSG00000084731	2	26139455	26240443	267	58749	1.3276	0.092149	4.0	3.0	intermediate	intermediate
2779	GNAT1	ENSG00000114349	3	50194043	50245129	84	58749	1.3275	0.092179	1.0	1.0	low	low
57678	GPAM	ENSG00000119927	10	113897971	114010153	275	58749	1.3272	0.09222	3.0	3.0	intermediate	intermediate
10370	CITED2	ENSG00000164442	6	139683392	139730787	115	58749	1.3269	0.092265	8.0	6.0	high_6	intermediate
55885	LMO3	ENSG00000048540	12	16691306	16796148	128	58749	1.3265	0.092342	1.0	1.0	low	low
63926	ANKEF1	ENSG00000132623	20	9980697	10047407	246	58749	1.3258	0.092454	1.0	1.0	low	low
23558	WBP2	ENSG00000132471	17	73831780	73886501	152	58749	1.3257	0.092473	1.0	1.0	low	low
23530	NNT	ENSG00000112992	5	43567791	43715668	333	58749	1.3256	0.092486	3.0	3.0	intermediate	intermediate
2125	EVPL	ENSG00000167880	17	73992926	74058533	133	58749	1.3256	0.092491	1.0	1.0	low	low
51218	GLRX5	ENSG00000182512	14	95966323	96021055	209	58749	1.3248	0.092619	3.0	3.0	intermediate	intermediate
26100	WIPI2	ENSG00000157954	7	5194835	5283486	396	58749	1.3245	0.092672	1.0	1.0	low	low
6975	TECTB	ENSG00000119913	10	114008213	114074793	182	58749	1.3243	0.092706	2.0	2.0	intermediate	intermediate
23263	MCF2L	ENSG00000126217	13	113513692	113764053	878	58749	1.3239	0.092775	8.0	4.0	high_6	intermediate
168620	BHLHA15	ENSG00000180535	7	97805759	97854769	131	58749	1.3236	0.092819	2.0	1.0	intermediate	intermediate
84074	QRICH2	ENSG00000129646	17	74260130	74339771	268	58749	1.3236	0.092813	1.0	1.0	low	low
51715	RAB23	ENSG00000112210	6	57041790	57122112	136	58749	1.3231	0.092902	4.0	3.0	intermediate	intermediate
51778	MYOZ2	ENSG00000172399	4	120021939	120118944	343	58749	1.3231	0.092905	1.0	1.0	low	low
285613	RELL2	ENSG00000164620	5	140981517	141030918	116	58749	1.3227	0.09296	1.0	1.0	low	low
56999	ADAMTS9	ENSG00000163638	3	64491330	64708676	600	58749	1.3223	0.09304	15.0	10.0	high_6	high_10
84162	KIAA1109	ENSG00000138688	4	123038488	123293914	378	58749	1.322	0.093089	19.0	9.0	high_6	high_10
348932	SLC6A18	ENSG00000164363	5	1190470	1256304	255	58749	1.3212	0.09322	7.0	1.0	high_6	intermediate
129080	EMID1	ENSG00000186998	22	29566901	29665586	284	58749	1.3208	0.093276	5.0	3.0	intermediate	intermediate
10330	CNPY2	ENSG00000257727	12	56694212	56745128	70	58749	1.3203	0.093362	2.0	2.0	intermediate	intermediate
375033	PEAR1	ENSG00000187800	1	156828496	156896226	166	58749	1.3201	0.0934	1.0	1.0	low	low
80117	ARL14	ENSG00000179674	3	160359948	160406236	162	58749	1.3201	0.093404	2.0	2.0	intermediate	intermediate
145741	C2CD4A	ENSG00000198535	15	62324176	62373116	127	58749	1.32	0.093424	4.0	3.0	intermediate	intermediate
9885	OSBPL2	ENSG00000130703	20	60778541	60881269	281	58749	1.3198	0.093448	1.0	1.0	low	low
25814	ATXN10	ENSG00000130638	22	46032678	46251187	547	58749	1.3194	0.093513	1.0	1.0	low	low
286133	SCARA5	ENSG00000168079	8	27717399	27885369	647	58749	1.3191	0.09357	6.0	3.0	high_6	intermediate
9862	MED24	ENSG00000008838	17	38165350	38245889	159	58749	1.3187	0.093641	6.0	3.0	high_6	intermediate
7485	WRB	ENSG00000182093	21	40717213	40779815	134	58749	1.3181	0.093729	2.0	2.0	intermediate	intermediate
3712	IVD	ENSG00000128928	15	40662686	40738146	177	58749	1.3175	0.093842	2.0	2.0	intermediate	intermediate
2219	FCN1	ENSG00000085265	9	137787711	137844849	194	58749	1.3173	0.093876	3.0	2.0	intermediate	intermediate
83605	CCM2	ENSG00000136280	7	45004345	45126069	385	58749	1.3152	0.094219	5.0	4.0	intermediate	intermediate
4738	NEDD8	ENSG00000129559	14	24676057	24736576	103	58749	1.3141	0.094402	2.0	1.0	intermediate	intermediate
55277	FGGY	ENSG00000172456	1	59727625	60238402	1040	58749	1.314	0.094426	9.0	3.0	high_6	intermediate
152579	SCFD2	ENSG00000184178	4	53728797	54267242	1176	58749	1.3131	0.094577	2.0	2.0	intermediate	intermediate
1592	CYP26A1	ENSG00000095596	10	94798232	94847641	115	58749	1.3128	0.094619	8.0	5.0	high_6	intermediate
54939	COMMD4	ENSG00000140365	15	75593352	75644268	92	58749	1.3126	0.094663	1.0	1.0	low	low
84934	RITA1	ENSG00000139405	12	113588342	113640169	97	58749	1.3126	0.094659	1.0	1.0	low	low
389643	NUGGC	ENSG00000189233	8	27869481	27976431	275	58749	1.3121	0.094738	1.0	1.0	low	low
8665	EIF3F	ENSG00000175390	11	7973867	8027718	173	58749	1.312	0.094752	5.0	2.0	intermediate	intermediate
7047	TGM4	ENSG00000163810	3	44881098	44966093	161	58749	1.3106	0.094994	1.0	1.0	low	low
389170	LEKR1	ENSG00000197980	3	156508069	156773918	741	58749	1.3103	0.095047	4.0	3.0	intermediate	intermediate
79674	VEPH1	ENSG00000197415	3	156967531	157256415	781	58749	1.31	0.095099	4.0	3.0	intermediate	intermediate
65220	NADK	ENSG00000008130	1	1672671	1746508	127	58749	1.3099	0.095121	2.0	2.0	intermediate	intermediate
54887	UHRF1BP1	ENSG00000065060	6	34724794	34855291	357	58749	1.3081	0.095415	19.0	11.0	high_6	high_10
5936	RBM4	ENSG00000173933	11	66371088	66445856	69	58749	1.308	0.095443	3.0	3.0	intermediate	intermediate
6745	SSR1	ENSG00000124783	6	7271283	7348541	373	58749	1.3079	0.095451	8.0	5.0	high_6	intermediate
55729	ATF7IP	ENSG00000171681	12	14483566	14665864	437	58749	1.3079	0.095452	6.0	3.0	high_6	intermediate
3383	ICAM1	ENSG00000090339	19	10345707	10407291	135	58749	1.3074	0.095537	6.0	3.0	high_6	intermediate
120114	FAT3	ENSG00000165323	11	92012446	92639636	1293	58749	1.3073	0.095555	8.0	5.0	high_6	intermediate
79608	RIC3	ENSG00000166405	11	8117597	8225590	415	58749	1.3071	0.095585	2.0	2.0	intermediate	intermediate
64410	KLHL25	ENSG00000183655	15	86292557	86373189	422	58749	1.3056	0.095852	6.0	5.0	high_6	intermediate
84717		ENSG00000167674	19	4437255	4512223	278	58749	1.3052	0.095921	1.0	1.0	low	low
90324	CCDC97	ENSG00000142039	19	41781094	41840788	105	58749	1.3047	0.096001	12.0	4.0	high_6	high_10
64921	CASD1	ENSG00000127995	7	94103838	94196331	184	58749	1.304	0.096118	1.0	1.0	low	low
345079	SOWAHB	ENSG00000186212	4	77806082	77854002	132	58749	1.3039	0.096142	2.0	1.0	intermediate	intermediate
51561	IL23A	ENSG00000110944	12	56697663	56744194	57	58749	1.3037	0.09616	1.0	1.0	low	low
6367	CCL22	ENSG00000102962	16	57357695	57410102	170	58749	1.3036	0.096194	1.0	1.0	low	low
130540	ALS2CR12	ENSG00000155749	2	202143147	202257101	254	58749	1.3029	0.096308	12.0	3.0	high_6	high_10
5747	PTK2	ENSG00000169398	8	141658481	142046412	641	58749	1.3021	0.096444	14.0	5.0	high_6	high_10
55181	SMG8	ENSG00000167447	17	57252371	57302611	88	58749	1.302	0.096454	1.0	1.0	low	low
8815	BANF1	ENSG00000175334	11	65734550	65781617	148	58749	1.3013	0.096584	2.0	2.0	intermediate	intermediate
64757	MARC1	ENSG00000186205	1	220925039	220997741	225	58749	1.3009	0.096638	4.0	4.0	intermediate	intermediate
8425	LTBP4	ENSG00000090006	19	41064072	41145725	209	58749	1.2987	0.09703	6.0	3.0	high_6	intermediate
23554	TSPAN12	ENSG00000106025	7	120417374	120533420	269	58749	1.2979	0.097165	1.0	1.0	low	low
23389	MED13L	ENSG00000123066	12	116386381	116749991	613	58749	1.2973	0.097263	8.0	5.0	high_6	intermediate
84790	TUBA1C	ENSG00000167553	12	49586715	49677117	168	58749	1.2969	0.09733	5.0	4.0	intermediate	intermediate
3250	HPR	ENSG00000261701	16	72062125	72121145	134	58749	1.2956	0.097552	8.0	4.0	high_6	intermediate
54796	BNC2	ENSG00000173068	9	16399501	16905786	1647	58749	1.2949	0.097671	37.0	10.0	high_6	high_10
54503	ZDHHC13	ENSG00000177054	11	19103681	19207967	294	58749	1.2945	0.097738	1.0	1.0	low	low
22989	MYH15	ENSG00000144821	3	108089216	108283169	428	58749	1.2938	0.097874	2.0	1.0	intermediate	intermediate
57619	SHROOM3	ENSG00000138771	4	77321253	77714406	1044	58749	1.2937	0.097882	10.0	7.0	high_6	high_10
27253	PCDH17	ENSG00000118946	13	58169238	58313445	289	58749	1.2933	0.097953	9.0	5.0	high_6	intermediate
2042	EPHA3	ENSG00000044524	3	89121674	89541284	784	58749	1.2926	0.098076	10.0	5.0	high_6	high_10
9744	ACAP1	ENSG00000072818	17	7204848	7264797	137	58749	1.2926	0.098083	9.0	5.0	high_6	intermediate
166824	RASSF6	ENSG00000169435	4	74427267	74521348	210	58749	1.2922	0.098136	6.0	5.0	high_6	intermediate
26	AOC1	ENSG00000002726	7	150489336	150568379	368	58749	1.292	0.09818	6.0	4.0	high_6	intermediate
5621	PRNP	ENSG00000171867	20	4631797	4692235	203	58749	1.2918	0.098208	2.0	1.0	intermediate	intermediate
56243	KIAA1217	ENSG00000120549	10	23948675	24846772	2478	58749	1.2912	0.098311	3.0	3.0	intermediate	intermediate
116843	SLC18B1	ENSG00000146409	6	133080507	133154747	264	58749	1.2912	0.098323	2.0	2.0	intermediate	intermediate
442247	RFPL4B	ENSG00000251258	6	112633532	112682498	109	58749	1.2903	0.098475	1.0	1.0	low	low
10437	IFI30	ENSG00000216490	19	18249590	18298934	116	58749	1.2891	0.098681	4.0	3.0	intermediate	intermediate
375519	GJB7	ENSG00000164411	6	87982696	88073996	260	58749	1.288	0.098867	1.0	1.0	low	low
8701	DNAH11	ENSG00000105877	7	21547833	21951451	1704	58749	1.288	0.09888	7.0	5.0	high_6	intermediate
84332	DYDC2	ENSG00000133665	10	82069501	82137829	213	58749	1.2876	0.098941	1.0	1.0	low	low
10736	SIX2	ENSG00000170577	2	45222324	45271580	182	58749	1.2874	0.098979	1.0	1.0	low	low
94	ACVRL1	ENSG00000139567	12	52265657	52327145	224	58749	1.2871	0.099031	1.0	1.0	low	low
930	CD19	ENSG00000177455	16	28908082	28960668	59	58749	1.2865	0.099142	1.0	1.0	low	low
140688	C20orf112	ENSG00000197183	20	31020862	31207875	345	58749	1.2864	0.099143	4.0	4.0	intermediate	intermediate
22806	IKZF3	ENSG00000161405	17	37903968	38055441	317	58749	1.2856	0.09929	5.0	4.0	intermediate	intermediate
1789	DNMT3B	ENSG00000088305	20	31315191	31407162	267	58749	1.2854	0.099332	6.0	4.0	high_6	intermediate
79633	FAT4	ENSG00000196159	4	126202003	126424087	625	58749	1.2851	0.099376	3.0	2.0	intermediate	intermediate
2043	EPHA4	ENSG00000116106	2	222272747	222472010	472	58749	1.2842	0.099535	2.0	2.0	intermediate	intermediate
830	CAPZA2	ENSG00000198898	7	116467533	116569315	158	58749	1.2839	0.099583	2.0	2.0	intermediate	intermediate
10184	LHFPL2	ENSG00000145685	5	77771038	77979648	431	58749	1.2836	0.099638	3.0	2.0	intermediate	intermediate
5213	PFKM	ENSG00000152556	12	48464656	48550187	229	58749	1.2831	0.099733	2.0	2.0	intermediate	intermediate
64374	SIL1	ENSG00000120725	5	138272409	138569065	397	58749	1.283	0.099748	1.0	1.0	low	low
2006	ELN	ENSG00000049540	7	73407119	73494237	183	58749	1.2828	0.099785	11.0	4.0	high_6	high_10
83882	TSPAN10	ENSG00000182612	17	79574349	79625779	250	58749	1.2826	0.09982	18.0	6.0	high_6	high_10
26147	PHF19	ENSG00000119403	9	123607929	123692168	207	58749	1.2824	0.099857	4.0	3.0	intermediate	intermediate
50999	TMED5	ENSG00000117500	1	93605299	93681246	158	58749	1.282	0.099921	1.0	1.0	low	low
6096	RORB	ENSG00000198963	9	77077252	77313534	514	58749	1.2818	0.099961	9.0	6.0	high_6	intermediate
64151	NCAPG	ENSG00000109805	4	17777436	17856488	135	58749	1.2807	0.10016	4.0	2.0	intermediate	intermediate
23648	SSBP3	ENSG00000157216	1	54681104	54907068	624	58749	1.28	0.10028	2.0	2.0	intermediate	intermediate
10244	RABEPK	ENSG00000136933	9	127927821	128006438	154	58749	1.2797	0.10032	1.0	1.0	low	low
57679	ALS2	ENSG00000003393	2	202554986	202680895	352	58749	1.2792	0.10042	2.0	2.0	intermediate	intermediate
3823	KLRC3	ENSG00000205810	12	10554914	10608194	78	58749	1.2778	0.10065	1.0	1.0	low	low
1308	COL17A1	ENSG00000065618	10	105781046	105880638	155	58749	1.2765	0.10089	7.0	2.0	high_6	intermediate
5309	PITX3	ENSG00000107859	10	103979946	104036231	82	58749	1.2754	0.10109	2.0	2.0	intermediate	intermediate
54810	GIPC2	ENSG00000137960	1	78475646	78614129	341	58749	1.2751	0.10113	2.0	2.0	intermediate	intermediate
3240	HP	ENSG00000257017	16	72053470	72104955	115	58749	1.2741	0.10131	12.0	4.0	high_6	high_10
5029	P2RY2	ENSG00000175591	11	72893735	72963472	156	58749	1.2737	0.10139	2.0	2.0	intermediate	intermediate
58494	JAM2	ENSG00000154721	21	26976594	27099874	339	58749	1.2731	0.1015	3.0	3.0	intermediate	intermediate
64858	DCLRE1B	ENSG00000118655	1	114412915	114466708	92	58749	1.2729	0.10152	9.0	5.0	high_6	intermediate
1499	CTNNB1	ENSG00000168036	3	41201401	41291939	138	58749	1.2727	0.10156	17.0	6.0	high_6	high_10
9525	VPS4B	ENSG00000119541	18	61046423	61124752	191	58749	1.2727	0.10156	1.0	1.0	low	low
730268	ANAPC1	ENSG00000153107	2	87965493	88057239	18	58749	1.272	0.10169	10.0	6.0	high_6	high_10
2993	GYPA	ENSG00000170180	4	145020456	145096904	261	58749	1.2718	0.10172	1.0	1.0	low	low
340745	LRIT2	ENSG00000204033	10	85970241	86020339	169	58749	1.2711	0.10184	3.0	3.0	intermediate	intermediate
54831	BEST2	ENSG00000039987	19	12827600	12879272	49	58749	1.2704	0.10197	1.0	1.0	low	low
643680	MS4A4E	ENSG00000214787	11	59958726	60045575	251	58749	1.2689	0.10224	5.0	2.0	intermediate	intermediate
5133	PDCD1	ENSG00000188389	2	242782033	242836058	205	58749	1.2689	0.10223	5.0	4.0	intermediate	intermediate
148789	B3GALNT2	ENSG00000162885	1	235600505	235702781	297	58749	1.2683	0.10234	2.0	2.0	intermediate	intermediate
3209	HOXA13	ENSG00000106031	7	27226499	27274725	105	58749	1.2664	0.10269	7.0	3.0	high_6	intermediate
122042	RXFP2	ENSG00000133105	13	32278679	32387009	319	58749	1.2662	0.10272	11.0	5.0	high_6	high_10
9679	FAM53B	ENSG00000189319	10	126297861	126467930	339	58749	1.2661	0.10274	5.0	3.0	intermediate	intermediate
2139	EYA2	ENSG00000064655	20	45488263	45827492	1004	58749	1.2657	0.10282	12.0	9.0	high_6	high_10
55272	IMP3	ENSG00000177971	15	75921426	75976047	102	58749	1.2656	0.10283	2.0	2.0	intermediate	intermediate
57158	JPH2	ENSG00000149596	20	42730337	42851218	431	58749	1.2651	0.10292	3.0	2.0	intermediate	intermediate
483	ATP1B3	ENSG00000069849	3	141560424	141655382	320	58749	1.2651	0.10292	1.0	1.0	low	low
57650	KIAA1524	ENSG00000163507	3	108258716	108343491	115	58749	1.2651	0.10291	1.0	1.0	low	low
5731	PTGER1	ENSG00000160951	19	14573278	14621174	198	58749	1.2643	0.10306	4.0	1.0	intermediate	intermediate
2527	FUT5	ENSG00000130383	19	5855837	5905551	207	58749	1.2642	0.10307	4.0	4.0	intermediate	intermediate
100125288	ZGLP1	ENSG00000220201	19	10405479	10455233	159	58749	1.2638	0.10315	3.0	1.0	intermediate	intermediate
8178	ELL	ENSG00000105656	19	18543473	18667937	250	58749	1.2635	0.1032	11.0	7.0	high_6	high_10
200895	DHFRL1	ENSG00000178700	3	93766766	93817233	36	58749	1.2632	0.10326	3.0	3.0	intermediate	intermediate
79925	SPEF2	ENSG00000152582	5	35582900	35824713	708	58749	1.2631	0.10328	4.0	2.0	intermediate	intermediate
84993	UBL7	ENSG00000138629	15	74728318	74788545	127	58749	1.2629	0.10332	2.0	1.0	intermediate	intermediate
1762	DMWD	ENSG00000185800	19	46276205	46331060	147	58749	1.2621	0.10345	4.0	3.0	intermediate	intermediate
10082	GPC6	ENSG00000183098	13	93844078	95070274	3249	58749	1.2617	0.10353	3.0	2.0	intermediate	intermediate
83595	SOX7	ENSG00000171056	8	10571278	10623084	197	58749	1.2613	0.10361	9.0	5.0	high_6	intermediate
4948	OCA2	ENSG00000104044	15	27990021	28379483	1018	58749	1.2612	0.10362	24.0	6.0	high_6	high_10
6364	CCL20	ENSG00000115009	2	228643558	228692280	160	58749	1.2609	0.10367	6.0	3.0	high_6	intermediate
4720	NDUFS2	ENSG00000158864	1	161132209	161194185	120	58749	1.2605	0.10375	1.0	1.0	low	low
29843	SENP1	ENSG00000079387	12	48426681	48535091	277	58749	1.2605	0.10375	1.0	1.0	low	low
6788	STK3	ENSG00000104375	8	99456859	99989799	669	58749	1.2604	0.10376	1.0	1.0	low	low
3386	ICAM4	ENSG00000105371	19	10362643	10409260	109	58749	1.2603	0.10378	5.0	2.0	intermediate	intermediate
55572	FOXRED1	ENSG00000110074	11	126103935	126158027	116	58749	1.2597	0.10388	1.0	1.0	low	low
51652	CHMP3	ENSG00000115561	2	86720553	86825620	264	58749	1.2597	0.10389	1.0	1.0	low	low
10970	CKAP4	ENSG00000136026	12	106621659	106676713	172	58749	1.259	0.10401	1.0	1.0	low	low
7535	ZAP70	ENSG00000115085	2	98295031	98366990	118	58749	1.2588	0.10405	11.0	6.0	high_6	high_10
57705	WDFY4	ENSG00000128815	10	49857907	50201001	1112	58749	1.2587	0.10406	3.0	3.0	intermediate	intermediate
55783	CMTR2	ENSG00000180917	16	71305292	71358509	179	58749	1.2583	0.10414	1.0	1.0	low	low
902	CCNH	ENSG00000134480	5	86677310	86743850	79	58749	1.2573	0.10432	1.0	1.0	low	low
441151	TMEM151B	ENSG00000178233	6	44203480	44257182	172	58749	1.2571	0.10435	1.0	1.0	low	low
120400	NXPE1	ENSG00000095110	11	114382423	114465580	189	58749	1.2566	0.10444	3.0	1.0	intermediate	intermediate
3394	IRF8	ENSG00000140968	16	85897774	85966212	247	58749	1.2564	0.10449	27.0	9.0	high_6	high_10
8324	FZD7	ENSG00000155760	2	202864310	202913160	130	58749	1.2549	0.10476	4.0	2.0	intermediate	intermediate
1299	COL9A3	ENSG00000092758	20	61413414	61482511	297	58749	1.2548	0.10477	1.0	1.0	low	low
150962	PUS10	ENSG00000162927	2	61157548	61280365	197	58749	1.2536	0.10499	14.0	7.0	high_6	high_10
6641	SNTB1	ENSG00000172164	8	121537985	121860599	882	58749	1.2535	0.10501	3.0	3.0	intermediate	intermediate
2830	GPR6	ENSG00000146360	6	110264459	110311923	123	58749	1.2535	0.10502	1.0	1.0	low	low
302	ANXA2	ENSG00000182718	15	60629350	60725185	216	58749	1.2533	0.10504	1.0	1.0	low	low
9698	PUM1	ENSG00000134644	1	31394353	31573838	373	58749	1.2531	0.10509	2.0	2.0	intermediate	intermediate
51535	PPHLN1	ENSG00000134283	12	42684947	42852422	445	58749	1.252	0.10528	1.0	1.0	low	low
83478	ARHGAP24	ENSG00000138639	4	86033860	86933823	2972	58749	1.252	0.10529	3.0	2.0	intermediate	intermediate
221322	TBC1D32	ENSG00000146350	6	121390627	121690646	1150	58749	1.2519	0.1053	2.0	2.0	intermediate	intermediate
55245	UQCC1	ENSG00000101019	20	33880369	34034945	291	58749	1.2517	0.10535	26.0	5.0	high_6	high_10
26585	GREM1	ENSG00000166923	15	32975175	33036870	184	58749	1.2511	0.10545	26.0	6.0	high_6	high_10
1785	DNM2	ENSG00000079805	19	10793729	10954169	362	58749	1.251	0.10546	2.0	2.0	intermediate	intermediate
83894	TTC29	ENSG00000137473	4	147618179	147902034	675	58749	1.251	0.10547	11.0	3.0	high_6	high_10
343099	CCDC18	ENSG00000122483	1	93611038	93754769	294	58749	1.2506	0.10554	1.0	1.0	low	low
29916	SNX11	ENSG00000002919	17	46149911	46210109	178	58749	1.2499	0.10567	4.0	3.0	intermediate	intermediate
154141	MBOAT1	ENSG00000172197	6	20089915	20247695	515	58749	1.2494	0.10576	2.0	2.0	intermediate	intermediate
92346	C1orf105	ENSG00000180999	1	172354828	172447969	257	58749	1.2494	0.10577	3.0	2.0	intermediate	intermediate
10885	WDR3	ENSG00000065183	1	118437372	118513049	69	58749	1.2488	0.10586	1.0	1.0	low	low
85460	ZNF518B	ENSG00000178163	4	10431497	10494032	188	58749	1.2484	0.10595	1.0	1.0	low	low
5481	PPID	ENSG00000171497	4	159620279	159679552	87	58749	1.2482	0.10597	2.0	2.0	intermediate	intermediate
79747	ADGB	ENSG00000118492	6	146885136	147146598	654	58749	1.2477	0.10607	1.0	1.0	low	low
10073	SNUPN	ENSG00000169371	15	75880424	75953719	114	58749	1.2475	0.10612	1.0	1.0	low	low
64901	RANBP17	ENSG00000204764	5	170253880	170737454	939	58749	1.2474	0.10612	3.0	2.0	intermediate	intermediate
11142	PKIG	ENSG00000168734	20	43125422	43257678	222	58749	1.2469	0.10622	2.0	1.0	intermediate	intermediate
6760	SS18	ENSG00000141380	18	23586217	23706176	232	58749	1.2467	0.10625	1.0	1.0	low	low
84181	CHD6	ENSG00000124177	20	40020741	40282133	609	58749	1.2466	0.10627	6.0	4.0	high_6	intermediate
282974	STK32C	ENSG00000165752	10	133986038	134180377	780	58749	1.2459	0.1064	2.0	2.0	intermediate	intermediate
80821	DDHD1	ENSG00000100523	14	53493458	53655046	286	58749	1.2455	0.10647	3.0	3.0	intermediate	intermediate
149297	FAM78B	ENSG00000188859	1	166016663	166170992	398	58749	1.2455	0.10648	1.0	1.0	low	low
7693	ZNF134	ENSG00000213762	19	58090830	58143636	114	58749	1.244	0.10676	1.0	1.0	low	low
25884	CHRDL2	ENSG00000054938	11	74397474	74477227	172	58749	1.2434	0.10686	7.0	3.0	high_6	intermediate
645832	VTN	ENSG00000109072	17	26681290	26727265	91	58749	1.2421	0.10711	1.0	1.0	low	low
10090	UST	ENSG00000111962	6	149033063	149408126	1095	58749	1.2419	0.10713	1.0	1.0	low	low
8313	AXIN2	ENSG00000168646	17	63514681	63592740	192	58749	1.2416	0.10719	2.0	2.0	intermediate	intermediate
51569	UFM1	ENSG00000120686	13	38888942	38947143	108	58749	1.2415	0.10721	1.0	1.0	low	low
81318	OR4A5	ENSG00000221840	11	51401378	51447448	263	58749	1.2414	0.10723	1.0	1.0	low	low
9188	DDX21	ENSG00000165732	10	70680879	70754825	179	58749	1.2412	0.10726	1.0	1.0	low	low
6176	RPLP1	ENSG00000137818	15	69710159	69757884	43	58749	1.241	0.1073	7.0	5.0	high_6	intermediate
8986	RPS6KA4	ENSG00000162302	11	64091625	64149687	115	58749	1.2404	0.10742	6.0	4.0	high_6	intermediate
1073	CFL2	ENSG00000165410	14	35169588	35219029	214	58749	1.2402	0.10745	2.0	2.0	intermediate	intermediate
9015	TAF1A	ENSG00000143498	1	222720990	222798438	207	58749	1.2398	0.10752	2.0	1.0	intermediate	intermediate
389761	SPATA31D1	ENSG00000214929	9	84508343	84559913	37	58749	1.2397	0.10754	3.0	2.0	intermediate	intermediate
84660	CCDC62	ENSG00000130783	12	123224056	123321927	255	58749	1.2382	0.10782	2.0	2.0	intermediate	intermediate
79974	CPED1	ENSG00000106034	7	120593751	120947498	773	58749	1.2379	0.10788	1.0	1.0	low	low
54876	DCAF16	ENSG00000163257	4	17792278	17847386	96	58749	1.2375	0.10796	1.0	1.0	low	low
9649	RALGPS1	ENSG00000136828	9	129642053	129995445	595	58749	1.2374	0.10796	8.0	6.0	high_6	intermediate
8428	STK24	ENSG00000102572	13	99092455	99264396	536	58749	1.2369	0.10807	3.0	3.0	intermediate	intermediate
58528	RRAGD	ENSG00000025039	6	90064335	90156995	217	58749	1.2368	0.10808	1.0	1.0	low	low
29119	CTNNA3	ENSG00000183230	10	67662276	69490949	6481	58749	1.2355	0.10833	7.0	5.0	high_6	intermediate
51466	EVL	ENSG00000196405	14	100450719	100620573	467	58749	1.2354	0.10833	1.0	1.0	low	low
90139	TSPAN18	ENSG00000157570	11	44713731	44963978	802	58749	1.2349	0.10843	4.0	3.0	intermediate	intermediate
4313	MMP2	ENSG00000087245	16	55478081	55550586	338	58749	1.2343	0.10855	3.0	2.0	intermediate	intermediate
94137	RP1L1	ENSG00000183638	8	10453859	10547617	326	58749	1.2341	0.10858	1.0	1.0	low	low
283991	UBALD2	ENSG00000185262	17	74226286	74277379	135	58749	1.2335	0.1087	1.0	1.0	low	low
79807	GSTCD	ENSG00000138780	4	106594935	106778882	399	58749	1.2333	0.10874	2.0	1.0	intermediate	intermediate
51703	ACSL5	ENSG00000197142	10	114098916	114198138	225	58749	1.233	0.10878	1.0	1.0	low	low
80006	TRAPPC13	ENSG00000113597	5	64885558	64971954	250	58749	1.2327	0.10884	1.0	1.0	low	low
83449	PMFBP1	ENSG00000118557	16	72142996	72241349	250	58749	1.2322	0.10893	19.0	9.0	high_6	high_10
161	AP2A2	ENSG00000183020	11	890809	1022245	375	58749	1.2321	0.10895	1.0	1.0	low	low
85437	ZCRB1	ENSG00000139168	12	42695888	42754932	176	58749	1.2319	0.10899	1.0	1.0	low	low
133690	CAPSL	ENSG00000152611	5	35894397	35973881	222	58749	1.2305	0.10926	3.0	2.0	intermediate	intermediate
5175	PECAM1	ENSG00000261371	17	62386775	62439856	98	58749	1.2295	0.10944	7.0	2.0	high_6	intermediate
23007	PLCH1	ENSG00000114805	3	155187670	155497878	854	58749	1.2288	0.10958	1.0	1.0	low	low
115207	KCTD12	ENSG00000178695	13	77444304	77495540	135	58749	1.2287	0.1096	2.0	1.0	intermediate	intermediate
143241	DYDC1	ENSG00000170788	10	82085858	82151523	232	58749	1.228	0.10972	1.0	1.0	low	low
221468	TMEM217	ENSG00000172738	6	37169954	37260931	162	58749	1.228	0.10971	1.0	1.0	low	low
55705	IPO9	ENSG00000198700	1	201763288	201863422	169	58749	1.2279	0.10974	3.0	2.0	intermediate	intermediate
2800	GOLGA1	ENSG00000136935	9	127630573	127738386	129	58749	1.2277	0.10979	1.0	1.0	low	low
9376	SLC22A8	ENSG00000149452	11	62750296	62818317	145	58749	1.2274	0.10983	1.0	1.0	low	low
2554	GABRA1	ENSG00000022355	5	161239197	161336965	251	58749	1.2273	0.10986	1.0	1.0	low	low
128486	FITM2	ENSG00000197296	20	42925197	42974889	114	58749	1.2273	0.10986	1.0	1.0	low	low
55133	SRBD1	ENSG00000068784	2	45605819	45873434	762	58749	1.2267	0.10998	4.0	3.0	intermediate	intermediate
79596	RNF219	ENSG00000152193	13	79178421	79268314	185	58749	1.2267	0.10997	1.0	1.0	low	low
50515	CHST11	ENSG00000171310	12	104815692	105165792	1178	58749	1.2265	0.11001	1.0	1.0	low	low
51061	TXNDC11	ENSG00000153066	16	11762939	11871707	295	58749	1.2262	0.11006	1.0	1.0	low	low
80726	KIAA1683	ENSG00000130518	19	18357906	18420319	232	58749	1.2254	0.11022	4.0	3.0	intermediate	intermediate
400499		ENSG00000188897	16	11526047	11620611	500	58749	1.225	0.11028	8.0	4.0	high_6	intermediate
4023	LPL	ENSG00000175445	8	19761582	19834770	279	58749	1.2229	0.11068	29.0	6.0	high_6	high_10
7448	VTN	ENSG00000109072	17	26684298	26732373	91	58749	1.2225	0.11077	1.0	1.0	low	low
10317	B3GALT5	ENSG00000183778	21	40893369	41044816	589	58749	1.2224	0.11078	2.0	2.0	intermediate	intermediate
10951	CBX1	ENSG00000108468	17	46137414	46213883	223	58749	1.222	0.11085	2.0	2.0	intermediate	intermediate
11069	RAPGEF4	ENSG00000091428	2	173565525	173927621	1016	58749	1.2205	0.11114	1.0	1.0	low	low
10745	PHTF1	ENSG00000116793	1	114229824	114337165	162	58749	1.2205	0.11114	14.0	9.0	high_6	high_10
1081	CGA	ENSG00000135346	6	87785216	87839865	169	58749	1.2193	0.11136	1.0	1.0	low	low
3781	KCNN2	ENSG00000080709	5	113663016	113842197	398	58749	1.2187	0.11148	6.0	3.0	high_6	intermediate
282617	IFNL3	ENSG00000197110	19	39724272	39770916	127	58749	1.2181	0.11159	1.0	1.0	low	low
282616	IFNL2	ENSG00000183709	19	39724157	39770732	127	58749	1.2181	0.11159	1.0	1.0	low	low
3036	HAS1	ENSG00000105509	19	52206365	52262239	248	58749	1.2178	0.11164	2.0	1.0	intermediate	intermediate
4794	NFKBIE	ENSG00000146232	6	44215903	44268525	160	58749	1.2172	0.11176	1.0	1.0	low	low
10620	ARID3B	ENSG00000179361	15	74798518	74900472	158	58749	1.2166	0.11189	1.0	1.0	low	low
54859	ELP6	ENSG00000163832	3	47527130	47590199	87	58749	1.2166	0.11187	2.0	1.0	intermediate	intermediate
253650	ANKRD18A	ENSG00000180071	9	38533190	38655626	340	58749	1.2164	0.11191	1.0	1.0	low	low
27237	ARHGEF16	ENSG00000130762	1	3336147	3407677	264	58749	1.2152	0.11215	5.0	3.0	intermediate	intermediate
389762	SPATA31D1	ENSG00000214929	9	84523415	84575009	25	58749	1.2151	0.11217	3.0	2.0	intermediate	intermediate
80339	PNPLA3	ENSG00000100344	22	44284619	44353451	301	58749	1.2151	0.11216	45.0	12.0	high_6	high_10
136306	SVOPL	ENSG00000157703	7	138269030	138420969	535	58749	1.2146	0.11226	1.0	1.0	low	low
79672	FN3KRP	ENSG00000141560	17	80639582	80695893	215	58749	1.2139	0.11239	2.0	2.0	intermediate	intermediate
7203	CCT3	ENSG00000163468	1	156268752	156343206	138	58749	1.2138	0.1124	4.0	4.0	intermediate	intermediate
4215	MAP3K3	ENSG00000198909	17	61664404	61783670	124	58749	1.2133	0.11252	1.0	1.0	low	low
10390	CEPT1	ENSG00000134255	1	111647249	111737724	158	58749	1.2132	0.11253	1.0	1.0	low	low
10923	SUB1	ENSG00000113387	5	32550605	32614185	123	58749	1.213	0.11257	1.0	1.0	low	low
140902	R3HDML	ENSG00000101074	20	42930798	42989432	152	58749	1.2116	0.11283	1.0	1.0	low	low
7546	ZIC2	ENSG00000043355	13	100599026	100649019	101	58749	1.2113	0.11288	4.0	3.0	intermediate	intermediate
55676	SLC30A6	ENSG00000152683	2	32355910	32459181	240	58749	1.2107	0.11301	1.0	1.0	low	low
2052	EPHX1	ENSG00000143819	1	225962797	226043264	281	58749	1.2105	0.11305	1.0	1.0	low	low
1585	CYP11B2	ENSG00000179142	8	143981975	144034259	170	58749	1.2104	0.11307	2.0	2.0	intermediate	intermediate
85440	DOCK7	ENSG00000116641	1	62910397	63189039	335	58749	1.2093	0.11328	2.0	1.0	intermediate	intermediate
1838	DTNB	ENSG00000138101	2	25590067	25931516	526	58749	1.2074	0.11364	7.0	3.0	high_6	intermediate
23011	RAB21	ENSG00000080371	12	72113658	72191150	164	58749	1.207	0.11373	1.0	1.0	low	low
128	ADH5	ENSG00000197894	4	99982129	100044931	288	58749	1.2066	0.1138	1.0	1.0	low	low
84572	GNPTG	ENSG00000090581	16	1366900	1423352	201	58749	1.2062	0.11388	1.0	1.0	low	low
55174	INTS10	ENSG00000104613	8	19639876	19719589	321	58749	1.206	0.11391	2.0	2.0	intermediate	intermediate
50617	ATP6V0A4	ENSG00000105929	7	138381039	138519305	501	58749	1.2051	0.11409	1.0	1.0	low	low
113451	ADC	ENSG00000142920	1	33511711	33596132	102	58749	1.2047	0.11415	1.0	1.0	low	low
5575	PRKAR1B	ENSG00000188191	7	578834	802313	736	58749	1.2044	0.11421	1.0	1.0	low	low
54919	HEATR2	ENSG00000164818	7	731338	836116	336	58749	1.2041	0.11428	1.0	1.0	low	low
79966	SCD5	ENSG00000145284	4	83540690	83755010	884	58749	1.203	0.11449	1.0	1.0	low	low
161176	SYNE3	ENSG00000176438	14	95873831	96018000	679	58749	1.2025	0.11459	2.0	2.0	intermediate	intermediate
80122	MAP3K19	ENSG00000176601	2	135712076	135817301	213	58749	1.2018	0.11473	2.0	2.0	intermediate	intermediate
25855	BRMS1	ENSG00000174744	11	66094804	66147596	82	58749	1.2017	0.11474	1.0	1.0	low	low
11127	KIF3A	ENSG00000131437	5	132018323	132108265	140	58749	1.2011	0.11485	4.0	3.0	intermediate	intermediate
9169	SCAF11	ENSG00000139218	12	46302914	46420898	155	58749	1.2009	0.11489	1.0	1.0	low	low
85477	SCIN	ENSG00000006747	7	12574989	12703228	524	58749	1.2006	0.11495	1.0	1.0	low	low
79657	RPAP3	ENSG00000005175	12	48045715	48134844	215	58749	1.2005	0.11498	1.0	1.0	low	low
5290	PIK3CA	ENSG00000121879	3	178831311	178962500	282	58749	1.2003	0.11501	1.0	1.0	low	low
27032	ATP2C1	ENSG00000017260	3	130534327	130745556	334	58749	1.199	0.11527	2.0	1.0	intermediate	intermediate
123041	SLC24A4	ENSG00000140090	14	92753925	92977825	861	58749	1.1987	0.11532	6.0	3.0	high_6	intermediate
57150	SMIM8	ENSG00000111850	6	87997306	88062043	198	58749	1.1984	0.11539	1.0	1.0	low	low
9180	OSMR	ENSG00000145623	5	38810960	38945743	388	58749	1.1973	0.11559	5.0	3.0	intermediate	intermediate
3762	KCNJ5	ENSG00000120457	11	128726313	128801060	236	58749	1.1967	0.11572	6.0	3.0	high_6	intermediate
2161	F12	ENSG00000131187	5	176819139	176871577	75	58749	1.1966	0.11573	2.0	2.0	intermediate	intermediate
9493	KIF23	ENSG00000137807	15	69671585	69750766	89	58749	1.1944	0.11617	1.0	1.0	low	low
8880	FUBP1	ENSG00000162613	1	78399740	78479839	166	58749	1.1932	0.11639	11.0	8.0	high_6	high_10
79959	CEP76	ENSG00000101624	18	12651748	12737776	221	58749	1.1922	0.11659	1.0	1.0	low	low
285498	RNF212	ENSG00000178222	4	1040039	1142352	426	58749	1.191	0.11683	3.0	2.0	intermediate	intermediate
22919	MAPRE1	ENSG00000101367	20	31372699	31448211	215	58749	1.1908	0.11686	3.0	3.0	intermediate	intermediate
84283	TMEM79	ENSG00000163472	1	156217704	156272234	119	58749	1.1906	0.1169	1.0	1.0	low	low
549	AUH	ENSG00000148090	9	93966097	94159215	455	58749	1.1887	0.11727	6.0	3.0	high_6	intermediate
55657	ZNF692	ENSG00000171163	1	249134203	249188315	92	58749	1.1886	0.11729	2.0	2.0	intermediate	intermediate
83416	FCRL5	ENSG00000143297	1	157473167	157557310	224	58749	1.1879	0.11744	2.0	2.0	intermediate	intermediate
55599	RNPC3	ENSG00000185946	1	104033323	104107861	99	58749	1.1876	0.11749	1.0	1.0	low	low
945	CD33	ENSG00000105383	19	51693335	51753274	146	58749	1.1874	0.11753	1.0	1.0	low	low
2036	EPB41L1	ENSG00000088367	20	34644426	34830721	193	58749	1.1872	0.11758	9.0	3.0	high_6	intermediate
9666	DZIP3	ENSG00000198919	3	108273337	108423693	189	58749	1.1865	0.11771	1.0	1.0	low	low
81704	DOCK8	ENSG00000107099	9	179865	475259	1376	58749	1.1857	0.11786	4.0	4.0	intermediate	intermediate
131405	TRIM71	ENSG00000206557	3	32824510	32943771	272	58749	1.1852	0.11797	3.0	2.0	intermediate	intermediate
116461	TSEN15	ENSG00000198860	1	183985811	184053346	117	58749	1.1848	0.11806	8.0	4.0	high_6	intermediate
64426	SUDS3	ENSG00000111707	12	118779358	118865840	192	58749	1.1844	0.11813	1.0	1.0	low	low
441911	OR10J3	ENSG00000196266	1	159273460	159319449	121	58749	1.1834	0.11832	2.0	2.0	intermediate	intermediate
25948	KBTBD2	ENSG00000170852	7	32897778	32966468	144	58749	1.1833	0.11835	2.0	1.0	intermediate	intermediate
27123	DKK2	ENSG00000155011	4	107832959	107992453	385	58749	1.1831	0.11838	3.0	2.0	intermediate	intermediate
22808	MRAS	ENSG00000158186	3	138031490	138134377	197	58749	1.183	0.1184	12.0	4.0	high_6	high_10
27329	ANGPTL3	ENSG00000132855	1	63028158	63081976	59	58749	1.1823	0.11855	9.0	4.0	high_6	intermediate
112869	CCDC101	ENSG00000176476	16	28530249	28613111	238	58749	1.1813	0.11874	1.0	1.0	low	low
63982	ANO3	ENSG00000134343	11	26175458	26694836	2649	58749	1.1802	0.11895	5.0	2.0	intermediate	intermediate
138429	PIP5KL1	ENSG00000167103	9	130673808	130728076	108	58749	1.1795	0.1191	2.0	2.0	intermediate	intermediate
161198	CLEC14A	ENSG00000176435	14	38713205	38760575	112	58749	1.179	0.1192	2.0	1.0	intermediate	intermediate
9241	NOG	ENSG00000183691	17	54636060	54682951	66	58749	1.1787	0.11926	13.0	3.0	high_6	high_10
3376	IARS	ENSG00000196305	9	94962489	95091038	289	58749	1.1786	0.11928	1.0	1.0	low	low
2153	F5	ENSG00000198734	1	169471192	169590769	474	58749	1.1784	0.11933	45.0	12.0	high_6	high_10
85004	RERG	ENSG00000134533	12	15250716	15409411	365	58749	1.1781	0.11939	1.0	1.0	low	low
126755	LRRC38	ENSG00000162494	1	13791445	13875242	373	58749	1.1778	0.11944	1.0	1.0	low	low
83592	AKR1E2	ENSG00000165568	10	4833369	4900254	451	58749	1.1775	0.11949	2.0	2.0	intermediate	intermediate
51131	PHF11	ENSG00000136147	13	50034746	50113123	261	58749	1.1765	0.11969	1.0	1.0	low	low
2870	GRK6	ENSG00000198055	5	176818687	176879850	87	58749	1.1761	0.11979	1.0	1.0	low	low
3625	INHBB	ENSG00000163083	2	121068719	121119383	129	58749	1.1758	0.11984	17.0	8.0	high_6	high_10
84817	TXNDC17	ENSG00000129235	17	6509222	6557861	164	58749	1.1746	0.12007	2.0	1.0	intermediate	intermediate
51000	SLC35B3	ENSG00000124786	6	8403301	8470794	327	58749	1.1738	0.12023	2.0	2.0	intermediate	intermediate
4143	MAT1A	ENSG00000151224	10	82021576	82084721	201	58749	1.1731	0.12037	2.0	1.0	intermediate	intermediate
149951	COMMD7	ENSG00000149600	20	31280493	31366814	243	58749	1.1723	0.12053	5.0	3.0	intermediate	intermediate
11346	SYNPO	ENSG00000171992	5	149945642	150048792	230	58749	1.1714	0.12073	3.0	2.0	intermediate	intermediate
7201	TRHR	ENSG00000174417	8	110064653	110141813	238	58749	1.171	0.1208	1.0	1.0	low	low
55871	CBWD1	ENSG00000172785	9	111038	214077	109	58749	1.1707	0.12087	1.0	1.0	low	low
23338	JADE2	ENSG00000043143	5	133825003	133928918	249	58749	1.1706	0.12087	12.0	7.0	high_6	high_10
10499	NCOA2	ENSG00000140396	8	71011997	71351062	541	58749	1.1694	0.12113	7.0	6.0	high_6	intermediate
333926	PPM1J	ENSG00000155367	1	113242616	113292950	114	58749	1.1679	0.12142	1.0	1.0	low	low
7049	TGFBR3	ENSG00000069702	1	92135900	92406559	855	58749	1.1676	0.12148	12.0	5.0	high_6	high_10
152185	SPICE1	ENSG00000163611	3	113151565	113269034	405	58749	1.1668	0.12164	1.0	1.0	low	low
5493	PPL	ENSG00000118898	16	4922508	5022136	447	58749	1.1668	0.12164	2.0	2.0	intermediate	intermediate
598	BCL2L1	ENSG00000171552	20	30242261	30346752	159	58749	1.1667	0.12167	2.0	1.0	intermediate	intermediate
10124	ARL4A	ENSG00000122644	7	12691452	12740559	238	58749	1.165	0.122	2.0	2.0	intermediate	intermediate
9734	HDAC9	ENSG00000048052	7	18091572	19049135	2363	58749	1.165	0.12202	18.0	8.0	high_6	high_10
5430	POLR2A	ENSG00000181222	17	7352698	7427935	240	58749	1.1647	0.12207	4.0	3.0	intermediate	intermediate
10615	SPAG5	ENSG00000076382	17	26894583	26961056	44	58749	1.1645	0.12212	1.0	1.0	low	low
4054	LTBP3	ENSG00000168056	11	65296030	65360858	87	58749	1.1643	0.12215	13.0	7.0	high_6	high_10
133619	PRRC1	ENSG00000164244	5	126818301	126900781	199	58749	1.1642	0.12217	1.0	1.0	low	low
2118	ETV4	ENSG00000175832	17	41595211	41658800	117	58749	1.1633	0.12235	1.0	1.0	low	low
9033	PKD2L1	ENSG00000107593	10	102037903	102125243	196	58749	1.1623	0.12255	2.0	2.0	intermediate	intermediate
55607	PPP1R9A	ENSG00000158528	7	94501949	94935727	713	58749	1.1615	0.12273	2.0	2.0	intermediate	intermediate
777	CACNA1E	ENSG00000198216	1	181417447	181785920	899	58749	1.1606	0.12291	1.0	1.0	low	low
1981	EIF4G1	ENSG00000114867	3	183997283	184063146	115	58749	1.1605	0.12293	1.0	1.0	low	low
54543	TOMM7	ENSG00000196683	7	22842251	22897471	222	58749	1.1593	0.12318	2.0	2.0	intermediate	intermediate
78986	DUSP26	ENSG00000133878	8	33438848	33492546	118	58749	1.1592	0.12319	3.0	2.0	intermediate	intermediate
55844	PPP2R2D	ENSG00000175470	10	133712957	133780054	117	58749	1.1587	0.12328	2.0	1.0	intermediate	intermediate
3233	HOXD3	ENSG00000128652	2	176980122	177027951	90	58749	1.1586	0.12331	5.0	2.0	intermediate	intermediate
151246	SGOL2	ENSG00000163535	2	201355865	201458818	211	58749	1.1582	0.1234	2.0	2.0	intermediate	intermediate
83715	ESPN	ENSG00000187017	1	6449836	6531004	249	58749	1.1567	0.12369	1.0	1.0	low	low
222584	FAM83B	ENSG00000168143	6	54676569	54819897	527	58749	1.1558	0.12389	1.0	1.0	low	low
23526	HMHA1	ENSG00000180448	19	1030922	1096627	287	58749	1.1551	0.12403	4.0	3.0	intermediate	intermediate
771	CA12	ENSG00000074410	15	63605730	63709326	273	58749	1.1535	0.12435	5.0	5.0	intermediate	intermediate
9580	SOX13	ENSG00000143842	1	204007237	204106871	276	58749	1.1533	0.1244	1.0	1.0	low	low
56731	SLC2A4RG	ENSG00000125520	20	62336211	62385403	133	58749	1.1528	0.12449	4.0	3.0	intermediate	intermediate
55254	TMEM39A	ENSG00000176142	3	119137807	119217529	215	58749	1.1521	0.12465	2.0	2.0	intermediate	intermediate
124637	CYB5D1	ENSG00000182224	17	7726064	7775691	89	58749	1.1514	0.12479	5.0	5.0	intermediate	intermediate
1557	CYP2C19	ENSG00000165841	10	96487463	96622671	342	58749	1.1514	0.12479	1.0	1.0	low	low
55840	EAF2	ENSG00000145088	3	121519030	121615373	263	58749	1.1508	0.12491	1.0	1.0	low	low
81929	SEH1L	ENSG00000085415	18	12912983	12997536	205	58749	1.1505	0.12497	1.0	1.0	low	low
1584	CYP11B1	ENSG00000160882	8	143943773	143996236	196	58749	1.1491	0.12526	2.0	2.0	intermediate	intermediate
54664	TMEM106B	ENSG00000106460	7	12215848	12286890	371	58749	1.1486	0.12536	18.0	6.0	high_6	high_10
143903	LAYN	ENSG00000204381	11	111376233	111442470	112	58749	1.1485	0.12538	6.0	4.0	high_6	intermediate
10955	SERINC3	ENSG00000132824	20	43114864	43185726	111	58749	1.1484	0.12539	1.0	1.0	low	low
55023	PHIP	ENSG00000146247	6	79634136	79823011	355	58749	1.1467	0.12575	1.0	1.0	low	low
84769	MPV17L2	ENSG00000254858	19	18268986	18317552	129	58749	1.1465	0.12579	1.0	1.0	low	low
2180	ACSL1	ENSG00000151726	4	185666749	185782215	415	58749	1.1465	0.1258	2.0	1.0	intermediate	intermediate
5333	PLCD1	ENSG00000187091	3	38038987	38106154	184	58749	1.146	0.1259	9.0	4.0	high_6	intermediate
23315	SLC9A8	ENSG00000197818	20	48394250	48518779	381	58749	1.1459	0.12592	1.0	1.0	low	low
4988	OPRM1	ENSG00000112038	6	154296631	154578001	812	58749	1.1436	0.12639	3.0	3.0	intermediate	intermediate
25987	TSKU	ENSG00000182704	11	76458357	76519198	154	58749	1.1433	0.12646	7.0	5.0	high_6	intermediate
23585	TMEM50A	ENSG00000183726	1	25629789	25698852	46	58749	1.1426	0.1266	1.0	1.0	low	low
57475	PLEKHH1	ENSG00000054690	14	67964916	68066255	335	58749	1.1424	0.12664	1.0	1.0	low	low
10592	SMC2	ENSG00000136824	9	106821213	106913700	233	58749	1.1423	0.12667	12.0	4.0	high_6	high_10
694	BTG1	ENSG00000133639	12	92524054	92574673	114	58749	1.142	0.12673	1.0	1.0	low	low
1767	DNAH5	ENSG00000039139	5	13680437	14046841	1262	58749	1.1418	0.12677	2.0	2.0	intermediate	intermediate
503835	DUXA	ENSG00000258873	19	57653094	57713856	206	58749	1.1411	0.12691	5.0	3.0	intermediate	intermediate
27240	SIT1	ENSG00000137078	9	35639295	35685947	147	58749	1.141	0.12693	1.0	1.0	low	low
8743	TNFSF10	ENSG00000121858	3	172213298	172276297	255	58749	1.1405	0.12704	6.0	4.0	high_6	intermediate
5338	PLD2	ENSG00000129219	17	4675396	4736727	165	58749	1.1401	0.12713	1.0	1.0	low	low
51334	PRR16	ENSG00000184838	5	119764973	120033009	999	58749	1.1378	0.1276	9.0	3.0	high_6	intermediate
8841	HDAC3	ENSG00000171720	5	140990443	141051423	151	58749	1.1372	0.12773	2.0	2.0	intermediate	intermediate
6227	RPS21	ENSG00000171858	20	60927121	60973576	218	58749	1.1365	0.12788	6.0	3.0	high_6	intermediate
5588	PRKCQ	ENSG00000065675	10	6425558	6657254	689	58749	1.1363	0.12791	14.0	8.0	high_6	high_10
219738	C10orf35	ENSG00000171224	10	71355003	71403355	231	58749	1.1355	0.12809	1.0	1.0	low	low
51371	POMP	ENSG00000132963	13	29198141	29263094	185	58749	1.1354	0.1281	1.0	1.0	low	low
3073	HEXA	ENSG00000213614	15	72625778	72704474	128	58749	1.1354	0.12809	1.0	1.0	low	low
8932	MBD2	ENSG00000134046	18	51667971	51786158	252	58749	1.1351	0.12817	3.0	3.0	intermediate	intermediate
8828	NRP2	ENSG00000118257	2	206512184	206672857	361	58749	1.135	0.12818	3.0	3.0	intermediate	intermediate
23548	TTC33	ENSG00000113638	5	40701678	40791072	175	58749	1.1329	0.12862	3.0	3.0	intermediate	intermediate
344758	GPR149	ENSG00000174948	3	154045461	154182504	323	58749	1.1328	0.12865	3.0	3.0	intermediate	intermediate
100	ADA	ENSG00000196839	20	43238160	43315376	206	58749	1.1328	0.12865	1.0	1.0	low	low
4852	NPY	ENSG00000122585	7	24288807	24341484	224	58749	1.1321	0.1288	1.0	1.0	low	low
55001	TTC22	ENSG00000006555	1	55236752	55301941	214	58749	1.1312	0.12899	2.0	1.0	intermediate	intermediate
5210	PFKFB4	ENSG00000114268	3	48545117	48633607	92	58749	1.1311	0.129	2.0	2.0	intermediate	intermediate
8797	TNFRSF10A	ENSG00000104689	8	23038970	23117680	269	58749	1.1305	0.12913	6.0	4.0	high_6	intermediate
245911	DEFB108B	ENSG00000184276	11	71509246	71558608	166	58749	1.1303	0.12917	1.0	1.0	low	low
2591	GALNT3	ENSG00000115339	2	166594313	166685803	143	58749	1.1297	0.1293	6.0	4.0	high_6	intermediate
8470	SORBS2	ENSG00000154556	4	186496598	186912870	1732	58749	1.1284	0.12958	5.0	5.0	intermediate	intermediate
175	AGA	ENSG00000038002	4	178341928	178398657	152	58749	1.1276	0.12974	1.0	1.0	low	low
375704	ENHO	ENSG00000168913	9	34511040	34558037	99	58749	1.1276	0.12974	3.0	1.0	intermediate	intermediate
57097	PARP11	ENSG00000111224	12	3897410	4017608	358	58749	1.1272	0.12983	1.0	1.0	low	low
8317	CDC7	ENSG00000097046	1	91931338	92001321	195	58749	1.1271	0.12984	3.0	1.0	intermediate	intermediate
586	BCAT1	ENSG00000060982	12	24952958	25137393	730	58749	1.1264	0.12999	3.0	1.0	intermediate	intermediate
2040	STOM	ENSG00000148175	9	124091266	124167582	154	58749	1.125	0.13029	2.0	2.0	intermediate	intermediate
23767	FLRT3	ENSG00000125848	20	14294639	14353313	149	58749	1.125	0.13028	4.0	2.0	intermediate	intermediate
29998	GLTSCR1	ENSG00000063169	19	48076453	48216534	408	58749	1.1244	0.13042	2.0	1.0	intermediate	intermediate
2762	GMDS	ENSG00000112699	6	1614035	2280868	1669	58749	1.1235	0.13061	15.0	7.0	high_6	high_10
54532	USP53	ENSG00000145390	4	120098775	120226673	339	58749	1.1232	0.13068	3.0	3.0	intermediate	intermediate
140691	TRIM69	ENSG00000185880	15	44993314	45070027	231	58749	1.1228	0.13077	1.0	1.0	low	low
631	BFSP1	ENSG00000125864	20	17464550	17584865	368	58749	1.1225	0.13083	1.0	1.0	low	low
389690	MROH5	ENSG00000226807	8	142433929	142552330	522	58749	1.1225	0.13082	2.0	2.0	intermediate	intermediate
146167	SLC38A8	ENSG00000166558	16	84033389	84110762	575	58749	1.1209	0.13116	1.0	1.0	low	low
157680	VPS13B	ENSG00000132549	8	99990299	100900447	1524	58749	1.1208	0.13119	3.0	3.0	intermediate	intermediate
387923	SERP2	ENSG00000151778	13	44912978	44981850	108	58749	1.1204	0.13126	6.0	4.0	high_6	intermediate
6655	SOS2	ENSG00000100485	14	50573846	50733596	446	58749	1.12	0.13137	6.0	5.0	high_6	intermediate
22925	PLA2R1	ENSG00000153246	2	160778523	160954126	587	58749	1.1179	0.13181	3.0	3.0	intermediate	intermediate
221955	DAGLB	ENSG00000164535	7	6438747	6522837	325	58749	1.1177	0.13184	5.0	4.0	intermediate	intermediate
55858	TMEM165	ENSG00000134851	4	56227080	56302342	197	58749	1.1166	0.13208	1.0	1.0	low	low
3784	KCNQ1	ENSG00000053918	11	2431221	2880340	1299	58749	1.1164	0.13213	18.0	11.0	high_6	high_10
28990	ASTE1	ENSG00000034533	3	130722721	130780698	109	58749	1.116	0.13221	1.0	1.0	low	low
306	ANXA3	ENSG00000138772	4	79437742	79541605	344	58749	1.1154	0.13233	2.0	2.0	intermediate	intermediate
2692	GHRHR	ENSG00000106128	7	30968636	31029146	216	58749	1.1154	0.13234	2.0	1.0	intermediate	intermediate
130399	ACVR1C	ENSG00000123612	2	158373279	158520399	201	58749	1.1147	0.13249	2.0	2.0	intermediate	intermediate
9957	HS3ST1	ENSG00000002587	4	11389988	11466255	313	58749	1.1138	0.13268	2.0	2.0	intermediate	intermediate
339768	ESPNL	ENSG00000144488	2	238973951	239051928	323	58749	1.1136	0.13274	1.0	1.0	low	low
57143	ADCK1	ENSG00000063761	14	78231426	78410297	747	58749	1.1134	0.13277	1.0	1.0	low	low
5926	ARID4A	ENSG00000032219	14	58730103	58850713	164	58749	1.1124	0.13298	4.0	3.0	intermediate	intermediate
5739	PTGIR	ENSG00000160013	19	47104585	47163375	156	58749	1.1119	0.13309	2.0	2.0	intermediate	intermediate
64122	FN3K	ENSG00000167363	17	80658452	80719073	223	58749	1.1111	0.13325	3.0	2.0	intermediate	intermediate
64924	SLC30A5	ENSG00000145740	5	68354776	68436899	225	58749	1.1104	0.13342	3.0	3.0	intermediate	intermediate
23125	CAMTA2	ENSG00000108509	17	4861287	4925960	161	58749	1.1103	0.13344	1.0	1.0	low	low
114785	MBD6	ENSG00000166987	12	57880463	57933931	57	58749	1.1099	0.13353	1.0	1.0	low	low
22907	DHX30	ENSG00000132153	3	47809399	47901686	84	58749	1.1095	0.13361	1.0	1.0	low	low
9781	RNF144A	ENSG00000151692	2	7022523	7219011	669	58749	1.1094	0.13363	4.0	3.0	intermediate	intermediate
7421	VDR	ENSG00000111424	12	48225320	48333814	301	58749	1.1093	0.13366	2.0	2.0	intermediate	intermediate
56704	JPH1	ENSG00000104369	8	75136935	75268721	299	58749	1.1091	0.13369	1.0	1.0	low	low
6446	SGK1	ENSG00000118515	6	134480384	134674196	545	58749	1.1079	0.13394	3.0	3.0	intermediate	intermediate
5684	PSMA3	ENSG00000100567	14	58676523	58748727	109	58749	1.1078	0.13398	1.0	1.0	low	low
56984	PSMG2	ENSG00000128789	18	12623738	12735739	297	58749	1.1075	0.13404	2.0	1.0	intermediate	intermediate
399694	SHC4	ENSG00000185634	15	49105934	49290641	432	58749	1.1071	0.13412	2.0	2.0	intermediate	intermediate
202915	TMEM184A	ENSG00000164855	7	1571871	1631066	198	58749	1.1068	0.1342	1.0	1.0	low	low
645104	CLRN2	ENSG00000249581	4	17481788	17538727	224	58749	1.1066	0.13424	2.0	1.0	intermediate	intermediate
8451	CUL4A	ENSG00000139842	13	113827507	113929392	191	58749	1.1058	0.13441	1.0	1.0	low	low
4544	MTNR1B	ENSG00000134640	11	92667789	92725948	172	58749	1.1056	0.13445	9.0	5.0	high_6	intermediate
55690	PACS1	ENSG00000175115	11	65802747	66022218	350	58749	1.1054	0.1345	3.0	2.0	intermediate	intermediate
1861	TOR1A	ENSG00000136827	9	132565221	132621441	301	58749	1.1049	0.1346	1.0	1.0	low	low
10801	SEPT9	ENSG00000184640	17	75242492	75506678	880	58749	1.1047	0.13464	5.0	5.0	intermediate	intermediate
55363	HEMGN	ENSG00000136929	9	100679073	100742197	111	58749	1.1039	0.13482	2.0	2.0	intermediate	intermediate
51144	HSD17B12	ENSG00000149084	11	43667108	43888169	486	58749	1.1036	0.13489	4.0	3.0	intermediate	intermediate
642446	TRIM64B	ENSG00000189253	11	89593606	89644185	3	58749	1.1031	0.13499	1.0	1.0	low	low
85366	MYLK2	ENSG00000101306	20	30372115	30432500	119	58749	1.1028	0.13505	1.0	1.0	low	low
23492	CBX7	ENSG00000100307	22	39516777	39583661	217	58749	1.1028	0.13506	1.0	1.0	low	low
3619	INCENP	ENSG00000149503	11	61856445	61930635	261	58749	1.1021	0.1352	5.0	2.0	intermediate	intermediate
6776	STAT5A	ENSG00000126561	17	40404565	40473961	100	58749	1.102	0.13523	2.0	1.0	intermediate	intermediate
50674	NEUROG3	ENSG00000122859	10	71321791	71368210	116	58749	1.1014	0.13536	3.0	2.0	intermediate	intermediate
54665	RSBN1	ENSG00000081019	1	114294454	114390070	142	58749	1.1013	0.13539	4.0	4.0	intermediate	intermediate
89848	FCHSD1	ENSG00000197948	5	141008869	141065986	164	58749	1.1012	0.13539	2.0	1.0	intermediate	intermediate
8499	PPFIA2	ENSG00000139220	12	81642045	82188109	1251	58749	1.101	0.13545	1.0	1.0	low	low
2645	GCK	ENSG00000106633	7	44173870	44264022	255	58749	1.1005	0.13556	12.0	8.0	high_6	high_10
201501	ZBTB7C	ENSG00000184828	18	45543043	45970793	1507	58749	1.1	0.13566	1.0	1.0	low	low
26018	LRIG1	ENSG00000144749	3	66419221	66586446	380	58749	1.0996	0.13576	4.0	3.0	intermediate	intermediate
3565	IL4	ENSG00000113520	5	131974678	132028370	89	58749	1.0995	0.13578	4.0	3.0	intermediate	intermediate
26137	ZBTB20	ENSG00000181722	3	114023348	114901132	1575	58749	1.0994	0.1358	11.0	8.0	high_6	high_10
157773	C8orf48	ENSG00000164743	8	13389352	13435797	286	58749	1.0986	0.13596	2.0	2.0	intermediate	intermediate
79627	OGFRL1	ENSG00000119900	6	71963477	72023267	255	58749	1.0977	0.13618	2.0	2.0	intermediate	intermediate
10911	UTS2	ENSG00000049247	1	7897672	7948551	220	58749	1.0975	0.13621	1.0	1.0	low	low
54965	PIGX	ENSG00000163964	3	196404234	196472878	210	58749	1.0973	0.13626	1.0	1.0	low	low
54832	VPS13C	ENSG00000129003	15	62134588	62387664	652	58749	1.0971	0.13629	5.0	3.0	intermediate	intermediate
6004	RGS16	ENSG00000143333	1	182557758	182608548	106	58749	1.0967	0.13638	1.0	1.0	low	low
2230	FDX1	ENSG00000137714	11	110265661	110345608	223	58749	1.0965	0.13643	4.0	2.0	intermediate	intermediate
3207	HOXA11	ENSG00000005073	7	27210776	27259835	96	58749	1.0961	0.13651	1.0	1.0	low	low
64854	USP46	ENSG00000109189	4	53447126	53560502	147	58749	1.0961	0.13652	1.0	1.0	low	low
84650	EBPL	ENSG00000123179	13	50224812	50300627	261	58749	1.096	0.13654	1.0	1.0	low	low
4990	SIX6	ENSG00000184302	14	60940938	60988525	103	58749	1.096	0.13654	6.0	2.0	high_6	intermediate
374899	ZNF829	ENSG00000185869	19	37369026	37442193	190	58749	1.0953	0.13669	3.0	2.0	intermediate	intermediate
5995	RGR	ENSG00000148604	10	85969809	86028944	199	58749	1.0946	0.13684	1.0	1.0	low	low
92344	GORAB	ENSG00000120370	1	170466263	170532974	102	58749	1.0944	0.13689	4.0	2.0	intermediate	intermediate
28231	SLCO4A1	ENSG00000101187	20	61238795	61327137	237	58749	1.0941	0.13695	4.0	4.0	intermediate	intermediate
6636	SNRPF	ENSG00000139343	12	96217709	96270238	166	58749	1.0932	0.13715	2.0	2.0	intermediate	intermediate
58499	ZNF462	ENSG00000148143	9	109587469	109785525	306	58749	1.0918	0.13747	11.0	6.0	high_6	high_10
10846	PDE10A	ENSG00000112541	6	165730776	166110588	1310	58749	1.0916	0.13751	9.0	5.0	high_6	intermediate
3362	HTR6	ENSG00000158748	1	19956780	20016055	186	58749	1.0909	0.13767	1.0	1.0	low	low
84247	LDOC1L	ENSG00000188636	22	44878450	44929005	192	58749	1.0904	0.13776	2.0	2.0	intermediate	intermediate
664	BNIP3	ENSG00000176171	10	133771204	133830435	203	58749	1.0902	0.13782	3.0	2.0	intermediate	intermediate
57222	ERGIC1	ENSG00000113719	5	172226223	172389688	528	58749	1.0901	0.13783	7.0	5.0	high_6	intermediate
9948	WDR1	ENSG00000071127	4	10065963	10153612	489	58749	1.09	0.13786	3.0	2.0	intermediate	intermediate
9904	RBM19	ENSG00000122965	12	114244543	114439176	742	58749	1.09	0.13785	1.0	1.0	low	low
123036	TC2N	ENSG00000165929	14	92236266	92368880	300	58749	1.0899	0.13788	3.0	2.0	intermediate	intermediate
55201	MAP1S	ENSG00000130479	19	17795303	17855324	222	58749	1.0893	0.138	3.0	1.0	intermediate	intermediate
11165	NUDT3	ENSG00000272325	6	34244971	34395457	301	58749	1.0873	0.13845	4.0	3.0	intermediate	intermediate
79802	HHIPL2	ENSG00000143512	1	222685602	222756444	190	58749	1.087	0.13852	2.0	1.0	intermediate	intermediate
10018	BCL2L11	ENSG00000153094	2	111843491	111936022	199	58749	1.0866	0.13861	37.0	12.0	high_6	high_10
166379	BBS12	ENSG00000181004	4	123618857	123676098	157	58749	1.086	0.13873	3.0	3.0	intermediate	intermediate
221294	NT5DC1	ENSG00000178425	6	116386999	116576853	441	58749	1.0857	0.13881	6.0	2.0	high_6	intermediate
100507341	SMIM18	ENSG00000253457	8	30461117	30513473	109	58749	1.0856	0.13882	1.0	1.0	low	low
10410	IFITM3	ENSG00000142089	11	309673	355914	195	58749	1.085	0.13896	2.0	2.0	intermediate	intermediate
64147	KIF9	ENSG00000088727	3	47259516	47359337	103	58749	1.0841	0.13915	1.0	1.0	low	low
2331	FMOD	ENSG00000122176	1	203299749	203355557	169	58749	1.0834	0.13931	1.0	1.0	low	low
3596	IL13	ENSG00000169194	5	131958865	132006801	70	58749	1.0818	0.13966	25.0	10.0	high_6	high_10
168455	CCDC71L	ENSG00000253276	7	106287211	106336634	171	58749	1.0817	0.13969	17.0	6.0	high_6	high_10
90187	EMILIN3	ENSG00000183798	20	39978606	40030498	121	58749	1.0815	0.13974	1.0	1.0	low	low
23233	EXOC6B	ENSG00000144036	2	72393113	73088177	1040	58749	1.0814	0.13977	1.0	1.0	low	low
7779	SLC30A1	ENSG00000170385	1	211738381	211787099	146	58749	1.0811	0.13982	1.0	1.0	low	low
4524	MTHFR	ENSG00000177000	1	11835787	11901160	325	58749	1.0798	0.14013	6.0	5.0	high_6	intermediate
8925	HERC1	ENSG00000103657	15	63890817	64161148	693	58749	1.0797	0.14014	2.0	2.0	intermediate	intermediate
63027	SLC22A23	ENSG00000137266	6	3259207	3491954	927	58749	1.0797	0.14015	5.0	4.0	intermediate	intermediate
55225	RAVER2	ENSG00000162437	1	65175778	65308915	261	58749	1.0788	0.14034	6.0	4.0	high_6	intermediate
124152	IQCK	ENSG00000174628	16	19692778	19879087	351	58749	1.0786	0.14039	1.0	1.0	low	low
100528032	KLRK1	ENSG00000213809	12	10514952	10597745	150	58749	1.0785	0.14041	2.0	2.0	intermediate	intermediate
56623	INPP5E	ENSG00000148384	9	139313067	139369305	174	58749	1.0777	0.14059	3.0	1.0	intermediate	intermediate
2769	GNA15	ENSG00000060558	19	3101191	3173766	400	58749	1.0764	0.14088	1.0	1.0	low	low
57124	CD248	ENSG00000174807	11	66071958	66119515	87	58749	1.0763	0.1409	6.0	2.0	high_6	intermediate
9960	USP3	ENSG00000140455	15	63761710	63896839	347	58749	1.0761	0.14093	4.0	4.0	intermediate	intermediate
51296	SLC15A3	ENSG00000110446	11	60694555	60754257	189	58749	1.0761	0.14094	1.0	1.0	low	low
8608	RDH16	ENSG00000139547	12	57335215	57388158	95	58749	1.0758	0.141	1.0	1.0	low	low
9201	DCLK1	ENSG00000133083	13	36332789	36740514	1269	58749	1.0744	0.14133	1.0	1.0	low	low
55289	ACOXL	ENSG00000153093	2	111455150	111885799	1120	58749	1.0716	0.14196	23.0	8.0	high_6	high_10
80139	ZNF703	ENSG00000183779	8	37518301	37566396	30	58749	1.0708	0.14212	2.0	2.0	intermediate	intermediate
283807	FBXL22	ENSG00000197361	15	63854327	63904627	103	58749	1.0707	0.14215	10.0	6.0	high_6	high_10
83861	RSPH3	ENSG00000130363	6	159388077	159456424	311	58749	1.07	0.14232	2.0	2.0	intermediate	intermediate
5297	PI4KA	ENSG00000241973	22	21051979	21248100	492	58749	1.0699	0.14233	1.0	1.0	low	low
57519	STARD9	ENSG00000159433	15	42832857	43023196	271	58749	1.0691	0.14251	2.0	1.0	intermediate	intermediate
112399	EGLN3	ENSG00000129521	14	34383421	34455284	219	58749	1.0676	0.14285	2.0	1.0	intermediate	intermediate
64114	TMBIM1	ENSG00000135926	2	219128917	219192280	149	58749	1.0672	0.14295	5.0	3.0	intermediate	intermediate
955	ENTPD6	ENSG00000197586	20	25141327	25217365	241	58749	1.0668	0.14303	1.0	1.0	low	low
27324	TOX3	ENSG00000103460	16	52461682	52616714	324	58749	1.0667	0.14305	26.0	6.0	high_6	high_10
165140	OXER1	ENSG00000162881	2	42979639	43026401	185	58749	1.0667	0.14306	1.0	1.0	low	low
7253	TSHR	ENSG00000165409	14	81386333	81622646	834	58749	1.0652	0.14338	10.0	5.0	high_6	high_10
3757	KCNH2	ENSG00000055118	7	150632044	150710402	171	58749	1.065	0.14344	5.0	3.0	intermediate	intermediate
84075	FSCB	ENSG00000189139	14	44963352	45011499	233	58749	1.0648	0.14348	1.0	1.0	low	low
1185	CLCN6	ENSG00000011021	1	11831153	11913201	400	58749	1.064	0.14366	10.0	4.0	high_6	high_10
2961	GTF2E2	ENSG00000197265	8	30426031	30550738	253	58749	1.0631	0.14386	2.0	1.0	intermediate	intermediate
7472	WNT2	ENSG00000105989	7	116906685	116998343	182	58749	1.0629	0.14392	11.0	7.0	high_6	high_10
317761	C14orf39	ENSG00000179008	14	60892674	60987764	188	58749	1.0624	0.14404	9.0	2.0	high_6	intermediate
64084	CLSTN2	ENSG00000158258	3	139619027	140296919	1928	58749	1.0621	0.1441	3.0	2.0	intermediate	intermediate
8302	KLRC4	ENSG00000183542	12	10531529	10597370	106	58749	1.0621	0.14409	1.0	1.0	low	low
2875	GPT	ENSG00000167701	8	145694465	145742555	62	58749	1.0612	0.14429	3.0	3.0	intermediate	intermediate
1810	DR1	ENSG00000117505	1	93776478	93838149	138	58749	1.0612	0.1443	2.0	2.0	intermediate	intermediate
10095	ARPC1B	ENSG00000130429	7	98937298	99014226	141	58749	1.0604	0.14447	2.0	2.0	intermediate	intermediate
10655	DMRT2	ENSG00000173253	9	1014858	1067554	263	58749	1.0603	0.14451	7.0	4.0	high_6	intermediate
1647	GADD45A	ENSG00000116717	1	68115860	68164021	118	58749	1.0601	0.14456	2.0	2.0	intermediate	intermediate
2706	GJB2	ENSG00000165474	13	20751602	20803605	181	58749	1.0597	0.14465	2.0	1.0	intermediate	intermediate
54741	LEPR	ENSG00000116678	1	65851131	66117242	696	58749	1.0592	0.14475	3.0	3.0	intermediate	intermediate
219790	RTKN2	ENSG00000182010	10	63932794	64063570	359	58749	1.0587	0.14487	10.0	6.0	high_6	high_10
389763	SPATA31D1	ENSG00000214929	9	84568687	84620171	59	58749	1.0575	0.14514	3.0	2.0	intermediate	intermediate
26985	AP3M1	ENSG00000185009	10	75870015	75945826	165	58749	1.0567	0.14532	5.0	3.0	intermediate	intermediate
9933	KIAA0020	ENSG00000080608	9	2794152	2879130	217	58749	1.0559	0.1455	3.0	2.0	intermediate	intermediate
155465	AGR3	ENSG00000173467	7	16889030	16956613	275	58749	1.0552	0.14566	3.0	1.0	intermediate	intermediate
10139	ARFRP1	ENSG00000101246	20	62319995	62374365	136	58749	1.055	0.14572	9.0	5.0	high_6	intermediate
80731	THSD7B	ENSG00000144229	2	137604718	138445287	2768	58749	1.0545	0.14584	4.0	4.0	intermediate	intermediate
84148	KAT8	ENSG00000103510	16	31093985	31152714	76	58749	1.0538	0.14599	2.0	2.0	intermediate	intermediate
101180976	IFNL4	ENSG00000272395	19	39726954	39774496	139	58749	1.0535	0.14605	12.0	5.0	high_6	high_10
642968	FAM163B	ENSG00000196990	9	136432141	136509472	289	58749	1.0534	0.14608	7.0	4.0	high_6	intermediate
2549	GAB1	ENSG00000109458	4	144222680	144405718	351	58749	1.0532	0.14612	1.0	1.0	low	low
3062	HCRTR2	ENSG00000137252	6	55004071	55157538	515	58749	1.0514	0.14653	1.0	1.0	low	low
341676	NEK5	ENSG00000197168	13	52628898	52738214	240	58749	1.0513	0.14656	1.0	1.0	low	low
3426	CFI	ENSG00000205403	4	110651848	110758381	270	58749	1.051	0.14664	9.0	4.0	high_6	intermediate
6631	SNRPC	ENSG00000124562	6	34689871	34751634	219	58749	1.0493	0.14703	17.0	10.0	high_6	high_10
374986	FAM73A	ENSG00000180488	1	78210309	78355225	228	58749	1.0487	0.14715	2.0	2.0	intermediate	intermediate
54801	HAUS6	ENSG00000147874	9	19043135	19137940	356	58749	1.0483	0.14725	7.0	3.0	high_6	intermediate
7299	TYR	ENSG00000077498	11	88876040	89038927	406	58749	1.0483	0.14725	43.0	10.0	high_6	high_10
114034	TOE1	ENSG00000132773	1	45770342	45819650	57	58749	1.0483	0.14725	1.0	1.0	low	low
10289	EIF1B	ENSG00000114784	3	40316173	40363915	97	58749	1.0482	0.14727	2.0	2.0	intermediate	intermediate
10242	KCNMB2	ENSG00000197584	3	178219086	178572217	1097	58749	1.0475	0.14744	2.0	2.0	intermediate	intermediate
23025	UNC13A	ENSG00000130477	19	17702137	17834123	519	58749	1.0474	0.14746	4.0	2.0	intermediate	intermediate
5606	MAP2K3	ENSG00000034152	17	21152968	21228552	132	58749	1.0472	0.1475	4.0	3.0	intermediate	intermediate
3915	LAMC1	ENSG00000135862	1	182957572	183124727	598	58749	1.0458	0.14782	13.0	4.0	high_6	high_10
864	RUNX3	ENSG00000020633	1	25216002	25326648	295	58749	1.0457	0.14785	27.0	10.0	high_6	high_10
6428	SRSF3	ENSG00000112081	6	36527090	36582244	161	58749	1.0453	0.14795	3.0	1.0	intermediate	intermediate
23258	DENND5A	ENSG00000184014	11	9150372	9321882	373	58749	1.045	0.14802	1.0	1.0	low	low
91319	DERL3	ENSG00000099958	22	24166690	24216430	225	58749	1.0443	0.14818	2.0	1.0	intermediate	intermediate
100170765	C19orf69	ENSG00000204978	19	41914063	41960670	98	58749	1.0441	0.14821	1.0	1.0	low	low
84680	ACCS	ENSG00000110455	11	44052729	44115791	203	58749	1.0437	0.14832	1.0	1.0	low	low
121275	OR10AD1	ENSG00000172640	12	48585620	48634103	210	58749	1.0429	0.1485	1.0	1.0	low	low
22996	TTC39A	ENSG00000085831	1	51742930	51845785	221	58749	1.0419	0.14872	5.0	3.0	intermediate	intermediate
7556	ZNF10	ENSG00000256223	12	133672214	133746051	166	58749	1.0418	0.14875	1.0	1.0	low	low
1462	VCAN	ENSG00000038427	5	82732493	82888122	346	58749	1.0413	0.14887	3.0	3.0	intermediate	intermediate
80762	NDFIP1	ENSG00000131507	5	141453324	141544008	310	58749	1.0411	0.14892	14.0	5.0	high_6	high_10
245806	VGLL2	ENSG00000170162	6	117551721	117604728	144	58749	1.0405	0.14906	8.0	4.0	high_6	intermediate
113828	FAM83F	ENSG00000133477	22	40355953	40436043	111	58749	1.0388	0.14945	1.0	1.0	low	low
23527	ACAP2	ENSG00000114331	3	194985465	195198817	641	58749	1.0379	0.14966	1.0	1.0	low	low
3953	LEPR	ENSG00000116678	1	65851335	66113176	684	58749	1.0379	0.14965	3.0	3.0	intermediate	intermediate
79370	BCL2L14	ENSG00000121380	12	12188873	12262629	327	58749	1.0377	0.1497	3.0	3.0	intermediate	intermediate
116447	TOP1MT	ENSG00000184428	8	144381494	144477147	309	58749	1.0375	0.14976	1.0	1.0	low	low
6403	SELP	ENSG00000174175	1	169548087	169634377	282	58749	1.0374	0.14977	2.0	2.0	intermediate	intermediate
8100	IFT88	ENSG00000032742	13	21105585	21275576	450	58749	1.0368	0.14991	1.0	1.0	low	low
9919	SEC16A	ENSG00000148396	9	139324548	139414297	277	58749	1.0365	0.14998	5.0	2.0	intermediate	intermediate
126859	AXDND1	ENSG00000162779	1	179299855	179533870	1181	58749	1.0363	0.15003	3.0	3.0	intermediate	intermediate
25861	DFNB31	ENSG00000095397	9	117154360	117302789	453	58749	1.0347	0.15041	2.0	1.0	intermediate	intermediate
57091	CASS4	ENSG00000087589	20	54952168	55044396	244	58749	1.0345	0.15045	2.0	1.0	intermediate	intermediate
10586	MAB21L2	ENSG00000181541	4	151468077	151515845	84	58749	1.0345	0.15046	3.0	3.0	intermediate	intermediate
79443	FYCO1	ENSG00000163820	3	45949391	46072316	343	58749	1.034	0.15057	2.0	2.0	intermediate	intermediate
10512	SEMA3C	ENSG00000075223	7	80361854	80586695	504	58749	1.0337	0.15063	4.0	2.0	intermediate	intermediate
921	CD5	ENSG00000110448	11	60834930	60905324	150	58749	1.0322	0.15098	4.0	4.0	intermediate	intermediate
9657	IQCB1	ENSG00000173226	3	121478608	121588926	352	58749	1.031	0.15128	2.0	2.0	intermediate	intermediate
948	CD36	ENSG00000135218	7	80196504	80318593	352	58749	1.0308	0.15132	2.0	2.0	intermediate	intermediate
59343	SENP2	ENSG00000163904	3	185265284	185358889	238	58749	1.0304	0.15142	3.0	3.0	intermediate	intermediate
10538	BATF	ENSG00000156127	14	75953784	76023335	185	58749	1.0299	0.15152	4.0	3.0	intermediate	intermediate
23523	CABIN1	ENSG00000099991	22	24372642	24584596	323	58749	1.0297	0.15158	1.0	1.0	low	low
197358	NLRC3	ENSG00000167984	16	3579033	3662392	214	58749	1.0292	0.15169	1.0	1.0	low	low
134	ADORA1	ENSG00000163485	1	203061833	203146533	191	58749	1.0286	0.15183	6.0	2.0	high_6	intermediate
4064	CD180	ENSG00000134061	5	66467205	66527617	165	58749	1.0281	0.15195	3.0	3.0	intermediate	intermediate
57117	INTS12	ENSG00000138785	4	106593784	106664881	163	58749	1.028	0.15198	4.0	2.0	intermediate	intermediate
23394	ADNP	ENSG00000101126	20	49495585	49582527	167	58749	1.0278	0.15203	1.0	1.0	low	low
54856	GON4L	ENSG00000116580	1	155709450	155864185	202	58749	1.0277	0.15205	4.0	3.0	intermediate	intermediate
6507	SLC1A3	ENSG00000079215	5	36571457	36698436	360	58749	1.0276	0.15207	1.0	1.0	low	low
56241	SUSD2	ENSG00000099994	22	24542444	24595074	112	58749	1.0274	0.15212	1.0	1.0	low	low
55652	SLC48A1	ENSG00000211584	12	48117426	48186536	252	58749	1.0271	0.15219	1.0	1.0	low	low
57551	TAOK1	ENSG00000160551	17	27682943	27888921	355	58749	1.027	0.15221	1.0	1.0	low	low
7453	WARS	ENSG00000140105	14	100790125	100877680	207	58749	1.0268	0.15226	2.0	2.0	intermediate	intermediate
10099	TSPAN3	ENSG00000140391	15	77326359	77398570	83	58749	1.0268	0.15226	3.0	3.0	intermediate	intermediate
23131	GPATCH8	ENSG00000186566	17	42462645	42615957	227	58749	1.025	0.15267	1.0	1.0	low	low
64333	ARHGAP9	ENSG00000123329	12	57856038	57917756	90	58749	1.0242	0.15286	1.0	1.0	low	low
84298	LLPH	ENSG00000139233	12	66506849	66559533	118	58749	1.0238	0.15295	9.0	6.0	high_6	intermediate
2587	GALR1	ENSG00000166573	18	74927008	74992098	331	58749	1.0236	0.15301	1.0	1.0	low	low
120376	COLCA2	ENSG00000214290	11	111134271	111189460	166	58749	1.0226	0.15325	15.0	2.0	high_6	high_10
1290	COL5A2	ENSG00000204262	2	189886641	190079668	495	58749	1.0225	0.15328	3.0	2.0	intermediate	intermediate
57493	HEG1	ENSG00000173706	3	124674554	124809802	400	58749	1.0219	0.1534	2.0	1.0	intermediate	intermediate
11262	SP140	ENSG00000079263	2	231055445	231187930	387	58749	1.0215	0.15351	9.0	3.0	high_6	intermediate
2145	EZH1	ENSG00000108799	17	40842293	40932095	69	58749	1.0214	0.15354	1.0	1.0	low	low
8735	MYH13	ENSG00000006788	17	10191401	10311322	337	58749	1.021	0.15363	1.0	1.0	low	low
9515	STXBP5L	ENSG00000145087	3	120592050	121153608	1583	58749	1.0207	0.15369	2.0	2.0	intermediate	intermediate
415117	STX19	ENSG00000178750	3	93723078	93782460	44	58749	1.0205	0.15375	1.0	1.0	low	low
165721	DNAJB8	ENSG00000179407	3	128171275	128221091	185	58749	1.0198	0.1539	4.0	3.0	intermediate	intermediate
58538	MPP4	ENSG00000082126	2	202499597	202598467	282	58749	1.0192	0.15404	1.0	1.0	low	low
219527	LRRC55	ENSG00000183908	11	56914221	56969188	131	58749	1.019	0.15409	5.0	3.0	intermediate	intermediate
5002	SLC22A18	ENSG00000110628	11	2885951	2956476	197	58749	1.0185	0.15422	2.0	1.0	intermediate	intermediate
4212	MEIS2	ENSG00000134138	15	37173222	37428500	510	58749	1.0175	0.15445	9.0	2.0	high_6	intermediate
25924	MYRIP	ENSG00000170011	3	39815405	40311812	1402	58749	1.0158	0.15487	2.0	2.0	intermediate	intermediate
92558	CCDC64	ENSG00000135127	12	120392648	120542299	309	58749	1.0157	0.15488	1.0	1.0	low	low
6433	SFSWAP	ENSG00000061936	12	132160632	132294283	355	58749	1.0147	0.15511	1.0	1.0	low	low
11082	ESM1	ENSG00000164283	5	54263695	54316414	161	58749	1.0141	0.15528	1.0	1.0	low	low
887	CCKBR	ENSG00000110148	11	6245841	6303363	154	58749	1.0133	0.15546	5.0	1.0	intermediate	intermediate
284369	SIGLECL1	ENSG00000179213	19	51719332	51782582	164	58749	1.0121	0.15574	1.0	1.0	low	low
486	FXYD2	ENSG00000137731	11	117680790	117734408	182	58749	1.0121	0.15574	1.0	1.0	low	low
5412	UBL3	ENSG00000122042	13	30328545	30459820	339	58749	1.012	0.15576	1.0	1.0	low	low
440574	MINOS1	ENSG00000173436	1	19888471	19966315	215	58749	1.0117	0.15585	1.0	1.0	low	low
6470	SHMT1	ENSG00000176974	17	18221187	18301856	166	58749	1.0115	0.15589	1.0	1.0	low	low
10481	HOXB13	ENSG00000159184	17	46792125	46841111	118	58749	1.0109	0.15602	5.0	3.0	intermediate	intermediate
29095	ORMDL2	ENSG00000123353	12	56176806	56224959	65	58749	1.0107	0.15608	1.0	1.0	low	low
2843	GPR20	ENSG00000204882	8	142356585	142412365	149	58749	1.0096	0.15634	1.0	1.0	low	low
359948	IRF2BP2	ENSG00000168264	1	234730015	234780271	155	58749	1.0094	0.15639	7.0	4.0	high_6	intermediate
8491	MAP4K3	ENSG00000011566	2	39466407	39699453	519	58749	1.0092	0.15644	1.0	1.0	low	low
1112	FOXN3	ENSG00000053254	14	89612516	90120506	1420	58749	1.0076	0.15682	3.0	2.0	intermediate	intermediate
843	CASP10	ENSG00000003400	2	202012621	202104129	188	58749	1.0064	0.1571	3.0	2.0	intermediate	intermediate
9564	BCAR1	ENSG00000050820	16	75252928	75336951	333	58749	1.0059	0.15724	3.0	3.0	intermediate	intermediate
55920	RCC2	ENSG00000179051	1	17723251	17801250	234	58749	1.0059	0.15724	7.0	1.0	high_6	intermediate
79706	PRKRIP1	ENSG00000128563	7	102001804	102077129	151	58749	1.0059	0.15724	1.0	1.0	low	low
558	AXL	ENSG00000167601	19	41690104	41777672	234	58749	1.0054	0.15736	1.0	1.0	low	low
1028	CDKN1C	ENSG00000129757	11	2894448	2942063	154	58749	1.0048	0.15749	4.0	2.0	intermediate	intermediate
8741	TNFSF13	ENSG00000161955	17	7426609	7474925	150	58749	1.0044	0.15759	7.0	4.0	high_6	intermediate
7942	TFEB	ENSG00000112561	6	41641716	41738997	288	58749	1.0034	0.15784	3.0	3.0	intermediate	intermediate
22807	IKZF2	ENSG00000030419	2	213854408	214051379	499	58749	1.0026	0.15803	11.0	7.0	high_6	high_10
4209	MEF2D	ENSG00000116604	1	156423513	156505634	161	58749	1.0025	0.15806	8.0	4.0	high_6	intermediate
7295	TXN	ENSG00000136810	9	112996092	113053920	171	58749	1.0024	0.15808	1.0	1.0	low	low
5921	RASA1	ENSG00000145715	5	86529070	86697743	225	58749	1.0022	0.15813	2.0	2.0	intermediate	intermediate
54793	KCTD9	ENSG00000104756	8	25275363	25350984	172	58749	1.0021	0.15814	5.0	5.0	intermediate	intermediate
9244	CRLF1	ENSG00000006016	19	18694035	18752660	182	58749	1.0021	0.15814	3.0	3.0	intermediate	intermediate
10120	ACTR1B	ENSG00000115073	2	98262402	98315561	62	58749	1.0015	0.1583	2.0	2.0	intermediate	intermediate
358	AQP1	ENSG00000240583	7	30916415	30975131	155	58749	1.0014	0.15833	5.0	4.0	intermediate	intermediate
639	PRDM1	ENSG00000057657	6	106499195	106567814	142	58749	1.001	0.15841	17.0	7.0	high_6	high_10
359	AQP2	ENSG00000167580	12	50309524	50362664	141	58749	0.99921	0.15885	1.0	1.0	low	low
286046	XKR6	ENSG00000171044	8	10743654	11093875	1193	58749	0.99725	0.15932	8.0	6.0	high_6	intermediate
283463	MUC19	ENSG00000205592	12	40756677	40974632	1072	58749	0.99684	0.15942	12.0	7.0	high_6	high_10
79858	NEK11	ENSG00000114670	3	130710694	131079309	748	58749	0.99649	0.15951	1.0	1.0	low	low
847	CAT	ENSG00000121691	11	34425472	34503607	368	58749	0.99569	0.1597	3.0	3.0	intermediate	intermediate
122622	ADSSL1	ENSG00000185100	14	105155534	105223662	248	58749	0.99566	0.15971	3.0	2.0	intermediate	intermediate
290	ANPEP	ENSG00000166825	15	90318126	90393119	249	58749	0.9954	0.15977	4.0	3.0	intermediate	intermediate
3206	HOXA10	ENSG00000253293	7	27200210	27254880	103	58749	0.99522	0.15981	2.0	2.0	intermediate	intermediate
83941	TM2D1	ENSG00000162604	1	62136718	62226095	170	58749	0.99433	0.16003	4.0	3.0	intermediate	intermediate
1033	CDKN3	ENSG00000100526	14	54828657	54896936	176	58749	0.99347	0.16024	2.0	1.0	intermediate	intermediate
10165	SLC25A13	ENSG00000004864	7	95739532	95986459	304	58749	0.99322	0.1603	28.0	8.0	high_6	high_10
51645	PPIL1	ENSG00000137168	6	36812605	36877800	182	58749	0.99232	0.16052	1.0	1.0	low	low
7273	TTN	ENSG00000155657	2	179380716	179707150	550	58749	0.99162	0.16069	12.0	5.0	high_6	high_10
54935	DUSP23	ENSG00000158716	1	159715730	159762333	120	58749	0.99083	0.16088	1.0	1.0	low	low
221472	FGD2	ENSG00000146192	6	36938423	37006845	278	58749	0.99042	0.16098	2.0	1.0	intermediate	intermediate
26471	NUPR1	ENSG00000176046	16	28538662	28585495	134	58749	0.99032	0.16101	2.0	2.0	intermediate	intermediate
2259	FGF14	ENSG00000102466	13	102363205	103089124	1850	58749	0.99004	0.16108	2.0	2.0	intermediate	intermediate
817	CAMK2D	ENSG00000145349	4	114362188	114718669	839	58749	0.98948	0.16121	11.0	5.0	high_6	high_10
51073	MRPL4	ENSG00000105364	19	10327640	10380736	103	58749	0.98912	0.1613	1.0	1.0	low	low
2778	GNAS	ENSG00000087460	20	57379756	57496250	279	58749	0.98805	0.16156	9.0	6.0	high_6	intermediate
1848	DUSP6	ENSG00000139318	12	89731837	89781296	141	58749	0.98793	0.16159	10.0	5.0	high_6	high_10
472	ATM	ENSG00000149311	11	108058559	108249829	246	58749	0.98768	0.16166	11.0	2.0	high_6	high_10
604	BCL6	ENSG00000113916	3	187429165	187498513	197	58749	0.98757	0.16168	16.0	9.0	high_6	high_10
909	CD1A	ENSG00000158477	1	158183119	158238059	203	58749	0.98729	0.16175	2.0	2.0	intermediate	intermediate
91107	TRIM47	ENSG00000132481	17	73860242	73909683	114	58749	0.98719	0.16177	2.0	2.0	intermediate	intermediate
9071	CLDN10	ENSG00000134873	13	96050853	96242010	705	58749	0.98716	0.16178	3.0	2.0	intermediate	intermediate
5728	PTEN	ENSG00000171862	10	89588195	89738532	198	58749	0.98665	0.16191	2.0	2.0	intermediate	intermediate
93517	SDR42E1	ENSG00000184860	16	82021251	82080093	76	58749	0.98636	0.16198	2.0	2.0	intermediate	intermediate
64784	CRTC3	ENSG00000140577	15	91038118	91198577	475	58749	0.98595	0.16208	4.0	3.0	intermediate	intermediate
55625	ZDHHC7	ENSG00000153786	16	84998066	85080141	367	58749	0.98577	0.16212	1.0	1.0	low	low
153572	IRX2	ENSG00000170561	5	2736279	2786769	229	58749	0.98547	0.1622	3.0	2.0	intermediate	intermediate
1363	CPE	ENSG00000109472	4	166265097	166429482	658	58749	0.9848	0.16236	2.0	2.0	intermediate	intermediate
245802	MS4A6E	ENSG00000166926	11	60067355	60118441	228	58749	0.98445	0.16245	1.0	1.0	low	low
55229	PANK4	ENSG00000157881	1	2429975	2493061	158	58749	0.98395	0.16257	1.0	1.0	low	low
54973	CPSF3L	ENSG00000127054	1	1236965	1295067	146	58749	0.98391	0.16258	1.0	1.0	low	low
2899	GRIK3	ENSG00000163873	1	37251128	37534844	579	58749	0.9837	0.16263	1.0	1.0	low	low
9429	ABCG2	ENSG00000118777	4	89001416	89187569	533	58749	0.98276	0.16286	14.0	5.0	high_6	high_10
92370	ACPL2	ENSG00000155893	3	140915682	141023486	353	58749	0.98115	0.16326	1.0	1.0	low	low
1409	CRYAA	ENSG00000160202	21	44554141	44602915	155	58749	0.98059	0.1634	2.0	2.0	intermediate	intermediate
51380	CSAD	ENSG00000139631	12	53541447	53610422	115	58749	0.98044	0.16344	1.0	1.0	low	low
132001	TAMM41	ENSG00000144559	3	11821916	11923393	305	58749	0.98028	0.16347	1.0	1.0	low	low
6520	SLC3A2	ENSG00000168003	11	62588484	62666355	126	58749	0.97969	0.16362	1.0	1.0	low	low
676	BRDT	ENSG00000137948	1	92379928	92489985	326	58749	0.97922	0.16374	1.0	1.0	low	low
914	CD2	ENSG00000116824	1	117262057	117321851	117	58749	0.97899	0.16379	2.0	2.0	intermediate	intermediate
10795	ZNF268	ENSG00000090612	12	133722995	133793698	201	58749	0.97799	0.16404	3.0	3.0	intermediate	intermediate
9774	BCLAF1	ENSG00000029363	6	136568001	136646783	60	58749	0.97787	0.16407	1.0	1.0	low	low
7464	CORO2A	ENSG00000106789	9	100873257	100989956	407	58749	0.97754	0.16415	1.0	1.0	low	low
11054	OGFR	ENSG00000060491	20	61401156	61455352	229	58749	0.97742	0.16418	2.0	2.0	intermediate	intermediate
9372	ZFYVE9	ENSG00000157077	1	52572678	52822358	257	58749	0.9771	0.16426	1.0	1.0	low	low
112812	FDX1L	ENSG00000267673	19	10410887	10462241	148	58749	0.97652	0.1644	1.0	1.0	low	low
2526	FUT4	ENSG00000196371	11	94242017	94293064	134	58749	0.9763	0.16446	1.0	1.0	low	low
84464	SLX4	ENSG00000188827	16	3621182	3696585	197	58749	0.9763	0.16446	1.0	1.0	low	low
11086	ADAM29	ENSG00000168594	4	175804509	175909331	400	58749	0.97607	0.16452	5.0	1.0	intermediate	intermediate
57685	CACHD1	ENSG00000158966	1	64901476	65168741	589	58749	0.9754	0.16468	2.0	1.0	intermediate	intermediate
55349	CHDH	ENSG00000016391	3	53840324	53915420	222	58749	0.975	0.16478	1.0	1.0	low	low
200734	SPRED2	ENSG00000198369	2	65524580	65694733	471	58749	0.97472	0.16485	14.0	8.0	high_6	high_10
4825	NKX6-1	ENSG00000163623	4	85404436	85454387	86	58749	0.97386	0.16506	4.0	3.0	intermediate	intermediate
10521	DDX17	ENSG00000100201	22	38869443	38938622	111	58749	0.97358	0.16513	2.0	2.0	intermediate	intermediate
80351	TNKS2	ENSG00000107854	10	93523151	93635232	237	58749	0.97352	0.16515	1.0	1.0	low	low
360200	TMPRSS9	ENSG00000178297	19	2346507	2436480	408	58749	0.973	0.16528	2.0	1.0	intermediate	intermediate
4739	NEDD9	ENSG00000111859	6	11173531	11417581	854	58749	0.97261	0.16537	1.0	1.0	low	low
284273	ZADH2	ENSG00000180011	18	72899278	72956281	201	58749	0.97261	0.16537	1.0	1.0	low	low
23207	PLEKHM2	ENSG00000116786	1	15975632	16071264	235	58749	0.97258	0.16538	3.0	2.0	intermediate	intermediate
8836	GGH	ENSG00000137563	8	63917638	63986610	242	58749	0.97174	0.16559	3.0	2.0	intermediate	intermediate
152940	C4orf45	ENSG00000164123	4	159804684	159991333	459	58749	0.97016	0.16598	1.0	1.0	low	low
6604	SMARCD3	ENSG00000082014	7	150926059	151009231	234	58749	0.96956	0.16613	2.0	2.0	intermediate	intermediate
119385	AGAP5	ENSG00000172650	10	88693239	88779960	227	58749	0.96887	0.16631	6.0	2.0	high_6	intermediate
388015	RTL1	ENSG00000254656	14	101336569	101394826	151	58749	0.96859	0.16638	4.0	3.0	intermediate	intermediate
60488	MRPS35	ENSG00000061794	12	27828706	27919237	184	58749	0.96844	0.16641	1.0	1.0	low	low
4087	SMAD2	ENSG00000175387	18	45349466	45492564	255	58749	0.96803	0.16651	2.0	2.0	intermediate	intermediate
5154	PDGFA	ENSG00000197461	7	526895	594481	343	58749	0.96701	0.16677	7.0	4.0	high_6	intermediate
7156	TOP3A	ENSG00000177302	17	18167235	18253321	187	58749	0.96658	0.16688	1.0	1.0	low	low
153745	FAM71B	ENSG00000170613	5	156579343	156628279	166	58749	0.96647	0.1669	2.0	2.0	intermediate	intermediate
6844	VAMP2	ENSG00000220205	17	8052465	8101293	104	58749	0.96581	0.16707	2.0	2.0	intermediate	intermediate
4670	HNRNPM	ENSG00000099783	19	8474460	8564002	243	58749	0.96556	0.16713	1.0	1.0	low	low
4846	NOS3	ENSG00000164867	7	150653144	150721687	150	58749	0.96443	0.16741	28.0	6.0	high_6	high_10
8671	SLC4A4	ENSG00000080493	4	72018003	72447804	762	58749	0.96419	0.16748	1.0	1.0	low	low
55088	C10orf118	ENSG00000165813	10	115870615	115969364	184	58749	0.96403	0.16751	1.0	1.0	low	low
341567	H1FNT	ENSG00000187166	12	48687763	48734062	144	58749	0.96397	0.16753	4.0	2.0	intermediate	intermediate
26235	FBXL4	ENSG00000112234	6	99311601	99430882	198	58749	0.96366	0.16761	1.0	1.0	low	low
3760	KCNJ3	ENSG00000162989	2	155520093	155724864	590	58749	0.96357	0.16763	3.0	3.0	intermediate	intermediate
157313	CDCA2	ENSG00000184661	8	25281275	25375425	211	58749	0.96281	0.16782	6.0	5.0	high_6	intermediate
940	CD28	ENSG00000178562	2	204536198	204613635	170	58749	0.9628	0.16782	15.0	8.0	high_6	high_10
337879	KRTAP8-1	ENSG00000183640	21	32175015	32220570	146	58749	0.96272	0.16784	1.0	1.0	low	low
93109	TMEM44	ENSG00000145014	3	194298402	194389150	444	58749	0.96076	0.16834	2.0	1.0	intermediate	intermediate
91662	NLRP12	ENSG00000142405	19	54286838	54362657	270	58749	0.96045	0.16842	1.0	1.0	low	low
1440	CSF3	ENSG00000108342	17	38136614	38184066	170	58749	0.96007	0.16851	4.0	3.0	intermediate	intermediate
1632	ECI1	ENSG00000167969	16	2279873	2337296	100	58749	0.95986	0.16856	2.0	2.0	intermediate	intermediate
26191	PTPN22	ENSG00000134242	1	114346433	114449375	178	58749	0.95922	0.16872	71.0	15.0	high_6	high_10
10505	SEMA4F	ENSG00000135622	2	74846355	74920981	74	58749	0.95891	0.1688	1.0	1.0	low	low
100526783	AP3S2	ENSG00000157823	15	90363831	90491222	280	58749	0.95874	0.16885	7.0	5.0	high_6	intermediate
202500	TCTE1	ENSG00000146221	6	44237248	44300458	198	58749	0.95747	0.16916	1.0	1.0	low	low
57659	ZBTB4	ENSG00000174282	17	7352685	7422568	220	58749	0.95703	0.16928	7.0	5.0	high_6	intermediate
3609	ILF3	ENSG00000129351	19	10729937	10813095	138	58749	0.9569	0.16931	11.0	3.0	high_6	high_10
64093	SMOC1	ENSG00000198732	14	70311105	70509083	710	58749	0.95663	0.16938	4.0	2.0	intermediate	intermediate
83666	PARP9	ENSG00000138496	3	122236757	122318523	265	58749	0.95614	0.1695	2.0	2.0	intermediate	intermediate
10477	UBE2E3	ENSG00000170035	2	181810112	181938154	399	58749	0.95573	0.1696	6.0	5.0	high_6	intermediate
54929	TMEM161A	ENSG00000064545	19	19220425	19284310	193	58749	0.95563	0.16963	1.0	1.0	low	low
8455	ATRN	ENSG00000088812	20	3416665	3641769	589	58749	0.95441	0.16994	2.0	2.0	intermediate	intermediate
8622	PDE8B	ENSG00000113231	5	76441082	76734081	835	58749	0.95427	0.16997	11.0	4.0	high_6	high_10
53919	SLCO1C1	ENSG00000139155	12	20813289	20916320	356	58749	0.95342	0.17019	5.0	3.0	intermediate	intermediate
85406	DNAJC14	ENSG00000135392	12	56204744	56259337	57	58749	0.9534	0.17019	2.0	2.0	intermediate	intermediate
11123	RCAN3	ENSG00000117602	1	24793841	24873510	197	58749	0.95311	0.17027	2.0	2.0	intermediate	intermediate
25782	RAB3GAP2	ENSG00000118873	1	220311610	220480843	352	58749	0.95294	0.17031	1.0	1.0	low	low
222663	SCUBE3	ENSG00000146197	6	35146824	35230856	154	58749	0.95248	0.17043	2.0	2.0	intermediate	intermediate
2935	GSPT1	ENSG00000103342	16	11951985	12045519	193	58749	0.95217	0.17051	1.0	1.0	low	low
54829	ASPN	ENSG00000106819	9	95208487	95279844	143	58749	0.95197	0.17056	1.0	1.0	low	low
79001	VKORC1	ENSG00000167397	16	31092175	31141699	62	58749	0.95192	0.17057	1.0	1.0	low	low
167465	ZNF366	ENSG00000178175	5	71728238	71838249	259	58749	0.95188	0.17058	6.0	3.0	high_6	intermediate
260425	MAGI3	ENSG00000081026	1	113898087	114238545	648	58749	0.95166	0.17063	5.0	4.0	intermediate	intermediate
5393	EXOSC9	ENSG00000123737	4	122687445	122748176	152	58749	0.95108	0.17078	1.0	1.0	low	low
81037	CLPTM1L	ENSG00000049656	5	1307869	1380180	249	58749	0.95101	0.1708	51.0	8.0	high_6	high_10
57758	SCUBE2	ENSG00000175356	11	9031047	9148150	312	58749	0.95074	0.17087	1.0	1.0	low	low
403314	APOBEC4	ENSG00000173627	1	183605410	183657448	218	58749	0.95067	0.17089	1.0	1.0	low	low
25793	FBXO7	ENSG00000100225	22	32835707	32904818	238	58749	0.95063	0.1709	1.0	1.0	low	low
63875	MRPL17	ENSG00000158042	11	6691616	6739632	181	58749	0.95046	0.17094	1.0	1.0	low	low
84293	FAM213A	ENSG00000122378	10	82132585	82202753	255	58749	0.95043	0.17095	2.0	1.0	intermediate	intermediate
63827	BCAN	ENSG00000132692	1	156576740	156639324	102	58749	0.95038	0.17096	3.0	2.0	intermediate	intermediate
321	APBA2	ENSG00000034053	15	29176570	29420518	638	58749	0.94943	0.1712	1.0	1.0	low	low
84658	EMR3	ENSG00000131355	19	14720051	14820730	347	58749	0.94935	0.17122	1.0	1.0	low	low
64782	AEN	ENSG00000181026	15	89129527	89185512	199	58749	0.94909	0.17129	1.0	1.0	low	low
50485	SMARCAL1	ENSG00000138375	2	217242137	217357776	342	58749	0.94788	0.1716	2.0	2.0	intermediate	intermediate
5727	PTCH1	ENSG00000185920	9	98195264	98314247	276	58749	0.94725	0.17176	14.0	6.0	high_6	high_10
116534	MRGPRE	ENSG00000184350	11	3239041	3288616	167	58749	0.94603	0.17207	1.0	1.0	low	low
146433	IL34	ENSG00000157368	16	70578798	70704585	300	58749	0.94601	0.17207	3.0	2.0	intermediate	intermediate
9443	MED7	ENSG00000155868	5	156555451	156604921	136	58749	0.9459	0.1721	2.0	2.0	intermediate	intermediate
2317	FLNB	ENSG00000136068	3	57959127	58167982	493	58749	0.9454	0.17223	6.0	3.0	high_6	intermediate
5329	PLAUR	ENSG00000011422	19	44140247	44209498	261	58749	0.94387	0.17262	5.0	2.0	intermediate	intermediate
5937	RBMS1	ENSG00000153250	2	161118662	161385366	624	58749	0.94355	0.1727	5.0	5.0	intermediate	intermediate
51760	SYT17	ENSG00000103528	16	19144541	19289656	365	58749	0.94341	0.17274	1.0	1.0	low	low
7022	TFAP2C	ENSG00000087510	20	55169358	55224339	132	58749	0.94297	0.17285	8.0	5.0	high_6	intermediate
6326	SCN2A	ENSG00000136531	2	165951659	166258820	708	58749	0.94266	0.17293	2.0	2.0	intermediate	intermediate
140685	ZBTB46	ENSG00000130584	20	62365021	62498731	509	58749	0.94234	0.17301	18.0	9.0	high_6	high_10
170506	DHX36	ENSG00000174953	3	153983452	154077286	170	58749	0.94184	0.17314	4.0	3.0	intermediate	intermediate
54587	MXRA8	ENSG00000162576	1	1278071	1332183	175	58749	0.94074	0.17342	5.0	4.0	intermediate	intermediate
148641	SLC35F3	ENSG00000183780	1	234005679	234470262	1633	58749	0.93877	0.17392	2.0	1.0	intermediate	intermediate
55704	CCDC88A	ENSG00000115355	2	55504978	55682057	572	58749	0.93866	0.17395	1.0	1.0	low	low
27068	PPA2	ENSG00000138777	4	106280234	106430227	563	58749	0.9386	0.17397	4.0	4.0	intermediate	intermediate
10587	TXNRD2	ENSG00000184470	22	19853040	19964359	480	58749	0.93741	0.17427	2.0	1.0	intermediate	intermediate
55177	RMDN3	ENSG00000137824	15	41018085	41082458	104	58749	0.93691	0.1744	2.0	2.0	intermediate	intermediate
84289	ING5	ENSG00000168395	2	242606456	242678896	304	58749	0.93677	0.17444	3.0	3.0	intermediate	intermediate
221908	PPP1R35	ENSG00000160813	7	100022900	100069468	53	58749	0.93653	0.1745	1.0	1.0	low	low
50805	IRX4	ENSG00000113430	5	1867541	1922293	248	58749	0.93639	0.17454	6.0	2.0	high_6	intermediate
2813	GP2	ENSG00000169347	16	20310896	20374684	201	58749	0.93622	0.17458	6.0	3.0	high_6	intermediate
112479	ERI2	ENSG00000196678	16	20781515	20852798	95	58749	0.93606	0.17462	1.0	1.0	low	low
27133	KCNH5	ENSG00000140015	14	63163291	63546956	1058	58749	0.936	0.17464	2.0	2.0	intermediate	intermediate
4661	MYT1	ENSG00000196132	20	62760827	62883606	339	58749	0.93595	0.17465	5.0	3.0	intermediate	intermediate
729920	ISPD	ENSG00000214960	7	16117152	16495947	1142	58749	0.93527	0.17482	1.0	1.0	low	low
144245	ALG10B	ENSG00000175548	12	38675557	38733528	183	58749	0.93458	0.175	2.0	2.0	intermediate	intermediate
4613	MYCN	ENSG00000134323	2	16045683	16097129	145	58749	0.93408	0.17513	9.0	3.0	high_6	intermediate
63897	HEATR6	ENSG00000068097	17	58108790	58191292	116	58749	0.93375	0.17522	1.0	1.0	low	low
4938	OAS1	ENSG00000089127	12	113309739	113367712	156	58749	0.93359	0.17526	7.0	7.0	high_6	intermediate
51185	CRBN	ENSG00000113851	3	3181317	3256401	326	58749	0.93327	0.17534	1.0	1.0	low	low
2149	F2R	ENSG00000181104	5	75976868	76041595	167	58749	0.9328	0.17546	1.0	1.0	low	low
9134	CCNE2	ENSG00000175305	8	95882452	95944672	163	58749	0.93252	0.17553	2.0	1.0	intermediate	intermediate
80206	FHOD3	ENSG00000134775	18	33842677	34370019	1270	58749	0.93197	0.17568	2.0	1.0	intermediate	intermediate
4547	MTTP	ENSG00000138823	4	100450240	100555154	427	58749	0.93183	0.17571	1.0	1.0	low	low
51338	MS4A4A	ENSG00000110079	11	60013014	60086445	198	58749	0.93172	0.17574	1.0	1.0	low	low
131566	DCBLD2	ENSG00000057019	3	98504814	98655566	329	58749	0.9315	0.1758	1.0	1.0	low	low
51458	RHCG	ENSG00000140519	15	90004638	90074799	152	58749	0.93137	0.17583	2.0	2.0	intermediate	intermediate
64579	NDST4	ENSG00000138653	4	115738931	116070032	769	58749	0.93087	0.17596	3.0	3.0	intermediate	intermediate
23059	CLUAP1	ENSG00000103351	16	3515945	3599048	268	58749	0.93086	0.17596	4.0	3.0	intermediate	intermediate
2321	FLT1	ENSG00000102755	13	28864483	29104265	608	58749	0.92886	0.17648	5.0	3.0	intermediate	intermediate
6598	SMARCB1	ENSG00000099956	22	24094150	24186705	417	58749	0.92869	0.17653	4.0	1.0	intermediate	intermediate
259	AMBP	ENSG00000106927	9	116812407	116875752	230	58749	0.92828	0.17663	1.0	1.0	low	low
6570	SLC18A1	ENSG00000036565	8	19992366	20075717	273	58749	0.92808	0.17668	1.0	1.0	low	low
201292	TRIM65	ENSG00000141569	17	73875041	73928084	104	58749	0.92798	0.17671	1.0	1.0	low	low
871	SERPINH1	ENSG00000149257	11	75238101	75293849	205	58749	0.92781	0.17675	4.0	1.0	intermediate	intermediate
10	NAT2	ENSG00000156006	8	18213755	18268723	307	58749	0.9278	0.17676	9.0	5.0	high_6	intermediate
5457	POU4F1	ENSG00000152192	13	79163227	79212695	105	58749	0.92777	0.17676	2.0	2.0	intermediate	intermediate
55322	C5orf22	ENSG00000082213	5	31497373	31565165	202	58749	0.92763	0.1768	1.0	1.0	low	low
8013	NR4A3	ENSG00000119508	9	102549137	102639173	90	58749	0.92725	0.1769	2.0	2.0	intermediate	intermediate
5899	RALB	ENSG00000144118	2	120962646	121062287	235	58749	0.92697	0.17697	3.0	2.0	intermediate	intermediate
84727	SPSB2	ENSG00000111671	12	6970099	7017521	93	58749	0.92572	0.1773	1.0	1.0	low	low
7171	TPM4	ENSG00000167460	19	16143317	16223815	262	58749	0.92562	0.17732	2.0	2.0	intermediate	intermediate
64131	XYLT1	ENSG00000103489	16	17186181	17599738	1245	58749	0.9254	0.17738	4.0	3.0	intermediate	intermediate
93034	NT5C1B	ENSG00000185013	2	18734137	18806359	144	58749	0.92502	0.17748	5.0	4.0	intermediate	intermediate
100506581	C16orf95	ENSG00000260456	16	87326404	87386468	258	58749	0.9246	0.17759	5.0	4.0	intermediate	intermediate
54332	GDAP1	ENSG00000104381	8	75227618	75289345	175	58749	0.92434	0.17765	2.0	1.0	intermediate	intermediate
57523	NYNRIN	ENSG00000205978	14	24832992	24898494	179	58749	0.924	0.17774	2.0	2.0	intermediate	intermediate
7690	ZNF131	ENSG00000172262	5	43085985	43186351	321	58749	0.9226	0.17811	1.0	1.0	low	low
9595	CYTIP	ENSG00000115165	2	158261131	158335604	135	58749	0.92167	0.17835	1.0	1.0	low	low
6510	SLC1A5	ENSG00000105281	19	47253587	47327280	213	58749	0.92142	0.17842	2.0	2.0	intermediate	intermediate
11018	TMED1	ENSG00000099203	19	10932743	10981983	69	58749	0.92071	0.1786	1.0	1.0	low	low
27012	KCNV1	ENSG00000164794	8	110969233	111022963	95	58749	0.92041	0.17868	2.0	1.0	intermediate	intermediate
83539	CHST9	ENSG00000154080	18	24484554	24800302	826	58749	0.92036	0.17869	2.0	1.0	intermediate	intermediate
57460	PPM1H	ENSG00000111110	12	63027762	63363665	1083	58749	0.9203	0.17871	1.0	1.0	low	low
116984	ARAP2	ENSG00000047365	4	36057620	36280979	487	58749	0.92028	0.17871	2.0	2.0	intermediate	intermediate
374393	FAM111B	ENSG00000189057	11	58839658	58904888	101	58749	0.92004	0.17878	1.0	1.0	low	low
56956	LHX9	ENSG00000143355	1	197846635	197914606	144	58749	0.91953	0.17891	2.0	2.0	intermediate	intermediate
5652	PRSS8	ENSG00000052344	16	31132754	31182151	52	58749	0.91798	0.17932	1.0	1.0	low	low
3416	IDE	ENSG00000119912	10	94201441	94368852	432	58749	0.91788	0.17934	1.0	1.0	low	low
92	ACVR2A	ENSG00000121989	2	148567086	148698396	150	58749	0.91726	0.1795	5.0	5.0	intermediate	intermediate
653	BMP5	ENSG00000112175	6	55608451	55775388	429	58749	0.91573	0.17991	21.0	4.0	high_6	high_10
6647	SOD1	ENSG00000142168	21	32996935	33051244	115	58749	0.91525	0.18003	2.0	2.0	intermediate	intermediate
54863	TOR4A	ENSG00000198113	9	140137280	140187093	116	58749	0.9143	0.18028	1.0	1.0	low	low
51382	ATP6V1D	ENSG00000100554	14	67794581	67861720	204	58749	0.91364	0.18045	1.0	1.0	low	low
3817	KLK2	ENSG00000167751	19	51341689	51393823	269	58749	0.91344	0.1805	1.0	1.0	low	low
64762	GAREM	ENSG00000141441	18	29833484	30085447	676	58749	0.91324	0.18056	3.0	3.0	intermediate	intermediate
338322	NLRP10	ENSG00000182261	11	7971156	8020059	148	58749	0.91317	0.18058	1.0	1.0	low	low
57062	DDX24	ENSG00000089737	14	94507268	94582558	267	58749	0.91268	0.18071	1.0	1.0	low	low
526	ATP6V1B2	ENSG00000147416	8	20019704	20089207	203	58749	0.91235	0.18079	1.0	1.0	low	low
8816	DCAF5	ENSG00000139990	14	69507637	69654914	241	58749	0.91222	0.18083	6.0	4.0	high_6	intermediate
49860	CRNN	ENSG00000143536	1	152371719	152421750	110	58749	0.91213	0.18085	1.0	1.0	low	low
594	BCKDHB	ENSG00000083123	6	80781344	81065987	786	58749	0.91213	0.18085	6.0	4.0	high_6	intermediate
7060	THBS4	ENSG00000113296	5	79296170	79389111	218	58749	0.91171	0.18096	1.0	1.0	low	low
57103	C12orf5	ENSG00000078237	12	4395359	4479194	208	58749	0.91144	0.18103	2.0	1.0	intermediate	intermediate
26092	TOR1AIP1	ENSG00000143337	1	179816177	179899212	182	58749	0.91136	0.18105	1.0	1.0	low	low
54148	MRPL39	ENSG00000154719	21	26947968	27014801	230	58749	0.91099	0.18115	2.0	2.0	intermediate	intermediate
137964	AGPAT6	ENSG00000158669	8	41400702	41492520	284	58749	0.91071	0.18122	1.0	1.0	low	low
138009	DCAF4L2	ENSG00000176566	8	88872971	88921296	56	58749	0.91068	0.18123	5.0	2.0	intermediate	intermediate
3211	HOXB1	ENSG00000120094	17	46596807	46643272	103	58749	0.91045	0.18129	4.0	4.0	intermediate	intermediate
5571	PRKAG1	ENSG00000181929	12	49386055	49448012	54	58749	0.91034	0.18132	1.0	1.0	low	low
4779	NFE2L1	ENSG00000082641	17	46090686	46148907	145	58749	0.90999	0.18141	4.0	3.0	intermediate	intermediate
54806	AHI1	ENSG00000135541	6	135594670	135853903	435	58749	0.90978	0.18147	14.0	9.0	high_6	high_10
202052	DNAJC18	ENSG00000170464	5	138735892	138815171	59	58749	0.90964	0.1815	3.0	2.0	intermediate	intermediate
4863	NPAT	ENSG00000149308	11	108018117	108128365	150	58749	0.9088	0.18173	3.0	2.0	intermediate	intermediate
2353	FOS	ENSG00000170345	14	75710477	75758937	123	58749	0.90807	0.18192	2.0	1.0	intermediate	intermediate
10109	ARPC2	ENSG00000163466	2	219046817	219129071	147	58749	0.90802	0.18193	1.0	1.0	low	low
92675	DTD1	ENSG00000125821	20	18533556	18754561	810	58749	0.90718	0.18216	3.0	2.0	intermediate	intermediate
4940	OAS3	ENSG00000111331	12	113341249	113421056	258	58749	0.90654	0.18233	5.0	5.0	intermediate	intermediate
22936	ELL2	ENSG00000118985	5	95210802	95332775	206	58749	0.90654	0.18232	4.0	4.0	intermediate	intermediate
85395	FAM207A	ENSG00000160256	21	46324918	46406891	320	58749	0.90563	0.18257	1.0	1.0	low	low
29969	MDFIC	ENSG00000135272	7	114527169	114669971	224	58749	0.90532	0.18265	19.0	10.0	high_6	high_10
9462	RASAL2	ENSG00000075391	1	178027864	178458649	674	58749	0.9048	0.18279	1.0	1.0	low	low
10572	SIVA1	ENSG00000184990	14	105184470	105235996	157	58749	0.90446	0.18287	1.0	1.0	low	low
128272	ARHGEF19	ENSG00000142632	1	16514599	16574104	156	58749	0.90443	0.18288	2.0	2.0	intermediate	intermediate
2944	GSTM1	ENSG00000134184	1	110195418	110250828	104	58749	0.90429	0.18292	4.0	3.0	intermediate	intermediate
56667	MUC13	ENSG00000173702	3	124614289	124688595	234	58749	0.90406	0.18298	1.0	1.0	low	low
158401	C9orf84	ENSG00000165181	9	114438901	114592556	532	58749	0.90381	0.18305	2.0	2.0	intermediate	intermediate
50616	IL22	ENSG00000127318	12	68632025	68682379	182	58749	0.90364	0.18309	3.0	2.0	intermediate	intermediate
6727	SRP14	ENSG00000140319	15	40317891	40366389	120	58749	0.90353	0.18312	6.0	3.0	high_6	intermediate
54674	LRRN3	ENSG00000173114	7	110696062	110775510	150	58749	0.90339	0.18316	8.0	2.0	high_6	intermediate
8848	TSC22D1	ENSG00000102804	13	44996279	45185701	346	58749	0.90203	0.18352	1.0	1.0	low	low
3084	NRG1	ENSG00000157168	8	31461820	32632558	3585	58749	0.90176	0.18359	18.0	4.0	high_6	high_10
5787	PTPRB	ENSG00000127329	12	70900630	71066220	626	58749	0.90165	0.18362	5.0	5.0	intermediate	intermediate
162239	ZFP1	ENSG00000184517	16	75147392	75216132	274	58749	0.90099	0.1838	1.0	1.0	low	low
51319	RSRC1	ENSG00000174891	3	157788690	158272624	1325	58749	0.89978	0.18412	12.0	4.0	high_6	high_10
285489	DOK7	ENSG00000175920	4	3430033	3513203	408	58749	0.8997	0.18414	7.0	3.0	high_6	intermediate
4487	MSX1	ENSG00000163132	4	4826392	4875663	219	58749	0.89969	0.18414	6.0	3.0	high_6	intermediate
85025	TMEM60	ENSG00000135211	7	77413045	77462747	116	58749	0.89952	0.18419	3.0	3.0	intermediate	intermediate
84619	ZGPAT	ENSG00000197114	20	62303727	62377494	209	58749	0.89927	0.18425	1.0	1.0	low	low
10395	DLC1	ENSG00000164741	8	12930870	13408167	2500	58749	0.89788	0.18463	5.0	3.0	intermediate	intermediate
388555	IGFL3	ENSG00000188624	19	46613328	46662931	107	58749	0.89749	0.18473	2.0	2.0	intermediate	intermediate
4772	NFATC1	ENSG00000131196	18	77120772	77299323	811	58749	0.89723	0.1848	20.0	9.0	high_6	high_10
5310	PKD1	ENSG00000008710	16	2128709	2220899	138	58749	0.89695	0.18487	1.0	1.0	low	low
3157	HMGCS1	ENSG00000112972	5	43277572	43348614	179	58749	0.89621	0.18507	1.0	1.0	low	low
64411	ARAP3	ENSG00000120318	5	141022968	141096800	268	58749	0.89598	0.18513	2.0	2.0	intermediate	intermediate
5888	RAD51	ENSG00000051180	15	40952327	41034356	166	58749	0.89559	0.18524	3.0	3.0	intermediate	intermediate
221656	KDM1B	ENSG00000165097	6	18120619	18234085	371	58749	0.89517	0.18535	2.0	1.0	intermediate	intermediate
23636	NUP62	ENSG00000213024	19	50400082	50467988	184	58749	0.89479	0.18545	4.0	1.0	intermediate	intermediate
9537	TP53I11	ENSG00000175274	11	44897454	45007919	334	58749	0.89457	0.18551	1.0	1.0	low	low
157855	KCNU1	ENSG00000215262	8	36606842	36803643	301	58749	0.89449	0.18553	9.0	4.0	high_6	intermediate
4689	NCF4	ENSG00000100365	22	37222030	37284059	203	58749	0.89445	0.18554	7.0	5.0	high_6	intermediate
53371	NUP54	ENSG00000138750	4	77025812	77104668	441	58749	0.89334	0.18584	2.0	2.0	intermediate	intermediate
83989	FAM172A	ENSG00000113391	5	92943431	93482404	701	58749	0.89326	0.18586	3.0	2.0	intermediate	intermediate
29091	STXBP6	ENSG00000168952	14	25268860	25554095	884	58749	0.89263	0.18603	6.0	5.0	high_6	intermediate
25777	SUN2	ENSG00000100242	22	39120719	39197338	139	58749	0.89198	0.1862	2.0	2.0	intermediate	intermediate
6361	CCL17	ENSG00000102970	16	57403679	57459974	191	58749	0.89137	0.18636	1.0	1.0	low	low
2983	GUCY1B3	ENSG00000061918	4	156645126	156738783	303	58749	0.89113	0.18643	4.0	3.0	intermediate	intermediate
5725	PTBP1	ENSG00000011304	19	762392	822327	265	58749	0.89061	0.18657	2.0	1.0	intermediate	intermediate
202151	RANBP3L	ENSG00000164188	5	36237950	36337011	203	58749	0.89038	0.18663	1.0	1.0	low	low
144717	FAM109A	ENSG00000198324	12	111788455	111841925	73	58749	0.89024	0.18667	8.0	4.0	high_6	intermediate
10767	HBS1L	ENSG00000112339	6	135271516	135411036	288	58749	0.89023	0.18667	12.0	5.0	high_6	high_10
6886	TAL1	ENSG00000162367	1	47671962	47732938	154	58749	0.89001	0.18673	3.0	3.0	intermediate	intermediate
57157	PHTF2	ENSG00000006576	7	77393109	77596821	469	58749	0.8898	0.18679	2.0	2.0	intermediate	intermediate
6049	RNF6	ENSG00000127870	13	26776894	26831686	149	58749	0.88945	0.18688	2.0	1.0	intermediate	intermediate
56169	GSDMC	ENSG00000147697	8	130750442	130834134	306	58749	0.88941	0.18689	29.0	6.0	high_6	high_10
51226	COPZ2	ENSG00000005243	17	46093533	46155908	160	58749	0.88915	0.18696	3.0	3.0	intermediate	intermediate
4664	NAB1	ENSG00000138386	2	191478621	191567492	174	58749	0.88902	0.187	8.0	6.0	high_6	intermediate
1820	ARID3A	ENSG00000116017	19	890733	982816	332	58749	0.88789	0.1873	5.0	4.0	intermediate	intermediate
79906	MORN1	ENSG00000116151	1	2241719	2358190	434	58749	0.88752	0.1874	3.0	2.0	intermediate	intermediate
3237	HOXD11	ENSG00000128713	2	176936721	176986563	102	58749	0.88698	0.18754	2.0	2.0	intermediate	intermediate
23281	MTUS2	ENSG00000132938	13	29359485	30090084	2235	58749	0.88689	0.18757	2.0	1.0	intermediate	intermediate
23142	DCUN1D4	ENSG00000109184	4	52665010	52793003	158	58749	0.88658	0.18765	1.0	1.0	low	low
258010	SVIP	ENSG00000198168	11	22833598	22886382	137	58749	0.88651	0.18767	4.0	2.0	intermediate	intermediate
2736	GLI2	ENSG00000074047	2	121458441	121760229	870	58749	0.88632	0.18772	5.0	3.0	intermediate	intermediate
5927	KDM5A	ENSG00000073614	12	379223	533620	383	58749	0.88631	0.18773	2.0	2.0	intermediate	intermediate
81602	CDADC1	ENSG00000102543	13	49787047	49877622	120	58749	0.88575	0.18788	1.0	1.0	low	low
728294	D2HGDH	ENSG00000180902	2	242639030	242718231	306	58749	0.88564	0.18791	20.0	8.0	high_6	high_10
434	ASIP	ENSG00000101440	20	32794188	32867150	95	58749	0.88527	0.188	5.0	3.0	intermediate	intermediate
25996	REXO2	ENSG00000076043	11	114275108	114331001	177	58749	0.88475	0.18815	1.0	1.0	low	low
2078	ERG	ENSG00000157554	21	39729183	40068704	1059	58749	0.88397	0.18836	19.0	7.0	high_6	high_10
112483	SAT2	ENSG00000141504	17	7519552	7566194	148	58749	0.88391	0.18837	1.0	1.0	low	low
57381	RHOJ	ENSG00000126785	14	63636080	63770230	355	58749	0.88345	0.1885	1.0	1.0	low	low
79754	ASB13	ENSG00000196372	10	5670820	5743558	319	58749	0.88324	0.18855	3.0	3.0	intermediate	intermediate
4861	NPAS1	ENSG00000130751	19	47488077	47559033	159	58749	0.88314	0.18858	1.0	1.0	low	low
23161	SNX13	ENSG00000071189	7	17820385	18015141	420	58749	0.88247	0.18876	1.0	1.0	low	low
399949	C11orf88	ENSG00000183644	11	111350510	111417756	119	58749	0.88156	0.18901	1.0	1.0	low	low
50862	RNF141	ENSG00000110315	11	10523225	10597774	233	58749	0.88109	0.18914	3.0	2.0	intermediate	intermediate
2114	ETS2	ENSG00000157557	21	40142231	40206879	169	58749	0.88094	0.18917	14.0	7.0	high_6	high_10
6525	SMTN	ENSG00000183963	22	31442282	31510610	215	58749	0.88038	0.18933	1.0	1.0	low	low
6662	SOX9	ENSG00000125398	17	70082161	70132561	125	58749	0.87988	0.18946	30.0	12.0	high_6	high_10
54480	CHPF2	ENSG00000033100	7	150894575	150945913	144	58749	0.8797	0.18951	1.0	1.0	low	low
414899	BLID	ENSG00000259571	11	121976062	122021923	131	58749	0.8795	0.18957	5.0	3.0	intermediate	intermediate
114	ADCY8	ENSG00000155897	8	131782546	132088012	1006	58749	0.8795	0.18957	3.0	3.0	intermediate	intermediate
1311	COMP	ENSG00000105664	19	18883583	18937114	134	58749	0.87919	0.18965	1.0	1.0	low	low
6480	ST6GAL1	ENSG00000073849	3	186613315	186806341	735	58749	0.87897	0.18971	8.0	5.0	high_6	intermediate
5617	PRL	ENSG00000172179	6	22277473	22338082	173	58749	0.87877	0.18976	16.0	6.0	high_6	high_10
26009	ZZZ3	ENSG00000036549	1	78018160	78184119	267	58749	0.87833	0.18988	1.0	1.0	low	low
3688	ITGB1	ENSG00000150093	10	33179246	33282293	308	58749	0.87775	0.19004	1.0	1.0	low	low
55333	SYNJ2BP	ENSG00000213463	14	70823213	70918807	317	58749	0.87706	0.19023	1.0	1.0	low	low
4582	MUC1	ENSG00000185499	1	155148300	155197768	61	58749	0.87702	0.19024	14.0	7.0	high_6	high_10
126370	OR1I1	ENSG00000094661	19	15162877	15208944	233	58749	0.8767	0.19033	1.0	1.0	low	low
55775	TDP1	ENSG00000042088	14	90386944	90521108	390	58749	0.87662	0.19035	2.0	1.0	intermediate	intermediate
11112	HIBADH	ENSG00000106049	7	27555059	27737620	562	58749	0.87574	0.19058	9.0	4.0	high_6	intermediate
55755	CDK5RAP2	ENSG00000136861	9	123141147	123377448	304	58749	0.87479	0.19084	12.0	5.0	high_6	high_10
11177	BAZ1A	ENSG00000198604	14	35211937	35379853	501	58749	0.87325	0.19126	5.0	4.0	intermediate	intermediate
64766	S100PBP	ENSG00000116497	1	33247368	33334480	125	58749	0.87303	0.19132	1.0	1.0	low	low
4360	MRC1	ENSG00000260314	10	18063332	18210091	15	58749	0.87219	0.19155	3.0	3.0	intermediate	intermediate
383	ARG1	ENSG00000118520	6	131859344	131915472	125	58749	0.87219	0.19155	1.0	1.0	low	low
55218	EXD2	ENSG00000081177	14	69623194	69720737	178	58749	0.87194	0.19162	4.0	3.0	intermediate	intermediate
1997	ELF1	ENSG00000120690	13	41496055	41670544	274	58749	0.87191	0.19163	5.0	4.0	intermediate	intermediate
482	ATP1B2	ENSG00000129244	17	7519254	7571089	171	58749	0.86965	0.19225	3.0	3.0	intermediate	intermediate
84722	PSRC1	ENSG00000134222	1	109812176	109860790	128	58749	0.86894	0.19244	35.0	5.0	high_6	high_10
2693	GHSR	ENSG00000121853	3	172151081	172201246	149	58749	0.86778	0.19276	1.0	1.0	low	low
374907	B3GNT8	ENSG00000177191	19	41921264	41969635	103	58749	0.86756	0.19282	1.0	1.0	low	low
1272	CNTN1	ENSG00000018236	12	41051244	41476214	1300	58749	0.86755	0.19282	3.0	1.0	intermediate	intermediate
79741	CCDC7	ENSG00000216937	10	32700057	33181805	1668	58749	0.86744	0.19285	1.0	1.0	low	low
26155	NOC2L	ENSG00000188976	1	869583	929679	188	58749	0.86742	0.19286	1.0	1.0	low	low
1278	COL1A2	ENSG00000164692	7	93988873	94070544	209	58749	0.86701	0.19297	1.0	1.0	low	low
8993	PGLYRP1	ENSG00000008438	19	46512411	46561556	140	58749	0.86654	0.1931	3.0	2.0	intermediate	intermediate
57107	PDSS2	ENSG00000164494	6	107463761	107815779	718	58749	0.86617	0.1932	1.0	1.0	low	low
2700	GJA3	ENSG00000121743	13	20702394	20770524	267	58749	0.86565	0.19334	1.0	1.0	low	low
10363	HMG20A	ENSG00000140382	15	77678018	77787945	172	58749	0.8656	0.19336	8.0	6.0	high_6	intermediate
6938	TCF12	ENSG00000140262	15	57175833	57590716	987	58749	0.86525	0.19345	6.0	4.0	high_6	intermediate
390191	OR5B12	ENSG00000172362	11	58196593	58242646	132	58749	0.86504	0.19351	1.0	1.0	low	low
23566	LPAR3	ENSG00000171517	1	85269086	85393896	436	58749	0.86404	0.19378	1.0	1.0	low	low
3575	IL7R	ENSG00000168685	5	35821977	35889705	224	58749	0.86395	0.19381	29.0	9.0	high_6	high_10
1723	DHODH	ENSG00000102967	16	72007643	72069316	228	58749	0.86334	0.19398	3.0	3.0	intermediate	intermediate
166378	SPATA5	ENSG00000145375	4	123809225	124250605	1412	58749	0.86311	0.19404	1.0	1.0	low	low
259307	IL4I1	ENSG00000104951	19	50382911	50467796	211	58749	0.8627	0.19415	1.0	1.0	low	low
55971	BAIAP2L1	ENSG00000006453	7	97910962	98065427	338	58749	0.86209	0.19432	2.0	2.0	intermediate	intermediate
25959	KANK2	ENSG00000197256	19	11264943	11343243	244	58749	0.86198	0.19435	3.0	2.0	intermediate	intermediate
339105	PRSS53	ENSG00000151006	16	31084745	31135289	67	58749	0.8612	0.19456	16.0	7.0	high_6	high_10
55243	KIRREL	ENSG00000183853	1	157928063	158075846	437	58749	0.86104	0.19461	1.0	1.0	low	low
3588	IL10RB	ENSG00000243646	21	34603665	34679539	238	58749	0.86051	0.19475	2.0	2.0	intermediate	intermediate
155006	TMEM213	ENSG00000214128	7	138447664	138500769	198	58749	0.85969	0.19498	2.0	1.0	intermediate	intermediate
10411	RAPGEF3	ENSG00000079337	12	48118453	48199846	281	58749	0.85952	0.19503	2.0	2.0	intermediate	intermediate
339855	KY	ENSG00000174611	3	134308765	134405522	239	58749	0.85895	0.19518	1.0	1.0	low	low
9819	TSC22D2	ENSG00000196428	3	150091101	150187906	253	58749	0.85696	0.19573	11.0	6.0	high_6	high_10
2200	FBN1	ENSG00000166147	15	48690503	48972985	435	58749	0.85662	0.19583	8.0	3.0	high_6	intermediate
100128927	ZBTB42	ENSG00000179627	14	105231933	105281049	136	58749	0.85599	0.196	2.0	1.0	intermediate	intermediate
2060	EPS15	ENSG00000085832	1	51809935	52020026	605	58749	0.85474	0.19635	2.0	2.0	intermediate	intermediate
7358	UGDH	ENSG00000109814	4	39490375	39564218	255	58749	0.85299	0.19683	1.0	1.0	low	low
123591	C15orf27	ENSG00000169758	15	76317299	76507304	429	58749	0.8529	0.19686	2.0	2.0	intermediate	intermediate
25851	TECPR1	ENSG00000205356	7	97834755	97916563	201	58749	0.85243	0.19699	1.0	1.0	low	low
10152	ABI2	ENSG00000138443	2	204157597	204306892	220	58749	0.85242	0.19699	1.0	1.0	low	low
166614	DCLK2	ENSG00000170390	4	150964426	151188609	636	58749	0.85233	0.19702	4.0	4.0	intermediate	intermediate
90871	TMEM261	ENSG00000137038	9	7786490	7834806	176	58749	0.85214	0.19707	4.0	3.0	intermediate	intermediate
201134	CEP112	ENSG00000154240	17	63621658	64223212	2073	58749	0.85091	0.19741	3.0	3.0	intermediate	intermediate
460	ASTN1	ENSG00000152092	1	176816441	177169024	803	58749	0.84926	0.19787	8.0	2.0	high_6	intermediate
389158	PLSCR5	ENSG00000231213	3	146284342	146359003	390	58749	0.84906	0.19792	2.0	2.0	intermediate	intermediate
113115	MTFR2	ENSG00000146410	6	136542168	136606449	33	58749	0.84874	0.19801	2.0	1.0	intermediate	intermediate
5527	PPP2R5C	ENSG00000078304	14	102191910	102404329	621	58749	0.84814	0.19818	1.0	1.0	low	low
202559	KHDRBS2	ENSG00000112232	6	62379865	63031100	1494	58749	0.84807	0.1982	4.0	4.0	intermediate	intermediate
376132	LRRC10	ENSG00000198812	12	69992344	70039942	153	58749	0.8474	0.19839	1.0	1.0	low	low
6272	SORT1	ENSG00000134243	1	109842187	109975563	193	58749	0.8473	0.19841	35.0	5.0	high_6	high_10
27154	BRPF3	ENSG00000096070	6	36129408	36210567	100	58749	0.84684	0.19854	2.0	2.0	intermediate	intermediate
152926	PPM1K	ENSG00000163644	4	89168761	89240983	169	58749	0.84661	0.19861	1.0	1.0	low	low
419	ART3	ENSG00000156219	4	76897333	77043955	642	58749	0.84507	0.19904	1.0	1.0	low	low
863	CBFA2T3	ENSG00000129993	16	88931263	89078568	556	58749	0.84506	0.19904	6.0	3.0	high_6	intermediate
166348	KBTBD12	ENSG00000187715	3	127599075	127716514	325	58749	0.84504	0.19905	1.0	1.0	low	low
3687	ITGAX	ENSG00000140678	16	31331488	31404320	158	58749	0.84335	0.19952	3.0	3.0	intermediate	intermediate
101929304	SNX29	ENSG00000048471	16	12629049	12678144	647	58749	0.84322	0.19955	5.0	2.0	intermediate	intermediate
29121	CLEC2D	ENSG00000069493	12	9787304	9862151	309	58749	0.8429	0.19964	4.0	3.0	intermediate	intermediate
10092	ARPC5	ENSG00000162704	1	183585328	183640076	219	58749	0.84191	0.19992	1.0	1.0	low	low
9851	KIAA0753	ENSG00000198920	17	6471645	6580066	363	58749	0.84183	0.19994	1.0	1.0	low	low
10563	CXCL13	ENSG00000156234	4	78397907	78542988	239	58749	0.84179	0.19995	3.0	3.0	intermediate	intermediate
60676	PAPPA2	ENSG00000116183	1	176397307	176824737	885	58749	0.84151	0.20003	7.0	5.0	high_6	intermediate
5408	PNLIPRP2	ENSG00000266200	10	118345465	118414654	242	58749	0.84122	0.20011	1.0	1.0	low	low
23245	ASTN2	ENSG00000148219	9	119177504	120212317	3030	58749	0.84108	0.20015	21.0	6.0	high_6	high_10
2571	GAD1	ENSG00000128683	2	171638200	171727661	234	58749	0.84093	0.20019	1.0	1.0	low	low
131096	KCNH8	ENSG00000183960	3	19154946	19587135	565	58749	0.8403	0.20037	3.0	3.0	intermediate	intermediate
64792	RABL5	ENSG00000128581	7	100946648	101000093	247	58749	0.84013	0.20042	1.0	1.0	low	low
2641	GCG	ENSG00000115263	2	162989379	163043914	102	58749	0.83909	0.20071	1.0	1.0	low	low
79089	TMUB2	ENSG00000168591	17	42229300	42279099	88	58749	0.83886	0.20077	1.0	1.0	low	low
23031	MAST3	ENSG00000099308	19	18173585	18272502	309	58749	0.83687	0.20133	5.0	3.0	intermediate	intermediate
8853	ASAP2	ENSG00000151693	2	9311894	9555812	527	58749	0.83627	0.2015	1.0	1.0	low	low
8835	SOCS2	ENSG00000120833	12	93928598	93980521	148	58749	0.83615	0.20153	2.0	2.0	intermediate	intermediate
85453	TSPYL5	ENSG00000180543	8	98275714	98325192	139	58749	0.83609	0.20155	3.0	2.0	intermediate	intermediate
5676	PSG7	ENSG00000221878	19	43418284	43476330	319	58749	0.83514	0.20182	2.0	1.0	intermediate	intermediate
66008	TRAK2	ENSG00000115993	2	202231930	202351319	206	58749	0.83414	0.2021	1.0	1.0	low	low
126208	ZNF787	ENSG00000142409	19	56588732	56667649	230	58749	0.83399	0.20214	1.0	1.0	low	low
60385	TSKS	ENSG00000126467	19	50233011	50301587	164	58749	0.83346	0.20229	1.0	1.0	low	low
28999	KLF15	ENSG00000163884	3	126051478	126111236	150	58749	0.83236	0.2026	2.0	2.0	intermediate	intermediate
85019	TMEM241	ENSG00000134490	18	20865977	21052925	377	58749	0.83196	0.20272	1.0	1.0	low	low
1901	S1PR1	ENSG00000170989	1	101667305	101717076	143	58749	0.83065	0.20309	1.0	1.0	low	low
255809	C19orf38	ENSG00000214212	19	10912304	10990466	117	58749	0.83062	0.20309	3.0	3.0	intermediate	intermediate
84666	RETNLB	ENSG00000163515	3	108464486	108511130	119	58749	0.83038	0.20316	2.0	2.0	intermediate	intermediate
3215	HOXB5	ENSG00000120075	17	46658619	46706103	126	58749	0.83023	0.20321	1.0	1.0	low	low
55286	C4orf19	ENSG00000154274	4	37420552	37605132	716	58749	0.83015	0.20323	1.0	1.0	low	low
3351	HTR1B	ENSG00000135312	6	78161948	78208120	109	58749	0.82996	0.20328	2.0	2.0	intermediate	intermediate
5169	ENPP3	ENSG00000154269	6	131923375	132078550	274	58749	0.82906	0.20353	2.0	1.0	intermediate	intermediate
10239	AP3S2	ENSG00000157823	15	90363831	90472617	240	58749	0.82879	0.20361	7.0	5.0	high_6	intermediate
9785	DHX38	ENSG00000140829	16	72092615	72156811	181	58749	0.82804	0.20382	4.0	2.0	intermediate	intermediate
10560	SLC19A2	ENSG00000117479	1	169423147	169490208	180	58749	0.82735	0.20402	20.0	5.0	high_6	high_10
7132	TNFRSF1A	ENSG00000067182	12	6427923	6486283	138	58749	0.82683	0.20417	5.0	4.0	intermediate	intermediate
29104	N6AMT1	ENSG00000156239	21	30234513	30292695	275	58749	0.82648	0.20427	1.0	1.0	low	low
5305	PIP4K2A	ENSG00000150867	10	22813766	23038503	621	58749	0.82555	0.20453	10.0	4.0	high_6	high_10
51335	NGRN	ENSG00000182768	15	90773895	90825443	144	58749	0.82534	0.20459	1.0	1.0	low	low
7051	TGM1	ENSG00000092295	14	24708159	24768115	135	58749	0.8246	0.2048	2.0	1.0	intermediate	intermediate
151525	WDSUB1	ENSG00000196151	2	160082304	160178304	375	58749	0.82437	0.20487	2.0	2.0	intermediate	intermediate
221938	MMD2	ENSG00000136297	7	4921876	5033844	408	58749	0.82434	0.20487	1.0	1.0	low	low
80024	SLC8B1	ENSG00000089060	12	113726571	113807934	193	58749	0.82394	0.20499	1.0	1.0	low	low
50508	NOX3	ENSG00000074771	6	155706502	155812037	285	58749	0.82372	0.20505	1.0	1.0	low	low
10098	TSPAN5	ENSG00000168785	4	99381518	99614812	594	58749	0.82339	0.20514	2.0	2.0	intermediate	intermediate
128710	SLX4IP	ENSG00000149346	20	10380951	10614551	723	58749	0.82278	0.20532	1.0	1.0	low	low
4361	MRE11A	ENSG00000020922	11	94140466	94262040	263	58749	0.82261	0.20537	1.0	1.0	low	low
79058	ASPSCR1	ENSG00000169696	17	79900426	79985282	174	58749	0.82181	0.20559	2.0	1.0	intermediate	intermediate
4184	SMCP	ENSG00000163206	1	152815798	152867523	45	58749	0.82175	0.20561	2.0	2.0	intermediate	intermediate
5695	PSMB7	ENSG00000136930	9	127105744	127212752	174	58749	0.82144	0.2057	4.0	4.0	intermediate	intermediate
5866	RAB3IL1	ENSG00000167994	11	61654706	61748747	237	58749	0.82142	0.2057	2.0	1.0	intermediate	intermediate
29086	BABAM1	ENSG00000105393	19	17343200	17400162	185	58749	0.82126	0.20575	2.0	2.0	intermediate	intermediate
245934	DEFB121	ENSG00000204548	20	29982648	30041314	161	58749	0.8211	0.2058	2.0	2.0	intermediate	intermediate
1387	CREBBP	ENSG00000005339	16	3765055	3965121	206	58749	0.8188	0.20645	3.0	2.0	intermediate	intermediate
1145	CHRNE	ENSG00000108556	17	4791064	4841369	153	58749	0.8186	0.20651	2.0	2.0	intermediate	intermediate
3142	HLX	ENSG00000136630	1	221017743	221068401	130	58749	0.81816	0.20663	10.0	5.0	high_6	high_10
10318	TNIP1	ENSG00000145901	5	150399504	150502221	369	58749	0.81782	0.20673	16.0	8.0	high_6	high_10
4815	NINJ2	ENSG00000171840	12	663462	807755	553	58749	0.81723	0.2069	2.0	2.0	intermediate	intermediate
341359	SYT10	ENSG00000110975	12	33518348	33627754	305	58749	0.8171	0.20694	4.0	3.0	intermediate	intermediate
80133	MROH9	ENSG00000117501	1	170869612	171043906	596	58749	0.81617	0.2072	2.0	2.0	intermediate	intermediate
113235	SLC46A1	ENSG00000076351	17	26711661	26768230	94	58749	0.81555	0.20738	1.0	1.0	low	low
2525	FUT3	ENSG00000171124	19	5832899	5886485	202	58749	0.81553	0.20738	8.0	5.0	high_6	intermediate
132789	GNPDA2	ENSG00000163281	4	44684190	44763651	193	58749	0.81535	0.20744	14.0	8.0	high_6	high_10
10777	ARPP21	ENSG00000172995	3	35645666	35845988	417	58749	0.81489	0.20757	13.0	8.0	high_6	high_10
8974	P4HA2	ENSG00000072682	5	131518299	131598556	175	58749	0.81399	0.20782	8.0	5.0	high_6	intermediate
8115	TCL1A	ENSG00000100721	14	96166304	96215533	127	58749	0.81304	0.2081	2.0	1.0	intermediate	intermediate
160140	C11orf65	ENSG00000166323	11	108169012	108373258	320	58749	0.81233	0.2083	12.0	2.0	high_6	high_10
9940	DLEC1	ENSG00000008226	3	38045497	38174228	295	58749	0.81229	0.20831	4.0	3.0	intermediate	intermediate
10999	SLC27A4	ENSG00000167114	9	131067839	131133749	125	58749	0.81194	0.20841	2.0	2.0	intermediate	intermediate
9844	ELMO1	ENSG00000155849	7	36882511	37523895	1913	58749	0.81157	0.20852	12.0	6.0	high_6	high_10
8526	DGKE	ENSG00000153933	17	54876460	54956036	188	58749	0.81125	0.20861	4.0	2.0	intermediate	intermediate
51366	UBR5	ENSG00000104517	8	103254501	103459947	529	58749	0.81089	0.20872	1.0	1.0	low	low
121512	FGD4	ENSG00000139132	12	32517518	32808984	1081	58749	0.81086	0.20872	2.0	1.0	intermediate	intermediate
7325	UBE2E2	ENSG00000182247	3	23209498	23642296	1410	58749	0.81062	0.20879	7.0	6.0	high_6	intermediate
5546	PRCC	ENSG00000143294	1	156702274	156780609	183	58749	0.8106	0.2088	1.0	1.0	low	low
6633	SNRPD2	ENSG00000125743	19	46180712	46230569	90	58749	0.81045	0.20884	1.0	1.0	low	low
10810	WASF3	ENSG00000132970	13	27096840	27273082	570	58749	0.80989	0.209	8.0	6.0	high_6	intermediate
57217	TTC7A	ENSG00000068724	2	47133313	47313275	766	58749	0.80905	0.20924	1.0	1.0	low	low
3064	HTT	ENSG00000197386	4	3041408	3255687	497	58749	0.80903	0.20925	5.0	5.0	intermediate	intermediate
11156	PTP4A3	ENSG00000184489	8	142367093	142452554	254	58749	0.809	0.20926	1.0	1.0	low	low
2201	FBN2	ENSG00000138829	5	127583601	127908735	807	58749	0.80879	0.20932	13.0	6.0	high_6	high_10
27333	GOLIM4	ENSG00000173905	3	167716457	167848712	350	58749	0.80859	0.20938	1.0	1.0	low	low
51195	RAPGEFL1	ENSG00000108352	17	38299242	38361906	104	58749	0.80746	0.2097	2.0	2.0	intermediate	intermediate
100506217		ENSG00000233974	5	21471416	21520033	36	58749	0.8074	0.20972	1.0	1.0	low	low
1301	COL11A1	ENSG00000060718	1	103332023	103609052	1165	58749	0.80665	0.20993	25.0	7.0	high_6	high_10
7982	ST7	ENSG00000004866	7	116558381	116880077	473	58749	0.8063	0.21003	1.0	1.0	low	low
341032	C11orf53	ENSG00000150750	11	111091707	111166973	226	58749	0.80621	0.21006	4.0	2.0	intermediate	intermediate
57496	MKL2	ENSG00000186260	16	14130178	14370633	561	58749	0.80575	0.21019	4.0	3.0	intermediate	intermediate
10647	SCGB1D2	ENSG00000124935	11	61974102	62022280	102	58749	0.80505	0.2104	2.0	1.0	intermediate	intermediate
4060	LUM	ENSG00000139329	12	91487232	91540542	115	58749	0.80476	0.21048	4.0	3.0	intermediate	intermediate
27295	PDLIM3	ENSG00000154553	4	186411814	186491712	216	58749	0.80454	0.21054	1.0	1.0	low	low
7704	ZBTB16	ENSG00000109906	11	113895289	114136702	708	58749	0.80405	0.21069	3.0	2.0	intermediate	intermediate
6239	RREB1	ENSG00000124782	6	7072830	7262213	403	58749	0.80376	0.21077	29.0	10.0	high_6	high_10
2027	ENO3	ENSG00000108515	17	4818404	4870426	115	58749	0.80371	0.21078	1.0	1.0	low	low
204474	PDILT	ENSG00000169340	16	20360492	20451064	355	58749	0.80355	0.21083	17.0	7.0	high_6	high_10
245915	DEFB112	ENSG00000180872	6	50001288	50051364	106	58749	0.80343	0.21086	1.0	1.0	low	low
219965	OR5B17	ENSG00000197786	11	58115598	58161542	126	58749	0.80304	0.21098	1.0	1.0	low	low
157869	SBSPON	ENSG00000164764	8	73966778	74040507	211	58749	0.80276	0.21106	1.0	1.0	low	low
55779	WDR52	ENSG00000206530	3	112995777	113195986	674	58749	0.80198	0.21128	2.0	2.0	intermediate	intermediate
23086	EXPH5	ENSG00000110723	11	108366158	108499492	322	58749	0.80148	0.21143	1.0	1.0	low	low
54847	SIDT1	ENSG00000072858	3	113216218	113358422	434	58749	0.80032	0.21176	3.0	2.0	intermediate	intermediate
148345	C1orf127	ENSG00000175262	1	10996530	11077094	253	58749	0.80032	0.21176	2.0	2.0	intermediate	intermediate
23109	DDN	ENSG00000181418	12	49378933	49428088	50	58749	0.79915	0.2121	8.0	5.0	high_6	intermediate
10509	SEMA4B	ENSG00000185033	15	90692985	90782897	307	58749	0.79812	0.2124	7.0	3.0	high_6	intermediate
5922	RASA2	ENSG00000155903	3	141170891	141344186	287	58749	0.79711	0.21269	6.0	3.0	high_6	intermediate
3708	ITPR1	ENSG00000150995	3	4500032	4899524	1365	58749	0.797	0.21272	7.0	4.0	high_6	intermediate
9771	RAPGEF5	ENSG00000136237	7	22147908	22431751	899	58749	0.79659	0.21284	2.0	2.0	intermediate	intermediate
8654	PDE5A	ENSG00000138735	4	120405550	120584981	495	58749	0.79642	0.21289	2.0	2.0	intermediate	intermediate
3236	HOXD10	ENSG00000128710	2	176946492	176994670	103	58749	0.79641	0.2129	1.0	1.0	low	low
63979	FIGNL1	ENSG00000132436	7	50501827	50553088	201	58749	0.79615	0.21297	3.0	2.0	intermediate	intermediate
26973	CHORDC1	ENSG00000110172	11	89923597	89991532	208	58749	0.79585	0.21306	2.0	2.0	intermediate	intermediate
3068	HDGF	ENSG00000143321	1	156701899	156757240	128	58749	0.79512	0.21327	2.0	2.0	intermediate	intermediate
682	BSG	ENSG00000172270	19	536277	593493	348	58749	0.79491	0.21333	1.0	1.0	low	low
389072	PLEKHM3	ENSG00000178385	2	208676012	208925284	465	58749	0.79402	0.21359	5.0	3.0	intermediate	intermediate
10207	INADL	ENSG00000132849	1	62173149	62639592	1387	58749	0.79384	0.21365	2.0	2.0	intermediate	intermediate
79759	ZNF668	ENSG00000167394	16	31062164	31120641	73	58749	0.79369	0.21369	1.0	1.0	low	low
84985	FAM83A	ENSG00000147689	8	124159752	124232318	199	58749	0.79366	0.2137	1.0	1.0	low	low
26168	SENP3	ENSG00000161956	17	7430309	7485287	164	58749	0.79333	0.21379	1.0	1.0	low	low
8200	GDF5	ENSG00000125965	20	34011149	34061027	105	58749	0.79292	0.21391	12.0	6.0	high_6	high_10
60312	AFAP1	ENSG00000196526	4	7750440	7976653	1088	58749	0.79287	0.21393	11.0	8.0	high_6	high_10
858	CAV2	ENSG00000105971	7	116104655	116158595	185	58749	0.79209	0.21416	7.0	3.0	high_6	intermediate
1512	CTSH	ENSG00000103811	15	79204092	79272436	213	58749	0.79174	0.21426	14.0	6.0	high_6	high_10
57704	GBA2	ENSG00000070610	9	35726863	35784925	76	58749	0.79173	0.21426	2.0	2.0	intermediate	intermediate
22998	LIMCH1	ENSG00000064042	4	41327802	41712061	965	58749	0.79142	0.21435	3.0	3.0	intermediate	intermediate
125950	RAVER1	ENSG00000161847	19	10416888	10479314	184	58749	0.79141	0.21435	3.0	3.0	intermediate	intermediate
79949	PLEKHS1	ENSG00000148735	10	115476213	115552192	241	58749	0.79137	0.21436	1.0	1.0	low	low
2492	FSHR	ENSG00000170820	2	49179296	49416666	862	58749	0.79063	0.21458	6.0	3.0	high_6	intermediate
553115	PEF1	ENSG00000162517	1	32085463	32145838	118	58749	0.79019	0.21471	3.0	2.0	intermediate	intermediate
10010	TANK	ENSG00000136560	2	161958438	162102687	226	58749	0.79005	0.21475	8.0	5.0	high_6	intermediate
57666	FBRSL1	ENSG00000112787	12	133032041	133171774	559	58749	0.78963	0.21487	12.0	9.0	high_6	high_10
57617	VPS18	ENSG00000104142	15	41151628	41206173	107	58749	0.78936	0.21495	4.0	2.0	intermediate	intermediate
50626	CYHR1	ENSG00000187954	8	145665315	145726031	99	58749	0.78857	0.21518	3.0	2.0	intermediate	intermediate
8994	LIMD1	ENSG00000144791	3	45601323	45732755	451	58749	0.7874	0.21552	2.0	2.0	intermediate	intermediate
221981	THSD7A	ENSG00000005108	7	11400062	11906824	2003	58749	0.78719	0.21558	13.0	4.0	high_6	high_10
309	ANXA6	ENSG00000197043	5	150470267	150572443	415	58749	0.78714	0.2156	1.0	1.0	low	low
1054	CEBPG	ENSG00000153879	19	33829575	33883592	215	58749	0.78557	0.21606	2.0	2.0	intermediate	intermediate
79944	L2HGDH	ENSG00000087299	14	50694285	50813947	275	58749	0.7852	0.21617	5.0	4.0	intermediate	intermediate
3227	HOXC11	ENSG00000123388	12	54331910	54380203	118	58749	0.7846	0.21634	1.0	1.0	low	low
51276	ZNF571	ENSG00000180479	19	38045155	38120673	130	58749	0.78427	0.21644	1.0	1.0	low	low
255488	RNF144B	ENSG00000137393	6	18242602	18479105	981	58749	0.78378	0.21658	6.0	3.0	high_6	intermediate
11330	CTRC	ENSG00000162438	1	15729938	15783153	134	58749	0.78339	0.2167	4.0	1.0	intermediate	intermediate
8794	TNFRSF10C	ENSG00000173535	8	22925327	22984950	175	58749	0.78276	0.21688	2.0	1.0	intermediate	intermediate
132612	ADAD1	ENSG00000164113	4	123265121	123360957	160	58749	0.78219	0.21705	16.0	8.0	high_6	high_10
5194	PEX13	ENSG00000162928	2	61209812	61289125	135	58749	0.78195	0.21712	5.0	3.0	intermediate	intermediate
1259	CNGA1	ENSG00000198515	4	47927994	48053646	378	58749	0.78173	0.21719	1.0	1.0	low	low
646915	ZNF285	ENSG00000267508	2	133029717	133086320	32	58749	0.78152	0.21725	2.0	2.0	intermediate	intermediate
3827	KNG1	ENSG00000113889	3	186400098	186472199	317	58749	0.78066	0.2175	5.0	3.0	intermediate	intermediate
219293	ATAD3C	ENSG00000215915	1	1343152	1415538	166	58749	0.7799	0.21772	1.0	1.0	low	low
253143	PRR14L	ENSG00000183530	22	32067333	32181120	275	58749	0.77784	0.21833	1.0	1.0	low	low
65056	GPBP1	ENSG00000062194	5	56434676	56570506	235	58749	0.77768	0.21838	1.0	1.0	low	low
79739	TTLL7	ENSG00000137941	1	84325057	84499850	459	58749	0.77763	0.21839	9.0	4.0	high_6	intermediate
79745	CLIP4	ENSG00000115295	2	29285542	29416679	316	58749	0.77761	0.2184	3.0	3.0	intermediate	intermediate
7369	UMOD	ENSG00000169344	16	20334373	20399200	190	58749	0.77749	0.21843	22.0	8.0	high_6	high_10
11228	RASSF8	ENSG00000123094	12	26076964	26242825	660	58749	0.77737	0.21847	1.0	1.0	low	low
11166	SOX21	ENSG00000125285	13	95351876	95399389	121	58749	0.77714	0.21854	1.0	1.0	low	low
84168	ANTXR1	ENSG00000169604	2	69205276	69486459	787	58749	0.77684	0.21863	9.0	4.0	high_6	intermediate
23043	TNIK	ENSG00000154310	3	170770292	171213197	1185	58749	0.7759	0.2189	1.0	1.0	low	low
55603	FAM46A	ENSG00000112773	6	82356829	82497607	353	58749	0.77511	0.21914	8.0	4.0	high_6	intermediate
3739	KCNA4	ENSG00000182255	11	30021288	30073577	130	58749	0.77498	0.21917	6.0	4.0	high_6	intermediate
54765	TRIM44	ENSG00000166326	11	35649353	35840930	202	58749	0.77466	0.21927	2.0	2.0	intermediate	intermediate
79890	RIN3	ENSG00000100599	14	92945125	93165339	762	58749	0.77451	0.21932	10.0	6.0	high_6	high_10
6714	SRC	ENSG00000197122	20	35938088	36043835	263	58749	0.77427	0.21939	1.0	1.0	low	low
925	CD8A	ENSG00000153563	2	87001728	87070519	168	58749	0.77381	0.21952	1.0	1.0	low	low
5597	MAPK6	ENSG00000069956	15	52261377	52368462	207	58749	0.7737	0.21955	4.0	2.0	intermediate	intermediate
3066	HDAC2	ENSG00000196591	6	114247320	114327359	181	58749	0.7736	0.21958	1.0	1.0	low	low
344892	RTP2	ENSG00000198471	3	187406047	187455345	179	58749	0.77358	0.21959	1.0	1.0	low	low
136259	KLF14	ENSG00000266265	7	130407382	130453860	141	58749	0.77342	0.21964	25.0	6.0	high_6	high_10
25945	PVRL3	ENSG00000177707	3	110755606	110923017	205	58749	0.77317	0.21971	1.0	1.0	low	low
79814	AGMAT	ENSG00000116771	1	15888194	15946605	204	58749	0.77273	0.21984	2.0	2.0	intermediate	intermediate
340419	RSPO2	ENSG00000147655	8	108901544	109130913	550	58749	0.77165	0.22016	8.0	4.0	high_6	intermediate
3431	SP110	ENSG00000135899	2	231023634	231125444	401	58749	0.77143	0.22023	1.0	1.0	low	low
441639	OR9K2	ENSG00000170605	12	55488553	55534560	195	58749	0.77109	0.22033	2.0	2.0	intermediate	intermediate
8667	EIF3H	ENSG00000147677	8	117647055	117803258	314	58749	0.77102	0.22035	24.0	4.0	high_6	high_10
57057	TBX20	ENSG00000164532	7	35232042	35328711	268	58749	0.77078	0.22042	6.0	2.0	high_6	intermediate
10692	RRH	ENSG00000180245	4	110714150	110775863	152	58749	0.77019	0.22059	1.0	1.0	low	low
9047	SH2D2A	ENSG00000027869	1	156766035	156821640	149	58749	0.77003	0.22064	6.0	4.0	high_6	intermediate
1437	CSF2	ENSG00000164400	5	131374485	131421863	84	58749	0.76996	0.22066	6.0	5.0	high_6	intermediate
5424	POLD1	ENSG00000062822	19	50852531	50931275	169	58749	0.76944	0.22082	5.0	2.0	intermediate	intermediate
56913	C1GALT1	ENSG00000106392	7	7187178	7298282	543	58749	0.76934	0.22084	5.0	5.0	intermediate	intermediate
441155	ZC3H11A	ENSG00000058673	6	65976311	66025506	128	58749	0.76684	0.22159	2.0	2.0	intermediate	intermediate
9475	ROCK2	ENSG00000134318	2	11309894	11519711	560	58749	0.76674	0.22162	2.0	1.0	intermediate	intermediate
340252	ZNF680	ENSG00000173041	7	63970255	64058505	276	58749	0.76665	0.22164	1.0	1.0	low	low
23498	HAAO	ENSG00000162882	2	42984229	43054753	250	58749	0.76657	0.22167	9.0	5.0	high_6	intermediate
4627	MYH9	ENSG00000100345	22	36667323	36819107	483	58749	0.76592	0.22186	13.0	5.0	high_6	high_10
387755	INSC	ENSG00000188487	11	15098970	15278754	554	58749	0.76577	0.22191	1.0	1.0	low	low
119392	SFR1	ENSG00000156384	10	105845059	105896143	80	58749	0.76562	0.22195	1.0	1.0	low	low
3727	JUND	ENSG00000130522	19	18380563	18427432	153	58749	0.76527	0.22206	2.0	1.0	intermediate	intermediate
53938	PPIL3	ENSG00000240344	2	201725630	201789048	82	58749	0.76419	0.22238	2.0	2.0	intermediate	intermediate
56955	MEPE	ENSG00000152595	4	88707563	88777969	258	58749	0.76406	0.22242	2.0	2.0	intermediate	intermediate
23603	CORO1C	ENSG00000110880	12	109028885	109160326	251	58749	0.76401	0.22243	3.0	3.0	intermediate	intermediate
941	CD80	ENSG00000121594	3	119233140	119313481	287	58749	0.76318	0.22268	3.0	3.0	intermediate	intermediate
4257	MGST1	ENSG00000008394	12	16465076	16540123	194	58749	0.76286	0.22277	3.0	3.0	intermediate	intermediate
132864	CPEB2	ENSG00000137449	4	14969298	15081777	264	58749	0.76211	0.223	1.0	1.0	low	low
26994	RNF11	ENSG00000123091	1	51666945	51749119	88	58749	0.76189	0.22306	1.0	1.0	low	low
23012	STK38L	ENSG00000211455	12	27362078	27488892	342	58749	0.76093	0.22335	1.0	1.0	low	low
9718	ECE2	ENSG00000145194	3	183932445	184020819	185	58749	0.76012	0.22359	4.0	3.0	intermediate	intermediate
51237	MZB1	ENSG00000170476	5	138713257	138760605	50	58749	0.75988	0.22366	1.0	1.0	low	low
55556	ENOSF1	ENSG00000132199	18	660324	747662	348	58749	0.75976	0.2237	1.0	1.0	low	low
241	ALOX5AP	ENSG00000132965	13	31252615	31348565	408	58749	0.75938	0.22381	3.0	2.0	intermediate	intermediate
100506718	FLRT2	ENSG00000185070	14	85980983	86039396	203	58749	0.75915	0.22388	3.0	2.0	intermediate	intermediate
3725	JUN	ENSG00000177606	1	59236463	59284785	68	58749	0.75865	0.22403	1.0	1.0	low	low
8575	PRKRA	ENSG00000180228	2	179286141	179350958	86	58749	0.75844	0.22409	2.0	2.0	intermediate	intermediate
2160	F11	ENSG00000088926	4	187152099	187220835	228	58749	0.75838	0.22411	20.0	5.0	high_6	high_10
79834	PEAK1	ENSG00000173517	15	77390498	77747446	503	58749	0.75575	0.2249	4.0	3.0	intermediate	intermediate
414301	DDI1	ENSG00000170967	11	103872308	103919922	128	58749	0.75509	0.2251	10.0	3.0	high_6	high_10
2897	GRIK1	ENSG00000171189	21	30899254	31347282	1222	58749	0.75507	0.2251	1.0	1.0	low	low
493869	GPX8	ENSG00000164294	5	54420984	54473129	115	58749	0.75501	0.22512	1.0	1.0	low	low
116154	PHACTR3	ENSG00000087495	20	58117564	58432766	1067	58749	0.75469	0.22522	1.0	1.0	low	low
284217	LAMA1	ENSG00000101680	18	6931743	7152813	725	58749	0.75439	0.22531	1.0	1.0	low	low
6462	SHBG	ENSG00000129214	17	7482382	7546700	142	58749	0.75418	0.22537	3.0	3.0	intermediate	intermediate
6947	TCN1	ENSG00000134827	11	59610281	59669041	50	58749	0.75414	0.22538	6.0	3.0	high_6	intermediate
79621	RNASEH2B	ENSG00000136104	13	51448814	51554596	229	58749	0.75392	0.22545	6.0	4.0	high_6	intermediate
7048	TGFBR2	ENSG00000163513	3	30612994	30745634	422	58749	0.75391	0.22545	5.0	4.0	intermediate	intermediate
255426	RASGEF1C	ENSG00000146090	5	179517795	179671130	591	58749	0.75267	0.22582	1.0	1.0	low	low
64577	ALDH8A1	ENSG00000118514	6	135228528	135306260	148	58749	0.75252	0.22587	4.0	3.0	intermediate	intermediate
4188	MDFI	ENSG00000112559	6	41571194	41631984	213	58749	0.75244	0.22589	5.0	2.0	intermediate	intermediate
64231	MS4A6A	ENSG00000110077	11	59929080	59987139	144	58749	0.75161	0.22614	6.0	3.0	high_6	intermediate
22917	ZP1	ENSG00000149506	11	60600015	60653164	160	58749	0.75137	0.22621	1.0	1.0	low	low
79885	HDAC11	ENSG00000163517	3	13486671	13557924	208	58749	0.75105	0.22631	3.0	2.0	intermediate	intermediate
3213	HOXB3	ENSG00000120093	17	46616232	46702634	205	58749	0.75089	0.22636	1.0	1.0	low	low
79188	TMEM43	ENSG00000170876	3	14131440	14195180	137	58749	0.75074	0.2264	1.0	1.0	low	low
151887	CCDC80	ENSG00000091986	3	112313407	112394977	183	58749	0.75062	0.22644	1.0	1.0	low	low
339210	C17orf67	ENSG00000214226	17	54859274	54946256	224	58749	0.74977	0.2267	5.0	2.0	intermediate	intermediate
57504	MTA3	ENSG00000057935	2	42686709	43021080	826	58749	0.74977	0.2267	2.0	2.0	intermediate	intermediate
23173	METAP1	ENSG00000164024	4	99881788	99993960	291	58749	0.74849	0.22708	3.0	2.0	intermediate	intermediate
84684	INSM2	ENSG00000168348	14	35968248	36016260	52	58749	0.74836	0.22712	1.0	1.0	low	low
91653	BOC	ENSG00000144857	3	112894850	113016306	439	58749	0.7482	0.22717	11.0	4.0	high_6	high_10
150350	ENTHD1	ENSG00000176177	22	40129049	40324794	255	58749	0.74796	0.22724	1.0	1.0	low	low
151647	FAM19A4	ENSG00000163377	3	68770915	69016761	676	58749	0.74723	0.22746	1.0	1.0	low	low
7043	TGFB3	ENSG00000119699	14	76414440	76484334	107	58749	0.7461	0.2278	2.0	2.0	intermediate	intermediate
354	KLK3	ENSG00000142515	19	51323171	51374020	261	58749	0.74568	0.22793	7.0	3.0	high_6	intermediate
440138	ALG11	ENSG00000253710	13	52551523	52613784	138	58749	0.74564	0.22794	2.0	1.0	intermediate	intermediate
29072	SETD2	ENSG00000181555	3	47047898	47240467	234	58749	0.74541	0.22801	3.0	2.0	intermediate	intermediate
22911	WDR47	ENSG00000085433	1	109502835	109619860	329	58749	0.74434	0.22834	1.0	1.0	low	low
79071	ELOVL6	ENSG00000170522	4	110960187	111155355	645	58749	0.74429	0.22835	2.0	2.0	intermediate	intermediate
54206	ERRFI1	ENSG00000116285	1	8061779	8121393	84	58749	0.74329	0.22865	11.0	5.0	high_6	high_10
646962	HRCT1	ENSG00000196196	9	35871189	35917138	130	58749	0.7429	0.22877	1.0	1.0	low	low
145957	NRG4	ENSG00000169752	15	76224314	76339785	241	58749	0.74048	0.2295	1.0	1.0	low	low
145389	SLC38A6	ENSG00000139974	14	61412832	61560451	216	58749	0.74024	0.22958	2.0	2.0	intermediate	intermediate
3594	IL12RB1	ENSG00000096996	19	18160371	18232806	274	58749	0.73875	0.23003	2.0	2.0	intermediate	intermediate
57511	COG6	ENSG00000133103	13	40194764	40375802	495	58749	0.73843	0.23013	19.0	10.0	high_6	high_10
4045	LSAMP	ENSG00000185565	3	115511210	116199385	1627	58749	0.73824	0.23018	3.0	2.0	intermediate	intermediate
3080	CFHR2	ENSG00000080910	1	196877888	196938356	110	58749	0.73778	0.23032	1.0	1.0	low	low
339804	C2orf74	ENSG00000237651	2	61337221	61401964	168	58749	0.73773	0.23034	4.0	3.0	intermediate	intermediate
84435	GPR123	ENSG00000197177	10	134849433	134955179	397	58749	0.73766	0.23036	2.0	2.0	intermediate	intermediate
124359	CDYL2	ENSG00000166446	16	80627675	80873175	854	58749	0.73759	0.23038	4.0	2.0	intermediate	intermediate
10163	WASF2	ENSG00000158195	1	27720734	27851678	202	58749	0.73758	0.23039	1.0	1.0	low	low
23495	TNFRSF13B	ENSG00000240505	17	16832398	16910432	297	58749	0.73733	0.23046	17.0	11.0	high_6	high_10
440107	PLEKHG7	ENSG00000187510	12	93080122	93176231	188	58749	0.737	0.23056	3.0	2.0	intermediate	intermediate
5308	PITX2	ENSG00000164093	4	111528579	111598279	112	58749	0.73699	0.23056	41.0	10.0	high_6	high_10
7204	TRIO	ENSG00000038382	5	14108817	14520313	996	58749	0.73532	0.23107	1.0	1.0	low	low
80315	CPEB4	ENSG00000113742	5	173280331	173397313	319	58749	0.73532	0.23107	8.0	3.0	high_6	intermediate
1456	CSNK1G3	ENSG00000151292	5	122812793	122962739	242	58749	0.73526	0.23109	1.0	1.0	low	low
1549	CYP2A7	ENSG00000198077	19	41371344	41423657	206	58749	0.73403	0.23147	2.0	2.0	intermediate	intermediate
22876	INPP5F	ENSG00000198825	10	121450559	121598663	317	58749	0.73384	0.23152	5.0	4.0	intermediate	intermediate
147700	KLC3	ENSG00000104892	19	45808998	45864864	177	58749	0.73303	0.23177	2.0	2.0	intermediate	intermediate
29992	PILRA	ENSG00000085514	7	99936068	100007722	91	58749	0.73254	0.23192	4.0	2.0	intermediate	intermediate
140683	BPIFA2	ENSG00000131050	20	31714660	31779223	134	58749	0.73233	0.23198	1.0	1.0	low	low
387496	RASL11A	ENSG00000122035	13	27809464	27857828	104	58749	0.73218	0.23203	1.0	1.0	low	low
4322	MMP13	ENSG00000137745	11	102803721	102861463	148	58749	0.72996	0.23271	1.0	1.0	low	low
222553	SLC35F1	ENSG00000196376	6	118193689	118648839	1158	58749	0.72989	0.23273	1.0	1.0	low	low
55367	PIDD	ENSG00000177595	11	789179	844872	166	58749	0.72955	0.23283	6.0	3.0	high_6	intermediate
147968	CAPN12	ENSG00000182472	19	39210832	39270114	211	58749	0.72931	0.23291	1.0	1.0	low	low
127623	OR2B11	ENSG00000177535	1	247604331	247650284	288	58749	0.72923	0.23293	1.0	1.0	low	low
301	ANXA1	ENSG00000135046	9	75731721	75795309	189	58749	0.72902	0.23299	1.0	1.0	low	low
6565	SLC15A2	ENSG00000163406	3	121578171	121673034	273	58749	0.72736	0.2335	7.0	3.0	high_6	intermediate
152519	NIPAL1	ENSG00000163293	4	47983791	48049084	205	58749	0.72722	0.23355	1.0	1.0	low	low
653192	TRIM43	ENSG00000144015	2	96132715	96185479	24	58749	0.7268	0.23367	1.0	1.0	low	low
25913	POT1	ENSG00000128513	7	124452440	124605037	464	58749	0.72668	0.23371	5.0	1.0	intermediate	intermediate
9402	GRAP2	ENSG00000100351	22	40262086	40379347	156	58749	0.72653	0.23376	1.0	1.0	low	low
3339	HSPG2	ENSG00000142798	1	22138737	22298750	535	58749	0.72593	0.23394	8.0	5.0	high_6	intermediate
5584	PRKCI	ENSG00000163558	3	169905220	170033770	398	58749	0.72467	0.23433	1.0	1.0	low	low
23240	KIAA0922	ENSG00000121210	4	154352498	154568760	588	58749	0.72453	0.23437	1.0	1.0	low	low
5879	RAC1	ENSG00000136238	7	6379126	6453598	291	58749	0.72412	0.2345	1.0	1.0	low	low
64798	DEPTOR	ENSG00000155792	8	120850900	121073157	910	58749	0.72385	0.23458	1.0	1.0	low	low
114907	FBXO32	ENSG00000156804	8	124500127	124588493	291	58749	0.72362	0.23465	5.0	3.0	intermediate	intermediate
143458	LDLRAD3	ENSG00000179241	11	35930537	36263688	1105	58749	0.72238	0.23503	1.0	1.0	low	low
10203	CALCRL	ENSG00000064989	2	188196690	188348021	346	58749	0.72227	0.23506	9.0	6.0	high_6	intermediate
54906	FAM208B	ENSG00000108021	10	5691801	5817742	359	58749	0.7218	0.23521	1.0	1.0	low	low
4792	NFKBIA	ENSG00000100906	14	35860716	35908960	162	58749	0.72178	0.23522	15.0	6.0	high_6	high_10
7629	ZNF76	ENSG00000065029	6	35191691	35273762	151	58749	0.72161	0.23527	8.0	6.0	high_6	intermediate
222545	GPRC6A	ENSG00000173612	6	117103248	117185256	163	58749	0.72067	0.23556	1.0	1.0	low	low
4580	MTX1	ENSG00000173171	1	155143490	155193625	61	58749	0.7204	0.23564	14.0	5.0	high_6	high_10
5562	PRKAA1	ENSG00000132356	5	40749481	40833297	159	58749	0.72037	0.23565	4.0	2.0	intermediate	intermediate
5019	OXCT1	ENSG00000083720	5	41720167	41905791	238	58749	0.72022	0.2357	1.0	1.0	low	low
6122	RPL3	ENSG00000100316	22	39698887	39750670	204	58749	0.72021	0.2357	7.0	4.0	high_6	intermediate
57787	MARK4	ENSG00000007047	19	45719516	45818541	299	58749	0.72004	0.23575	3.0	2.0	intermediate	intermediate
2335	FN1	ENSG00000115414	2	216215177	216335890	350	58749	0.71949	0.23592	4.0	2.0	intermediate	intermediate
3713	IVL	ENSG00000163207	1	152846039	152894362	74	58749	0.71917	0.23602	1.0	1.0	low	low
2922	GRP	ENSG00000134443	18	56852400	56908003	218	58749	0.71849	0.23623	5.0	3.0	intermediate	intermediate
64283	ARHGEF28	ENSG00000214944	5	72886983	73247818	1032	58749	0.71841	0.23625	7.0	4.0	high_6	intermediate
55227	LRRC1	ENSG00000137269	6	53624295	53799490	428	58749	0.71754	0.23652	1.0	1.0	low	low
151963	MB21D2	ENSG00000180611	3	192504604	192670950	534	58749	0.71666	0.23679	3.0	3.0	intermediate	intermediate
2619	GAS1	ENSG00000180447	9	89549277	89597104	188	58749	0.71622	0.23693	1.0	1.0	low	low
23066	CAND2	ENSG00000144712	3	12803171	12886313	294	58749	0.71596	0.23701	10.0	4.0	high_6	high_10
54798	DCHS2	ENSG00000197410	4	155145527	155447930	855	58749	0.71523	0.23723	3.0	3.0	intermediate	intermediate
6231	RPS26	ENSG00000197728	12	56400686	56448007	58	58749	0.71397	0.23762	26.0	11.0	high_6	high_10
80314	EPC1	ENSG00000120616	10	32546644	32702726	432	58749	0.71319	0.23786	4.0	3.0	intermediate	intermediate
183	AGT	ENSG00000135744	1	230828269	230885336	307	58749	0.71257	0.23806	2.0	2.0	intermediate	intermediate
388567	ZNF749	ENSG00000186230	19	57911693	57967291	132	58749	0.71115	0.23849	1.0	1.0	low	low
64221	ROBO3	ENSG00000154134	11	124700305	124761370	188	58749	0.71097	0.23855	2.0	2.0	intermediate	intermediate
54020	SLC37A1	ENSG00000160190	21	43884742	44011550	475	58749	0.71055	0.23868	1.0	1.0	low	low
112464	PRKCDBP	ENSG00000170955	11	6330176	6376740	160	58749	0.709	0.23916	2.0	1.0	intermediate	intermediate
641649	TMEM91	ENSG00000142046	19	41821873	41899988	155	58749	0.70643	0.23996	2.0	1.0	intermediate	intermediate
89874	SLC25A21	ENSG00000183032	14	37137126	37676865	1515	58749	0.7062	0.24003	7.0	4.0	high_6	intermediate
1504	CTRB1	ENSG00000168925	16	75217884	75268822	294	58749	0.70505	0.24039	7.0	3.0	high_6	intermediate
3586	IL10	ENSG00000136634	1	206930948	206980839	135	58749	0.705	0.2404	19.0	9.0	high_6	high_10
356	FASLG	ENSG00000117560	1	172593185	172646013	137	58749	0.70494	0.24043	17.0	10.0	high_6	high_10
55031	USP47	ENSG00000170242	11	11827970	11990872	368	58749	0.70468	0.2405	3.0	3.0	intermediate	intermediate
387119	CEP85L	ENSG00000111860	6	118771935	119066238	818	58749	0.70454	0.24055	6.0	2.0	high_6	intermediate
55	ACPP	ENSG00000014257	3	132001211	132097146	380	58749	0.70452	0.24056	2.0	2.0	intermediate	intermediate
57448	BIRC6	ENSG00000115760	2	32546735	32853966	608	58749	0.70432	0.24062	5.0	4.0	intermediate	intermediate
55677	IWS1	ENSG00000163166	2	128228383	128319462	225	58749	0.70382	0.24077	5.0	2.0	intermediate	intermediate
22828	SCAF8	ENSG00000213079	6	155019512	155292708	593	58749	0.7037	0.24081	1.0	1.0	low	low
83439	TCF7L1	ENSG00000152284	2	85325583	85547511	801	58749	0.70262	0.24115	2.0	1.0	intermediate	intermediate
2796	GNRH1	ENSG00000147437	8	25266774	25317556	109	58749	0.70246	0.2412	1.0	1.0	low	low
91074	ANKRD30A	ENSG00000148513	10	37379785	37531495	249	58749	0.70206	0.24132	11.0	7.0	high_6	high_10
6820	SULT2B1	ENSG00000088002	19	49020429	49112684	370	58749	0.70174	0.24142	1.0	1.0	low	low
165904	XIRP1	ENSG00000168334	3	39214706	39269112	135	58749	0.70154	0.24148	1.0	1.0	low	low
3146	HMGB1	ENSG00000189403	13	31022877	31226942	424	58749	0.70121	0.24158	3.0	3.0	intermediate	intermediate
115209	OMA1	ENSG00000162600	1	58871052	59047469	719	58749	0.70088	0.24169	1.0	1.0	low	low
85415	RHPN2	ENSG00000131941	19	33459498	33590824	496	58749	0.70053	0.2418	12.0	3.0	high_6	high_10
4214	MAP3K1	ENSG00000095015	5	56075900	56201979	305	58749	0.70049	0.24181	21.0	6.0	high_6	high_10
54536	EXOC6	ENSG00000138190	10	94555887	94829251	597	58749	0.70025	0.24188	3.0	2.0	intermediate	intermediate
109	ADCY3	ENSG00000138031	2	25032038	25177602	455	58749	0.70009	0.24194	10.0	6.0	high_6	high_10
9341	VAMP3	ENSG00000049245	1	7796329	7851492	147	58749	0.69849	0.24244	2.0	2.0	intermediate	intermediate
54209	TREM2	ENSG00000095970	6	41116244	41165924	79	58749	0.6984	0.24246	2.0	1.0	intermediate	intermediate
5630	PRPH	ENSG00000135406	12	49653796	49702481	138	58749	0.69825	0.24251	2.0	1.0	intermediate	intermediate
2169	FABP2	ENSG00000145384	4	120228405	120278316	251	58749	0.69705	0.24288	3.0	1.0	intermediate	intermediate
25897	RNF19A	ENSG00000034677	8	101259285	101383446	254	58749	0.69678	0.24297	1.0	1.0	low	low
93627	TBCK	ENSG00000145348	4	106957233	107272861	630	58749	0.69653	0.24305	1.0	1.0	low	low
4335	MNT	ENSG00000070444	17	2277354	2339258	144	58749	0.69519	0.24347	2.0	2.0	intermediate	intermediate
57101	ANO2	ENSG00000047617	12	5661817	6090398	1428	58749	0.69471	0.24362	3.0	1.0	intermediate	intermediate
6347	CCL2	ENSG00000108691	17	32547296	32594222	123	58749	0.69456	0.24367	4.0	3.0	intermediate	intermediate
90141	EFCAB11	ENSG00000140025	14	90251499	90456148	617	58749	0.69309	0.24413	2.0	1.0	intermediate	intermediate
642987	TMEM232	ENSG00000186952	5	109745197	110097507	774	58749	0.69294	0.24417	1.0	1.0	low	low
84282	RNF135	ENSG00000181481	17	29261224	29336929	46	58749	0.69236	0.24436	1.0	1.0	low	low
3562	IL3	ENSG00000164399	5	131361347	131408896	89	58749	0.69232	0.24437	2.0	1.0	intermediate	intermediate
63899	NSUN3	ENSG00000178694	3	93746855	93855630	82	58749	0.69149	0.24463	4.0	3.0	intermediate	intermediate
53981	CPSF2	ENSG00000165934	14	92553298	92640543	297	58749	0.69049	0.24494	1.0	1.0	low	low
3159	HMGA1	ENSG00000137309	6	34169577	34224008	126	58749	0.69045	0.24496	10.0	7.0	high_6	high_10
83463	MXD3	ENSG00000213347	5	176722501	176776096	96	58749	0.68934	0.24531	2.0	1.0	intermediate	intermediate
254263	CNIH2	ENSG00000174871	11	66010672	66061685	75	58749	0.68898	0.24542	1.0	1.0	low	low
160335	TMTC2	ENSG00000179104	12	83045731	83538647	1333	58749	0.68871	0.2455	5.0	4.0	intermediate	intermediate
127550	A3GALT2	ENSG00000184389	1	33762367	33821699	140	58749	0.68701	0.24604	1.0	1.0	low	low
93587	TRMT10A	ENSG00000145331	4	100457864	100520189	240	58749	0.68573	0.24644	1.0	1.0	low	low
10603	SH2B2	ENSG00000160999	7	101893405	101972178	210	58749	0.68558	0.24649	10.0	4.0	high_6	high_10
100529257	SYNJ2BP	ENSG00000213463	14	70781798	70918807	454	58749	0.68556	0.24649	1.0	1.0	low	low
10877	CFHR4	ENSG00000134365	1	196822144	196897843	177	58749	0.68496	0.24668	3.0	2.0	intermediate	intermediate
79899	PRR5L	ENSG00000135362	11	36282725	36496754	781	58749	0.68448	0.24684	10.0	5.0	high_6	high_10
220323	OAF	ENSG00000184232	11	120046747	120110650	204	58749	0.68424	0.24691	1.0	1.0	low	low
26872	STEAP1	ENSG00000164647	7	89748689	89804141	131	58749	0.68419	0.24693	1.0	1.0	low	low
23175	LPIN1	ENSG00000134324	2	11782705	11977535	636	58749	0.68383	0.24704	6.0	5.0	high_6	intermediate
207	AKT1	ENSG00000142208	14	105225686	105297080	186	58749	0.6838	0.24705	1.0	1.0	low	low
57480	PLEKHG1	ENSG00000120278	6	150885999	151174801	1084	58749	0.68257	0.24744	8.0	5.0	high_6	intermediate
22859	LPHN1	ENSG00000072071	19	14248549	14351997	237	58749	0.68001	0.24825	1.0	1.0	low	low
7040	TGFB1	ENSG00000105329	19	41826812	41894831	134	58749	0.67997	0.24826	25.0	8.0	high_6	high_10
2295	FOXF2	ENSG00000137273	6	1355069	1405832	188	58749	0.67991	0.24828	6.0	3.0	high_6	intermediate
3212	HOXB2	ENSG00000173917	17	46610017	46657393	105	58749	0.6796	0.24838	1.0	1.0	low	low
4939	OAS2	ENSG00000111335	12	113381274	113459528	231	58749	0.67929	0.24848	7.0	4.0	high_6	intermediate
145270	PRIMA1	ENSG00000175785	14	94174644	94289766	325	58749	0.67892	0.2486	2.0	2.0	intermediate	intermediate
55255	WDR41	ENSG00000164253	5	76717622	76823332	418	58749	0.67862	0.24869	2.0	2.0	intermediate	intermediate
4902	NRTN	ENSG00000171119	19	5788818	5838335	170	58749	0.67846	0.24874	1.0	1.0	low	low
9635	CLCA2	ENSG00000137975	1	86854769	86932241	333	58749	0.67817	0.24883	1.0	1.0	low	low
144124	OR10A5	ENSG00000166363	11	6831914	6877867	195	58749	0.6777	0.24898	2.0	2.0	intermediate	intermediate
716	C1S	ENSG00000182326	12	7132819	7188336	96	58749	0.67767	0.24899	1.0	1.0	low	low
1910	EDNRB	ENSG00000136160	13	78459616	78584664	489	58749	0.67709	0.24917	1.0	1.0	low	low
5711	PSMD5	ENSG00000095261	9	123568331	123640299	108	58749	0.67571	0.24961	2.0	2.0	intermediate	intermediate
23583	SMUG1	ENSG00000123415	12	54564142	54617778	105	58749	0.67538	0.24972	1.0	1.0	low	low
9531	BAG3	ENSG00000151929	10	121375859	121447331	232	58749	0.67516	0.24979	10.0	3.0	high_6	high_10
9719	ADAMTSL2	ENSG00000197859	9	136362286	136450641	260	58749	0.67298	0.25048	4.0	3.0	intermediate	intermediate
84273	NOA1	ENSG00000084092	4	57819516	57878826	174	58749	0.67235	0.25068	5.0	4.0	intermediate	intermediate
387103	CENPW	ENSG00000203760	6	126625660	126680548	47	58749	0.67103	0.2511	18.0	10.0	high_6	high_10
3216	HOXB6	ENSG00000108511	17	46663099	46717343	158	58749	0.67077	0.25118	2.0	1.0	intermediate	intermediate
1395	CRHR2	ENSG00000106113	7	30681559	30774719	257	58749	0.67074	0.25119	2.0	1.0	intermediate	intermediate
1374	CPT1A	ENSG00000110090	11	68512088	68646878	289	58749	0.66981	0.25149	1.0	1.0	low	low
154807	VKORC1L1	ENSG00000196715	7	65303257	65434545	247	58749	0.66921	0.25168	1.0	1.0	low	low
55039	TRMT12	ENSG00000183665	8	125428048	125475267	166	58749	0.66918	0.25169	1.0	1.0	low	low
5686	PSMA5	ENSG00000143106	1	109931653	110004108	111	58749	0.66836	0.25195	1.0	1.0	low	low
221806	VWDE	ENSG00000146530	7	12360509	12478852	516	58749	0.66834	0.25196	1.0	1.0	low	low
6478	SIAH2	ENSG00000181788	3	150448910	150516263	126	58749	0.66813	0.25202	2.0	1.0	intermediate	intermediate
9748	SLK	ENSG00000065613	10	105691943	105798991	293	58749	0.66737	0.25227	12.0	5.0	high_6	high_10
79587	CARS2	ENSG00000134905	13	111283757	111393480	410	58749	0.66722	0.25232	1.0	1.0	low	low
345778	MTX3	ENSG00000177034	5	79262539	79322088	119	58749	0.66713	0.25234	3.0	3.0	intermediate	intermediate
9590	AKAP12	ENSG00000131016	6	151526134	151689694	555	58749	0.66654	0.25253	7.0	4.0	high_6	intermediate
1118	CHIT1	ENSG00000133063	1	203175207	203233860	172	58749	0.66622	0.25263	1.0	1.0	low	low
25789	TMEM59L	ENSG00000105696	19	18688682	18741849	161	58749	0.66564	0.25282	2.0	2.0	intermediate	intermediate
285172	FAM126B	ENSG00000155744	2	201828441	201971392	236	58749	0.66485	0.25307	1.0	1.0	low	low
9899	SV2B	ENSG00000185518	15	91607996	91854539	734	58749	0.66469	0.25312	1.0	1.0	low	low
7376	NR1H2	ENSG00000131408	19	50844680	50896285	91	58749	0.66448	0.25319	2.0	2.0	intermediate	intermediate
5431	POLR2B	ENSG00000047315	4	57809944	57907334	309	58749	0.66364	0.25346	1.0	1.0	low	low
56245	C21orf62	ENSG00000205929	21	34152984	34221053	163	58749	0.6629	0.2537	1.0	1.0	low	low
8492	PRSS12	ENSG00000164099	4	119191193	119309053	299	58749	0.66282	0.25372	2.0	1.0	intermediate	intermediate
6354	CCL7	ENSG00000108688	17	32562235	32609261	125	58749	0.6614	0.25418	3.0	1.0	intermediate	intermediate
440051	KRTAP5-11	ENSG00000204571	11	71282901	71328921	158	58749	0.65863	0.25507	1.0	1.0	low	low
54766	BTG4	ENSG00000137707	11	111328255	111418105	162	58749	0.65774	0.25535	3.0	2.0	intermediate	intermediate
5367	PMCH	ENSG00000183395	12	102580237	102626614	92	58749	0.65675	0.25567	5.0	2.0	intermediate	intermediate
127707	KLHDC7A	ENSG00000179023	1	18772424	18822540	205	58749	0.65667	0.2557	1.0	1.0	low	low
3145	HMBS	ENSG00000256269	11	118920587	118974259	111	58749	0.65646	0.25577	3.0	3.0	intermediate	intermediate
346562	GNAT3	ENSG00000214415	7	80077987	80176242	256	58749	0.65644	0.25577	1.0	1.0	low	low
24	ABCA4	ENSG00000198691	1	94448393	94621705	597	58749	0.65639	0.25579	4.0	2.0	intermediate	intermediate
79722	ANKRD55	ENSG00000164512	5	55385507	55564186	515	58749	0.65631	0.25581	39.0	14.0	high_6	high_10
541565	C8orf58	ENSG00000241852	8	22422114	22471663	118	58749	0.65596	0.25592	1.0	1.0	low	low
51150	SDF4	ENSG00000078808	1	1142288	1202447	235	58749	0.65556	0.25606	3.0	3.0	intermediate	intermediate
345	APOC3	ENSG00000110245	11	116665624	116713787	171	58749	0.65517	0.25618	2.0	2.0	intermediate	intermediate
23061	TBC1D9B	ENSG00000197226	5	179279071	179369879	155	58749	0.65499	0.25624	2.0	2.0	intermediate	intermediate
8795	TNFRSF10B	ENSG00000120889	8	22867646	22961700	283	58749	0.65496	0.25625	7.0	4.0	high_6	intermediate
176	ACAN	ENSG00000157766	15	89311674	89428585	346	58749	0.65468	0.25634	18.0	4.0	high_6	high_10
1840	DTX1	ENSG00000135144	12	113459514	113545833	326	58749	0.65456	0.25638	1.0	1.0	low	low
57408	LRTM1	ENSG00000144771	3	54942264	55036115	259	58749	0.65393	0.25658	2.0	2.0	intermediate	intermediate
3217	HOXB7	ENSG00000260027	17	46674594	46723383	145	58749	0.65328	0.25679	1.0	1.0	low	low
219957	OR9Q2	ENSG00000186513	11	57922906	57968990	107	58749	0.65313	0.25684	1.0	1.0	low	low
11149	BVES	ENSG00000112276	6	105534697	105620049	241	58749	0.65313	0.25684	1.0	1.0	low	low
9645	MICAL2	ENSG00000133816	11	12097138	12295335	795	58749	0.65221	0.25713	1.0	1.0	low	low
1441	CSF3R	ENSG00000119535	1	36921644	36983915	182	58749	0.65118	0.25746	11.0	3.0	high_6	high_10
2908	NR3C1	ENSG00000113580	5	142647496	143148322	1166	58749	0.65083	0.25758	8.0	4.0	high_6	intermediate
79792	GSDMD	ENSG00000104518	8	144600383	144655232	198	58749	0.65011	0.25781	1.0	1.0	low	low
4583	MUC2	ENSG00000198788	11	1039875	1114417	295	58749	0.64993	0.25787	3.0	2.0	intermediate	intermediate
22862	FNDC3A	ENSG00000102531	13	49515048	49793915	356	58749	0.6496	0.25798	2.0	2.0	intermediate	intermediate
404672	GTF2H5	ENSG00000272047	6	158554379	158630376	187	58749	0.64927	0.25808	1.0	1.0	low	low
388753	COA6	ENSG00000168275	1	234473932	234529795	147	58749	0.64907	0.25815	2.0	1.0	intermediate	intermediate
6910	TBX5	ENSG00000089225	12	114781735	114881247	315	58749	0.64899	0.25817	32.0	10.0	high_6	high_10
92483	LDHAL6B	ENSG00000171989	15	59464015	59510787	184	58749	0.64893	0.25819	2.0	2.0	intermediate	intermediate
221481	ARMC12	ENSG00000157343	6	35666567	35726690	134	58749	0.64889	0.25821	1.0	1.0	low	low
118426	LOH12CR1	ENSG00000165714	12	12474967	12647587	555	58749	0.64863	0.25829	2.0	2.0	intermediate	intermediate
51626	DYNC2LI1	ENSG00000138036	2	43966178	44065095	335	58749	0.6483	0.25839	8.0	5.0	high_6	intermediate
80128	TRIM46	ENSG00000163462	1	155110702	155167447	92	58749	0.64813	0.25845	4.0	3.0	intermediate	intermediate
392636	AGMO	ENSG00000187546	7	15229943	15636640	1335	58749	0.64735	0.2587	6.0	5.0	high_6	intermediate
869	CBLN1	ENSG00000102924	16	49301828	49350742	120	58749	0.64722	0.25874	3.0	3.0	intermediate	intermediate
4914	NTRK1	ENSG00000198400	1	156750542	156861642	261	58749	0.64714	0.25877	2.0	2.0	intermediate	intermediate
3490	IGFBP7	ENSG00000163453	4	57887237	58011551	540	58749	0.64692	0.25884	2.0	2.0	intermediate	intermediate
55284	UBE2W	ENSG00000104343	8	74682332	74826145	210	58749	0.64659	0.25895	4.0	3.0	intermediate	intermediate
129868	TRIM43	ENSG00000144015	2	96222766	96275471	27	58749	0.64648	0.25899	1.0	1.0	low	low
7059	THBS3	ENSG00000169231	1	155155379	155212772	76	58749	0.64646	0.25899	5.0	4.0	intermediate	intermediate
285025	CCDC141	ENSG00000163492	2	179684484	179949841	789	58749	0.6464	0.25901	9.0	3.0	high_6	intermediate
23305	ACSL6	ENSG00000164398	5	131275666	131382761	179	58749	0.646	0.25914	3.0	3.0	intermediate	intermediate
145814	PGPEP1L	ENSG00000183571	15	99501459	99586024	318	58749	0.64517	0.25941	1.0	1.0	low	low
55584	CHRNA9	ENSG00000174343	4	40302346	40367234	259	58749	0.64517	0.25941	6.0	3.0	high_6	intermediate
221143	N6AMT2	ENSG00000150456	13	21292036	21383095	256	58749	0.64388	0.25983	1.0	1.0	low	low
29125	C11orf21	ENSG00000110665	11	2307507	2358143	237	58749	0.64379	0.25986	4.0	3.0	intermediate	intermediate
114548	NLRP3	ENSG00000162711	1	247544247	247622410	380	58749	0.64367	0.25989	2.0	2.0	intermediate	intermediate
221491	C6orf1	ENSG00000186577	6	34204157	34251904	126	58749	0.6436	0.25992	4.0	3.0	intermediate	intermediate
5317	PKP1	ENSG00000081277	1	201217580	201312121	363	58749	0.64322	0.26004	1.0	1.0	low	low
9681	DEPDC5	ENSG00000100150	22	32114937	32313020	508	58749	0.64293	0.26013	3.0	2.0	intermediate	intermediate
338773	TMEM119	ENSG00000183160	12	108973622	109026894	157	58749	0.64246	0.26029	5.0	3.0	intermediate	intermediate
9722	NOS1AP	ENSG00000198929	1	162004581	162349813	1222	58749	0.64236	0.26032	4.0	3.0	intermediate	intermediate
152485	ZNF827	ENSG00000151612	4	146671874	146894607	460	58749	0.64191	0.26047	17.0	6.0	high_6	high_10
57515	SERINC1	ENSG00000111897	6	122754493	122828051	153	58749	0.6419	0.26047	1.0	1.0	low	low
8411	EEA1	ENSG00000102189	12	93156285	93358107	430	58749	0.64096	0.26077	1.0	1.0	low	low
140876	FAM65C	ENSG00000042062	20	49192645	49343277	440	58749	0.64003	0.26108	2.0	1.0	intermediate	intermediate
388591	RNF207	ENSG00000158286	1	6231189	6291359	130	58749	0.6399	0.26112	3.0	3.0	intermediate	intermediate
7287	TULP1	ENSG00000112041	6	35455651	35515715	203	58749	0.63901	0.26141	5.0	4.0	intermediate	intermediate
4868	NPHS1	ENSG00000161270	19	36306274	36377895	170	58749	0.63654	0.26221	8.0	5.0	high_6	intermediate
25769	SLC24A2	ENSG00000155886	9	19497450	19824059	906	58749	0.63607	0.26237	1.0	1.0	low	low
114327	EFHC1	ENSG00000096093	6	52249994	52370583	391	58749	0.63505	0.2627	2.0	1.0	intermediate	intermediate
9611	NCOR1	ENSG00000141027	17	15923408	16153874	388	58749	0.63486	0.26276	1.0	1.0	low	low
400506	KNOP1	ENSG00000103550	16	19707673	19764726	104	58749	0.63468	0.26282	1.0	1.0	low	low
163050	ZNF564	ENSG00000249709	19	12626184	12726789	200	58749	0.63443	0.2629	4.0	3.0	intermediate	intermediate
101928635	ALDH1A2	ENSG00000128918	15	58495734	58577179	298	58749	0.63424	0.26296	12.0	6.0	high_6	high_10
28316	CDH20	ENSG00000101542	18	58965815	59247123	703	58749	0.63407	0.26302	1.0	1.0	low	low
6668	SP2	ENSG00000167182	17	45938516	46016323	173	58749	0.63403	0.26303	1.0	1.0	low	low
2850	GPR27	ENSG00000170837	3	71768201	71814328	130	58749	0.63372	0.26313	3.0	2.0	intermediate	intermediate
11274	USP18	ENSG00000184979	22	18597758	18670164	178	58749	0.63074	0.26411	1.0	1.0	low	low
91828	EXOC3L4	ENSG00000205436	14	103526044	103586896	152	58749	0.62971	0.26444	3.0	2.0	intermediate	intermediate
134637	ADAT2	ENSG00000189007	6	143733969	143806841	157	58749	0.62891	0.2647	3.0	2.0	intermediate	intermediate
338376	IFNE	ENSG00000184995	9	21470838	21517312	123	58749	0.62836	0.26488	4.0	2.0	intermediate	intermediate
10648	SCGB1D1	ENSG00000168515	11	61922710	61971009	184	58749	0.62709	0.2653	3.0	3.0	intermediate	intermediate
6387	CXCL12	ENSG00000107562	10	44855601	44915545	274	58749	0.62675	0.26541	9.0	3.0	high_6	intermediate
4233	MET	ENSG00000105976	7	116277406	116448440	308	58749	0.62578	0.26573	11.0	6.0	high_6	high_10
51513	ETV7	ENSG00000010030	6	36311998	36390577	266	58749	0.62539	0.26586	4.0	4.0	intermediate	intermediate
10982	MAPRE2	ENSG00000166974	18	32521892	32733434	446	58749	0.62502	0.26598	2.0	2.0	intermediate	intermediate
692094	MSMP	ENSG00000215183	9	35742987	35789274	71	58749	0.62317	0.26659	1.0	1.0	low	low
54814	QPCTL	ENSG00000011478	19	46160741	46217248	149	58749	0.62195	0.26699	4.0	4.0	intermediate	intermediate
6356	CCL11	ENSG00000172156	17	32577687	32625199	125	58749	0.62143	0.26716	3.0	1.0	intermediate	intermediate
81671	VMP1	ENSG00000062716	17	57749553	57929610	256	58749	0.62065	0.26741	4.0	4.0	intermediate	intermediate
11259	FILIP1L	ENSG00000168386	3	99541988	99868349	405	58749	0.62047	0.26747	4.0	3.0	intermediate	intermediate
5155	PDGFB	ENSG00000100311	22	39609685	39675957	218	58749	0.62029	0.26753	11.0	6.0	high_6	high_10
84270	C9orf89	ENSG00000165233	9	95823450	95885565	199	58749	0.61981	0.26769	1.0	1.0	low	low
2249	FGF4	ENSG00000075388	11	69577797	69625171	202	58749	0.61968	0.26773	1.0	1.0	low	low
6599	SMARCC1	ENSG00000173473	3	47617378	47858405	252	58749	0.61865	0.26807	1.0	1.0	low	low
134957	STXBP5	ENSG00000164506	6	147490494	147721612	351	58749	0.61827	0.2682	3.0	2.0	intermediate	intermediate
388585	HES5	ENSG00000197921	1	2450184	2496684	108	58749	0.61774	0.26837	1.0	1.0	low	low
10228	STX6	ENSG00000135823	1	180932164	181027074	207	58749	0.61757	0.26843	2.0	2.0	intermediate	intermediate
814	CAMK4	ENSG00000152495	5	110524947	110840584	827	58749	0.61733	0.26851	2.0	1.0	intermediate	intermediate
201305	SPNS3	ENSG00000182557	17	4302219	4401499	536	58749	0.61706	0.2686	1.0	1.0	low	low
649	BMP1	ENSG00000168487	8	21987653	22079839	261	58749	0.6166	0.26875	8.0	2.0	high_6	intermediate
5734	PTGER4	ENSG00000171522	5	40645032	40706962	166	58749	0.61508	0.26925	38.0	12.0	high_6	high_10
970	CD70	ENSG00000125726	19	6572969	6626163	232	58749	0.61488	0.26932	3.0	1.0	intermediate	intermediate
126	ADH1C	ENSG00000248144	4	100247649	100308917	377	58749	0.6147	0.26938	7.0	4.0	high_6	intermediate
29943	PADI1	ENSG00000142623	1	17496621	17582501	376	58749	0.61447	0.26945	1.0	1.0	low	low
1412	CRYBA2	ENSG00000163499	2	219844912	219893127	44	58749	0.61419	0.26955	2.0	2.0	intermediate	intermediate
10965	ACOT2	ENSG00000119673	14	73999324	74052362	112	58749	0.61396	0.26962	1.0	1.0	low	low
161291	TMEM30B	ENSG00000182107	14	61734088	61783530	87	58749	0.61392	0.26963	1.0	1.0	low	low
51241	COX16	ENSG00000133983	14	70781798	70861448	275	58749	0.6139	0.26964	2.0	2.0	intermediate	intermediate
2073	ERCC5	ENSG00000134899	13	103463191	103538351	192	58749	0.61383	0.26966	1.0	1.0	low	low
6775	STAT4	ENSG00000138378	2	191884302	192072404	382	58749	0.61353	0.26976	33.0	11.0	high_6	high_10
4800	NFYA	ENSG00000001167	6	41005707	41080146	158	58749	0.61289	0.26998	1.0	1.0	low	low
10413	YAP1	ENSG00000137693	11	101946151	102114154	368	58749	0.61277	0.27001	3.0	3.0	intermediate	intermediate
11136	SLC7A9	ENSG00000021488	19	33311417	33395683	320	58749	0.6123	0.27017	1.0	1.0	low	low
26259	FBXW8	ENSG00000174989	12	117313756	117478953	349	58749	0.612	0.27027	2.0	2.0	intermediate	intermediate
9891	NUAK1	ENSG00000074590	12	106447125	106568811	306	58749	0.61121	0.27053	4.0	2.0	intermediate	intermediate
83643	CCDC3	ENSG00000151468	10	12928625	13176762	1028	58749	0.61014	0.27089	1.0	1.0	low	low
267002	PGBD2	ENSG00000185220	1	249165395	249225453	99	58749	0.60929	0.27117	2.0	2.0	intermediate	intermediate
23412	COMMD3	ENSG00000148444	10	22570312	22619246	30	58749	0.60915	0.27121	2.0	2.0	intermediate	intermediate
387712	ENO4	ENSG00000188316	10	118573741	118652112	91	58749	0.60903	0.27125	3.0	2.0	intermediate	intermediate
9356	SLC22A6	ENSG00000197901	11	62734069	62787495	94	58749	0.60889	0.2713	1.0	1.0	low	low
1638	DCT	ENSG00000080166	13	95081835	95166936	309	58749	0.6082	0.27153	2.0	2.0	intermediate	intermediate
10913	EDAR	ENSG00000135960	2	109500927	109640828	362	58749	0.60651	0.27209	3.0	2.0	intermediate	intermediate
30061	SLC40A1	ENSG00000138449	2	190415316	190483478	141	58749	0.60642	0.27212	1.0	1.0	low	low
8208	CHAF1B	ENSG00000159259	21	37722689	37799125	214	58749	0.60499	0.27259	1.0	1.0	low	low
8631	SKAP1	ENSG00000141293	17	46200802	46542596	782	58749	0.60442	0.27278	7.0	4.0	high_6	intermediate
93649	MYOCD	ENSG00000141052	17	12534207	12682266	417	58749	0.60397	0.27293	11.0	7.0	high_6	high_10
3702	ITK	ENSG00000113263	5	156572907	156692109	428	58749	0.60343	0.27311	3.0	3.0	intermediate	intermediate
8837	CFLAR	ENSG00000003402	2	201945877	202047411	214	58749	0.60342	0.27311	1.0	1.0	low	low
6223	RPS19	ENSG00000105372	19	42328988	42385484	85	58749	0.60334	0.27314	4.0	3.0	intermediate	intermediate
116519	APOA5	ENSG00000110243	11	116650086	116698136	149	58749	0.60305	0.27324	24.0	5.0	high_6	high_10
85449	KIAA1755	ENSG00000149633	20	36828907	36924174	264	58749	0.60258	0.27339	3.0	2.0	intermediate	intermediate
400224	PLEKHD1	ENSG00000175985	14	69916471	70005215	205	58749	0.6023	0.27349	1.0	1.0	low	low
9153	SLC28A2	ENSG00000137860	15	45509428	45578132	238	58749	0.60172	0.27368	1.0	1.0	low	low
26502	NARF	ENSG00000141562	17	80380611	80456143	223	58749	0.60145	0.27377	1.0	1.0	low	low
10071	MUC12	ENSG00000205277	7	100577904	100672230	126	58749	0.60083	0.27398	4.0	4.0	intermediate	intermediate
312	ANXA13	ENSG00000104537	8	124683034	124784647	284	58749	0.60016	0.2742	6.0	4.0	high_6	intermediate
54331	GNG2	ENSG00000186469	14	52292022	52446518	612	58749	0.60008	0.27423	1.0	1.0	low	low
23607	CD2AP	ENSG00000198087	6	47410482	47604999	459	58749	0.5975	0.27509	3.0	1.0	intermediate	intermediate
6730	SRP68	ENSG00000167881	17	74024856	74103607	140	58749	0.59744	0.27511	1.0	1.0	low	low
650	BMP2	ENSG00000125845	20	6713745	6770910	178	58749	0.59744	0.27511	29.0	9.0	high_6	high_10
440093	H3F3C	ENSG00000188375	12	31934119	31980175	220	58749	0.59725	0.27517	1.0	1.0	low	low
2568	GABRP	ENSG00000094755	5	170175723	170251051	262	58749	0.59673	0.27534	1.0	1.0	low	low
9255	AIMP1	ENSG00000164022	4	107201767	107280382	168	58749	0.59658	0.27539	2.0	2.0	intermediate	intermediate
9054	NFS1	ENSG00000244005	20	34246610	34322287	195	58749	0.59642	0.27545	1.0	1.0	low	low
81619	TSPAN14	ENSG00000108219	10	82179038	82292394	315	58749	0.59611	0.27555	8.0	3.0	high_6	intermediate
84319	CMSS1	ENSG00000184220	3	99501678	99907476	500	58749	0.59601	0.27558	5.0	4.0	intermediate	intermediate
1060	CENPC	ENSG00000145241	4	68327989	68446256	377	58749	0.59525	0.27584	7.0	5.0	high_6	intermediate
6785	ELOVL4	ENSG00000118402	6	80614529	80692315	250	58749	0.59515	0.27587	1.0	1.0	low	low
10873	ME3	ENSG00000151376	11	86142150	86418678	1058	58749	0.59457	0.27607	5.0	3.0	intermediate	intermediate
64761	PARP12	ENSG00000059378	7	139713544	139799086	253	58749	0.59432	0.27615	3.0	2.0	intermediate	intermediate
3857	KRT9	ENSG00000171403	17	39712093	39763310	125	58749	0.59429	0.27616	1.0	1.0	low	low
64848	YTHDC2	ENSG00000047188	5	112814391	112940984	491	58749	0.59407	0.27623	1.0	1.0	low	low
2849	GPR26	ENSG00000154478	10	125390871	125466915	272	58749	0.59368	0.27636	7.0	6.0	high_6	intermediate
57719	ANO8	ENSG00000074855	19	17424032	17480638	177	58749	0.59243	0.27678	1.0	1.0	low	low
23555	TSPAN15	ENSG00000099282	10	71141821	71281569	499	58749	0.59163	0.27705	14.0	5.0	high_6	high_10
79689	STEAP4	ENSG00000127954	7	87895744	87971228	128	58749	0.58924	0.27785	1.0	1.0	low	low
57805	CCAR2	ENSG00000158941	8	22427145	22487984	179	58749	0.58893	0.27795	4.0	4.0	intermediate	intermediate
9218	VAPA	ENSG00000101558	18	9878955	9970018	262	58749	0.58799	0.27827	1.0	1.0	low	low
285513	GPRIN3	ENSG00000185477	4	90152427	90264161	300	58749	0.58753	0.27842	3.0	3.0	intermediate	intermediate
219333	USP12	ENSG00000152484	13	27630287	27781033	425	58749	0.58714	0.27855	1.0	1.0	low	low
55909	BIN3	ENSG00000147439	8	22467931	22561661	227	58749	0.5869	0.27864	1.0	1.0	low	low
154810	AMOTL1	ENSG00000166025	11	94404602	94619918	464	58749	0.58668	0.27871	3.0	3.0	intermediate	intermediate
25802	LMOD1	ENSG00000163431	1	201855584	201950716	238	58749	0.58634	0.27882	6.0	4.0	high_6	intermediate
84294	UTP23	ENSG00000147679	8	117743742	117802449	124	58749	0.58587	0.27898	16.0	1.0	high_6	high_10
83856	FSD1L	ENSG00000106701	9	108175077	108324714	317	58749	0.58572	0.27903	2.0	1.0	intermediate	intermediate
54886		ENSG00000148123	9	103756031	104097417	1042	58749	0.5857	0.27904	3.0	2.0	intermediate	intermediate
2696	GIPR	ENSG00000010310	19	46136490	46195717	195	58749	0.58545	0.27912	15.0	9.0	high_6	high_10
5351	PLOD1	ENSG00000083444	1	11959724	12045599	271	58749	0.58535	0.27916	1.0	1.0	low	low
138046	RALYL	ENSG00000184672	8	85060453	85844079	1715	58749	0.58533	0.27916	1.0	1.0	low	low
26959	HBP1	ENSG00000105856	7	106774406	106852974	153	58749	0.58502	0.27927	5.0	3.0	intermediate	intermediate
9476	NAPSA	ENSG00000131400	19	50851734	50903931	108	58749	0.58409	0.27958	1.0	1.0	low	low
6490	PMEL	ENSG00000185664	12	56337889	56395523	82	58749	0.58365	0.27973	1.0	1.0	low	low
5311	PKD2	ENSG00000118762	4	88893799	89008931	305	58749	0.58363	0.27973	2.0	2.0	intermediate	intermediate
147687	ZNF417	ENSG00000173480	19	58407142	58462978	105	58749	0.58304	0.27993	1.0	1.0	low	low
23185	LARP4B	ENSG00000107929	10	842854	1012645	400	58749	0.58245	0.28013	2.0	2.0	intermediate	intermediate
26136	TES	ENSG00000135269	7	115815547	115908840	315	58749	0.58215	0.28023	2.0	1.0	intermediate	intermediate
160777	CCDC60	ENSG00000183273	12	119737517	119988852	623	58749	0.58209	0.28025	1.0	1.0	low	low
9450	LY86	ENSG00000112799	6	6553934	6665216	474	58749	0.58167	0.2804	8.0	4.0	high_6	intermediate
3298	HSF2	ENSG00000025156	6	122685696	122764264	218	58749	0.5816	0.28042	9.0	4.0	high_6	intermediate
38	ACAT1	ENSG00000075239	11	107957258	108028895	138	58749	0.5816	0.28042	1.0	1.0	low	low
9907	AP5Z1	ENSG00000242802	7	4780262	4844026	269	58749	0.58134	0.28051	1.0	1.0	low	low
51807	TUBA8	ENSG00000183785	22	18558453	18624498	186	58749	0.58052	0.28078	5.0	2.0	intermediate	intermediate
10221	TRIB1	ENSG00000173334	8	126407563	126460647	123	58749	0.58028	0.28086	39.0	10.0	high_6	high_10
7293	TNFRSF4	ENSG00000186827	1	1136706	1184703	199	58749	0.57739	0.28184	1.0	1.0	low	low
222194	RSBN1L	ENSG00000187257	7	77290743	77419120	343	58749	0.57732	0.28186	2.0	2.0	intermediate	intermediate
23093	TTLL5	ENSG00000119685	14	76092551	76431425	607	58749	0.57699	0.28197	2.0	2.0	intermediate	intermediate
79746	ECHDC3	ENSG00000134463	10	11749356	11816065	203	58749	0.57637	0.28218	3.0	2.0	intermediate	intermediate
10420	TESK2	ENSG00000070759	1	45799555	45991840	292	58749	0.57609	0.28228	2.0	2.0	intermediate	intermediate
217	ALDH2	ENSG00000111275	12	112169691	112257789	79	58749	0.57488	0.28269	23.0	11.0	high_6	high_10
3595	IL12RB2	ENSG00000081985	1	67738047	67872583	371	58749	0.57407	0.28296	14.0	7.0	high_6	high_10
727897	MUC5B	ENSG00000117983	11	1209295	1293406	343	58749	0.57187	0.28371	13.0	4.0	high_6	high_10
25932	CLIC4	ENSG00000169504	1	25036760	25180815	184	58749	0.57181	0.28372	2.0	2.0	intermediate	intermediate
127253	TYW3	ENSG00000162623	1	75163836	75242361	246	58749	0.57175	0.28374	1.0	1.0	low	low
6935	ZEB1	ENSG00000148516	10	31572825	31828742	282	58749	0.57025	0.28426	1.0	1.0	low	low
198437	C20orf201	ENSG00000171695	20	62704729	62750712	99	58749	0.56973	0.28443	2.0	2.0	intermediate	intermediate
83889	WDR87	ENSG00000171804	19	38365213	38432317	140	58749	0.5693	0.28458	3.0	2.0	intermediate	intermediate
89890	KBTBD6	ENSG00000165572	13	41691709	41741936	51	58749	0.56878	0.28475	1.0	1.0	low	low
389058	SP5	ENSG00000204335	2	171536857	171584498	154	58749	0.56754	0.28518	2.0	2.0	intermediate	intermediate
4070	TACSTD2	ENSG00000184292	1	59031095	59078166	230	58749	0.56754	0.28517	1.0	1.0	low	low
84128	WDR75	ENSG00000115368	2	190271159	190350287	279	58749	0.56734	0.28524	3.0	3.0	intermediate	intermediate
104	ADARB1	ENSG00000197381	21	46459493	46656478	560	58749	0.56507	0.28601	6.0	3.0	high_6	intermediate
56672	AKIP1	ENSG00000166452	11	8897701	8951626	157	58749	0.56459	0.28618	1.0	1.0	low	low
55653	BCAS4	ENSG00000124243	20	49376467	49503714	446	58749	0.56448	0.28621	5.0	1.0	intermediate	intermediate
1832	DSP	ENSG00000096696	6	7506808	7596946	310	58749	0.56419	0.28631	6.0	2.0	high_6	intermediate
5996	RGS1	ENSG00000090104	1	192509857	192559159	147	58749	0.56395	0.28639	6.0	6.0	high_6	intermediate
2246	FGF1	ENSG00000113578	5	141961743	142112635	474	58749	0.5639	0.28641	3.0	3.0	intermediate	intermediate
53632	PRKAG3	ENSG00000115592	2	219677083	219731526	63	58749	0.5636	0.28651	2.0	2.0	intermediate	intermediate
7161	TP73	ENSG00000078900	1	3534129	3662765	413	58749	0.56327	0.28663	1.0	1.0	low	low
6344	SCTR	ENSG00000080293	2	120187419	120317028	369	58749	0.56133	0.28728	1.0	1.0	low	low
3549	IHH	ENSG00000163501	2	219909142	219960238	113	58749	0.56124	0.28732	4.0	3.0	intermediate	intermediate
3280	HES1	ENSG00000114315	3	193818931	193866401	154	58749	0.56121	0.28733	6.0	2.0	high_6	intermediate
2306	FOXD2	ENSG00000186564	1	47866689	47916363	105	58749	0.56053	0.28756	3.0	2.0	intermediate	intermediate
55701	ARHGEF40	ENSG00000165801	14	21503419	21568407	160	58749	0.55975	0.28783	1.0	1.0	low	low
65125	WNK1	ENSG00000060237	12	826759	1030618	471	58749	0.55937	0.28795	6.0	2.0	high_6	intermediate
54848	ARHGEF38	ENSG00000236699	4	106438704	106612070	497	58749	0.55928	0.28798	2.0	2.0	intermediate	intermediate
2959	GTF2B	ENSG00000137947	1	89308321	89392301	266	58749	0.55826	0.28833	2.0	2.0	intermediate	intermediate
160622	GRASP	ENSG00000161835	12	52365729	52419673	97	58749	0.55812	0.28838	1.0	1.0	low	low
55230	USP40	ENSG00000085982	2	234374165	234510433	255	58749	0.55812	0.28838	2.0	2.0	intermediate	intermediate
221416	C6orf223	ENSG00000181577	6	43933337	43983695	242	58749	0.55711	0.28873	15.0	6.0	high_6	high_10
4853	NOTCH2	ENSG00000134250	1	120444176	120674880	143	58749	0.55707	0.28874	7.0	4.0	high_6	intermediate
5318	PKP2	ENSG00000057294	12	32933680	33084780	527	58749	0.55698	0.28877	3.0	2.0	intermediate	intermediate
100131827	ZNF717	ENSG00000227124	3	75775868	75869709	196	58749	0.55676	0.28885	2.0	2.0	intermediate	intermediate
55785	FGD6	ENSG00000180263	12	95460525	95646240	537	58749	0.55612	0.28906	7.0	3.0	high_6	intermediate
118442	GPR62	ENSG00000180929	3	51954330	52001520	55	58749	0.55546	0.28929	3.0	3.0	intermediate	intermediate
114134	SLC2A13	ENSG00000151229	12	40138823	40534847	954	58749	0.55493	0.28947	5.0	4.0	intermediate	intermediate
23218	NBEAL2	ENSG00000160796	3	46986173	47061194	96	58749	0.5548	0.28952	2.0	1.0	intermediate	intermediate
79680	C22orf29	ENSG00000215012	22	19823661	19877371	175	58749	0.55454	0.28961	2.0	1.0	intermediate	intermediate
8738	CRADD	ENSG00000169372	12	94036121	94299530	634	58749	0.5545	0.28962	9.0	3.0	high_6	intermediate
8125	ANP32A	ENSG00000140350	15	69060874	69148261	150	58749	0.55164	0.2906	1.0	1.0	low	low
10106	CTDSP2	ENSG00000175215	12	58203710	58275747	87	58749	0.55114	0.29077	3.0	2.0	intermediate	intermediate
141	ADPRH	ENSG00000144843	3	119263280	119318792	191	58749	0.55044	0.29101	1.0	1.0	low	low
5293	PIK3CD	ENSG00000171608	1	9676789	9799172	223	58749	0.54843	0.2917	1.0	1.0	low	low
10014	HDAC5	ENSG00000108840	17	42144121	42236014	144	58749	0.54825	0.29176	4.0	3.0	intermediate	intermediate
5092	PCBD1	ENSG00000166228	10	72632037	72683541	187	58749	0.54744	0.29204	1.0	1.0	low	low
374900	ZNF568	ENSG00000198453	19	37372231	37498834	431	58749	0.5465	0.29236	1.0	1.0	low	low
84541	KBTBD8	ENSG00000163376	3	67013727	67071634	92	58749	0.54646	0.29238	3.0	2.0	intermediate	intermediate
7525	YES1	ENSG00000176105	18	711592	847327	459	58749	0.54603	0.29252	1.0	1.0	low	low
4976	OPA1	ENSG00000198836	3	193275933	193425600	397	58749	0.54602	0.29252	4.0	4.0	intermediate	intermediate
64318	NOC3L	ENSG00000173145	10	96082989	96157715	191	58749	0.54556	0.29268	8.0	5.0	high_6	intermediate
22898	DENND3	ENSG00000105339	8	142103720	142215903	301	58749	0.54536	0.29275	1.0	1.0	low	low
10534	SSSCA1	ENSG00000173465	11	65301651	65350075	58	58749	0.54474	0.29297	3.0	2.0	intermediate	intermediate
286053	NSMCE2	ENSG00000156831	8	126069083	126389367	764	58749	0.54462	0.29301	1.0	1.0	low	low
284184	C17orf89	ENSG00000224877	17	79178039	79225098	150	58749	0.54401	0.29322	1.0	1.0	low	low
55966	AJAP1	ENSG00000196581	1	4680105	4853851	811	58749	0.54371	0.29332	6.0	5.0	high_6	intermediate
387082	SUMO4	ENSG00000177688	6	149686284	149732182	126	58749	0.54355	0.29338	2.0	2.0	intermediate	intermediate
132	ADK	ENSG00000156110	10	75875943	76479061	943	58749	0.54353	0.29338	5.0	3.0	intermediate	intermediate
134187	POU5F2	ENSG00000248483	5	93066015	93112309	60	58749	0.54282	0.29363	2.0	1.0	intermediate	intermediate
4067	LYN	ENSG00000254087	8	56757386	56935006	531	58749	0.54257	0.29371	1.0	1.0	low	low
348094	ANKDD1A	ENSG00000166839	15	65169095	65261042	243	58749	0.54234	0.29379	1.0	1.0	low	low
401067	IQCF3	ENSG00000229972	3	51825899	51874874	67	58749	0.54216	0.29386	1.0	1.0	low	low
10678	B3GNT2	ENSG00000170340	2	62388262	62461866	126	58749	0.54156	0.29406	15.0	7.0	high_6	high_10
7957	EPM2A	ENSG00000112425	6	145936440	146092128	347	58749	0.54136	0.29413	1.0	1.0	low	low
57829	ZP4	ENSG00000116996	1	238031164	238089222	200	58749	0.54135	0.29413	1.0	1.0	low	low
10494	STK25	ENSG00000115694	2	242424122	242484145	180	58749	0.54031	0.29449	1.0	1.0	low	low
51312	SLC25A37	ENSG00000147454	8	23351363	23442976	452	58749	0.54025	0.29451	7.0	5.0	high_6	intermediate
353144	LCE3C	ENSG00000244057	1	152538138	152583562	31	58749	0.54012	0.29456	1.0	1.0	low	low
55827	DCAF6	ENSG00000143164	1	167870797	168055081	246	58749	0.53994	0.29462	2.0	2.0	intermediate	intermediate
284612	SYPL2	ENSG00000143028	1	109974100	110034764	114	58749	0.53989	0.29464	3.0	2.0	intermediate	intermediate
619208	FAM229B	ENSG00000203778	6	112373674	112433993	126	58749	0.53972	0.2947	2.0	1.0	intermediate	intermediate
29766	TMOD3	ENSG00000138594	15	52086825	52214335	295	58749	0.53936	0.29482	2.0	2.0	intermediate	intermediate
150084	IGSF5	ENSG00000183067	21	41082334	41184023	489	58749	0.53885	0.295	1.0	1.0	low	low
6400	SEL1L	ENSG00000071537	14	81927891	82035205	163	58749	0.53865	0.29507	1.0	1.0	low	low
117289	TAGAP	ENSG00000164691	6	159445500	159501184	165	58749	0.53859	0.29508	17.0	7.0	high_6	high_10
55711	FAR2	ENSG00000064763	12	29266936	29498549	754	58749	0.53829	0.29519	7.0	4.0	high_6	intermediate
161829	EXD1	ENSG00000178997	15	41464926	41557955	299	58749	0.53781	0.29536	5.0	3.0	intermediate	intermediate
7475	WNT6	ENSG00000115596	2	219689546	219748954	66	58749	0.53752	0.29545	5.0	4.0	intermediate	intermediate
54586	EQTN	ENSG00000120160	9	27274652	27332137	178	58749	0.53652	0.2958	2.0	2.0	intermediate	intermediate
84103	C4orf17	ENSG00000138813	4	100397161	100473460	283	58749	0.53578	0.29606	1.0	1.0	low	low
3670	ISL1	ENSG00000016082	5	50643958	50700564	101	58749	0.53567	0.29609	9.0	7.0	high_6	intermediate
64375	IKZF4	ENSG00000123411	12	56366268	56442219	106	58749	0.53525	0.29624	2.0	2.0	intermediate	intermediate
64225	ATL2	ENSG00000119787	2	38512027	38639432	299	58749	0.53518	0.29626	1.0	1.0	low	low
79846	C7orf63	ENSG00000105792	7	89839488	89950377	275	58749	0.53492	0.29635	1.0	1.0	low	low
3918	LAMC2	ENSG00000058085	1	183112952	183224262	346	58749	0.53467	0.29644	1.0	1.0	low	low
55751	TMEM184C	ENSG00000164168	4	148503539	148566674	149	58749	0.5333	0.29691	4.0	2.0	intermediate	intermediate
90362	FAM110B	ENSG00000169122	8	58872068	59072277	443	58749	0.53302	0.29701	1.0	1.0	low	low
6503	SLA	ENSG00000155926	8	134038973	134150604	398	58749	0.53246	0.2972	3.0	2.0	intermediate	intermediate
388394	RPRML	ENSG00000179673	17	45045522	45091614	187	58749	0.5317	0.29747	12.0	4.0	high_6	high_10
29761	USP25	ENSG00000155313	21	17067327	17262377	343	58749	0.53147	0.29755	12.0	7.0	high_6	high_10
3853	KRT6A	ENSG00000205420	12	52870958	52922181	249	58749	0.53131	0.2976	2.0	2.0	intermediate	intermediate
1871	E2F3	ENSG00000112242	6	20367137	20503945	288	58749	0.53121	0.29764	4.0	2.0	intermediate	intermediate
9247	GCM2	ENSG00000124827	6	10863456	10917098	147	58749	0.53119	0.29764	4.0	2.0	intermediate	intermediate
51200	CPA4	ENSG00000128510	7	129897974	129974020	218	58749	0.53119	0.29764	2.0	2.0	intermediate	intermediate
79971	WLS	ENSG00000116729	1	68554142	68733284	679	58749	0.531	0.29771	4.0	3.0	intermediate	intermediate
8764	TNFRSF14	ENSG00000157873	1	2452291	2505268	128	58749	0.53037	0.29793	6.0	4.0	high_6	intermediate
57104	PNPLA2	ENSG00000177666	11	783901	835573	132	58749	0.53029	0.29796	1.0	1.0	low	low
3832	KIF11	ENSG00000138160	10	94317825	94425152	376	58749	0.52934	0.29828	5.0	3.0	intermediate	intermediate
57144	PAK7	ENSG00000101349	20	9508037	9854687	1103	58749	0.5293	0.2983	1.0	1.0	low	low
23149	FCHO1	ENSG00000130475	19	17823527	17909377	312	58749	0.52927	0.29831	3.0	2.0	intermediate	intermediate
5350	PLN	ENSG00000198523	6	118834442	118891587	141	58749	0.52895	0.29842	7.0	2.0	high_6	intermediate
57458	TMCC3	ENSG00000057704	12	94950900	95079324	440	58749	0.5283	0.29865	1.0	1.0	low	low
7003	TEAD1	ENSG00000187079	11	12660969	12976284	556	58749	0.52819	0.29868	8.0	3.0	high_6	intermediate
6146	RPL22	ENSG00000116251	1	6235080	6294679	128	58749	0.52765	0.29887	1.0	1.0	low	low
196740	VSTM4	ENSG00000165633	10	50212333	50358559	518	58749	0.52761	0.29889	6.0	3.0	high_6	intermediate
9778	KIAA0232	ENSG00000170871	4	6749459	6895899	322	58749	0.52734	0.29898	1.0	1.0	low	low
4588	MUC6	ENSG00000184956	11	1002824	1071706	187	58749	0.52684	0.29915	3.0	3.0	intermediate	intermediate
23787	MTCH1	ENSG00000137409	6	36925911	36989327	239	58749	0.52682	0.29916	1.0	1.0	low	low
3235	HOXD9	ENSG00000128709	2	176952413	176999645	99	58749	0.52633	0.29933	2.0	2.0	intermediate	intermediate
121274	ZNF641	ENSG00000167528	12	48719065	48780029	166	58749	0.52561	0.29958	4.0	3.0	intermediate	intermediate
6926	TBX3	ENSG00000135111	12	115098059	115156969	171	58749	0.52526	0.2997	27.0	8.0	high_6	high_10
317662	FAM149B1	ENSG00000138286	10	74892877	75012435	258	58749	0.52446	0.29998	1.0	1.0	low	low
22856	CHSY1	ENSG00000131873	15	101705928	101827137	419	58749	0.52412	0.3001	5.0	3.0	intermediate	intermediate
26301	GBGT1	ENSG00000148288	9	136018335	136074320	178	58749	0.52331	0.30038	3.0	3.0	intermediate	intermediate
4117	MAK	ENSG00000111837	6	10752956	10873788	255	58749	0.52297	0.3005	3.0	2.0	intermediate	intermediate
121227	LRIG3	ENSG00000139263	12	59255937	59349319	261	58749	0.52289	0.30053	3.0	2.0	intermediate	intermediate
7042	TGFB2	ENSG00000092969	1	218483676	218627961	286	58749	0.52273	0.30058	31.0	8.0	high_6	high_10
9878	TOX4	ENSG00000092203	14	21910335	21977319	165	58749	0.52265	0.30061	1.0	1.0	low	low
25961	NUDT13	ENSG00000166321	10	74835133	74901583	142	58749	0.52259	0.30063	1.0	1.0	low	low
56521	DNAJC12	ENSG00000108176	10	69546427	69632937	204	58749	0.52207	0.30081	1.0	1.0	low	low
56940	DUSP22	ENSG00000112679	6	257101	361355	127	58749	0.52142	0.30104	8.0	5.0	high_6	intermediate
122618	PLD4	ENSG00000166428	14	105356153	105409573	160	58749	0.52119	0.30112	3.0	3.0	intermediate	intermediate
9689	BZW1	ENSG00000082153	2	201641262	201698569	85	58749	0.52012	0.30149	1.0	1.0	low	low
25758	KIAA1549L	ENSG00000110427	11	33528877	33705648	411	58749	0.5201	0.3015	4.0	3.0	intermediate	intermediate
266812	NAP1L5	ENSG00000177432	4	89607066	89654023	108	58749	0.51978	0.30161	8.0	6.0	high_6	intermediate
100506627	DCDC1	ENSG00000170959	11	30875150	31049233	200	58749	0.51948	0.30171	5.0	4.0	intermediate	intermediate
84976	DISP1	ENSG00000154309	1	222953342	223189337	641	58749	0.51806	0.30221	1.0	1.0	low	low
29942	PURG	ENSG00000172733	8	30843320	30926231	140	58749	0.51783	0.30229	4.0	4.0	intermediate	intermediate
3851	KRT4	ENSG00000170477	12	53190327	53242900	164	58749	0.51766	0.30235	1.0	1.0	low	low
84542	KIAA1841	ENSG00000162929	2	61258005	61375169	191	58749	0.51738	0.30245	1.0	1.0	low	low
57182	ANKRD50	ENSG00000151458	4	125575203	125668887	216	58749	0.51658	0.30272	5.0	4.0	intermediate	intermediate
55742	PARVA	ENSG00000197702	11	12362988	12566903	636	58749	0.5158	0.303	3.0	3.0	intermediate	intermediate
4969	OGN	ENSG00000106809	9	95136249	95201976	167	58749	0.51478	0.30335	1.0	1.0	low	low
202865	C7orf33	ENSG00000170279	7	148252657	148322952	201	58749	0.51464	0.3034	1.0	1.0	low	low
6821	SUOX	ENSG00000139531	12	56356043	56409309	86	58749	0.51441	0.30348	23.0	11.0	high_6	high_10
51208	CLDN18	ENSG00000066405	3	137682658	137762494	167	58749	0.51439	0.30349	4.0	3.0	intermediate	intermediate
284613	CYB561D1	ENSG00000174151	1	110001658	110053063	111	58749	0.51421	0.30355	1.0	1.0	low	low
11248	NXPH3	ENSG00000182575	17	47618298	47671172	91	58749	0.51391	0.30366	1.0	1.0	low	low
7364	UGT2B7	ENSG00000171234	4	69920190	69988705	354	58749	0.51365	0.30375	1.0	1.0	low	low
10136	CELA3A	ENSG00000142789	1	22293149	22349035	212	58749	0.51364	0.30375	3.0	2.0	intermediate	intermediate
440387	CTRB2	ENSG00000168928	16	75227994	75276072	274	58749	0.51361	0.30376	10.0	6.0	high_6	high_10
8504	PEX3	ENSG00000034693	6	143736918	143821753	176	58749	0.51338	0.30384	5.0	3.0	intermediate	intermediate
2034	EPAS1	ENSG00000116016	2	46489541	46623842	426	58749	0.51323	0.30389	10.0	7.0	high_6	high_10
10438	C1D	ENSG00000197223	2	68259332	68325159	90	58749	0.51307	0.30395	4.0	2.0	intermediate	intermediate
51720	UIMC1	ENSG00000087206	5	176322006	176468795	459	58749	0.51274	0.30407	2.0	2.0	intermediate	intermediate
55554	KLK15	ENSG00000174562	19	51318545	51369779	260	58749	0.51159	0.30447	5.0	3.0	intermediate	intermediate
51531	C9orf156	ENSG00000136932	9	100652380	100719852	156	58749	0.51154	0.30449	1.0	1.0	low	low
4999	ORC2	ENSG00000115942	2	201764894	201863424	116	58749	0.51094	0.3047	1.0	1.0	low	low
254956	MORN5	ENSG00000185681	9	124887190	124972368	264	58749	0.51068	0.30479	1.0	1.0	low	low
9173	IL1RL1	ENSG00000115602	2	102892962	102978497	283	58749	0.50998	0.30503	24.0	8.0	high_6	high_10
3385	ICAM3	ENSG00000076662	19	10434452	10485345	153	58749	0.50991	0.30506	1.0	1.0	low	low
51019	CCDC53	ENSG00000120860	12	102396717	102490902	192	58749	0.50989	0.30506	2.0	2.0	intermediate	intermediate
54757	FAM20A	ENSG00000108950	17	66521257	66632095	237	58749	0.50925	0.30529	2.0	2.0	intermediate	intermediate
388697	HRNR	ENSG00000197915	1	152174552	152231672	160	58749	0.50901	0.30537	17.0	7.0	high_6	high_10
5000	ORC4	ENSG00000115947	2	148677966	148814173	197	58749	0.50885	0.30543	2.0	2.0	intermediate	intermediate
1581	CYP7A1	ENSG00000167910	8	59392737	59447720	126	58749	0.50838	0.30559	7.0	3.0	high_6	intermediate
29990	PILRB	ENSG00000121716	7	99920626	99975454	65	58749	0.50785	0.30578	1.0	1.0	low	low
2313	FLI1	ENSG00000151702	11	128521430	128693162	534	58749	0.50685	0.30613	1.0	1.0	low	low
55113	XKR8	ENSG00000158156	1	28251504	28304604	146	58749	0.50662	0.30621	1.0	1.0	low	low
56256	SERTAD4	ENSG00000082497	1	210371195	210430252	109	58749	0.50609	0.3064	1.0	1.0	low	low
8678	BECN1	ENSG00000126581	17	40952150	41011310	22	58749	0.50601	0.30642	1.0	1.0	low	low
5164	PDK2	ENSG00000005882	17	48137101	48198733	167	58749	0.50568	0.30654	1.0	1.0	low	low
10794	ZNF460	ENSG00000197714	19	57755776	57815436	227	58749	0.50539	0.30664	1.0	1.0	low	low
55275	VPS53	ENSG00000141252	17	401908	653096	757	58749	0.50473	0.30687	5.0	4.0	intermediate	intermediate
84206	MEX3B	ENSG00000183496	15	82324119	82373484	127	58749	0.50346	0.30732	1.0	1.0	low	low
8826	IQGAP1	ENSG00000140575	15	90896473	91055475	432	58749	0.5034	0.30734	5.0	3.0	intermediate	intermediate
11190	CEP250	ENSG00000126001	20	34007988	34115360	218	58749	0.50323	0.3074	1.0	1.0	low	low
10060	ABCC9	ENSG00000069431	12	21940323	22129797	376	58749	0.50281	0.30755	1.0	1.0	low	low
257415	FAM133B	ENSG00000234545	7	92180072	92254706	142	58749	0.50107	0.30816	2.0	2.0	intermediate	intermediate
6676	SPAG4	ENSG00000061656	20	34168776	34218967	100	58749	0.5008	0.30826	1.0	1.0	low	low
79865	TREML2	ENSG00000112195	6	41147552	41203925	248	58749	0.50029	0.30844	3.0	3.0	intermediate	intermediate
84830	ADTRP	ENSG00000111863	6	11701505	11814861	360	58749	0.50012	0.3085	1.0	1.0	low	low
203074	PRSS55	ENSG00000184647	8	10348030	10421676	350	58749	0.50007	0.30851	6.0	5.0	high_6	intermediate
219654	ZCCHC24	ENSG00000165424	10	81132081	81240383	516	58749	0.49976	0.30862	4.0	4.0	intermediate	intermediate
4085	MAD2L1	ENSG00000164109	4	120970577	121023013	112	58749	0.49958	0.30869	5.0	2.0	intermediate	intermediate
79170	PRR15L	ENSG00000167183	17	46019333	46070252	147	58749	0.49864	0.30902	2.0	2.0	intermediate	intermediate
84881	RPUSD4	ENSG00000165526	11	126061989	126116587	136	58749	0.49804	0.30923	2.0	2.0	intermediate	intermediate
129563	DIS3L2	ENSG00000144535	2	232791293	233218678	1061	58749	0.49766	0.30936	3.0	3.0	intermediate	intermediate
337	APOA4	ENSG00000110244	11	116681418	116729011	164	58749	0.49752	0.30941	3.0	3.0	intermediate	intermediate
23072	HECW1	ENSG00000002746	7	43117198	43613213	1413	58749	0.49681	0.30966	1.0	1.0	low	low
56925	LXN	ENSG00000079257	3	158374203	158425482	152	58749	0.49562	0.31008	1.0	1.0	low	low
23023	TMCC1	ENSG00000172765	3	129356635	129647419	339	58749	0.49435	0.31053	2.0	2.0	intermediate	intermediate
2832	NPBWR2	ENSG00000125522	20	62727183	62773184	101	58749	0.49408	0.31063	1.0	1.0	low	low
6523	SLC5A1	ENSG00000100170	22	32404019	32519016	318	58749	0.49399	0.31066	1.0	1.0	low	low
26263	FBXO22	ENSG00000167196	15	76161200	76237609	130	58749	0.49349	0.31083	1.0	1.0	low	low
220202	ATOH7	ENSG00000179774	10	69980352	70026870	166	58749	0.49309	0.31097	2.0	1.0	intermediate	intermediate
10252	SPRY1	ENSG00000164056	4	124282946	124334915	131	58749	0.49301	0.311	10.0	7.0	high_6	high_10
137735	ABRA	ENSG00000174429	8	107761711	107817472	127	58749	0.49291	0.31104	3.0	2.0	intermediate	intermediate
84912	SLC35B4	ENSG00000205060	7	133964089	134036827	239	58749	0.49273	0.3111	1.0	1.0	low	low
84641	HIATL1	ENSG00000148110	9	97101833	97233202	255	58749	0.49205	0.31134	2.0	2.0	intermediate	intermediate
219621	C10orf107	ENSG00000183346	10	63387709	63536524	485	58749	0.49137	0.31158	1.0	1.0	low	low
10287	RGS19	ENSG00000171700	20	62694534	62746356	118	58749	0.49061	0.31185	5.0	4.0	intermediate	intermediate
91137	SLC25A46	ENSG00000164209	5	110038837	110110857	156	58749	0.49038	0.31193	14.0	5.0	high_6	high_10
6519	SLC3A1	ENSG00000138079	2	44467597	44557963	231	58749	0.48961	0.31221	1.0	1.0	low	low
5869	RAB5B	ENSG00000111540	12	56332697	56400467	89	58749	0.48936	0.31229	15.0	9.0	high_6	high_10
55074	OXR1	ENSG00000164830	8	107247406	107774922	1350	58749	0.48889	0.31246	1.0	1.0	low	low
3083	HGFAC	ENSG00000109758	4	3408702	3461214	140	58749	0.48862	0.31256	8.0	3.0	high_6	intermediate
387856	C12orf68	ENSG00000177875	12	48542366	48589709	136	58749	0.48817	0.31271	2.0	2.0	intermediate	intermediate
54957	TXNL4B	ENSG00000140830	16	72108756	72163215	159	58749	0.484	0.31419	1.0	1.0	low	low
8437	RASAL1	ENSG00000111344	12	113526624	113609044	271	58749	0.48351	0.31437	5.0	3.0	intermediate	intermediate
120892	LRRK2	ENSG00000188906	12	40583813	40773087	616	58749	0.48243	0.31475	2.0	1.0	intermediate	intermediate
220963	SLC16A9	ENSG00000165449	10	61400522	61504649	262	58749	0.4811	0.31522	1.0	1.0	low	low
6469	SHH	ENSG00000164690	7	155585558	155639967	205	58749	0.48106	0.31524	5.0	3.0	intermediate	intermediate
10043	TOM1	ENSG00000100284	22	35660268	35753987	232	58749	0.48068	0.31537	1.0	1.0	low	low
8635	RNASET2	ENSG00000026297	6	167332992	167405077	261	58749	0.48055	0.31542	15.0	5.0	high_6	high_10
3843	IPO5	ENSG00000065150	13	98570914	98686550	197	58749	0.48035	0.31549	1.0	1.0	low	low
25770	C22orf31	ENSG00000100249	22	29444660	29492922	153	58749	0.47983	0.31567	3.0	3.0	intermediate	intermediate
79172	CENPO	ENSG00000138092	2	24981175	25055245	203	58749	0.47977	0.3157	2.0	2.0	intermediate	intermediate
10019	SH2B3	ENSG00000111252	12	111808720	111899427	89	58749	0.47974	0.31571	87.0	17.0	high_6	high_10
2673	GFPT1	ENSG00000198380	2	69536901	69649386	222	58749	0.47859	0.31611	16.0	6.0	high_6	high_10
8543	LMO4	ENSG00000143013	1	87759151	87824606	180	58749	0.47734	0.31656	10.0	5.0	high_6	high_10
25801	GCA	ENSG00000115271	2	163165583	163246525	68	58749	0.47718	0.31662	3.0	2.0	intermediate	intermediate
120224	TMEM45B	ENSG00000151715	11	129650732	129739898	252	58749	0.47701	0.31668	3.0	1.0	intermediate	intermediate
91057	CCDC34	ENSG00000109881	11	27350061	27419795	177	58749	0.47693	0.31671	4.0	3.0	intermediate	intermediate
11103	KRR1	ENSG00000111615	12	75881419	75940418	129	58749	0.47659	0.31683	1.0	1.0	low	low
100144748	KLLN	ENSG00000227268	10	89608918	89658194	62	58749	0.47539	0.31725	2.0	2.0	intermediate	intermediate
10352	WARS2	ENSG00000116874	1	119563839	119718404	378	58749	0.47521	0.31732	2.0	2.0	intermediate	intermediate
51277	DNAJC27	ENSG00000115137	2	25156505	25229963	146	58749	0.47471	0.3175	1.0	1.0	low	low
152110	NEK10	ENSG00000163491	3	27247097	27445912	666	58749	0.47388	0.31779	12.0	3.0	high_6	high_10
79047	KCTD15	ENSG00000153885	19	34252751	34316666	179	58749	0.47251	0.31828	1.0	1.0	low	low
1116	CHI3L1	ENSG00000133048	1	203138059	203190978	173	58749	0.47207	0.31844	1.0	1.0	low	low
81030	ZBP1	ENSG00000124256	20	56168902	56230632	214	58749	0.47197	0.31847	1.0	1.0	low	low
10892	MALT1	ENSG00000172175	18	56303618	56427371	288	58749	0.47166	0.31858	1.0	1.0	low	low
23429	RYBP	ENSG00000163602	3	72413744	72530774	196	58749	0.47119	0.31875	6.0	5.0	high_6	intermediate
6913	TBX15	ENSG00000092607	1	119415666	119567179	405	58749	0.4705	0.319	8.0	5.0	high_6	intermediate
1488	CTBP2	ENSG00000175029	10	126666418	126884624	776	58749	0.47005	0.31916	8.0	5.0	high_6	intermediate
159989	CCDC67	ENSG00000165325	11	93028156	93181636	445	58749	0.46929	0.31943	1.0	1.0	low	low
3486	IGFBP3	ENSG00000146674	7	45941844	45995871	105	58749	0.46789	0.31993	13.0	8.0	high_6	high_10
54520	CCDC93	ENSG00000125633	2	118663054	118806739	449	58749	0.46764	0.32002	1.0	1.0	low	low
56990	CDC42SE2	ENSG00000158985	5	130564702	130740383	194	58749	0.4673	0.32014	6.0	4.0	high_6	intermediate
51174	TUBD1	ENSG00000108423	17	57926840	58005306	143	58749	0.46727	0.32015	5.0	4.0	intermediate	intermediate
22918	CD93	ENSG00000125810	20	23049993	23101977	155	58749	0.46553	0.32078	4.0	2.0	intermediate	intermediate
8924	HERC2	ENSG00000128731	15	28346183	28602313	184	58749	0.46478	0.32104	31.0	7.0	high_6	high_10
7356	SCGB1A1	ENSG00000149021	11	62151507	62200678	179	58749	0.46353	0.32149	2.0	2.0	intermediate	intermediate
51129	ANGPTL4	ENSG00000167772	19	8394011	8449257	183	58749	0.46311	0.32164	12.0	4.0	high_6	high_10
9637	FEZ2	ENSG00000171055	2	36769397	36860333	259	58749	0.46252	0.32186	5.0	4.0	intermediate	intermediate
23316	CUX2	ENSG00000111249	12	111436828	111798358	433	58749	0.46186	0.32209	26.0	9.0	high_6	high_10
84952	CGNL1	ENSG00000128849	15	57633703	57852925	875	58749	0.46116	0.32234	5.0	3.0	intermediate	intermediate
8808	IL1RL2	ENSG00000115598	2	102768433	102866462	334	58749	0.46083	0.32246	3.0	3.0	intermediate	intermediate
1611	DAP	ENSG00000112977	5	10669342	10796387	393	58749	0.46031	0.32265	4.0	2.0	intermediate	intermediate
84312	BRMS1L	ENSG00000100916	14	36260524	36351169	123	58749	0.46022	0.32268	8.0	3.0	high_6	intermediate
55324	ABCF3	ENSG00000161204	3	183868863	183921795	111	58749	0.45963	0.32289	1.0	1.0	low	low
340156	MYLK4	ENSG00000145949	6	2653863	2800615	598	58749	0.45928	0.32302	2.0	2.0	intermediate	intermediate
481	ATP1B1	ENSG00000143153	1	169040947	169111960	247	58749	0.45905	0.3231	14.0	5.0	high_6	high_10
51763	INPP5K	ENSG00000132376	17	1387869	1455182	223	58749	0.45849	0.3233	2.0	1.0	intermediate	intermediate
27247	NFU1	ENSG00000169599	2	69613245	69699760	171	58749	0.45721	0.32376	16.0	7.0	high_6	high_10
6920	TCEA3	ENSG00000204219	1	23697555	23786269	203	58749	0.45569	0.32431	1.0	1.0	low	low
26289	AK5	ENSG00000154027	1	77712662	78035654	1068	58749	0.45556	0.32435	5.0	2.0	intermediate	intermediate
386617	KCTD8	ENSG00000183783	4	44165920	44485824	753	58749	0.45522	0.32448	2.0	1.0	intermediate	intermediate
29945	ANAPC4	ENSG00000053900	4	25343848	25430120	248	58749	0.45505	0.32454	16.0	9.0	high_6	high_10
118663	BTBD16	ENSG00000138152	10	123995811	124107676	407	58749	0.45386	0.32496	2.0	2.0	intermediate	intermediate
7020	TFAP2A	ENSG00000137203	6	10383419	10454797	180	58749	0.45362	0.32505	2.0	2.0	intermediate	intermediate
6319	SCD	ENSG00000099194	10	102071772	102134588	132	58749	0.45355	0.32508	3.0	2.0	intermediate	intermediate
8048	CSRP3	ENSG00000129170	11	19193577	19267118	201	58749	0.45341	0.32513	3.0	2.0	intermediate	intermediate
1523	CUX1	ENSG00000257923	7	101424184	101937250	1283	58749	0.45303	0.32526	13.0	5.0	high_6	high_10
8572	PDLIM4	ENSG00000131435	5	131558351	131619147	152	58749	0.45268	0.32539	4.0	4.0	intermediate	intermediate
94086	HSPB9	ENSG00000260325	17	40239756	40285371	82	58749	0.45123	0.32591	2.0	2.0	intermediate	intermediate
65977	PLEKHA3	ENSG00000116095	2	179310199	179379783	106	58749	0.45115	0.32594	2.0	2.0	intermediate	intermediate
3479	IGF1	ENSG00000017427	12	102779645	102910563	259	58749	0.45091	0.32603	9.0	5.0	high_6	intermediate
51705	EMCN	ENSG00000164035	4	101306498	101474250	470	58749	0.45085	0.32605	2.0	2.0	intermediate	intermediate
6187	RPS2	ENSG00000140988	16	2002059	2049827	240	58749	0.45077	0.32608	1.0	1.0	low	low
2214	FCGR3A	ENSG00000203747	1	161501549	161555413	52	58749	0.45058	0.32614	4.0	4.0	intermediate	intermediate
84662	GLIS2	ENSG00000126603	16	4331240	4399598	148	58749	0.4505	0.32617	4.0	2.0	intermediate	intermediate
64344	HIF3A	ENSG00000124440	19	46765303	46856690	399	58749	0.45049	0.32618	1.0	1.0	low	low
79729	SH3D21	ENSG00000214193	1	36736889	36803544	79	58749	0.4497	0.32646	2.0	2.0	intermediate	intermediate
7850	IL1R2	ENSG00000115590	2	102573306	102654885	231	58749	0.44793	0.3271	4.0	3.0	intermediate	intermediate
2199	FBLN2	ENSG00000163520	3	13538824	13689922	536	58749	0.4472	0.32737	2.0	1.0	intermediate	intermediate
90102	PHLDB2	ENSG00000144824	3	111416327	111705364	997	58749	0.44675	0.32753	2.0	1.0	intermediate	intermediate
842	CASP9	ENSG00000132906	1	15807896	15886407	234	58749	0.44653	0.32761	2.0	2.0	intermediate	intermediate
1005	CDH7	ENSG00000081138	18	63382488	63558175	522	58749	0.44651	0.32761	4.0	3.0	intermediate	intermediate
3093	UBE2K	ENSG00000078140	4	39664664	39794412	343	58749	0.44553	0.32797	1.0	1.0	low	low
4753	NELL2	ENSG00000184613	12	44892058	45342711	991	58749	0.4454	0.32802	1.0	1.0	low	low
57093	TRIM49	ENSG00000168930	11	89520823	89576743	13	58749	0.44481	0.32823	3.0	3.0	intermediate	intermediate
9463	PICK1	ENSG00000100151	22	38418262	38481708	107	58749	0.4438	0.32859	1.0	1.0	low	low
5966	REL	ENSG00000162924	2	61073709	61181410	175	58749	0.44309	0.32885	12.0	6.0	high_6	high_10
1621	DBH	ENSG00000123454	9	136466485	136534466	311	58749	0.44156	0.3294	4.0	4.0	intermediate	intermediate
6164	RPL34	ENSG00000109475	4	109506722	109561640	140	58749	0.44119	0.32954	1.0	1.0	low	low
2047	EPHB1	ENSG00000154928	3	134479099	134989309	1520	58749	0.4411	0.32957	4.0	3.0	intermediate	intermediate
3172	HNF4A	ENSG00000101076	20	42949441	43071485	338	58749	0.4392	0.33026	10.0	5.0	high_6	high_10
85443	DCLK3	ENSG00000163673	3	36743913	36816352	170	58749	0.43869	0.33044	10.0	3.0	high_6	high_10
9914	ATP2C2	ENSG00000064270	16	84367129	84507793	975	58749	0.43718	0.33099	1.0	1.0	low	low
379	ARL4D	ENSG00000175906	17	41441353	41488504	110	58749	0.43713	0.33101	2.0	2.0	intermediate	intermediate
2861	GPR37	ENSG00000170775	7	124375655	124441079	124	58749	0.43704	0.33104	3.0	2.0	intermediate	intermediate
1786	DNMT1	ENSG00000130816	19	10234021	10340783	217	58749	0.43673	0.33115	1.0	1.0	low	low
9328	GTF3C5	ENSG00000148308	9	135871062	135943890	223	58749	0.43662	0.33119	4.0	3.0	intermediate	intermediate
79735	TBC1D17	ENSG00000104946	19	50345682	50402007	107	58749	0.43609	0.33139	1.0	1.0	low	low
54363	HAO1	ENSG00000101323	20	7853631	7956093	307	58749	0.43598	0.33143	16.0	6.0	high_6	high_10
173	AFM	ENSG00000079557	4	74312462	74379718	166	58749	0.43585	0.33147	2.0	2.0	intermediate	intermediate
346389	MACC1	ENSG00000183742	7	20164278	20292013	348	58749	0.43516	0.33172	4.0	4.0	intermediate	intermediate
3491	CYR61	ENSG00000142871	1	86011444	86059650	99	58749	0.43503	0.33177	2.0	2.0	intermediate	intermediate
114794	ELFN2	ENSG00000166897	22	37754000	37858505	330	58749	0.43501	0.33178	1.0	1.0	low	low
9274	BCL7C	ENSG00000099385	16	30835373	30940852	111	58749	0.43487	0.33183	1.0	1.0	low	low
23194	FBXL7	ENSG00000183580	5	15465305	15949905	981	58749	0.43386	0.33219	1.0	1.0	low	low
123169	LEO1	ENSG00000166477	15	52220222	52298995	152	58749	0.43336	0.33238	2.0	2.0	intermediate	intermediate
401409	RAB19	ENSG00000146955	7	140068843	140136653	225	58749	0.43332	0.33239	1.0	1.0	low	low
81624	DIAPH3	ENSG00000139734	13	60229717	60773119	1334	58749	0.43202	0.33286	6.0	4.0	high_6	intermediate
5536	PPP5C	ENSG00000011485	19	46815251	46906238	251	58749	0.43109	0.3332	2.0	2.0	intermediate	intermediate
91937	TIMD4	ENSG00000145850	5	156336293	156425266	188	58749	0.43082	0.3333	7.0	4.0	high_6	intermediate
161882	ZFPM1	ENSG00000179588	16	88485014	88611574	476	58749	0.42926	0.33387	20.0	8.0	high_6	high_10
23768	FLRT2	ENSG00000185070	14	85961411	86105040	473	58749	0.4284	0.33418	3.0	2.0	intermediate	intermediate
80279	CDK5RAP3	ENSG00000108465	17	46012894	46069152	159	58749	0.42823	0.33424	3.0	3.0	intermediate	intermediate
51098	IFT52	ENSG00000101052	20	42184574	42285862	267	58749	0.42792	0.33435	1.0	1.0	low	low
10728	PTGES3	ENSG00000110958	12	57047125	57117138	139	58749	0.42775	0.33442	5.0	4.0	intermediate	intermediate
51156	SERPINA10	ENSG00000140093	14	94739648	94794608	171	58749	0.427	0.33469	1.0	1.0	low	low
391356	PTRHD1	ENSG00000184924	2	25003136	25051251	143	58749	0.42652	0.33487	2.0	1.0	intermediate	intermediate
29946	SERTAD3	ENSG00000167565	19	40936748	40985282	141	58749	0.42646	0.33489	1.0	1.0	low	low
644994	SMIM23	ENSG00000185662	5	171177819	171228129	149	58749	0.42611	0.33501	2.0	2.0	intermediate	intermediate
1973	EIF4A1	ENSG00000161960	17	7441024	7492324	134	58749	0.42596	0.33507	2.0	2.0	intermediate	intermediate
126549	ANKLE1	ENSG00000160117	19	17357454	17408455	173	58749	0.42565	0.33518	6.0	2.0	high_6	intermediate
118429	ANTXR2	ENSG00000163297	4	80812771	81029626	525	58749	0.42492	0.33545	2.0	2.0	intermediate	intermediate
199745	THAP8	ENSG00000161277	19	36515886	36580664	145	58749	0.42425	0.33569	1.0	1.0	low	low
646960	PRSS56	ENSG00000237412	2	233350173	233400426	162	58749	0.42347	0.33597	3.0	2.0	intermediate	intermediate
80724	ACAD10	ENSG00000111271	12	112088857	112204911	104	58749	0.42335	0.33602	7.0	5.0	high_6	intermediate
10051	SMC4	ENSG00000113810	3	160082078	160162755	129	58749	0.42298	0.33615	6.0	5.0	high_6	intermediate
55054	ATG16L1	ENSG00000085978	2	234125217	234214320	250	58749	0.42284	0.33621	14.0	7.0	high_6	high_10
919	CD247	ENSG00000198821	1	167389877	167522847	470	58749	0.42281	0.33622	18.0	9.0	high_6	high_10
5449	POU1F1	ENSG00000064835	3	87298783	87360737	224	58749	0.42245	0.33635	3.0	2.0	intermediate	intermediate
6615	SNAI1	ENSG00000124216	20	48564513	48615423	182	58749	0.42184	0.33657	2.0	2.0	intermediate	intermediate
80018	NAA25	ENSG00000111300	12	112454493	112581826	130	58749	0.42048	0.33707	6.0	4.0	high_6	intermediate
54902	TTC19	ENSG00000011295	17	15867694	15942723	174	58749	0.42007	0.33722	1.0	1.0	low	low
128611	ZNF831	ENSG00000124203	20	57700895	57844168	346	58749	0.41958	0.3374	21.0	7.0	high_6	high_10
29767	TMOD2	ENSG00000128872	15	52008758	52118560	295	58749	0.41905	0.33759	2.0	1.0	intermediate	intermediate
64393	ZMAT3	ENSG00000172667	3	178725011	178825067	190	58749	0.41834	0.33785	1.0	1.0	low	low
10533	ATG7	ENSG00000197548	3	11279010	11609139	682	58749	0.41828	0.33787	5.0	4.0	intermediate	intermediate
145497	C14orf166B	ENSG00000100565	14	77257725	77346656	273	58749	0.41821	0.3379	2.0	1.0	intermediate	intermediate
254187	TSGA10IP	ENSG00000175513	11	65678115	65737434	93	58749	0.41705	0.33832	1.0	1.0	low	low
9927	MFN2	ENSG00000116688	1	12005238	12083572	194	58749	0.41658	0.33849	4.0	4.0	intermediate	intermediate
114781	BTBD9	ENSG00000183826	6	38126227	38643202	1205	58749	0.41657	0.3385	6.0	2.0	high_6	intermediate
9508	ADAMTS3	ENSG00000156140	4	73136686	73469516	563	58749	0.41561	0.33885	6.0	4.0	high_6	intermediate
8879	SGPL1	ENSG00000166224	10	72540704	72650946	383	58749	0.41432	0.33932	1.0	1.0	low	low
1612	DAPK1	ENSG00000196730	9	90077601	90333566	886	58749	0.41428	0.33933	2.0	1.0	intermediate	intermediate
9175	MAP3K13	ENSG00000073803	3	184965729	185216882	536	58749	0.41385	0.33949	1.0	1.0	low	low
4291	MLF1	ENSG00000178053	3	158253953	158334249	231	58749	0.41323	0.33972	7.0	4.0	high_6	intermediate
80326	WNT10A	ENSG00000135925	2	219710255	219768651	60	58749	0.41205	0.34015	7.0	5.0	high_6	intermediate
60529	ALX4	ENSG00000052850	11	44272278	44366735	303	58749	0.4115	0.34035	3.0	2.0	intermediate	intermediate
3630	INS	ENSG00000254647	11	2171009	2217439	169	58749	0.41109	0.3405	14.0	5.0	high_6	high_10
2697	GJA1	ENSG00000152661	6	121721745	121780873	220	58749	0.411	0.34054	9.0	5.0	high_6	intermediate
4783	NFIL3	ENSG00000165030	9	94161327	94221908	211	58749	0.41091	0.34057	3.0	3.0	intermediate	intermediate
8189	SYMPK	ENSG00000125755	19	46308700	46401548	318	58749	0.41017	0.34084	13.0	6.0	high_6	high_10
1672	DEFB1	ENSG00000164825	8	6718097	6770529	444	58749	0.41014	0.34085	1.0	1.0	low	low
340481	ZDHHC21	ENSG00000175893	9	14601069	14728480	494	58749	0.41005	0.34088	3.0	2.0	intermediate	intermediate
54575	UGT1A10	ENSG00000242515	2	234510123	234691951	591	58749	0.40962	0.34104	1.0	1.0	low	low
10265	IRX5	ENSG00000176842	16	54930111	54978397	97	58749	0.40927	0.34117	10.0	3.0	high_6	high_10
117145	THEM4	ENSG00000159445	1	151833342	151917361	204	58749	0.40927	0.34117	4.0	3.0	intermediate	intermediate
85476	GFM1	ENSG00000168827	3	158327286	158420361	309	58749	0.40843	0.34148	1.0	1.0	low	low
8556	CDC14A	ENSG00000079335	1	100775598	100995833	332	58749	0.40769	0.34175	1.0	1.0	low	low
3219	HOXB9	ENSG00000170689	17	46688518	46738835	161	58749	0.40754	0.34181	1.0	1.0	low	low
84068	SLC10A7	ENSG00000120519	4	147165137	147478123	609	58749	0.40695	0.34202	1.0	1.0	low	low
10443	N4BP2L2	ENSG00000244754	13	32996625	33151839	211	58749	0.40593	0.3424	4.0	3.0	intermediate	intermediate
57718	PPP4R4	ENSG00000119698	14	94605649	94756092	339	58749	0.40545	0.34257	1.0	1.0	low	low
1952	CELSR2	ENSG00000143126	1	109757641	109828378	170	58749	0.40511	0.3427	35.0	5.0	high_6	high_10
9197	SLC33A1	ENSG00000169359	3	155534300	155607248	191	58749	0.40492	0.34277	2.0	2.0	intermediate	intermediate
26091	HERC4	ENSG00000148634	10	69671656	69870103	364	58749	0.40475	0.34283	1.0	1.0	low	low
50506	DUOX2	ENSG00000140279	15	45374851	45441537	131	58749	0.40409	0.34307	1.0	1.0	low	low
7297	TYK2	ENSG00000105397	19	10451204	10526248	172	58749	0.40392	0.34314	27.0	12.0	high_6	high_10
146198	ZFP90	ENSG00000184939	16	68538192	68619975	262	58749	0.40391	0.34314	4.0	4.0	intermediate	intermediate
30012	TLX3	ENSG00000164438	5	170701288	170749138	99	58749	0.4035	0.34329	1.0	1.0	low	low
55094	GPATCH1	ENSG00000076650	19	33536786	33631318	290	58749	0.40189	0.34388	1.0	1.0	low	low
9570	GOSR2	ENSG00000108433	17	44965486	45054366	244	58749	0.40168	0.34396	8.0	2.0	high_6	intermediate
4001	LMNB1	ENSG00000113368	5	126077315	126182712	328	58749	0.4013	0.3441	1.0	1.0	low	low
3579	CXCR2	ENSG00000180871	2	218955013	219011976	113	58749	0.40076	0.3443	2.0	1.0	intermediate	intermediate
155061	ZNF746	ENSG00000181220	7	149159884	149229928	107	58749	0.40054	0.34438	4.0	3.0	intermediate	intermediate
130916	MTERFD2	ENSG00000122085	2	242016509	242076747	213	58749	0.40033	0.34446	1.0	1.0	low	low
286151	FBXO43	ENSG00000156509	8	101135588	101193099	87	58749	0.40018	0.34451	1.0	1.0	low	low
3791	KDR	ENSG00000128052	4	55934426	56026762	264	58749	0.39979	0.34466	18.0	6.0	high_6	high_10
5730	PTGDS	ENSG00000107317	9	139836898	139886194	173	58749	0.39975	0.34467	1.0	1.0	low	low
7486	WRN	ENSG00000165392	8	30855778	31041277	350	58749	0.39972	0.34468	1.0	1.0	low	low
10016	PDCD6	ENSG00000249915	5	236736	325089	319	58749	0.39922	0.34486	5.0	4.0	intermediate	intermediate
146059	CDAN1	ENSG00000140326	15	43005760	43064417	95	58749	0.39912	0.3449	2.0	1.0	intermediate	intermediate
137814	NKX2-6	ENSG00000180053	8	23549964	23599111	208	58749	0.39902	0.34494	1.0	1.0	low	low
10941	UGT2A1	ENSG00000173610	4	70444135	70553967	446	58749	0.39834	0.34519	2.0	2.0	intermediate	intermediate
56935	SMCO4	ENSG00000166002	11	93201638	93311546	333	58749	0.39769	0.34543	1.0	1.0	low	low
79823	CAMKMT	ENSG00000143919	2	44554043	45009731	1089	58749	0.39721	0.34561	2.0	2.0	intermediate	intermediate
1812	DRD1	ENSG00000184845	5	174857675	174906163	175	58749	0.39688	0.34573	1.0	1.0	low	low
6001	RGS10	ENSG00000148908	10	121249339	121337222	232	58749	0.39674	0.34578	1.0	1.0	low	low
7006	TEC	ENSG00000135605	4	48127800	48306814	581	58749	0.39661	0.34583	1.0	1.0	low	low
285643	KIF4B	ENSG00000226650	5	154358260	154407685	188	58749	0.39626	0.34595	1.0	1.0	low	low
284697	BTBD8	ENSG00000189195	1	92510862	92623397	193	58749	0.39589	0.34609	2.0	2.0	intermediate	intermediate
125150	ZSWIM7	ENSG00000214941	17	15869874	15938006	157	58749	0.39527	0.34632	1.0	1.0	low	low
390231	TRIM77	ENSG00000214414	11	89408467	89461040	113	58749	0.3952	0.34635	1.0	1.0	low	low
23509	POFUT1	ENSG00000101346	20	30760625	30836467	76	58749	0.3944	0.34664	1.0	1.0	low	low
10351	ABCA8	ENSG00000141338	17	66853428	66986550	312	58749	0.39434	0.34667	3.0	2.0	intermediate	intermediate
7222	TRPC3	ENSG00000138741	4	122790183	122907909	246	58749	0.39339	0.34702	1.0	1.0	low	low
3481	IGF2	ENSG00000167244	11	2140346	2214611	243	58749	0.39271	0.34727	1.0	1.0	low	low
5962	RDX	ENSG00000137710	11	110035605	110202437	284	58749	0.39262	0.3473	3.0	2.0	intermediate	intermediate
7827	NPHS2	ENSG00000116218	1	179509674	179580086	245	58749	0.39252	0.34734	1.0	1.0	low	low
27347	STK39	ENSG00000198648	2	168800530	169139105	1012	58749	0.39184	0.34759	3.0	2.0	intermediate	intermediate
11025	LILRB3	ENSG00000204577	19	54710147	54761997	165	58749	0.3908	0.34797	1.0	1.0	low	low
4258	MGST2	ENSG00000085871	4	140551922	140671899	384	58749	0.39006	0.34825	1.0	1.0	low	low
5289	PIK3C3	ENSG00000078142	18	39500165	39672272	262	58749	0.38906	0.34862	8.0	6.0	high_6	intermediate
220107	DLEU7	ENSG00000186047	13	51276759	51452885	467	58749	0.38811	0.34897	27.0	11.0	high_6	high_10
80313	LRRC27	ENSG00000148814	10	134110614	134205010	349	58749	0.38775	0.3491	1.0	1.0	low	low
55332	DRAM1	ENSG00000136048	12	102236105	102327401	352	58749	0.38722	0.3493	1.0	1.0	low	low
202374	STK32A	ENSG00000169302	5	146579526	146777418	701	58749	0.38699	0.34938	2.0	2.0	intermediate	intermediate
10480	EIF3M	ENSG00000149100	11	32570313	32634037	190	58749	0.38682	0.34944	3.0	2.0	intermediate	intermediate
57113	TRPC7	ENSG00000069018	5	135538458	135736164	446	58749	0.38567	0.34987	1.0	1.0	low	low
353132	LCE1B	ENSG00000196734	1	152749447	152795585	105	58749	0.38539	0.34997	1.0	1.0	low	low
23266	LPHN2	ENSG00000117114	1	82231082	82468107	657	58749	0.38516	0.35006	18.0	9.0	high_6	high_10
1653	DDX1	ENSG00000079785	2	15696745	15781235	236	58749	0.38485	0.35018	1.0	1.0	low	low
122953	JDP2	ENSG00000140044	14	75859509	75949404	260	58749	0.38428	0.35038	2.0	1.0	intermediate	intermediate
57410	SCYL1	ENSG00000142186	11	65257537	65316182	52	58749	0.38395	0.35051	1.0	1.0	low	low
166968	MIER3	ENSG00000155545	5	56205429	56282957	253	58749	0.38377	0.35058	2.0	2.0	intermediate	intermediate
3694	ITGB6	ENSG00000115221	2	160946182	161145349	537	58749	0.38347	0.35069	4.0	4.0	intermediate	intermediate
23037	PDZD2	ENSG00000133401	5	31604345	32121038	1923	58749	0.38295	0.35088	3.0	2.0	intermediate	intermediate
388323	GLTPD2	ENSG00000182327	17	4656723	4703887	156	58749	0.38265	0.35099	2.0	2.0	intermediate	intermediate
3603	IL16	ENSG00000172349	15	81439941	81615104	453	58749	0.38201	0.35123	1.0	1.0	low	low
9673	SLC25A44	ENSG00000160785	1	156128728	156192587	128	58749	0.38183	0.35129	5.0	4.0	intermediate	intermediate
5954	RCN1	ENSG00000049449	11	32077477	32137272	163	58749	0.38156	0.35139	1.0	1.0	low	low
9766	KIAA0247	ENSG00000100647	14	70043310	70191861	223	58749	0.38068	0.35172	1.0	1.0	low	low
27128	CYTH4	ENSG00000100055	22	37643495	37721389	238	58749	0.38013	0.35193	1.0	1.0	low	low
26577	PCOLCE2	ENSG00000163710	3	142526702	142643045	344	58749	0.37849	0.35253	3.0	3.0	intermediate	intermediate
29949	IL19	ENSG00000142224	1	206937215	207026326	221	58749	0.37754	0.35288	14.0	7.0	high_6	high_10
2267	FGL1	ENSG00000104760	8	17711894	17802874	575	58749	0.37716	0.35303	5.0	5.0	intermediate	intermediate
9759	HDAC4	ENSG00000068024	2	239959864	240358346	1299	58749	0.37703	0.35308	1.0	1.0	low	low
8315	BRAP	ENSG00000089234	12	112069950	112158790	76	58749	0.37695	0.35311	7.0	4.0	high_6	intermediate
257177	C1orf192	ENSG00000188931	1	161324521	161372673	193	58749	0.3768	0.35316	1.0	1.0	low	low
3092	HIP1	ENSG00000127946	7	75152619	75403290	837	58749	0.3753	0.35372	2.0	2.0	intermediate	intermediate
92922	CCDC102A	ENSG00000135736	16	57536090	57605477	214	58749	0.37417	0.35414	1.0	1.0	low	low
7536	SF1	ENSG00000168066	11	64522076	64581515	62	58749	0.37409	0.35417	1.0	1.0	low	low
3936	LCP1	ENSG00000136167	13	46690058	46791459	303	58749	0.37397	0.35421	1.0	1.0	low	low
167826	OLIG3	ENSG00000177468	6	137803336	137850531	175	58749	0.37357	0.35436	18.0	10.0	high_6	high_10
65062	TMEM237	ENSG00000155755	2	202474907	202543252	143	58749	0.37288	0.35462	1.0	1.0	low	low
8863	PER3	ENSG00000049246	1	7809413	7915241	338	58749	0.37217	0.35488	1.0	1.0	low	low
58480	RHOU	ENSG00000116574	1	228745394	228892416	231	58749	0.37188	0.35499	6.0	1.0	high_6	intermediate
1727	CYB5R3	ENSG00000100243	22	43003846	43080405	252	58749	0.37095	0.35534	1.0	1.0	low	low
5359	PLSCR1	ENSG00000188313	3	146222967	146297628	325	58749	0.37063	0.35546	1.0	1.0	low	low
1306	COL15A1	ENSG00000204291	9	101670995	101843074	441	58749	0.37053	0.35549	5.0	3.0	intermediate	intermediate
967	CD63	ENSG00000135404	12	56109227	56158457	47	58749	0.37026	0.35559	1.0	1.0	low	low
445571	CBWD1	ENSG00000172785	9	70821839	70924932	3	58749	0.37005	0.35567	1.0	1.0	low	low
27293	SMPDL3B	ENSG00000130768	1	28226456	28295663	200	58749	0.36924	0.35597	1.0	1.0	low	low
58472	SQRDL	ENSG00000137767	15	45888346	45993492	362	58749	0.3687	0.35618	2.0	2.0	intermediate	intermediate
7272	TTK	ENSG00000112742	6	80679322	80762244	288	58749	0.36829	0.35633	2.0	1.0	intermediate	intermediate
5770	PTPN1	ENSG00000196396	20	49091858	49211299	338	58749	0.36759	0.35659	12.0	4.0	high_6	high_10
10897	YIF1A	ENSG00000174851	11	66042051	66091638	79	58749	0.36759	0.35659	2.0	2.0	intermediate	intermediate
3977	LIFR	ENSG00000113594	5	38465065	38630507	257	58749	0.36716	0.35675	2.0	2.0	intermediate	intermediate
29102	DROSHA	ENSG00000113360	5	31390601	31567282	479	58749	0.36651	0.35699	1.0	1.0	low	low
5444	PON1	ENSG00000005421	7	94917669	94988884	155	58749	0.36633	0.35706	1.0	1.0	low	low
729085	FAM198A	ENSG00000144649	3	42985759	43109207	266	58749	0.36539	0.35741	3.0	2.0	intermediate	intermediate
54576	UGT1A8	ENSG00000241635	2	234491291	234691946	632	58749	0.36507	0.35753	7.0	4.0	high_6	intermediate
7466	WFS1	ENSG00000109501	4	6236577	6314992	322	58749	0.36457	0.35772	11.0	6.0	high_6	high_10
140901	STK35	ENSG00000125834	20	2047528	2139201	297	58749	0.36456	0.35772	2.0	2.0	intermediate	intermediate
2255	FGF10	ENSG00000070193	5	44295004	44424808	264	58749	0.36287	0.35835	10.0	5.0	high_6	high_10
5978	REST	ENSG00000084093	4	57739042	57812010	254	58749	0.36264	0.35844	7.0	3.0	high_6	intermediate
956	ENTPD3	ENSG00000168032	3	40393647	40480110	147	58749	0.36218	0.35861	1.0	1.0	low	low
2250	FGF5	ENSG00000138675	4	81152742	81222171	207	58749	0.36216	0.35861	26.0	7.0	high_6	high_10
50615	IL21R	ENSG00000103522	16	27378483	27473363	292	58749	0.3616	0.35882	18.0	8.0	high_6	high_10
246	ALOX15	ENSG00000161905	17	4524214	4580583	149	58749	0.36069	0.35916	9.0	4.0	high_6	intermediate
80150	ASRGL1	ENSG00000162174	11	62069774	62170887	286	58749	0.35999	0.35943	1.0	1.0	low	low
154467	CCDC167	ENSG00000198937	6	37440696	37502700	218	58749	0.35874	0.35989	1.0	1.0	low	low
4824	NKX3-1	ENSG00000167034	8	23526206	23575450	171	58749	0.35826	0.36007	2.0	1.0	intermediate	intermediate
25992	SNED1	ENSG00000162804	2	241903213	242048515	384	58749	0.35758	0.36033	5.0	4.0	intermediate	intermediate
153443	SRFBP1	ENSG00000151304	5	121262656	121374295	226	58749	0.35753	0.36035	2.0	2.0	intermediate	intermediate
94241	TP53INP1	ENSG00000164938	8	95928200	95996615	236	58749	0.35676	0.36064	5.0	4.0	intermediate	intermediate
677	ZFP36L1	ENSG00000185650	14	69244372	69298184	164	58749	0.35662	0.36069	28.0	11.0	high_6	high_10
6936	GCFC2	ENSG00000005436	2	75879831	75973482	224	58749	0.35658	0.3607	2.0	1.0	intermediate	intermediate
51661	FKBP7	ENSG00000079150	2	179318391	179378646	96	58749	0.35621	0.36084	1.0	1.0	low	low
54658	UGT1A8	ENSG00000241635	2	234633919	234691945	206	58749	0.35582	0.36099	7.0	4.0	high_6	intermediate
100129669	IZUMO3	ENSG00000205442	9	24533193	24580889	115	58749	0.35577	0.36101	2.0	2.0	intermediate	intermediate
3812	KIR3DL2	ENSG00000240403	19	55326898	55388670	152	58749	0.35575	0.36101	1.0	1.0	low	low
506	ATP5B	ENSG00000110955	12	57021959	57074852	102	58749	0.35547	0.36112	1.0	1.0	low	low
114625	ERMAP	ENSG00000164010	1	43247776	43320660	127	58749	0.35541	0.36114	1.0	1.0	low	low
10788	IQGAP2	ENSG00000145703	5	75664131	76013957	1120	58749	0.35499	0.3613	3.0	2.0	intermediate	intermediate
134728	IRAK1BP1	ENSG00000146243	6	79542261	79724545	323	58749	0.35435	0.36154	3.0	2.0	intermediate	intermediate
1854	DUT	ENSG00000128951	15	48588215	48645570	72	58749	0.35382	0.36174	3.0	2.0	intermediate	intermediate
28982	FLVCR1	ENSG00000162769	1	212996597	213082705	436	58749	0.35293	0.36207	1.0	1.0	low	low
55014	STX17	ENSG00000136874	9	102633915	102746818	194	58749	0.35291	0.36208	1.0	1.0	low	low
340273	ABCB5	ENSG00000004846	7	20620245	20806637	673	58749	0.35274	0.36214	11.0	5.0	high_6	high_10
79730	NSUN7	ENSG00000179299	4	40716914	40822002	231	58749	0.35236	0.36229	1.0	1.0	low	low
124274	GPR139	ENSG00000180269	16	20032981	20120100	264	58749	0.35131	0.36268	2.0	2.0	intermediate	intermediate
145282	MIPOL1	ENSG00000151338	14	37632118	38030464	765	58749	0.35032	0.36305	5.0	4.0	intermediate	intermediate
10335	MRVI1	ENSG00000072952	11	10584638	10750535	504	58749	0.34999	0.36317	12.0	3.0	high_6	high_10
348487	FAM131C	ENSG00000185519	1	16374264	16435127	272	58749	0.34981	0.36324	1.0	1.0	low	low
624	BDKRB2	ENSG00000168398	14	96636016	96720666	355	58749	0.34963	0.36331	2.0	2.0	intermediate	intermediate
389558	FAM180A	ENSG00000189320	7	135403096	135468616	197	58749	0.34955	0.36334	2.0	1.0	intermediate	intermediate
151112	ZSWIM2	ENSG00000163012	2	187682207	187748897	208	58749	0.34919	0.36347	2.0	1.0	intermediate	intermediate
11031	RAB31	ENSG00000168461	18	9673228	9872553	852	58749	0.34901	0.36354	5.0	3.0	intermediate	intermediate
83752	LONP2	ENSG00000102910	16	48243211	48397888	285	58749	0.34837	0.36378	1.0	1.0	low	low
389015	SLC9A4	ENSG00000180251	2	103054173	103160433	434	58749	0.34806	0.3639	9.0	5.0	high_6	intermediate
2687	GGT5	ENSG00000099998	22	24605622	24676317	176	58749	0.34766	0.36405	1.0	1.0	low	low
167359	NIM1K	ENSG00000177453	5	43157170	43290952	359	58749	0.34699	0.3643	1.0	1.0	low	low
54407	SLC38A2	ENSG00000134294	12	46741971	46801645	103	58749	0.34643	0.36451	6.0	5.0	high_6	intermediate
55521	TRIM36	ENSG00000152503	5	114450459	114551243	239	58749	0.34515	0.36499	7.0	3.0	high_6	intermediate
5817	PVR	ENSG00000073008	19	45112098	45179429	166	58749	0.34401	0.36542	1.0	1.0	low	low
54932	EXD3	ENSG00000187609	9	140191346	140352714	354	58749	0.34298	0.36581	15.0	7.0	high_6	high_10
65997	RASL11B	ENSG00000128045	4	53693495	53743002	155	58749	0.3429	0.36584	2.0	2.0	intermediate	intermediate
10277	UBE4B	ENSG00000130939	1	10058041	10251297	372	58749	0.34259	0.36595	2.0	1.0	intermediate	intermediate
57509	MTUS1	ENSG00000129422	8	17491303	17693729	1112	58749	0.34158	0.36634	3.0	2.0	intermediate	intermediate
255967	PAN3	ENSG00000152520	13	28675997	28879475	350	58749	0.34149	0.36637	1.0	1.0	low	low
7054	TH	ENSG00000180176	11	2175159	2228107	203	58749	0.34148	0.36637	9.0	5.0	high_6	intermediate
643236	TMEM72	ENSG00000187783	10	45371764	45440642	207	58749	0.33977	0.36701	1.0	1.0	low	low
116985	ARAP1	ENSG00000186635	11	72386114	72498465	285	58749	0.33975	0.36702	3.0	2.0	intermediate	intermediate
257019	FRMD3	ENSG00000172159	9	85847905	86188348	1239	58749	0.33941	0.36715	1.0	1.0	low	low
25825	BACE2	ENSG00000182240	21	42504728	42664461	505	58749	0.33894	0.36733	7.0	5.0	high_6	intermediate
6597	SMARCA4	ENSG00000127616	19	11036598	11182958	377	58749	0.33693	0.36808	9.0	4.0	high_6	intermediate
84626	KRBA1	ENSG00000133619	7	149377061	149441664	174	58749	0.33603	0.36842	1.0	1.0	low	low
11155	LDB3	ENSG00000122367	10	88391542	88505829	429	58749	0.33573	0.36854	1.0	1.0	low	low
1130	LYST	ENSG00000143669	1	235814331	236082008	411	58749	0.33484	0.36887	1.0	1.0	low	low
84189	SLITRK6	ENSG00000184564	13	86356922	86408483	227	58749	0.33448	0.36901	1.0	1.0	low	low
113146	AHNAK2	ENSG00000185567	14	105393590	105479694	267	58749	0.33392	0.36922	4.0	4.0	intermediate	intermediate
755	C21orf2	ENSG00000160226	21	45738827	45794285	140	58749	0.33376	0.36928	2.0	2.0	intermediate	intermediate
101928601	MEI4	ENSG00000269964	6	78325302	78644476	856	58749	0.33358	0.36935	1.0	1.0	low	low
129607	CMPK2	ENSG00000134326	2	6970684	7041766	102	58749	0.33352	0.36937	2.0	2.0	intermediate	intermediate
5125	PCSK5	ENSG00000099139	9	78470560	78987255	1819	58749	0.33278	0.36965	4.0	3.0	intermediate	intermediate
10616	RBCK1	ENSG00000125826	20	353696	421610	238	58749	0.33246	0.36977	2.0	1.0	intermediate	intermediate
9032	TM4SF5	ENSG00000142484	17	4640187	4696506	185	58749	0.33215	0.36989	1.0	1.0	low	low
93035	PKHD1L1	ENSG00000205038	8	110339706	110553500	536	58749	0.33191	0.36998	1.0	1.0	low	low
51733	UPB1	ENSG00000100024	22	24828344	24932553	204	58749	0.33011	0.37066	1.0	1.0	low	low
55070	DET1	ENSG00000140543	15	89026449	89124934	233	58749	0.32887	0.37113	4.0	2.0	intermediate	intermediate
3818	KLKB1	ENSG00000164344	4	187113502	187189625	255	58749	0.32842	0.3713	6.0	3.0	high_6	intermediate
4043	LRPAP1	ENSG00000163956	4	3495324	3569224	285	58749	0.32839	0.37131	1.0	1.0	low	low
51339	DACT1	ENSG00000165617	14	59065786	59125039	139	58749	0.32768	0.37158	2.0	1.0	intermediate	intermediate
133121	ENPP6	ENSG00000164303	4	184999859	185174114	583	58749	0.32731	0.37172	2.0	1.0	intermediate	intermediate
6198	RPS6KB1	ENSG00000108443	17	57935407	58037787	174	58749	0.32727	0.37173	3.0	3.0	intermediate	intermediate
54490	UGT2B28	ENSG00000135226	4	70111217	70170768	69	58749	0.32651	0.37202	1.0	1.0	low	low
799	CALCR	ENSG00000004948	7	93043799	93239042	497	58749	0.32641	0.37206	1.0	1.0	low	low
4222	MEOX1	ENSG00000005102	17	41707757	41774262	171	58749	0.32607	0.37219	5.0	4.0	intermediate	intermediate
11343	MGLL	ENSG00000074416	3	127397905	127577093	459	58749	0.32599	0.37221	1.0	1.0	low	low
140628	GATA5	ENSG00000130700	20	61028553	61086026	135	58749	0.32548	0.37241	8.0	5.0	high_6	intermediate
79931	TNIP3	ENSG00000050730	4	122042563	122183624	427	58749	0.32497	0.3726	4.0	4.0	intermediate	intermediate
284252	KCTD1	ENSG00000134504	18	24024874	24272365	703	58749	0.32478	0.37267	4.0	1.0	intermediate	intermediate
7181	NR2C1	ENSG00000120798	12	95404005	95502404	254	58749	0.32458	0.37275	1.0	1.0	low	low
7586	ZKSCAN1	ENSG00000106261	7	99578204	99652803	114	58749	0.32452	0.37277	5.0	4.0	intermediate	intermediate
55589	BMP2K	ENSG00000138756	4	79662532	79847519	264	58749	0.32447	0.37279	2.0	2.0	intermediate	intermediate
219699	UNC5B	ENSG00000107731	10	72937292	73072635	435	58749	0.32334	0.37322	1.0	1.0	low	low
11060	WWP2	ENSG00000198373	16	69761187	69985644	534	58749	0.32328	0.37324	17.0	6.0	high_6	high_10
59269	HIVEP3	ENSG00000127124	1	41962036	42536596	1407	58749	0.3226	0.3735	3.0	3.0	intermediate	intermediate
130106	CIB4	ENSG00000157884	2	26794073	26899211	241	58749	0.32256	0.37352	1.0	1.0	low	low
5224	PGAM2	ENSG00000164708	7	44092326	44140186	118	58749	0.32023	0.3744	1.0	1.0	low	low
6123	RPL3L	ENSG00000140986	16	1984580	2039679	271	58749	0.31976	0.37457	4.0	2.0	intermediate	intermediate
166979	CDC20B	ENSG00000164287	5	54398799	54504005	261	58749	0.31957	0.37465	1.0	1.0	low	low
222234	FAM185A	ENSG00000222011	7	102354399	102459672	180	58749	0.31949	0.37468	6.0	4.0	high_6	intermediate
7852	CXCR4	ENSG00000121966	2	136861919	136910725	76	58749	0.31936	0.37473	12.0	7.0	high_6	high_10
51735	RAPGEF6	ENSG00000158987	5	130749614	131005929	348	58749	0.31928	0.37476	3.0	2.0	intermediate	intermediate
7410	VAV2	ENSG00000160293	9	136617016	136892496	1193	58749	0.31925	0.37477	3.0	2.0	intermediate	intermediate
81553	FAM49A	ENSG00000197872	2	16720727	16882134	446	58749	0.31757	0.3754	11.0	4.0	high_6	high_10
221476	PI16	ENSG00000164530	6	36881039	36942613	212	58749	0.31733	0.3755	2.0	2.0	intermediate	intermediate
206338		ENSG00000172901	5	115263151	115373303	486	58749	0.3168	0.3757	3.0	1.0	intermediate	intermediate
348378	FAM159A	ENSG00000182183	1	53063961	53143252	201	58749	0.3167	0.37574	2.0	1.0	intermediate	intermediate
196883	ADCY4	ENSG00000129467	14	24777555	24839277	201	58749	0.31659	0.37578	1.0	1.0	low	low
80114	BICC1	ENSG00000122870	10	60237774	60601194	783	58749	0.31643	0.37584	8.0	5.0	high_6	intermediate
9723	SEMA3E	ENSG00000170381	7	82983222	83313479	1032	58749	0.31587	0.37605	1.0	1.0	low	low
26130	GAPVD1	ENSG00000165219	9	127989073	128137290	206	58749	0.31455	0.37655	3.0	2.0	intermediate	intermediate
1235	CCR6	ENSG00000112486	6	167490295	167564168	254	58749	0.31386	0.37682	5.0	3.0	intermediate	intermediate
50636	ANO7	ENSG00000146205	2	242092924	242174791	232	58749	0.31378	0.37684	3.0	2.0	intermediate	intermediate
5279	PIGC	ENSG00000135845	1	172400597	172448230	145	58749	0.31362	0.3769	1.0	1.0	low	low
387804	VSTM5	ENSG00000214376	11	93543735	93618668	247	58749	0.31327	0.37704	1.0	1.0	low	low
10023	FRAT1	ENSG00000165879	10	99044022	99091672	193	58749	0.31319	0.37707	1.0	1.0	low	low
9804	TOMM20	ENSG00000173726	1	235262656	235327256	142	58749	0.31305	0.37712	2.0	2.0	intermediate	intermediate
79574	EPS8L3	ENSG00000198758	1	110282702	110341644	179	58749	0.31276	0.37723	10.0	6.0	high_6	high_10
9270	ITGB1BP1	ENSG00000119185	2	9535810	9598698	127	58749	0.31276	0.37723	1.0	1.0	low	low
8904	CPNE1	ENSG00000214078	20	34203953	34287878	183	58749	0.31258	0.3773	5.0	4.0	intermediate	intermediate
10695	CNPY3	ENSG00000137161	6	42861860	42921666	152	58749	0.31229	0.37741	1.0	1.0	low	low
5151	PDE8A	ENSG00000073417	15	85488744	85692376	644	58749	0.31148	0.37772	3.0	3.0	intermediate	intermediate
9351	SLC9A3R2	ENSG00000065054	16	2041869	2099027	162	58749	0.31105	0.37788	3.0	2.0	intermediate	intermediate
6870	TACR3	ENSG00000169836	4	104500625	104675973	429	58749	0.31082	0.37797	4.0	3.0	intermediate	intermediate
10102	TSFM	ENSG00000123297	12	58141528	58206639	80	58749	0.30921	0.37858	5.0	2.0	intermediate	intermediate
256764	WDR72	ENSG00000166415	15	53795938	54090075	1161	58749	0.3074	0.37927	8.0	3.0	high_6	intermediate
25798	BRI3	ENSG00000164713	7	97875972	97962972	222	58749	0.30737	0.37928	1.0	1.0	low	low
9448	MAP4K4	ENSG00000071054	2	102279165	102521152	389	58749	0.30733	0.3793	4.0	2.0	intermediate	intermediate
55536	CDCA7L	ENSG00000164649	7	21930517	22020542	295	58749	0.30724	0.37933	4.0	3.0	intermediate	intermediate
7094	TLN1	ENSG00000137076	9	35687334	35767392	99	58749	0.30646	0.37963	1.0	1.0	low	low
3482	IGF2R	ENSG00000197081	6	160355131	160537583	434	58749	0.30643	0.37964	3.0	1.0	intermediate	intermediate
63901	FAM111A	ENSG00000166801	11	58875219	58932512	109	58749	0.30627	0.3797	2.0	1.0	intermediate	intermediate
390927	ZNF793	ENSG00000188227	19	37962323	38044239	141	58749	0.30625	0.37971	1.0	1.0	low	low
339398	LINGO4	ENSG00000213171	1	151762765	151812882	104	58749	0.30575	0.3799	1.0	1.0	low	low
493860	CCDC73	ENSG00000186714	11	32613626	32851204	650	58749	0.30552	0.37999	2.0	2.0	intermediate	intermediate
149603	RNF187	ENSG00000168159	1	228639277	228707598	119	58749	0.30527	0.38008	1.0	1.0	low	low
23341	DNAJC16	ENSG00000116138	1	15818343	15908228	249	58749	0.30486	0.38024	3.0	2.0	intermediate	intermediate
8559	PRPF18	ENSG00000165630	10	13593939	13682868	237	58749	0.3044	0.38041	1.0	1.0	low	low
5108	PCM1	ENSG00000078674	8	17745364	17897457	730	58749	0.30401	0.38056	3.0	2.0	intermediate	intermediate
57695	USP37	ENSG00000135913	2	219304974	219468084	285	58749	0.30309	0.38091	2.0	1.0	intermediate	intermediate
3381	IBSP	ENSG00000029559	4	88685702	88743601	175	58749	0.30093	0.38173	4.0	3.0	intermediate	intermediate
93134	ZNF561	ENSG00000171469	19	9708002	9766916	116	58749	0.30028	0.38198	1.0	1.0	low	low
50700	RDH8	ENSG00000080511	19	10088925	10142954	287	58749	0.30006	0.38206	1.0	1.0	low	low
221443	OARD1	ENSG00000124596	6	41024526	41075207	88	58749	0.29979	0.38217	1.0	1.0	low	low
58484	NLRC4	ENSG00000091106	2	32439518	32525812	188	58749	0.29884	0.38253	1.0	1.0	low	low
199731	CADM4	ENSG00000105767	19	44116519	44178991	166	58749	0.29873	0.38257	1.0	1.0	low	low
143888	KDELC2	ENSG00000178202	11	108332832	108404169	114	58749	0.29816	0.38279	12.0	2.0	high_6	high_10
167127	UGT3A2	ENSG00000168671	5	36025119	36102023	206	58749	0.29774	0.38295	3.0	3.0	intermediate	intermediate
83479	DDX59	ENSG00000118197	1	200599935	200674126	237	58749	0.29632	0.38349	1.0	1.0	low	low
57505	AARS2	ENSG00000124608	6	44256463	44316094	171	58749	0.29591	0.38365	1.0	1.0	low	low
646851	FAM227A	ENSG00000184949	22	38964125	39087634	302	58749	0.29572	0.38372	2.0	2.0	intermediate	intermediate
165100	C2orf57	ENSG00000177673	2	232422575	232468994	108	58749	0.29517	0.38393	2.0	2.0	intermediate	intermediate
4036	LRP2	ENSG00000081479	2	169973619	170254123	827	58749	0.29488	0.38404	3.0	3.0	intermediate	intermediate
96459	FNIP1	ENSG00000217128	5	130967407	131167756	261	58749	0.29459	0.38415	3.0	3.0	intermediate	intermediate
113510	HELQ	ENSG00000163312	4	84318496	84412162	160	58749	0.29454	0.38417	1.0	1.0	low	low
3815	KIT	ENSG00000157404	4	55489095	55616881	349	58749	0.29445	0.38421	3.0	3.0	intermediate	intermediate
79778	MICALL2	ENSG00000164877	7	1463995	1534138	220	58749	0.29422	0.38429	1.0	1.0	low	low
253769	WDR27	ENSG00000184465	6	169847303	170137159	821	58749	0.29303	0.38475	2.0	2.0	intermediate	intermediate
81327	OR4A16	ENSG00000181961	11	55075677	55121663	173	58749	0.29263	0.3849	1.0	1.0	low	low
389668	XKR9	ENSG00000221947	8	71546600	71658177	315	58749	0.29168	0.38527	3.0	3.0	intermediate	intermediate
8747	ADAM21	ENSG00000139985	14	70883874	70936622	182	58749	0.29155	0.38531	1.0	1.0	low	low
1618	DAZL	ENSG00000092345	3	16618299	16682006	285	58749	0.29052	0.38571	2.0	1.0	intermediate	intermediate
6601	SMARCC2	ENSG00000139613	12	56545636	56618351	56	58749	0.28974	0.38601	7.0	2.0	high_6	intermediate
5306	PITPNA	ENSG00000174238	17	1411283	1501110	288	58749	0.28966	0.38604	1.0	1.0	low	low
8540	AGPS	ENSG00000018510	2	178222471	178418564	346	58749	0.28925	0.3862	1.0	1.0	low	low
22930	RAB3GAP1	ENSG00000115839	2	135774835	135938280	261	58749	0.28817	0.38661	3.0	2.0	intermediate	intermediate
9935	MAFB	ENSG00000204103	20	39304488	39352880	132	58749	0.28815	0.38662	28.0	8.0	high_6	high_10
51110	LACTB2	ENSG00000147592	8	71539501	71616447	222	58749	0.288	0.38667	5.0	4.0	intermediate	intermediate
7111	TMOD1	ENSG00000136842	9	100228462	100377177	299	58749	0.28761	0.38682	4.0	4.0	intermediate	intermediate
84909	C9orf3	ENSG00000148120	9	97453886	97859500	865	58749	0.2874	0.3869	12.0	7.0	high_6	high_10
23567	ZNF346	ENSG00000113761	5	176414681	176518189	349	58749	0.28716	0.38699	5.0	3.0	intermediate	intermediate
29888	STRN4	ENSG00000090372	19	47212768	47285251	177	58749	0.28694	0.38708	1.0	1.0	low	low
64092	SAMSN1	ENSG00000155307	21	15847549	15990723	494	58749	0.2868	0.38713	2.0	2.0	intermediate	intermediate
2065	ERBB3	ENSG00000065361	12	56438809	56507291	91	58749	0.28645	0.38727	5.0	5.0	intermediate	intermediate
221895	JAZF1	ENSG00000153814	7	27860192	28255437	994	58749	0.28583	0.3875	42.0	13.0	high_6	high_10
11148	HHLA2	ENSG00000114455	3	107980353	108107132	416	58749	0.28579	0.38752	1.0	1.0	low	low
146849	CCDC42	ENSG00000161973	17	8623246	8683154	181	58749	0.28572	0.38755	1.0	1.0	low	low
56670	SUCNR1	ENSG00000198829	3	151556431	151609876	137	58749	0.28453	0.388	1.0	1.0	low	low
9992	KCNE2	ENSG00000159197	21	35701323	35753440	156	58749	0.28444	0.38804	15.0	2.0	high_6	high_10
26338	OR5L2	ENSG00000205030	11	55559695	55605630	158	58749	0.28443	0.38804	1.0	1.0	low	low
54878	DPP8	ENSG00000074603	15	65724805	65845040	252	58749	0.28396	0.38822	3.0	2.0	intermediate	intermediate
2264	FGFR4	ENSG00000160867	5	176478906	176535143	187	58749	0.28377	0.38829	3.0	3.0	intermediate	intermediate
4055	LTBR	ENSG00000111321	12	6449534	6510737	176	58749	0.28188	0.38902	15.0	9.0	high_6	high_10
7316	UBC	ENSG00000150991	12	125386192	125434587	163	58749	0.28083	0.38942	3.0	2.0	intermediate	intermediate
9034	CCRL2	ENSG00000121797	3	46413721	46464488	189	58749	0.28048	0.38955	2.0	2.0	intermediate	intermediate
861	RUNX1	ENSG00000159216	21	36150098	36456595	726	58749	0.27995	0.38976	22.0	7.0	high_6	high_10
23186	RCOR1	ENSG00000089902	14	103023996	103206913	457	58749	0.27993	0.38977	1.0	1.0	low	low
5217	PFN2	ENSG00000070087	3	149672691	149723741	121	58749	0.2796	0.38989	1.0	1.0	low	low
9021	SOCS3	ENSG00000184557	17	76342858	76391160	172	58749	0.27922	0.39004	9.0	3.0	high_6	intermediate
4648	MYO7B	ENSG00000169994	2	128258378	128405303	398	58749	0.27871	0.39023	6.0	3.0	high_6	intermediate
338	APOB	ENSG00000084674	2	21214301	21301945	157	58749	0.27799	0.39051	17.0	4.0	high_6	high_10
63892	THADA	ENSG00000115970	2	43447975	43858185	1036	58749	0.27789	0.39055	30.0	12.0	high_6	high_10
4898	NRD1	ENSG00000078618	1	52244864	52379609	264	58749	0.27781	0.39058	1.0	1.0	low	low
253714	MMS22L	ENSG00000146263	6	97580037	97766126	375	58749	0.2775	0.3907	4.0	4.0	intermediate	intermediate
51161	C3orf18	ENSG00000088543	3	50585456	50643458	76	58749	0.27739	0.39074	1.0	1.0	low	low
5205	ATP8B1	ENSG00000081923	18	55303658	55505327	624	58749	0.27591	0.39131	4.0	4.0	intermediate	intermediate
135112	NCOA7	ENSG00000111912	6	126067307	126263176	343	58749	0.27353	0.39222	3.0	3.0	intermediate	intermediate
10218	ANGPTL7	ENSG00000171819	1	11214346	11266038	100	58749	0.2735	0.39224	4.0	3.0	intermediate	intermediate
4907	NT5E	ENSG00000135318	6	86124302	86215509	197	58749	0.27278	0.39251	1.0	1.0	low	low
26281	FGF20	ENSG00000078579	8	16840334	16894674	314	58749	0.27265	0.39256	2.0	1.0	intermediate	intermediate
3175	ONECUT1	ENSG00000169856	15	53039160	53117209	176	58749	0.27215	0.39275	4.0	3.0	intermediate	intermediate
8941	CDK5R2	ENSG00000171450	2	219789350	219836877	60	58749	0.27169	0.39293	3.0	2.0	intermediate	intermediate
221830	TWISTNB	ENSG00000105849	7	19725085	19783660	207	58749	0.2715	0.393	3.0	3.0	intermediate	intermediate
50484	RRM2B	ENSG00000048392	8	103206729	103286346	235	58749	0.27133	0.39307	1.0	1.0	low	low
9457	FHL5	ENSG00000112214	6	96975406	97077806	252	58749	0.27084	0.39326	8.0	3.0	high_6	intermediate
7291	TWIST1	ENSG00000122691	7	19029315	19192295	399	58749	0.2708	0.39327	30.0	6.0	high_6	high_10
1493	CTLA4	ENSG00000163599	2	204697511	204748683	104	58749	0.27042	0.39342	26.0	9.0	high_6	high_10
8310	ACOX3	ENSG00000087008	4	8358009	8477452	403	58749	0.26823	0.39426	2.0	2.0	intermediate	intermediate
170691	ADAMTS17	ENSG00000140470	15	100501643	100917183	2062	58749	0.26792	0.39438	2.0	2.0	intermediate	intermediate
80210	ARMC9	ENSG00000135931	2	232028294	232248606	500	58749	0.26778	0.39444	2.0	2.0	intermediate	intermediate
335	APOA1	ENSG00000118137	11	116696467	116743338	152	58749	0.26724	0.39464	3.0	3.0	intermediate	intermediate
26015	RPAP1	ENSG00000103932	15	41799374	41871464	166	58749	0.2669	0.39477	4.0	4.0	intermediate	intermediate
55691	FRMD4A	ENSG00000151474	10	13675706	14407866	2895	58749	0.26662	0.39488	9.0	8.0	high_6	intermediate
114904	C1QTNF6	ENSG00000133466	22	37566206	37629341	259	58749	0.26611	0.39508	11.0	5.0	high_6	high_10
90874	ZNF697	ENSG00000143067	1	120152000	120225813	179	58749	0.26556	0.39529	3.0	1.0	intermediate	intermediate
6509	SLC1A4	ENSG00000115902	2	65180579	65260999	231	58749	0.26506	0.39548	1.0	1.0	low	low
7099	TLR4	ENSG00000136869	9	120431453	120489769	141	58749	0.26465	0.39564	7.0	5.0	high_6	intermediate
23243	ANKRD28	ENSG00000206560	3	15698743	15936053	468	58749	0.26386	0.39594	2.0	2.0	intermediate	intermediate
11005	SPINK5	ENSG00000133710	5	147408535	147526925	525	58749	0.26341	0.39612	2.0	1.0	intermediate	intermediate
91039	DPP9	ENSG00000142002	19	4665239	4758855	250	58749	0.26338	0.39613	4.0	3.0	intermediate	intermediate
8839	WISP2	ENSG00000064205	20	43308493	43366453	143	58749	0.2631	0.39624	1.0	1.0	low	low
267012	DAOA	ENSG00000182346	13	106083216	106153383	280	58749	0.26279	0.39635	8.0	5.0	high_6	intermediate
142910	LIPJ	ENSG00000204022	10	90311519	90376733	76	58749	0.26144	0.39688	4.0	3.0	intermediate	intermediate
389692	MAFA	ENSG00000182759	8	144500230	144547602	183	58749	0.2611	0.39701	1.0	1.0	low	low
56907	SPIRE1	ENSG00000134278	18	12436511	12696456	720	58749	0.26098	0.39705	1.0	1.0	low	low
2932	GSK3B	ENSG00000082701	3	119530800	119848264	508	58749	0.26085	0.3971	1.0	1.0	low	low
59082	CARD18	ENSG00000255501	11	104998448	105045461	187	58749	0.26069	0.39717	1.0	1.0	low	low
23436	CELA3B	ENSG00000219073	1	22268418	22325847	247	58749	0.2605	0.39724	5.0	2.0	intermediate	intermediate
79097	TRIM48	ENSG00000150244	11	54994658	55048595	259	58749	0.25969	0.39755	4.0	3.0	intermediate	intermediate
55892	MYNN	ENSG00000085274	3	169455619	169517504	93	58749	0.25969	0.39755	23.0	3.0	high_6	high_10
64963	MRPS11	ENSG00000181991	15	88975684	89031861	41	58749	0.25936	0.39768	2.0	2.0	intermediate	intermediate
3560	IL2RB	ENSG00000100385	22	37511878	37587414	250	58749	0.25902	0.39781	3.0	3.0	intermediate	intermediate
22834	ZNF652	ENSG00000198740	17	47356568	47474835	265	58749	0.25877	0.39791	34.0	10.0	high_6	high_10
84458	LCOR	ENSG00000196233	10	98557017	98734198	224	58749	0.25808	0.39817	1.0	1.0	low	low
2074	ERCC6	ENSG00000225830	10	50652526	50782169	312	58749	0.25765	0.39834	1.0	1.0	low	low
728441	GGT1	ENSG00000100031	22	21552261	21629237	2	58749	0.25729	0.39848	5.0	1.0	intermediate	intermediate
353116	RILPL1	ENSG00000188026	12	123945909	124053265	286	58749	0.25526	0.39926	1.0	1.0	low	low
729384	TRIM48	ENSG00000150244	11	89622232	89676231	22	58749	0.25514	0.39931	4.0	3.0	intermediate	intermediate
48	ACO1	ENSG00000122729	9	32349601	32460834	294	58749	0.25446	0.39957	2.0	2.0	intermediate	intermediate
9223	MAGI1	ENSG00000151276	3	65329200	66059511	2397	58749	0.25426	0.39965	6.0	6.0	high_6	intermediate
162282	ANKFN1	ENSG00000153930	17	54195836	54570007	815	58749	0.2542	0.39967	6.0	3.0	high_6	intermediate
256949	KANK3	ENSG00000186994	19	8377468	8443146	226	58749	0.25344	0.39997	4.0	2.0	intermediate	intermediate
474	ATOH1	ENSG00000172238	4	94715078	94761142	144	58749	0.25328	0.40003	5.0	3.0	intermediate	intermediate
158056	MAMDC4	ENSG00000177943	9	139711819	139765251	57	58749	0.25317	0.40007	1.0	1.0	low	low
54477	PLEKHA5	ENSG00000052126	12	19247626	19539334	727	58749	0.25268	0.40026	2.0	2.0	intermediate	intermediate
1045	CDX2	ENSG00000165556	13	28526205	28578505	143	58749	0.25152	0.40071	1.0	1.0	low	low
84456	L3MBTL3	ENSG00000198945	6	130304728	130472594	433	58749	0.25148	0.40072	8.0	5.0	high_6	intermediate
84926	SPRYD3	ENSG00000167778	12	53448100	53508204	149	58749	0.25084	0.40097	2.0	1.0	intermediate	intermediate
8038	ADAM12	ENSG00000148848	10	127690960	128112127	1423	58749	0.25055	0.40108	1.0	1.0	low	low
80760	ITIH5	ENSG00000123243	10	7591232	7743961	626	58749	0.25027	0.40119	1.0	1.0	low	low
55670	PEX26	ENSG00000215193	22	18525686	18583797	206	58749	0.25008	0.40126	1.0	1.0	low	low
28959	TMEM176B	ENSG00000106565	7	150478375	150533448	253	58749	0.24833	0.40194	1.0	1.0	low	low
55591	VEZT	ENSG00000028203	12	95576522	95706566	386	58749	0.24812	0.40202	5.0	2.0	intermediate	intermediate
54941	RNF125	ENSG00000101695	18	29563445	29663154	242	58749	0.24799	0.40207	1.0	1.0	low	low
10105	PPIF	ENSG00000108179	10	81072220	81125090	165	58749	0.24652	0.40264	7.0	5.0	high_6	intermediate
996	CDC27	ENSG00000004897	17	45185310	45301665	244	58749	0.24613	0.40279	3.0	2.0	intermediate	intermediate
200162	SPAG17	ENSG00000155761	1	118486288	118762848	522	58749	0.24494	0.40325	10.0	5.0	high_6	high_10
80776	B9D2	ENSG00000123810	19	41850322	41905078	120	58749	0.24433	0.40349	8.0	4.0	high_6	intermediate
5435	POLR2F	ENSG00000100142	22	38314674	38378463	66	58749	0.24343	0.40383	1.0	1.0	low	low
10249	GLYAT	ENSG00000149124	11	58466230	58534447	268	58749	0.24212	0.40434	1.0	1.0	low	low
11193	WBP4	ENSG00000120688	13	41599973	41668142	84	58749	0.24124	0.40469	1.0	1.0	low	low
26496	OR10A3	ENSG00000170683	11	7950123	7996067	168	58749	0.24104	0.40476	1.0	1.0	low	low
6764	ST5	ENSG00000166444	11	8704899	8967498	716	58749	0.23952	0.40535	5.0	4.0	intermediate	intermediate
8187	ZNF239	ENSG00000196793	10	44041792	44105066	171	58749	0.23933	0.40543	1.0	1.0	low	low
60526	C2orf43	ENSG00000118961	2	20873788	21057890	394	58749	0.2393	0.40544	3.0	2.0	intermediate	intermediate
22854	NTNG1	ENSG00000162631	1	107647540	108034477	836	58749	0.23923	0.40546	2.0	2.0	intermediate	intermediate
390181	OR5AK2	ENSG00000181273	11	56721389	56767318	149	58749	0.23907	0.40552	5.0	4.0	intermediate	intermediate
5670	PSG2	ENSG00000242221	19	43558362	43621893	335	58749	0.23905	0.40553	2.0	1.0	intermediate	intermediate
55049	C19orf60	ENSG00000006015	19	18664495	18713147	133	58749	0.23837	0.4058	1.0	1.0	low	low
251	ALPPL2	ENSG00000163286	2	233236552	233285424	140	58749	0.23562	0.40686	1.0	1.0	low	low
5957	RCVRN	ENSG00000109047	17	9791027	9843684	218	58749	0.23556	0.40689	3.0	2.0	intermediate	intermediate
391	RHOG	ENSG00000177105	11	3838208	3897213	138	58749	0.23357	0.40766	4.0	3.0	intermediate	intermediate
286144	TRIQK	ENSG00000205133	8	93885758	94013372	214	58749	0.23292	0.40791	3.0	3.0	intermediate	intermediate
23411	SIRT1	ENSG00000096717	10	69609427	69688147	191	58749	0.23291	0.40791	1.0	1.0	low	low
6006	RHCE	ENSG00000188672	1	25677853	25782363	125	58749	0.23258	0.40804	2.0	2.0	intermediate	intermediate
121536	AEBP2	ENSG00000139154	12	19557608	19685173	554	58749	0.23249	0.40808	3.0	1.0	intermediate	intermediate
23091	ZC3H13	ENSG00000123200	13	46518600	46661896	315	58749	0.23192	0.4083	1.0	1.0	low	low
286827	TRIM59	ENSG00000213186	3	160143291	160202626	116	58749	0.23169	0.40839	4.0	3.0	intermediate	intermediate
126204	NLRP13	ENSG00000173572	19	56393058	56478702	349	58749	0.2303	0.40893	1.0	1.0	low	low
7709	ZBTB17	ENSG00000116809	1	16258364	16337627	225	58749	0.23002	0.40904	3.0	1.0	intermediate	intermediate
221002	RASGEF1A	ENSG00000198915	10	43679983	43797367	364	58749	0.22981	0.40912	1.0	1.0	low	low
1846	DUSP4	ENSG00000120875	8	29180579	29243267	161	58749	0.22926	0.40933	2.0	1.0	intermediate	intermediate
9655	SOCS5	ENSG00000171150	2	46891099	46999927	408	58749	0.2284	0.40967	1.0	1.0	low	low
10663	CXCR6	ENSG00000172215	3	45949973	45999845	122	58749	0.22822	0.40974	1.0	1.0	low	low
54897	CASZ1	ENSG00000130940	1	10686661	10891733	590	58749	0.22721	0.41013	30.0	11.0	high_6	high_10
6563	SLC14A1	ENSG00000141469	18	43269088	43342485	336	58749	0.22658	0.41038	3.0	2.0	intermediate	intermediate
148022	TICAM1	ENSG00000127666	19	4805936	4866754	242	58749	0.22655	0.41039	10.0	5.0	high_6	high_10
5141	PDE4A	ENSG00000065989	19	10492449	10590307	180	58749	0.22649	0.41041	7.0	4.0	high_6	intermediate
364	AQP7	ENSG00000165269	9	33374948	33437643	212	58749	0.22622	0.41052	1.0	1.0	low	low
8838	WISP3	ENSG00000112761	6	112340278	112400889	113	58749	0.22575	0.4107	1.0	1.0	low	low
133957	CCDC127	ENSG00000164366	5	194875	253333	290	58749	0.22552	0.41079	2.0	1.0	intermediate	intermediate
78994	PRR14	ENSG00000156858	16	30627038	30677734	44	58749	0.22414	0.41132	1.0	1.0	low	low
2213	FCGR2B	ENSG00000072694	1	161597905	161658444	76	58749	0.22386	0.41143	3.0	3.0	intermediate	intermediate
7092	TLL1	ENSG00000038295	4	166759390	167036330	699	58749	0.22376	0.41147	6.0	6.0	high_6	intermediate
56606	SLC2A9	ENSG00000109667	4	9817848	10076872	1153	58749	0.2221	0.41212	9.0	5.0	high_6	intermediate
5992	RFX4	ENSG00000111783	12	106941685	107166582	473	58749	0.22189	0.4122	2.0	1.0	intermediate	intermediate
84056	KATNAL1	ENSG00000102781	13	30766767	30916624	422	58749	0.22043	0.41277	1.0	1.0	low	low
353134	LCE1D	ENSG00000172155	1	152734227	152780657	117	58749	0.21957	0.4131	3.0	2.0	intermediate	intermediate
79575	ABHD8	ENSG00000127220	19	17392940	17449282	196	58749	0.21942	0.41316	4.0	1.0	intermediate	intermediate
4776	NFATC4	ENSG00000100968	14	24799885	24858810	199	58749	0.21866	0.41346	1.0	1.0	low	low
4311	MME	ENSG00000196549	3	154762436	154911518	339	58749	0.2186	0.41348	2.0	2.0	intermediate	intermediate
7763	ZFAND5	ENSG00000107372	9	74956341	75015163	129	58749	0.21758	0.41388	2.0	1.0	intermediate	intermediate
56938	ARNTL2	ENSG00000029153	12	27450787	27588746	389	58749	0.21717	0.41404	1.0	1.0	low	low
1667	DEFA1	ENSG00000206047	8	6825171	6872614	37	58749	0.21691	0.41414	1.0	1.0	low	low
389383	CLPSL2	ENSG00000196748	6	35709343	35757329	152	58749	0.21631	0.41437	4.0	4.0	intermediate	intermediate
220988	HNRNPA3	ENSG00000170144	2	178041063	178098687	65	58749	0.21587	0.41455	1.0	1.0	low	low
114905	C1QTNF7	ENSG00000163145	4	15306560	15457791	482	58749	0.21584	0.41456	3.0	2.0	intermediate	intermediate
5985	RFC5	ENSG00000111445	12	118419506	118480044	171	58749	0.21497	0.41489	1.0	1.0	low	low
6874	TAF4	ENSG00000130699	20	60539854	60675866	386	58749	0.21486	0.41494	1.0	1.0	low	low
390	RND3	ENSG00000115963	2	151314707	151379209	157	58749	0.21462	0.41503	3.0	3.0	intermediate	intermediate
201475	RAB12	ENSG00000206418	18	8574443	8649380	288	58749	0.2145	0.41508	1.0	1.0	low	low
6732	SRPK1	ENSG00000096063	6	35790811	35923957	271	58749	0.21377	0.41536	4.0	2.0	intermediate	intermediate
4504	MT3	ENSG00000087250	16	56588267	56635000	199	58749	0.21354	0.41545	1.0	1.0	low	low
6168	RPL37A	ENSG00000197756	2	217328520	217376190	159	58749	0.21314	0.41561	2.0	2.0	intermediate	intermediate
25903	OLFML2B	ENSG00000162745	1	161942982	162029172	247	58749	0.21297	0.41567	2.0	2.0	intermediate	intermediate
4528	MTIF2	ENSG00000085760	2	55453756	55531384	221	58749	0.21276	0.41576	1.0	1.0	low	low
261729	STEAP2	ENSG00000157214	7	89806000	89876992	194	58749	0.21273	0.41577	1.0	1.0	low	low
162461	TMEM92	ENSG00000167105	17	48313767	48368846	178	58749	0.21264	0.4158	1.0	1.0	low	low
2690	GHR	ENSG00000112964	5	42388577	42731980	633	58749	0.21249	0.41586	1.0	1.0	low	low
23569	PADI4	ENSG00000159339	1	17599690	17700495	503	58749	0.21222	0.41597	4.0	2.0	intermediate	intermediate
7849	PAX8	ENSG00000125618	2	113963574	114071527	363	58749	0.21199	0.41606	14.0	6.0	high_6	high_10
3559	IL2RA	ENSG00000134460	10	6042657	6139333	395	58749	0.21196	0.41607	47.0	12.0	high_6	high_10
7249	TSC2	ENSG00000103197	16	2062472	2148713	205	58749	0.21193	0.41608	1.0	1.0	low	low
1024	CDK8	ENSG00000132964	13	26793262	26989375	483	58749	0.21072	0.41655	1.0	1.0	low	low
9103	FCGR2C	ENSG00000244682	1	161516129	161581010	63	58749	0.2104	0.41668	2.0	2.0	intermediate	intermediate
8320	EOMES	ENSG00000163508	3	27747440	27799206	143	58749	0.21016	0.41677	10.0	3.0	high_6	high_10
440026	TMEM41B	ENSG00000166471	11	9292201	9371315	246	58749	0.21011	0.41679	2.0	2.0	intermediate	intermediate
10017	BCL2L10	ENSG00000137875	15	52391490	52439972	108	58749	0.20907	0.4172	1.0	1.0	low	low
388523	ZNF728	ENSG00000269067	19	23147685	23221010	215	58749	0.20899	0.41723	1.0	1.0	low	low
5837	PYGM	ENSG00000068976	11	64503861	64563187	64	58749	0.20891	0.41726	1.0	1.0	low	low
6456	SH3GL2	ENSG00000107295	9	17543953	17807122	1132	58749	0.20775	0.41771	4.0	4.0	intermediate	intermediate
10146	G3BP1	ENSG00000145907	5	151116476	151194915	161	58749	0.20719	0.41793	1.0	1.0	low	low
23371	TENC1	ENSG00000111077	12	53405810	53468163	167	58749	0.20676	0.4181	10.0	5.0	high_6	high_10
84335	AKT1S1	ENSG00000204673	19	50362290	50416613	109	58749	0.20646	0.41821	1.0	1.0	low	low
57580	PREX1	ENSG00000124126	20	47230787	47479420	799	58749	0.2061	0.41836	11.0	7.0	high_6	high_10
219287	AMER2	ENSG00000165566	13	25725817	25781426	141	58749	0.20596	0.41841	1.0	1.0	low	low
341799	OR6S1	ENSG00000181803	14	21098855	21144850	206	58749	0.20557	0.41856	1.0	1.0	low	low
11261	CHP1	ENSG00000187446	15	41488341	41584085	282	58749	0.20549	0.4186	4.0	4.0	intermediate	intermediate
64600	PLA2G2F	ENSG00000158786	1	20430823	20486879	141	58749	0.20476	0.41888	2.0	2.0	intermediate	intermediate
3676	ITGA4	ENSG00000115232	2	182286619	182412474	322	58749	0.20466	0.41892	6.0	4.0	high_6	intermediate
114132	SIGLEC11	ENSG00000161640	19	50442250	50499439	189	58749	0.2045	0.41898	1.0	1.0	low	low
65986	ZBTB10	ENSG00000205189	8	81362854	81448500	203	58749	0.20422	0.41909	27.0	11.0	high_6	high_10
8140	SLC7A5	ENSG00000103257	16	87853629	87938100	501	58749	0.20262	0.41971	7.0	5.0	high_6	intermediate
2215	FCGR3B	ENSG00000162747	1	161582986	161636753	81	58749	0.20252	0.41975	5.0	4.0	intermediate	intermediate
170690	ADAMTS16	ENSG00000145536	5	5105443	5330412	954	58749	0.20248	0.41977	14.0	7.0	high_6	high_10
26589	MRPL46	ENSG00000259494	15	88992709	89045633	52	58749	0.20247	0.41977	1.0	1.0	low	low
129807	NEU4	ENSG00000204099	2	242714920	242768742	157	58749	0.20047	0.42056	6.0	3.0	high_6	intermediate
283450	HECTD4	ENSG00000173064	12	112587992	112855113	270	58749	0.19953	0.42092	16.0	7.0	high_6	high_10
1908	EDN3	ENSG00000124205	20	57840499	57911047	170	58749	0.19927	0.42103	1.0	1.0	low	low
80216	ALPK1	ENSG00000073331	4	113183480	113373774	494	58749	0.19859	0.42129	1.0	1.0	low	low
285973	ATG9B	ENSG00000181652	7	150699297	150756586	132	58749	0.19799	0.42152	2.0	1.0	intermediate	intermediate
51409	HEMK1	ENSG00000114735	3	50571583	50632422	77	58749	0.19639	0.42215	1.0	1.0	low	low
64850	ETNPPL	ENSG00000164089	4	109653196	109719235	203	58749	0.19595	0.42233	1.0	1.0	low	low
149563	C1orf64	ENSG00000183888	1	16295731	16343184	202	58749	0.19565	0.42244	4.0	3.0	intermediate	intermediate
254910	LCE5A	ENSG00000186207	1	152448320	152494653	109	58749	0.19543	0.42253	9.0	5.0	high_6	intermediate
5283	PIGH	ENSG00000100564	14	68038225	68102017	175	58749	0.19483	0.42276	1.0	1.0	low	low
286319	TUSC1	ENSG00000198680	9	25666387	25713856	165	58749	0.1946	0.42285	2.0	2.0	intermediate	intermediate
3226	HOXC10	ENSG00000180818	12	54339466	54394063	117	58749	0.19428	0.42298	2.0	1.0	intermediate	intermediate
84296	GINS4	ENSG00000147536	8	41351725	41412565	201	58749	0.19399	0.42309	1.0	1.0	low	low
388722	C1orf53	ENSG00000203724	1	197836682	197886497	92	58749	0.19385	0.42315	3.0	3.0	intermediate	intermediate
222487	GPR97	ENSG00000182885	16	57667099	57733290	239	58749	0.19372	0.4232	1.0	1.0	low	low
10486	CAP2	ENSG00000112186	6	17358447	17568023	515	58749	0.19371	0.4232	1.0	1.0	low	low
91801	ALKBH8	ENSG00000137760	11	107363453	107471468	334	58749	0.19188	0.42392	1.0	1.0	low	low
3087	HHEX	ENSG00000152804	10	94414681	94465408	121	58749	0.19149	0.42407	22.0	10.0	high_6	high_10
143162	FRMPD2	ENSG00000170324	10	49354602	49517941	241	58749	0.19124	0.42417	4.0	3.0	intermediate	intermediate
5214	PFKP	ENSG00000067057	10	3074667	3188997	705	58749	0.19015	0.4246	1.0	1.0	low	low
56288	PARD3	ENSG00000148498	10	34388488	35139253	1690	58749	0.19014	0.4246	3.0	3.0	intermediate	intermediate
6605	SMARCE1	ENSG00000073584	17	38771214	38840658	109	58749	0.18861	0.4252	15.0	7.0	high_6	high_10
54811	ZNF561	ENSG00000171469	19	9749330	9820776	201	58749	0.18766	0.42557	1.0	1.0	low	low
79109	MAPKAP1	ENSG00000119487	9	128189673	128504513	503	58749	0.18763	0.42558	5.0	3.0	intermediate	intermediate
340204	CLPSL1	ENSG00000204140	6	35713831	35765841	169	58749	0.18753	0.42562	2.0	2.0	intermediate	intermediate
51375	SNX7	ENSG00000162627	1	99092236	99236056	438	58749	0.1869	0.42587	1.0	1.0	low	low
64332	NFKBIZ	ENSG00000144802	3	101511834	101589869	103	58749	0.18642	0.42606	7.0	4.0	high_6	intermediate
54102	CLIC6	ENSG00000159212	21	36006612	36100525	205	58749	0.18592	0.42626	10.0	4.0	high_6	high_10
7007	TECTA	ENSG00000109927	11	120938375	121072202	317	58749	0.18272	0.42751	1.0	1.0	low	low
10725	NFAT5	ENSG00000102908	16	69564869	69748569	375	58749	0.18213	0.42774	13.0	6.0	high_6	high_10
655	BMP7	ENSG00000101144	20	55733809	55876707	432	58749	0.18189	0.42783	10.0	6.0	high_6	high_10
9308	CD83	ENSG00000112149	6	14082487	14147149	222	58749	0.18122	0.4281	5.0	4.0	intermediate	intermediate
170692	ADAMTS18	ENSG00000140873	16	77306025	77504011	976	58749	0.18105	0.42816	3.0	3.0	intermediate	intermediate
6696	SPP1	ENSG00000118785	4	88861802	88914563	142	58749	0.18102	0.42818	4.0	3.0	intermediate	intermediate
3972	LHB	ENSG00000104826	19	49509237	49555350	135	58749	0.18008	0.42855	1.0	1.0	low	low
80346	REEP4	ENSG00000168476	8	21985533	22034448	130	58749	0.17956	0.42875	1.0	1.0	low	low
79705	LRRK1	ENSG00000154237	15	101424460	101620317	664	58749	0.17886	0.42902	9.0	6.0	high_6	intermediate
2178	FANCE	ENSG00000112039	6	35385116	35444918	181	58749	0.17832	0.42923	2.0	2.0	intermediate	intermediate
3850	KRT3	ENSG00000186442	12	53173469	53224892	176	58749	0.17803	0.42935	2.0	1.0	intermediate	intermediate
54714	CNGB3	ENSG00000170289	8	87576163	87790903	595	58749	0.17715	0.42969	1.0	1.0	low	low
2275	FHL3	ENSG00000183386	1	38452439	38506199	99	58749	0.17712	0.42971	3.0	3.0	intermediate	intermediate
126789	PUSL1	ENSG00000169972	1	1208962	1257057	136	58749	0.1765	0.42995	3.0	3.0	intermediate	intermediate
92597	MOB1B	ENSG00000173542	4	71733043	71863891	213	58749	0.17633	0.43002	3.0	2.0	intermediate	intermediate
2896	GRN	ENSG00000030582	17	42387491	42440474	101	58749	0.17568	0.43027	6.0	3.0	high_6	intermediate
117178	SSX2IP	ENSG00000117155	1	85099390	85191440	216	58749	0.17556	0.43032	2.0	1.0	intermediate	intermediate
857	CAV1	ENSG00000105974	7	116129839	116211239	237	58749	0.17429	0.43082	13.0	6.0	high_6	high_10
1489	CTF1	ENSG00000150281	16	30872928	30924881	63	58749	0.1734	0.43117	5.0	3.0	intermediate	intermediate
51230	PHF20	ENSG00000025293	20	34324923	34548292	543	58749	0.17286	0.43138	2.0	1.0	intermediate	intermediate
54596	L1TD1	ENSG00000240563	1	62625474	62688000	334	58749	0.17251	0.43152	2.0	2.0	intermediate	intermediate
5861	RAB1A	ENSG00000138069	2	65303988	65392435	242	58749	0.17214	0.43166	2.0	2.0	intermediate	intermediate
27314	RAB30	ENSG00000137502	11	82674177	82817965	304	58749	0.17186	0.43177	2.0	2.0	intermediate	intermediate
151531	UPP2	ENSG00000007001	2	158698213	159002666	845	58749	0.1716	0.43188	1.0	1.0	low	low
169841	ZNF169	ENSG00000175787	9	96986578	97075291	280	58749	0.17045	0.43233	3.0	2.0	intermediate	intermediate
6041	RNASEL	ENSG00000135828	1	182532769	182593420	133	58749	0.17013	0.43245	1.0	1.0	low	low
5332	PLCB4	ENSG00000101333	20	9014357	9471463	1032	58749	0.1699	0.43254	3.0	3.0	intermediate	intermediate
29115	SAP30BP	ENSG00000161526	17	73628399	73714139	114	58749	0.16983	0.43257	1.0	1.0	low	low
2218	FKTN	ENSG00000106692	9	108285411	108413399	246	58749	0.16816	0.43323	1.0	1.0	low	low
55819	RNF130	ENSG00000113269	5	179372067	179534118	443	58749	0.16785	0.43335	2.0	2.0	intermediate	intermediate
3037	HAS2	ENSG00000170961	8	122614356	122688675	217	58749	0.16783	0.43336	7.0	6.0	high_6	intermediate
7286	TUFT1	ENSG00000143367	1	151477781	151566059	164	58749	0.16737	0.43354	1.0	1.0	low	low
5139	PDE3A	ENSG00000172572	12	20487179	20850575	1131	58749	0.16736	0.43354	20.0	8.0	high_6	high_10
80013	FAM188A	ENSG00000148481	10	15810173	15937519	169	58749	0.16717	0.43362	2.0	2.0	intermediate	intermediate
1457	CSNK2A1	ENSG00000101266	20	453338	559482	250	58749	0.16704	0.43367	4.0	2.0	intermediate	intermediate
6943	TCF21	ENSG00000118526	6	134175259	134226675	127	58749	0.1664	0.43392	21.0	4.0	high_6	high_10
54873	PALMD	ENSG00000099260	1	100076431	100170097	249	58749	0.16455	0.43465	16.0	4.0	high_6	high_10
57536	KIAA1328	ENSG00000150477	18	34374069	34822095	803	58749	0.16453	0.43466	3.0	1.0	intermediate	intermediate
1084	CEACAM3	ENSG00000170956	19	42265522	42325591	108	58749	0.16427	0.43476	2.0	2.0	intermediate	intermediate
1307	COL16A1	ENSG00000084636	1	32107848	32204768	161	58749	0.16392	0.4349	4.0	3.0	intermediate	intermediate
9232	PTTG1	ENSG00000164611	5	159813865	159865747	119	58749	0.16367	0.435	9.0	5.0	high_6	intermediate
1975	EIF4B	ENSG00000063046	12	53364942	53445993	206	58749	0.16229	0.43554	1.0	1.0	low	low
57153	SLC44A2	ENSG00000129353	19	10678121	10765235	248	58749	0.16211	0.43561	15.0	5.0	high_6	high_10
4089	SMAD4	ENSG00000141646	18	48521583	48621412	98	58749	0.16204	0.43564	6.0	3.0	high_6	intermediate
10599	SLCO1B1	ENSG00000134538	12	21249128	21402730	546	58749	0.16113	0.436	5.0	5.0	intermediate	intermediate
26256	CABYR	ENSG00000154040	18	21683920	21751564	141	58749	0.16062	0.4362	1.0	1.0	low	low
8325	FZD8	ENSG00000177283	10	35917177	35965362	79	58749	0.16025	0.43634	4.0	2.0	intermediate	intermediate
23167	EFR3A	ENSG00000132294	8	132881356	133035889	477	58749	0.15899	0.43684	2.0	2.0	intermediate	intermediate
23224	SYNE2	ENSG00000054654	14	64284683	64703167	1094	58749	0.15859	0.437	8.0	4.0	high_6	intermediate
147011	PROCA1	ENSG00000167525	17	27020214	27074127	54	58749	0.1578	0.43731	1.0	1.0	low	low
355	FAS	ENSG00000026103	10	90715288	90785542	250	58749	0.15754	0.43741	5.0	2.0	intermediate	intermediate
7163	TPD52	ENSG00000076554	8	80937103	81118836	520	58749	0.15701	0.43762	3.0	2.0	intermediate	intermediate
6701	SPRR2B	ENSG00000196805	1	153032717	153079084	153	58749	0.15542	0.43825	1.0	1.0	low	low
92714	ARRDC1	ENSG00000197070	9	140465092	140519812	89	58749	0.1554	0.43825	7.0	3.0	high_6	intermediate
8771	TNFRSF6B	ENSG00000243509	20	62293004	62340051	171	58749	0.15524	0.43832	11.0	7.0	high_6	high_10
7013	TERF1	ENSG00000147601	8	73886097	73969987	167	58749	0.15416	0.43874	2.0	2.0	intermediate	intermediate
169200	TMEM64	ENSG00000180694	8	91624223	91693133	137	58749	0.15382	0.43888	1.0	1.0	low	low
3171	FOXA3	ENSG00000170608	19	46332518	46387055	176	58749	0.15289	0.43924	1.0	1.0	low	low
7142	TNP2	ENSG00000178279	16	11351714	11398160	201	58749	0.15273	0.4393	4.0	4.0	intermediate	intermediate
26476	OR10J1	ENSG00000196184	1	159374512	159420600	123	58749	0.15248	0.4394	2.0	2.0	intermediate	intermediate
121643	FOXN4	ENSG00000139445	12	109705783	109782025	150	58749	0.15227	0.43949	2.0	2.0	intermediate	intermediate
388698	FLG2	ENSG00000143520	1	152311213	152367482	92	58749	0.15206	0.43957	3.0	3.0	intermediate	intermediate
29919	C18orf8	ENSG00000141452	18	21048434	21123311	158	58749	0.15204	0.43958	5.0	4.0	intermediate	intermediate
8882	ZNF259	ENSG00000109917	11	116639276	116693739	164	58749	0.15127	0.43988	23.0	5.0	high_6	high_10
7412	VCAM1	ENSG00000162692	1	101150196	101214601	107	58749	0.15062	0.44014	3.0	2.0	intermediate	intermediate
89927	C16orf45	ENSG00000166780	16	15493325	15692116	335	58749	0.15051	0.44018	3.0	3.0	intermediate	intermediate
200035	NUDT17	ENSG00000186364	1	145576491	145624435	39	58749	0.14884	0.44084	1.0	1.0	low	low
23220	DTX4	ENSG00000110042	11	58904812	58986060	181	58749	0.14743	0.4414	1.0	1.0	low	low
146894	CD300LG	ENSG00000161649	17	41889145	41950997	100	58749	0.14743	0.4414	3.0	2.0	intermediate	intermediate
10636	RGS14	ENSG00000169220	5	176749704	176809599	96	58749	0.14631	0.44184	20.0	6.0	high_6	high_10
55303	GIMAP4	ENSG00000133574	7	150229458	150281043	260	58749	0.14605	0.44194	2.0	2.0	intermediate	intermediate
5918	RARRES1	ENSG00000118849	3	158404892	158485642	238	58749	0.14486	0.44241	1.0	1.0	low	low
2665	GDI2	ENSG00000057608	10	5797186	5890512	259	58749	0.14424	0.44266	1.0	1.0	low	low
57018	CCNL1	ENSG00000163660	3	156854291	156913482	167	58749	0.14336	0.443	12.0	7.0	high_6	high_10
203190	LGI3	ENSG00000168481	8	21994343	22049344	150	58749	0.14286	0.4432	1.0	1.0	low	low
24139	EML2	ENSG00000125746	19	46102658	46183775	252	58749	0.14276	0.44324	4.0	3.0	intermediate	intermediate
23028	KDM1A	ENSG00000004487	1	23310937	23420184	152	58749	0.14266	0.44328	2.0	2.0	intermediate	intermediate
93408	MYL10	ENSG00000106436	7	101246605	101307576	174	58749	0.14147	0.44375	1.0	1.0	low	low
345062	PRSS48	ENSG00000189099	4	152163152	152222719	167	58749	0.14053	0.44412	1.0	1.0	low	low
90523	MLIP	ENSG00000146147	6	53848714	54141078	631	58749	0.13966	0.44446	2.0	2.0	intermediate	intermediate
55188	RIC8B	ENSG00000111785	12	107133077	107293094	244	58749	0.13927	0.44462	6.0	2.0	high_6	intermediate
133383	SETD9	ENSG00000155542	5	56170087	56231359	161	58749	0.13807	0.44509	2.0	2.0	intermediate	intermediate
55114	ARHGAP17	ENSG00000140750	16	24920710	25061695	272	58749	0.13806	0.4451	2.0	2.0	intermediate	intermediate
10111	RAD50	ENSG00000113522	5	131857616	131990313	159	58749	0.13794	0.44514	10.0	4.0	high_6	high_10
1432	MAPK14	ENSG00000112062	6	35960412	36089013	340	58749	0.13706	0.44549	7.0	5.0	high_6	intermediate
26230	TIAM2	ENSG00000146426	6	155281488	155588857	1131	58749	0.13649	0.44572	1.0	1.0	low	low
91120	ZNF682	ENSG00000197124	19	20105227	20185277	330	58749	0.13641	0.44575	4.0	3.0	intermediate	intermediate
150472	CBWD1	ENSG00000172785	2	114160268	114263781	41	58749	0.13635	0.44577	1.0	1.0	low	low
1282	COL4A1	ENSG00000187498	13	110791310	110994496	907	58749	0.1338	0.44678	20.0	4.0	high_6	high_10
2312	FLG	ENSG00000143631	1	152264651	152332679	146	58749	0.13332	0.44697	24.0	9.0	high_6	high_10
420	ART4	ENSG00000111339	12	14972245	15031413	161	58749	0.13267	0.44723	4.0	2.0	intermediate	intermediate
26166	RGS22	ENSG00000132554	8	100963164	101153344	319	58749	0.13267	0.44723	7.0	2.0	high_6	intermediate
197135	PATL2	ENSG00000229474	15	44947930	45005894	38	58749	0.13192	0.44752	1.0	1.0	low	low
23075	SWAP70	ENSG00000133789	11	9650624	9784508	367	58749	0.13157	0.44766	8.0	4.0	high_6	intermediate
158158	RASEF	ENSG00000165105	9	85584500	85713043	173	58749	0.13151	0.44769	2.0	2.0	intermediate	intermediate
57139	RGL3	ENSG00000205517	19	11494732	11565018	142	58749	0.13134	0.44775	16.0	6.0	high_6	high_10
2888	GRB14	ENSG00000115290	2	165339323	165513360	283	58749	0.13128	0.44778	16.0	9.0	high_6	high_10
283927	NUDT7	ENSG00000140876	16	77721389	77819332	555	58749	0.13096	0.4479	5.0	3.0	intermediate	intermediate
4246	SCGB2A1	ENSG00000124939	11	61941140	61991411	169	58749	0.13043	0.44811	1.0	1.0	low	low
54908	SPDL1	ENSG00000040275	5	168975638	169041782	193	58749	0.13006	0.44826	15.0	3.0	high_6	high_10
90288	EFCAB12	ENSG00000172771	3	129110164	129182494	162	58749	0.12941	0.44852	1.0	1.0	low	low
654790	PCP4L1	ENSG00000248485	1	161193517	161265240	230	58749	0.12929	0.44857	1.0	1.0	low	low
79991	OBFC1	ENSG00000107960	10	105627316	105713045	215	58749	0.12927	0.44857	41.0	5.0	high_6	high_10
6581	SLC22A3	ENSG00000146477	6	160734405	160883613	391	58749	0.12912	0.44863	23.0	6.0	high_6	high_10
390077	OR52N2	ENSG00000180988	11	5790018	5852572	300	58749	0.1291	0.44864	2.0	2.0	intermediate	intermediate
347731	LRRTM3	ENSG00000198739	10	68650792	68871309	561	58749	0.12875	0.44878	3.0	2.0	intermediate	intermediate
344658	SAMD7	ENSG00000187033	3	169594360	169666963	228	58749	0.12816	0.44901	2.0	2.0	intermediate	intermediate
53947	A4GALT	ENSG00000128274	22	43078123	43152307	336	58749	0.12751	0.44927	4.0	2.0	intermediate	intermediate
10783	NEK6	ENSG00000119408	9	126984885	127124721	364	58749	0.12729	0.44936	23.0	10.0	high_6	high_10
11085	ADAM30	ENSG00000134249	1	120426156	120474147	84	58749	0.12726	0.44937	5.0	4.0	intermediate	intermediate
8935	SKAP2	ENSG00000005020	7	26687397	27069862	878	58749	0.12657	0.44964	4.0	4.0	intermediate	intermediate
4602	MYB	ENSG00000118513	6	135467453	135550311	171	58749	0.12556	0.45004	6.0	6.0	high_6	intermediate
84624	FNDC1	ENSG00000164694	6	159555429	159703140	631	58749	0.12447	0.45047	1.0	1.0	low	low
9817	KEAP1	ENSG00000079999	19	10586796	10649054	186	58749	0.12317	0.45099	6.0	5.0	high_6	intermediate
2572	GAD2	ENSG00000136750	10	26470236	26603491	372	58749	0.12308	0.45102	1.0	1.0	low	low
10906	TRAFD1	ENSG00000135148	12	112528349	112601408	68	58749	0.12244	0.45128	12.0	6.0	high_6	high_10
84812	PLCD4	ENSG00000115556	2	219437488	219511909	127	58749	0.12191	0.45149	1.0	1.0	low	low
55093	WDYHV1	ENSG00000156795	8	124393965	124464261	284	58749	0.12187	0.4515	1.0	1.0	low	low
84913	ATOH8	ENSG00000168874	2	85945909	86028506	226	58749	0.12135	0.45171	1.0	1.0	low	low
9101	USP8	ENSG00000138592	15	50681579	50803280	354	58749	0.12071	0.45196	11.0	6.0	high_6	high_10
132671	SPATA18	ENSG00000163071	4	52882578	52973461	152	58749	0.12058	0.45201	1.0	1.0	low	low
5340	PLG	ENSG00000122194	6	161088225	161185086	230	58749	0.11925	0.45254	19.0	3.0	high_6	high_10
144699	FBXL14	ENSG00000171823	12	1665159	1738331	233	58749	0.11841	0.45287	1.0	1.0	low	low
83854	ANGPTL6	ENSG00000130812	19	10193013	10250710	114	58749	0.11839	0.45288	3.0	3.0	intermediate	intermediate
91404	SESTD1	ENSG00000187231	2	179956419	180164350	513	58749	0.11734	0.45329	1.0	1.0	low	low
79728	PALB2	ENSG00000083093	16	23604481	23687678	240	58749	0.1165	0.45363	6.0	2.0	high_6	intermediate
84991	RBM17	ENSG00000134453	10	6095949	6169422	257	58749	0.11627	0.45372	9.0	5.0	high_6	intermediate
9167	COX7A2L	ENSG00000115944	2	42567640	42631150	120	58749	0.11581	0.4539	1.0	1.0	low	low
5462	POU5F1B	ENSG00000212993	8	128392131	128439455	153	58749	0.11438	0.45447	54.0	8.0	high_6	high_10
1044	CDX1	ENSG00000113722	5	149511344	149574121	170	58749	0.11416	0.45456	1.0	1.0	low	low
124857	WFIKKN2	ENSG00000173714	17	48877011	48929709	149	58749	0.11315	0.45496	4.0	2.0	intermediate	intermediate
387882	C12orf75	ENSG00000235162	12	105689414	105775296	272	58749	0.11146	0.45563	3.0	3.0	intermediate	intermediate
253461	ZBTB38	ENSG00000177311	3	141008055	141178634	357	58749	0.11118	0.45574	18.0	8.0	high_6	high_10
101929373	SLC9B1	ENSG00000164037	10	42702971	42782290	61	58749	0.11081	0.45588	4.0	3.0	intermediate	intermediate
2992	GYG1	ENSG00000163754	3	148674195	148755456	212	58749	0.10968	0.45633	1.0	1.0	low	low
64768	IPPK	ENSG00000127080	9	95365466	95467547	277	58749	0.10839	0.45684	3.0	2.0	intermediate	intermediate
137392	FAM92A1	ENSG00000188343	8	94677480	94751481	124	58749	0.10834	0.45686	2.0	1.0	intermediate	intermediate
4601	MXI1	ENSG00000119950	10	111932288	112057123	325	58749	0.10827	0.45689	3.0	3.0	intermediate	intermediate
116449	CLNK	ENSG00000109684	4	10481838	10721386	862	58749	0.1076	0.45715	13.0	7.0	high_6	high_10
64211	LHX5	ENSG00000089116	12	113890694	113944877	129	58749	0.1063	0.45767	3.0	3.0	intermediate	intermediate
1674	DES	ENSG00000175084	2	220248099	220301461	115	58749	0.10505	0.45817	1.0	1.0	low	low
93166	PRDM6	ENSG00000061455	5	122389841	122539960	542	58749	0.10477	0.45828	7.0	3.0	high_6	intermediate
79068	FTO	ENSG00000140718	16	53702875	54158379	1361	58749	0.10383	0.45865	126.0	19.0	high_6	high_10
22993	HMGXB3	ENSG00000113716	5	149345169	149442706	213	58749	0.10305	0.45896	2.0	2.0	intermediate	intermediate
91179	SCARF2	ENSG00000244486	22	20768874	20827146	167	58749	0.10215	0.45932	1.0	1.0	low	low
126321	MFSD12	ENSG00000161091	19	3528263	3592582	186	58749	0.10193	0.45941	3.0	2.0	intermediate	intermediate
3684	ITGAM	ENSG00000169896	16	31236288	31354213	209	58749	0.10114	0.45972	5.0	3.0	intermediate	intermediate
93550	ZFAND4	ENSG00000172671	10	46101039	46203251	210	58749	0.1008	0.45986	1.0	1.0	low	low
7580	ZNF32	ENSG00000169740	10	44129307	44179326	145	58749	0.1006	0.45993	9.0	2.0	high_6	intermediate
4923	NTSR1	ENSG00000101188	20	61305189	61404123	415	58749	0.098491	0.46077	2.0	1.0	intermediate	intermediate
441061	MARCH11	ENSG00000183654	5	16057474	16214897	259	58749	0.098284	0.46085	5.0	1.0	intermediate	intermediate
8028	MLLT10	ENSG00000078403	10	21778540	22042559	244	58749	0.097779	0.46105	41.0	12.0	high_6	high_10
3816	KLK1	ENSG00000167748	19	51312402	51362043	213	58749	0.097571	0.46114	3.0	1.0	intermediate	intermediate
133688	UGT3A1	ENSG00000145626	5	35943191	36101639	403	58749	0.097566	0.46114	2.0	1.0	intermediate	intermediate
7225	TRPC6	ENSG00000137672	11	101312295	101489687	754	58749	0.097462	0.46118	2.0	2.0	intermediate	intermediate
7109	TRAPPC10	ENSG00000160218	21	45397206	45536433	284	58749	0.095765	0.46185	1.0	1.0	low	low
9739	SETD1A	ENSG00000099381	16	30933615	31005985	80	58749	0.095532	0.46195	1.0	1.0	low	low
9289	GPR56	ENSG00000205336	16	57618442	57708944	394	58749	0.094436	0.46238	2.0	2.0	intermediate	intermediate
11030	RBPMS	ENSG00000157110	8	30207017	30439778	465	58749	0.093255	0.46285	6.0	3.0	high_6	intermediate
64089	SNX16	ENSG00000104497	8	82701816	82789539	315	58749	0.093034	0.46294	1.0	1.0	low	low
20	ABCA2	ENSG00000107331	9	139891686	139958374	152	58749	0.092955	0.46297	1.0	1.0	low	low
58531	PRM3	ENSG00000178257	16	11357141	11402452	197	58749	0.091413	0.46358	2.0	2.0	intermediate	intermediate
3214	HOXB4	ENSG00000182742	17	46642869	46690743	109	58749	0.0902	0.46406	2.0	1.0	intermediate	intermediate
159296	NKX2-3	ENSG00000119919	10	101257690	101306281	172	58749	0.090088	0.46411	26.0	9.0	high_6	high_10
2835	GPR12	ENSG00000132975	13	27319337	27369922	155	58749	0.089485	0.46435	2.0	1.0	intermediate	intermediate
7053	TGM3	ENSG00000125780	20	2241613	2331725	247	58749	0.088089	0.4649	8.0	1.0	high_6	intermediate
27430	MAT2B	ENSG00000038274	5	162895070	162956359	152	58749	0.087619	0.46509	3.0	1.0	intermediate	intermediate
6584	SLC22A5	ENSG00000197375	5	131670396	131741306	196	58749	0.084881	0.46618	19.0	7.0	high_6	high_10
54971	BANP	ENSG00000172530	16	87949231	88120924	736	58749	0.084471	0.46634	3.0	3.0	intermediate	intermediate
441024	MTHFD2L	ENSG00000163738	4	74954019	75178816	312	58749	0.084266	0.46642	2.0	2.0	intermediate	intermediate
92747	BPIFB1	ENSG00000125999	20	31835941	31907684	173	58749	0.083893	0.46657	1.0	1.0	low	low
7038	TG	ENSG00000042832	8	133844149	134157146	999	58749	0.081701	0.46744	15.0	4.0	high_6	high_10
79658	ARHGAP10	ENSG00000071205	4	148618214	149003927	741	58749	0.0801	0.46808	2.0	1.0	intermediate	intermediate
401546	C9orf152	ENSG00000188959	9	112951841	113005413	213	58749	0.078468	0.46873	2.0	2.0	intermediate	intermediate
10128	LRPPRC	ENSG00000138095	2	44103363	44258144	506	58749	0.077289	0.4692	3.0	3.0	intermediate	intermediate
349136	WDR86	ENSG00000187260	7	151067536	151142775	248	58749	0.075584	0.46987	1.0	1.0	low	low
23269	MGA	ENSG00000174197	15	41878432	42072141	355	58749	0.074995	0.47011	3.0	1.0	intermediate	intermediate
57178	ZMIZ1	ENSG00000108175	10	80793751	81086285	961	58749	0.074207	0.47042	43.0	12.0	high_6	high_10
683	BST1	ENSG00000109743	4	15669573	15751121	280	58749	0.073022	0.47089	2.0	1.0	intermediate	intermediate
389257	LRRC14B	ENSG00000185028	5	156626	205468	201	58749	0.072311	0.47118	1.0	1.0	low	low
54084	TSPEAR	ENSG00000175894	21	45907775	46166495	994	58749	0.072126	0.47125	1.0	1.0	low	low
390664	C1QTNF8	ENSG00000184471	16	1128226	1181244	238	58749	0.071886	0.47135	2.0	2.0	intermediate	intermediate
4218	RAB8A	ENSG00000167461	19	16187490	16254445	182	58749	0.07123	0.47161	1.0	1.0	low	low
1909	EDNRA	ENSG00000151617	4	148367069	148476106	231	58749	0.071087	0.47166	31.0	5.0	high_6	high_10
2289	FKBP5	ENSG00000096060	6	35531362	35731360	399	58749	0.070736	0.4718	8.0	4.0	high_6	intermediate
84814	PPAPDC3	ENSG00000160539	9	134130069	134194649	152	58749	0.070557	0.47187	1.0	1.0	low	low
3763	KCNJ6	ENSG00000157542	21	38986778	39323741	1013	58749	0.069304	0.47237	3.0	2.0	intermediate	intermediate
90134	KCNH7	ENSG00000184611	2	163217917	163730257	1001	58749	0.068982	0.4725	3.0	2.0	intermediate	intermediate
284403	WDR62	ENSG00000075702	19	36510783	36606012	229	58749	0.068859	0.47255	1.0	1.0	low	low
57194	ATP10A	ENSG00000206190	15	25913859	26145304	983	58749	0.068007	0.47289	1.0	1.0	low	low
23034	SAMD4A	ENSG00000020577	14	54998815	55270033	673	58749	0.067267	0.47318	1.0	1.0	low	low
28234	SLCO1B3	ENSG00000111700	12	20928638	21080019	770	58749	0.067126	0.47324	1.0	1.0	low	low
5272	SERPINB9	ENSG00000170542	6	2877499	2938546	192	58749	0.066945	0.47331	1.0	1.0	low	low
23129	PLXND1	ENSG00000004399	3	129264056	129360582	295	58749	0.066484	0.4735	3.0	3.0	intermediate	intermediate
10653	SPINT2	ENSG00000167642	19	38720098	38793254	203	58749	0.066417	0.47352	1.0	1.0	low	low
8929	PHOX2B	ENSG00000109132	4	41736099	41785987	188	58749	0.065045	0.47407	1.0	1.0	low	low
2519	FUCA2	ENSG00000001036	6	143805949	143868020	148	58749	0.064855	0.47414	2.0	2.0	intermediate	intermediate
7414	VCL	ENSG00000035403	10	75722836	75889918	277	58749	0.064303	0.47436	2.0	2.0	intermediate	intermediate
116135	LRRC3B	ENSG00000179796	3	26629300	26762267	306	58749	0.062756	0.47498	5.0	4.0	intermediate	intermediate
5620	PRM2	ENSG00000122304	16	11359493	11405337	210	58749	0.061498	0.47548	1.0	1.0	low	low
1021	CDK6	ENSG00000105810	7	92224235	92500941	327	58749	0.061041	0.47566	14.0	5.0	high_6	high_10
83990	BRIP1	ENSG00000136492	17	59746547	59975920	347	58749	0.060557	0.47586	1.0	1.0	low	low
5366	PMAIP1	ENSG00000141682	18	57532153	57581538	110	58749	0.059119	0.47643	1.0	1.0	low	low
353135	LCE1E	ENSG00000186226	1	152723753	152770902	104	58749	0.057499	0.47707	1.0	1.0	low	low
2834	PRLHR	ENSG00000119973	10	120342916	120390160	210	58749	0.05505	0.47805	2.0	1.0	intermediate	intermediate
1297	COL9A1	ENSG00000112280	6	70915743	71047786	565	58749	0.054853	0.47813	3.0	3.0	intermediate	intermediate
51236	FAM203A	ENSG00000235173	8	145157672	145205620	63	58749	0.054852	0.47813	2.0	2.0	intermediate	intermediate
399939	TRIM48	ENSG00000150244	11	89634640	89685878	19	58749	0.054528	0.47826	4.0	3.0	intermediate	intermediate
3875	KRT18	ENSG00000111057	12	53307655	53356690	133	58749	0.053845	0.47853	3.0	2.0	intermediate	intermediate
253017	TECRL	ENSG00000205678	4	65132024	65310196	560	58749	0.052977	0.47888	1.0	1.0	low	low
1876	E2F6	ENSG00000169016	2	11574501	11641303	208	58749	0.052648	0.47901	3.0	2.0	intermediate	intermediate
6195	RPS6KA1	ENSG00000117676	1	26821249	26911520	192	58749	0.05176	0.47936	3.0	3.0	intermediate	intermediate
79613	TANGO6	ENSG00000103047	16	68842456	69129085	604	58749	0.051741	0.47937	1.0	1.0	low	low
401236	STMND1	ENSG00000230873	6	17067489	17141603	184	58749	0.051645	0.47941	5.0	3.0	intermediate	intermediate
4058	LTK	ENSG00000062524	15	41785840	41841085	145	58749	0.051237	0.47957	1.0	1.0	low	low
6783	SULT1E1	ENSG00000109193	4	70696930	70760870	153	58749	0.051196	0.47958	1.0	1.0	low	low
8539	API5	ENSG00000166181	11	43298505	43376080	146	58749	0.050855	0.47972	1.0	1.0	low	low
84467	FBN3	ENSG00000142449	19	8120286	8249730	630	58749	0.049341	0.48032	1.0	1.0	low	low
389432	SAMD5	ENSG00000203727	6	147794807	148068677	1072	58749	0.049326	0.48033	6.0	3.0	high_6	intermediate
2621	GAS6	ENSG00000183087	13	114513522	114602046	322	58749	0.049107	0.48042	3.0	2.0	intermediate	intermediate
278	AMY1A	ENSG00000237763	1	104252833	104311312	15	58749	0.048218	0.48077	2.0	2.0	intermediate	intermediate
4160	MC4R	ENSG00000166603	18	58028564	58075001	162	58749	0.048099	0.48082	24.0	11.0	high_6	high_10
54600	UGT1A8	ENSG00000241635	2	234545544	234691951	486	58749	0.047612	0.48101	7.0	4.0	high_6	intermediate
9806	SPOCK2	ENSG00000107742	10	73808792	73883790	172	58749	0.047576	0.48103	3.0	3.0	intermediate	intermediate
154043	CNKSR3	ENSG00000153721	6	154716433	154866753	570	58749	0.047556	0.48104	1.0	1.0	low	low
3567	IL5	ENSG00000113525	5	131867136	131927555	66	58749	0.046772	0.48135	2.0	1.0	intermediate	intermediate
25925	ZNF521	ENSG00000198795	18	22631888	22967214	841	58749	0.046024	0.48165	3.0	3.0	intermediate	intermediate
3641	INSL4	ENSG00000120211	9	5196419	5243967	90	58749	0.045015	0.48205	1.0	1.0	low	low
3840	KPNA4	ENSG00000186432	3	160202783	160318376	201	58749	0.044529	0.48224	1.0	1.0	low	low
81578	COL21A1	ENSG00000124749	6	55911388	56147544	857	58749	0.044518	0.48225	3.0	3.0	intermediate	intermediate
28987	NOB1	ENSG00000141101	16	69765757	69823871	122	58749	0.044045	0.48243	4.0	3.0	intermediate	intermediate
286204	CRB2	ENSG00000148204	9	126083448	126151034	184	58749	0.044044	0.48243	3.0	3.0	intermediate	intermediate
51231	VRK3	ENSG00000105053	19	50469724	50564274	261	58749	0.043915	0.48249	1.0	1.0	low	low
84749	USP30	ENSG00000135093	12	109455380	109535831	137	58749	0.043836	0.48252	1.0	1.0	low	low
81789	TIGD6	ENSG00000164296	5	149362686	149415730	123	58749	0.042431	0.48308	2.0	2.0	intermediate	intermediate
53635	PTOV1	ENSG00000104960	19	50318667	50373999	109	58749	0.042084	0.48322	1.0	1.0	low	low
64981	MRPL34	ENSG00000130312	19	17378616	17427652	175	58749	0.041792	0.48333	1.0	1.0	low	low
253959	RALGAPA1	ENSG00000174373	14	35997558	36313432	390	58749	0.041313	0.48352	1.0	1.0	low	low
10200	MPHOSPH6	ENSG00000135698	16	82171767	82238829	408	58749	0.041273	0.48354	3.0	1.0	intermediate	intermediate
7764	ZNF217	ENSG00000171940	20	52173610	52245801	172	58749	0.041207	0.48357	12.0	6.0	high_6	high_10
100132916	FAM159B	ENSG00000145642	5	63951135	64024017	122	58749	0.040993	0.48365	1.0	1.0	low	low
3488	IGFBP5	ENSG00000115461	2	217526828	217595272	185	58749	0.040759	0.48374	9.0	4.0	high_6	intermediate
399	RHOH	ENSG00000168421	4	40157631	40256384	295	58749	0.039849	0.48411	4.0	4.0	intermediate	intermediate
9096	TBX18	ENSG00000112837	6	85432214	85508954	159	58749	0.039467	0.48426	8.0	5.0	high_6	intermediate
171023	ASXL1	ENSG00000171456	20	30911147	31037122	161	58749	0.039001	0.48444	5.0	5.0	intermediate	intermediate
79953	SYNDIG1	ENSG00000101463	20	24414835	24657253	626	58749	0.038765	0.48454	2.0	2.0	intermediate	intermediate
6337	SCNN1A	ENSG00000111319	12	6446009	6521896	216	58749	0.038231	0.48475	1.0	1.0	low	low
222546	RFX6	ENSG00000185002	6	117163376	117263326	279	58749	0.038225	0.48475	8.0	5.0	high_6	intermediate
6932	TCF7	ENSG00000081059	5	133415402	133493920	166	58749	0.037541	0.48503	14.0	7.0	high_6	high_10
4881	NPR1	ENSG00000169418	1	153616093	153676468	84	58749	0.036961	0.48526	1.0	1.0	low	low
3685	ITGAV	ENSG00000138448	2	187419058	187555629	209	58749	0.036453	0.48546	1.0	1.0	low	low
79628	SH3TC2	ENSG00000169247	5	148351713	148477737	308	58749	0.03635	0.4855	3.0	2.0	intermediate	intermediate
79752	ZFAND1	ENSG00000104231	8	82603566	82668539	208	58749	0.035097	0.486	1.0	1.0	low	low
4878	NPPA	ENSG00000175206	1	11895766	11942840	197	58749	0.03391	0.48647	1.0	1.0	low	low
3551	IKBKB	ENSG00000104365	8	42093820	42200171	173	58749	0.03371	0.48655	4.0	3.0	intermediate	intermediate
23118	TAB2	ENSG00000055208	6	149604436	149742747	460	58749	0.033195	0.48676	10.0	6.0	high_6	high_10
83786	FRMD8	ENSG00000126391	11	65119041	65190996	89	58749	0.033083	0.4868	1.0	1.0	low	low
54499	TMCO1	ENSG00000143183	1	165683528	165773159	171	58749	0.033038	0.48682	5.0	2.0	intermediate	intermediate
2475	MTOR	ENSG00000198793	1	11156588	11357614	417	58749	0.032459	0.48705	2.0	2.0	intermediate	intermediate
7301	TYRO3	ENSG00000092445	15	41816220	41881536	160	58749	0.031365	0.48749	1.0	1.0	low	low
81858	SHARPIN	ENSG00000179526	8	145143536	145194140	90	58749	0.031185	0.48756	5.0	3.0	intermediate	intermediate
23682	RAB38	ENSG00000123892	11	87836415	87943635	452	58749	0.0294	0.48827	1.0	1.0	low	low
122704	MRPL52	ENSG00000172590	14	23264088	23314246	213	58749	0.027195	0.48915	2.0	2.0	intermediate	intermediate
90637	ZFAND2A	ENSG00000178381	7	1182543	1234855	305	58749	0.026848	0.48929	1.0	1.0	low	low
128821	CST9L	ENSG00000101435	20	23535369	23584386	179	58749	0.026793	0.48931	1.0	1.0	low	low
89849	ATG16L2	ENSG00000168010	11	72490451	72563793	110	58749	0.026341	0.48949	2.0	2.0	intermediate	intermediate
2650	GCNT1	ENSG00000187210	9	78999752	79132332	476	58749	0.026256	0.48953	1.0	1.0	low	low
115752	DIS3L	ENSG00000166938	15	66550633	66636236	232	58749	0.02584	0.48969	1.0	1.0	low	low
3566	IL4R	ENSG00000077238	16	27290161	27386099	247	58749	0.025788	0.48971	15.0	7.0	high_6	high_10
64215	DNAJC1	ENSG00000136770	10	22035477	22327679	461	58749	0.025588	0.48979	11.0	3.0	high_6	high_10
25776	CBY1	ENSG00000100211	22	39017658	39079859	198	58749	0.025479	0.48984	5.0	5.0	intermediate	intermediate
23742	NPAP1	ENSG00000185823	15	24885541	24938593	264	58749	0.024204	0.49035	2.0	2.0	intermediate	intermediate
923	CD6	ENSG00000013725	11	60704113	60797849	307	58749	0.024106	0.49038	5.0	5.0	intermediate	intermediate
4921	DDR2	ENSG00000162733	1	162567228	162766409	476	58749	0.023706	0.49054	4.0	3.0	intermediate	intermediate
2625	GATA3	ENSG00000107485	10	8052294	8127164	271	58749	0.023371	0.49068	34.0	10.0	high_6	high_10
5934	RBL2	ENSG00000103479	16	53433351	53535560	162	58749	0.022984	0.49083	6.0	4.0	high_6	intermediate
64641	EBF2	ENSG00000221818	8	25689246	25937640	754	58749	0.022471	0.49104	16.0	6.0	high_6	high_10
3234	HOXD8	ENSG00000175879	2	176959422	177007423	96	58749	0.022399	0.49106	3.0	3.0	intermediate	intermediate
285180	RUFY4	ENSG00000188282	2	218864657	218965304	252	58749	0.022387	0.49107	1.0	1.0	low	low
7090	TLE3	ENSG00000140332	15	70330129	70425274	257	58749	0.021962	0.49124	12.0	7.0	high_6	high_10
57706	DENND1A	ENSG00000119522	9	126131933	126727423	1381	58749	0.021219	0.49154	12.0	8.0	high_6	high_10
4356	MPP3	ENSG00000161647	17	41868167	41945547	108	58749	0.020386	0.49187	2.0	1.0	intermediate	intermediate
2288	FKBP4	ENSG00000004478	12	2869108	2924589	116	58749	0.018798	0.4925	2.0	2.0	intermediate	intermediate
55219	TMEM57	ENSG00000204178	1	25722388	25836700	160	58749	0.018641	0.49256	3.0	2.0	intermediate	intermediate
135886	WBSCR28	ENSG00000175877	7	73240489	73290223	108	58749	0.017919	0.49285	2.0	2.0	intermediate	intermediate
51293	CD320	ENSG00000167775	19	8357011	8408439	193	58749	0.016741	0.49332	4.0	2.0	intermediate	intermediate
56605	ERO1LB	ENSG00000086619	1	236368422	236480339	480	58749	0.016635	0.49336	1.0	1.0	low	low
115352	FCRL3	ENSG00000160856	1	157636271	157705775	162	58749	0.016137	0.49356	8.0	5.0	high_6	intermediate
162655	ZNF519	ENSG00000175322	18	14065989	14167489	206	58749	0.014309	0.49429	1.0	1.0	low	low
148741	ANKRD35	ENSG00000198483	1	145514209	145578526	96	58749	0.013495	0.49462	1.0	1.0	low	low
6583	SLC22A4	ENSG00000197208	5	131595145	131689899	239	58749	0.0134	0.49465	10.0	7.0	high_6	high_10
80310	PDGFD	ENSG00000170962	11	103767914	104070027	928	58749	0.013148	0.49475	7.0	4.0	high_6	intermediate
3480	IGF1R	ENSG00000140443	15	99157272	99517759	1023	58749	0.012935	0.49484	5.0	4.0	intermediate	intermediate
23022	PALLD	ENSG00000129116	4	169383215	169859608	1445	58749	0.012859	0.49487	1.0	1.0	low	low
90427	BMF	ENSG00000104081	15	40370091	40436088	98	58749	0.012753	0.49491	5.0	4.0	intermediate	intermediate
56993	TOMM22	ENSG00000100216	22	39042954	39090765	153	58749	0.011493	0.49541	1.0	1.0	low	low
51207	DUSP13	ENSG00000079393	10	76844190	76903976	152	58749	0.010188	0.49594	3.0	2.0	intermediate	intermediate
1236	CCR7	ENSG00000126353	17	38700021	38756736	103	58749	0.010061	0.49599	2.0	2.0	intermediate	intermediate
55717	WDR11	ENSG00000120008	10	122575687	122679038	345	58749	0.0086011	0.49657	10.0	5.0	high_6	high_10
284695	ZNF326	ENSG00000162664	1	90425678	90504101	145	58749	0.0080695	0.49678	3.0	2.0	intermediate	intermediate
80201	HKDC1	ENSG00000156510	10	70945059	71037315	319	58749	0.0074108	0.49704	4.0	3.0	intermediate	intermediate
4736	RPL10A	ENSG00000198755	6	35401178	35448558	149	58749	0.0061895	0.49753	1.0	1.0	low	low
57615	ZNF492	ENSG00000229676	19	22782126	22860472	354	58749	0.0053033	0.49788	3.0	3.0	intermediate	intermediate
10131	TRAP1	ENSG00000126602	16	3698038	3802598	251	58749	0.0048199	0.49808	1.0	1.0	low	low
162515	SLC16A11	ENSG00000174326	17	6934949	6982242	145	58749	0.0046549	0.49814	5.0	3.0	intermediate	intermediate
26579	MYEOV	ENSG00000172927	11	69026613	69074754	143	58749	0.0041524	0.49834	17.0	5.0	high_6	high_10
60559	SPCS3	ENSG00000129128	4	177206090	177263396	253	58749	0.0037962	0.49849	3.0	3.0	intermediate	intermediate
79774	GRTP1	ENSG00000139835	13	113968505	114053463	298	58749	0.0035964	0.49857	1.0	1.0	low	low
83417	FCRL4	ENSG00000163518	1	157533539	157602870	262	58749	0.0030991	0.49876	3.0	3.0	intermediate	intermediate
6504	SLAMF1	ENSG00000117090	1	160569891	160652081	274	58749	0.0028129	0.49888	1.0	1.0	low	low
4883	NPR3	ENSG00000113389	5	32675284	32801830	339	58749	0.0027468	0.4989	7.0	3.0	high_6	intermediate
999	CDH1	ENSG00000039068	16	68736128	68879445	435	58749	0.0013498	0.49946	3.0	1.0	intermediate	intermediate
54659	UGT1A8	ENSG00000241635	2	234602773	234691945	314	58749	0.0011702	0.49953	7.0	4.0	high_6	intermediate
10882	C1QL1	ENSG00000131094	17	43027061	43080644	150	58749	0.00046734	0.49981	1.0	1.0	low	low
196	AHR	ENSG00000106546	7	17303276	17395775	112	58749	3.8011e-05	0.49998	12.0	4.0	high_6	high_10
257068	PLCXD2	ENSG00000240891	3	111358523	111575294	662	58749	-0.0017189	0.50069	1.0	1.0	low	low
7401	CLRN1	ENSG00000163646	3	150633950	150725786	249	58749	-0.0017701	0.50071	1.0	1.0	low	low
10154	PLXNC1	ENSG00000136040	12	94507499	94711451	679	58749	-0.0019579	0.50078	8.0	5.0	high_6	intermediate
8809	IL18R1	ENSG00000115604	2	102944093	103025230	305	58749	-0.0019947	0.5008	22.0	9.0	high_6	high_10
113	ADCY7	ENSG00000121281	16	50243830	50362046	236	58749	-0.0025921	0.50103	11.0	4.0	high_6	high_10
5783	PTPN13	ENSG00000163629	4	87480468	87746332	673	58749	-0.0026212	0.50105	1.0	1.0	low	low
154064	RAET1L	ENSG00000155918	6	150331266	150381668	170	58749	-0.003428	0.50137	2.0	2.0	intermediate	intermediate
1208	CLPS	ENSG00000137392	6	35752759	35800121	108	58749	-0.0043283	0.50173	1.0	1.0	low	low
55740	ENAH	ENSG00000154380	1	225664534	225875845	469	58749	-0.0048183	0.50192	1.0	1.0	low	low
3601	IL15RA	ENSG00000134470	10	5984334	6055150	307	58749	-0.0049611	0.50198	1.0	1.0	low	low
50619	DEF6	ENSG00000023892	6	35230595	35299548	144	58749	-0.0051844	0.50207	2.0	2.0	intermediate	intermediate
84902	CEP89	ENSG00000121289	19	33359904	33497930	528	58749	-0.0052408	0.50209	1.0	1.0	low	low
127602	DNAH14	ENSG00000185842	1	225082356	225596996	1506	58749	-0.0053985	0.50215	1.0	1.0	low	low
131583	FAM43A	ENSG00000185112	3	194371622	194419766	217	58749	-0.0058724	0.50234	1.0	1.0	low	low
84062	DTNBP1	ENSG00000047579	6	15513032	15698289	440	58749	-0.0059532	0.50237	4.0	2.0	intermediate	intermediate
5321	PLA2G4A	ENSG00000116711	1	186763032	186968113	593	58749	-0.0060547	0.50242	1.0	1.0	low	low
10611	PDLIM5	ENSG00000163110	4	95338008	95599378	585	58749	-0.0066286	0.50264	6.0	4.0	high_6	intermediate
51172	NAGPA	ENSG00000103174	16	5064845	5118942	157	58749	-0.0069005	0.50275	2.0	2.0	intermediate	intermediate
1728	NQO1	ENSG00000181019	16	69733304	69795849	140	58749	-0.0083059	0.50331	4.0	3.0	intermediate	intermediate
88	ACTN2	ENSG00000077522	1	236814754	236937931	486	58749	-0.0083986	0.50335	2.0	1.0	intermediate	intermediate
142891	SAMD8	ENSG00000156671	10	76836275	76951881	275	58749	-0.010634	0.50424	2.0	1.0	intermediate	intermediate
128178	EDARADD	ENSG00000186197	1	236522680	236658008	504	58749	-0.012181	0.50486	4.0	2.0	intermediate	intermediate
51654	CDK5RAP1	ENSG00000101391	20	31936645	32024375	105	58749	-0.012567	0.50501	4.0	2.0	intermediate	intermediate
8854	ALDH1A2	ENSG00000128918	15	58235622	58393121	424	58749	-0.01267	0.50505	12.0	6.0	high_6	high_10
11243	PMF1	ENSG00000160783	1	156147779	156219868	156	58749	-0.012675	0.50506	5.0	4.0	intermediate	intermediate
55821	ALLC	ENSG00000151360	2	3670786	3760261	306	58749	-0.01311	0.50523	1.0	1.0	low	low
114879	OSBPL5	ENSG00000021762	11	3098345	3221582	575	58749	-0.015507	0.50619	1.0	1.0	low	low
90634	N4BP2L1	ENSG00000139597	13	32964860	33037490	126	58749	-0.015976	0.50637	4.0	2.0	intermediate	intermediate
26115	TANC2	ENSG00000170921	17	61008913	61515067	845	58749	-0.01805	0.5072	4.0	2.0	intermediate	intermediate
163732	CITED4	ENSG00000179862	1	41316728	41363018	200	58749	-0.018285	0.50729	1.0	1.0	low	low
147841	SPC24	ENSG00000161888	19	11247444	11301563	200	58749	-0.018526	0.50739	8.0	5.0	high_6	intermediate
123970	C16orf78	ENSG00000166152	16	49372808	49443321	151	58749	-0.019376	0.50773	5.0	2.0	intermediate	intermediate
2395	FXN	ENSG00000165060	9	71615479	71725094	385	58749	-0.019691	0.50786	3.0	3.0	intermediate	intermediate
157848	NKX6-3	ENSG00000165066	8	41493829	41543011	157	58749	-0.019826	0.50791	6.0	4.0	high_6	intermediate
3638	INSIG1	ENSG00000186480	7	155054486	155111945	224	58749	-0.019933	0.50795	1.0	1.0	low	low
23533	PIK3R5	ENSG00000141506	17	8772233	8904029	316	58749	-0.020652	0.50824	5.0	3.0	intermediate	intermediate
7035	TFPI	ENSG00000003436	2	188318957	188454219	278	58749	-0.020814	0.5083	2.0	2.0	intermediate	intermediate
113278	SLC52A3	ENSG00000101276	20	730724	791628	361	58749	-0.021616	0.50862	1.0	1.0	low	low
2528	FUT6	ENSG00000156413	19	5820637	5874764	188	58749	-0.021838	0.50871	7.0	5.0	high_6	intermediate
30009	TBX21	ENSG00000073861	17	45775610	45833485	141	58749	-0.022453	0.50896	9.0	5.0	high_6	intermediate
9894	TELO2	ENSG00000100726	16	1508352	1570460	337	58749	-0.023048	0.50919	1.0	1.0	low	low
55806	HR	ENSG00000168453	8	21961932	22023566	169	58749	-0.023297	0.50929	1.0	1.0	low	low
547	KIF1A	ENSG00000130294	2	241643181	241794725	445	58749	-0.023309	0.5093	1.0	1.0	low	low
8495	PPFIBP2	ENSG00000166387	11	7499996	7688537	770	58749	-0.02331	0.5093	3.0	2.0	intermediate	intermediate
286676	ILDR1	ENSG00000145103	3	121696170	121776127	161	58749	-0.024594	0.50981	4.0	2.0	intermediate	intermediate
285386	TPRG1	ENSG00000188001	3	188782910	189051271	623	58749	-0.024776	0.50988	3.0	3.0	intermediate	intermediate
29940	DSE	ENSG00000111817	6	116566231	116772422	459	58749	-0.0261	0.51041	2.0	2.0	intermediate	intermediate
164656	TMPRSS6	ENSG00000187045	22	37451476	37534693	263	58749	-0.026202	0.51045	5.0	4.0	intermediate	intermediate
51668	HSPB11	ENSG00000081870	1	54377234	54446975	133	58749	-0.02636	0.51051	1.0	1.0	low	low
57562	KIAA1377	ENSG00000110318	11	101750746	101881793	318	58749	-0.026703	0.51065	2.0	1.0	intermediate	intermediate
5826	ABCD4	ENSG00000119688	14	74741980	74804767	118	58749	-0.02806	0.51119	1.0	1.0	low	low
85480	TSLP	ENSG00000145777	5	110370778	110423722	100	58749	-0.029741	0.51186	25.0	9.0	high_6	high_10
441376	AARD	ENSG00000205002	8	117915464	117966239	160	58749	-0.031186	0.51244	2.0	2.0	intermediate	intermediate
50507	NOX4	ENSG00000086991	11	89047521	89357779	648	58749	-0.031298	0.51248	11.0	4.0	high_6	high_10
8001	GLRA3	ENSG00000145451	4	175535367	175785465	885	58749	-0.031595	0.5126	1.0	1.0	low	low
6640	SNTA1	ENSG00000101400	20	31985763	32066698	71	58749	-0.032374	0.51291	1.0	1.0	low	low
7098	TLR3	ENSG00000164342	4	186955309	187016252	238	58749	-0.032896	0.51312	6.0	4.0	high_6	intermediate
4092	SMAD7	ENSG00000101665	18	46436223	46512081	248	58749	-0.033261	0.51327	38.0	7.0	high_6	high_10
22870	PPP6R1	ENSG00000105063	19	55731147	55805038	175	58749	-0.03359	0.5134	1.0	1.0	low	low
57722	IGDCC4	ENSG00000103742	15	65663825	65750410	190	58749	-0.035669	0.51423	4.0	3.0	intermediate	intermediate
6369	CCL24	ENSG00000106178	7	75430766	75487674	267	58749	-0.035841	0.5143	2.0	2.0	intermediate	intermediate
7168	TPM1	ENSG00000140416	15	63299838	63374114	276	58749	-0.036904	0.51472	3.0	2.0	intermediate	intermediate
55784	MCTP2	ENSG00000140563	15	94739772	95037181	949	58749	-0.037021	0.51477	1.0	1.0	low	low
4915	NTRK2	ENSG00000148053	9	87248417	87651985	1082	58749	-0.037077	0.51479	4.0	3.0	intermediate	intermediate
9923	ZBTB40	ENSG00000184677	1	22743344	22867650	210	58749	-0.037361	0.5149	12.0	4.0	high_6	high_10
54577	UGT1A7	ENSG00000244122	2	234555584	234691945	472	58749	-0.037481	0.51495	2.0	2.0	intermediate	intermediate
1155	TBCB	ENSG00000105254	19	36570888	36626849	161	58749	-0.037645	0.51501	1.0	1.0	low	low
220382	FAM181B	ENSG00000182103	11	82433046	82479906	107	58749	-0.038723	0.51544	3.0	2.0	intermediate	intermediate
1645	AKR1C1	ENSG00000187134	10	4970454	5030158	235	58749	-0.039187	0.51563	2.0	2.0	intermediate	intermediate
89876	MAATS1	ENSG00000183833	3	119386869	119495949	290	58749	-0.039596	0.51579	1.0	1.0	low	low
58516	FAM60A	ENSG00000139146	12	31423356	31514159	112	58749	-0.041812	0.51668	1.0	1.0	low	low
474344	GIMAP6	ENSG00000133561	7	150312463	150364736	195	58749	-0.042086	0.51678	1.0	1.0	low	low
64342	HS1BP3	ENSG00000118960	2	20807564	20885867	333	58749	-0.042185	0.51682	2.0	2.0	intermediate	intermediate
54986	ULK4	ENSG00000168038	3	41278090	42091080	2341	58749	-0.042522	0.51696	7.0	4.0	high_6	intermediate
1187	CLCNKA	ENSG00000186510	1	16313486	16370548	320	58749	-0.043166	0.51722	11.0	4.0	high_6	high_10
124245	ZC3H18	ENSG00000158545	16	88601789	88708372	450	58749	-0.043486	0.51734	2.0	2.0	intermediate	intermediate
5413	SEPT5	ENSG00000184702	22	19666987	19720845	163	58749	-0.043799	0.51747	1.0	1.0	low	low
23376	UFL1	ENSG00000014123	6	96934702	97013152	143	58749	-0.044164	0.51761	4.0	3.0	intermediate	intermediate
55781	RIOK2	ENSG00000058729	5	96486571	96554005	222	58749	-0.044281	0.51766	2.0	2.0	intermediate	intermediate
5781	PTPN11	ENSG00000179295	12	112821536	112957717	143	58749	-0.044644	0.5178	20.0	9.0	high_6	high_10
125058	TBC1D16	ENSG00000167291	17	77896142	78044657	550	58749	-0.044881	0.5179	1.0	1.0	low	low
10143	CLEC3A	ENSG00000166509	16	78021443	78076003	402	58749	-0.045149	0.51801	1.0	1.0	low	low
388551	CEACAM16	ENSG00000213892	19	45167421	45223986	183	58749	-0.045773	0.51825	4.0	2.0	intermediate	intermediate
144233	BCDIN3D	ENSG00000186666	12	50219826	50271912	151	58749	-0.046135	0.5184	4.0	3.0	intermediate	intermediate
64321	SOX17	ENSG00000164736	8	55335495	55383456	100	58749	-0.046283	0.51846	6.0	2.0	high_6	intermediate
51752	ERAP1	ENSG00000164307	5	96086514	96184848	423	58749	-0.046748	0.51864	19.0	7.0	high_6	high_10
94031	HTRA3	ENSG00000170801	4	8236487	8318838	348	58749	-0.048402	0.5193	3.0	3.0	intermediate	intermediate
340152	ZC3H12D	ENSG00000178199	6	149758766	149841148	243	58749	-0.049246	0.51964	6.0	4.0	high_6	intermediate
54360	CYTL1	ENSG00000170891	4	5006313	5056197	166	58749	-0.049709	0.51982	2.0	1.0	intermediate	intermediate
10867	TSPAN9	ENSG00000011105	12	3151521	3405730	1098	58749	-0.050086	0.51997	1.0	1.0	low	low
22903	BTBD3	ENSG00000132640	20	11836377	11917243	194	58749	-0.050216	0.52002	4.0	2.0	intermediate	intermediate
387357	THEMIS	ENSG00000172673	6	128019339	128274776	488	58749	-0.05175	0.52064	5.0	3.0	intermediate	intermediate
80262	C16orf70	ENSG00000125149	16	67108801	67192442	83	58749	-0.051771	0.52064	1.0	1.0	low	low
845	CASQ2	ENSG00000118729	1	116232624	116346426	458	58749	-0.052555	0.52096	2.0	1.0	intermediate	intermediate
390195	OR5AN1	ENSG00000176495	11	59096932	59142867	110	58749	-0.052771	0.52104	2.0	2.0	intermediate	intermediate
219595	FOLH1	ENSG00000086205	11	89335675	89441886	335	58749	-0.052776	0.52104	7.0	6.0	high_6	intermediate
59336	PRDM13	ENSG00000112238	6	100019650	100073454	161	58749	-0.053599	0.52137	1.0	1.0	low	low
149281	METTL11B	ENSG00000203740	1	170080188	170146923	244	58749	-0.054437	0.52171	13.0	6.0	high_6	high_10
1843	DUSP1	ENSG00000120129	5	172185093	172233203	179	58749	-0.054479	0.52172	5.0	4.0	intermediate	intermediate
9229	DLGAP1	ENSG00000170579	18	3486030	4490310	3352	58749	-0.05478	0.52184	6.0	3.0	high_6	intermediate
79782	LRRC31	ENSG00000114248	3	169547029	169622723	229	58749	-0.055098	0.52197	3.0	1.0	intermediate	intermediate
7702	ZNF143	ENSG00000166478	11	9447512	9560071	214	58749	-0.055486	0.52212	1.0	1.0	low	low
5480	PPIC	ENSG00000168938	5	122349078	122407425	203	58749	-0.055691	0.52221	2.0	2.0	intermediate	intermediate
124935	SLC43A2	ENSG00000167703	17	1467678	1567130	302	58749	-0.055968	0.52232	1.0	1.0	low	low
154150	HDGFL1	ENSG00000112273	6	22534678	22580750	162	58749	-0.056567	0.52256	27.0	8.0	high_6	high_10
5619	PRM1	ENSG00000175646	16	11364693	11410192	214	58749	-0.056756	0.52263	2.0	1.0	intermediate	intermediate
84451		ENSG00000143674	1	233428514	233530894	345	58749	-0.056913	0.52269	2.0	2.0	intermediate	intermediate
93594	TBC1D31	ENSG00000156787	8	124049920	124174393	289	58749	-0.056978	0.52272	1.0	1.0	low	low
3151	HMGN2	ENSG00000198830	1	26763902	26813133	91	58749	-0.057079	0.52276	2.0	1.0	intermediate	intermediate
4330	MN1	ENSG00000169184	22	28134265	28232486	197	58749	-0.057832	0.52306	6.0	5.0	high_6	intermediate
7913	DEK	ENSG00000124795	6	18214400	18299799	196	58749	-0.057889	0.52308	2.0	2.0	intermediate	intermediate
3202	HOXA5	ENSG00000106004	7	27170671	27227309	111	58749	-0.058446	0.5233	2.0	1.0	intermediate	intermediate
862	RUNX1T1	ENSG00000079102	8	92957195	93150454	218	58749	-0.059063	0.52355	7.0	4.0	high_6	intermediate
126006	PCP2	ENSG00000174788	19	7686501	7736282	138	58749	-0.059844	0.52386	1.0	1.0	low	low
9230	RAB11B	ENSG00000185236	19	8420205	8479318	181	58749	-0.061652	0.52458	1.0	1.0	low	low
392255	GDF6	ENSG00000156466	8	97144558	97208020	114	58749	-0.06168	0.52459	7.0	5.0	high_6	intermediate
8651	SOCS1	ENSG00000185338	16	11338274	11385039	182	58749	-0.062129	0.52477	12.0	7.0	high_6	high_10
2308	FOXO1	ENSG00000150907	13	41119801	41275734	309	58749	-0.062133	0.52477	19.0	6.0	high_6	high_10
1902	LPAR1	ENSG00000198121	9	113625542	113836523	615	58749	-0.06298	0.52511	5.0	4.0	intermediate	intermediate
8550	MAPKAPK5	ENSG00000089022	12	112245032	112341228	167	58749	-0.063426	0.52529	12.0	7.0	high_6	high_10
7005	TEAD3	ENSG00000007866	6	35431374	35499884	198	58749	-0.063731	0.52541	1.0	1.0	low	low
2878	GPX3	ENSG00000211445	5	150364999	150418554	151	58749	-0.063942	0.52549	3.0	2.0	intermediate	intermediate
124989	EFCAB13	ENSG00000178852	17	45366327	45528678	438	58749	-0.064496	0.52571	2.0	2.0	intermediate	intermediate
10042	HMGXB4	ENSG00000100281	22	35618445	35701800	197	58749	-0.064878	0.52586	2.0	1.0	intermediate	intermediate
4093	SMAD9	ENSG00000120693	13	37408968	37529409	263	58749	-0.065235	0.52601	6.0	2.0	high_6	intermediate
123103	KLHL33	ENSG00000185271	14	20885866	20939354	205	58749	-0.066241	0.52641	1.0	1.0	low	low
54578	UGT1A6	ENSG00000167165	2	234565321	234691951	451	58749	-0.066466	0.5265	6.0	4.0	high_6	intermediate
5467	PPARD	ENSG00000112033	6	35275335	35405968	280	58749	-0.066759	0.52661	17.0	4.0	high_6	high_10
83690	CRISPLD1	ENSG00000121005	8	75861708	75956793	294	58749	-0.068438	0.52728	1.0	1.0	low	low
8898	MTMR2	ENSG00000087053	11	95556044	95692371	361	58749	-0.069284	0.52762	7.0	2.0	high_6	intermediate
1758	DMP1	ENSG00000152592	4	88536454	88595513	167	58749	-0.069481	0.5277	3.0	3.0	intermediate	intermediate
85027	SMIM3	ENSG00000256235	5	150122508	150186298	144	58749	-0.069707	0.52779	2.0	2.0	intermediate	intermediate
63877	FAM204A	ENSG00000165669	10	120055401	120136839	127	58749	-0.069871	0.52785	3.0	2.0	intermediate	intermediate
11059	WWP1	ENSG00000123124	8	87319965	87490181	458	58749	-0.070076	0.52793	1.0	1.0	low	low
9702	CEP57	ENSG00000166037	11	95488625	95575857	273	58749	-0.071345	0.52844	15.0	7.0	high_6	high_10
6224	RPS20	ENSG00000008988	8	56970739	57022140	161	58749	-0.071614	0.52855	1.0	1.0	low	low
81545	FBXO38	ENSG00000145868	5	147728498	147832399	162	58749	-0.071699	0.52858	5.0	1.0	intermediate	intermediate
50808	AK3	ENSG00000147853	9	4699556	4777043	355	58749	-0.072107	0.52874	2.0	2.0	intermediate	intermediate
8464	SUPT3H	ENSG00000196284	6	44784467	45380788	1793	58749	-0.073043	0.52911	12.0	5.0	high_6	high_10
54905	CYP2W1	ENSG00000073067	7	985100	1039276	219	58749	-0.073158	0.52916	2.0	1.0	intermediate	intermediate
9364	RAB28	ENSG00000157869	4	13333863	13520989	611	58749	-0.073368	0.52924	12.0	3.0	high_6	high_10
317	APAF1	ENSG00000120868	12	99004078	99139211	263	58749	-0.073542	0.52931	8.0	2.0	high_6	intermediate
1108	CHD4	ENSG00000111642	12	6669248	6751551	133	58749	-0.07393	0.52947	3.0	2.0	intermediate	intermediate
57553	MICAL3	ENSG00000243156	22	18260415	18542325	1109	58749	-0.076135	0.53034	4.0	4.0	intermediate	intermediate
3759	KCNJ2	ENSG00000123700	17	68129757	68186189	121	58749	-0.076218	0.53038	9.0	6.0	high_6	intermediate
92912	UBE2Q2	ENSG00000140367	15	76100622	76203388	178	58749	-0.076482	0.53048	2.0	2.0	intermediate	intermediate
29967	LRP12	ENSG00000147650	8	105491459	105636252	242	58749	-0.076831	0.53062	8.0	5.0	high_6	intermediate
22795	NID2	ENSG00000087303	14	52461520	52570949	461	58749	-0.076989	0.53068	8.0	4.0	high_6	intermediate
81556	VWA9	ENSG00000138614	15	65861095	65938627	132	58749	-0.07709	0.53072	1.0	1.0	low	low
157638	FAM84B	ENSG00000168672	8	127554683	127605717	132	58749	-0.077468	0.53087	4.0	3.0	intermediate	intermediate
10327	AKR1A1	ENSG00000117448	1	45981455	46045723	138	58749	-0.077555	0.53091	1.0	1.0	low	low
353145	LCE3E	ENSG00000185966	1	152528175	152574229	71	58749	-0.078119	0.53113	2.0	2.0	intermediate	intermediate
2746	GLUD1	ENSG00000148672	10	88799959	88889776	198	58749	-0.078538	0.5313	2.0	2.0	intermediate	intermediate
6810	STX4	ENSG00000103496	16	31009416	31061489	62	58749	-0.079873	0.53183	2.0	2.0	intermediate	intermediate
3632	INPP5A	ENSG00000068383	10	134316283	134606984	855	58749	-0.079926	0.53185	2.0	2.0	intermediate	intermediate
2980	GUCA2A	ENSG00000197273	1	42618362	42665395	105	58749	-0.079972	0.53187	1.0	1.0	low	low
29974	A1CF	ENSG00000148584	10	52549169	52680435	172	58749	-0.080452	0.53206	5.0	4.0	intermediate	intermediate
5069	PAPPA	ENSG00000182752	9	118881071	119174600	467	58749	-0.080491	0.53208	7.0	5.0	high_6	intermediate
6666	SOX12	ENSG00000177732	20	271215	320872	171	58749	-0.080612	0.53212	1.0	1.0	low	low
51151	SLC45A2	ENSG00000164175	5	33934721	34019780	166	58749	-0.080816	0.53221	26.0	6.0	high_6	high_10
85301	COL27A1	ENSG00000196739	9	116883231	117082975	722	58749	-0.08143	0.53245	14.0	6.0	high_6	high_10
1508	CTSB	ENSG00000164733	8	11690033	11760646	335	58749	-0.081701	0.53256	7.0	5.0	high_6	intermediate
22931	RAB18	ENSG00000099246	10	27758103	27841166	175	58749	-0.082768	0.53298	10.0	5.0	high_6	high_10
94274	PPP1R14A	ENSG00000167641	19	38731877	38782231	157	58749	-0.082826	0.533	4.0	2.0	intermediate	intermediate
3360	HTR4	ENSG00000164270	5	147820595	148069090	627	58749	-0.083174	0.53314	1.0	1.0	low	low
5010	CLDN11	ENSG00000013297	3	170101653	170162479	122	58749	-0.083686	0.53335	1.0	1.0	low	low
143684	FAM76B	ENSG00000077458	11	95492106	95557954	199	58749	-0.084587	0.5337	4.0	2.0	intermediate	intermediate
27031	NPHP3	ENSG00000113971	3	132389453	132476303	160	58749	-0.084687	0.53374	1.0	1.0	low	low
387700	SLC16A12	ENSG00000152779	10	91180051	91330497	379	58749	-0.08488	0.53382	3.0	2.0	intermediate	intermediate
7113	TMPRSS2	ENSG00000184012	21	42826236	42915085	394	58749	-0.085308	0.53399	3.0	2.0	intermediate	intermediate
59	ACTA2	ENSG00000107796	10	90684831	90786147	322	58749	-0.086046	0.53428	2.0	1.0	intermediate	intermediate
2533	FYB	ENSG00000082074	5	39095354	39305759	514	58749	-0.086338	0.5344	1.0	1.0	low	low
145258	GSC	ENSG00000133937	14	95224560	95271499	146	58749	-0.086619	0.53451	4.0	2.0	intermediate	intermediate
57002	YAE1D1	ENSG00000241127	7	39570984	39661681	270	58749	-0.088135	0.53512	2.0	2.0	intermediate	intermediate
5032	P2RY11	ENSG00000244165	19	10187197	10236065	109	58749	-0.088416	0.53523	1.0	1.0	low	low
130340	AP1S3	ENSG00000152056	2	224606403	224737319	422	58749	-0.089007	0.53546	5.0	3.0	intermediate	intermediate
84272	YIPF4	ENSG00000119820	2	32467958	32543074	152	58749	-0.089192	0.53554	2.0	2.0	intermediate	intermediate
152273	FGD5	ENSG00000154783	3	14817247	14986072	656	58749	-0.089555	0.53568	7.0	2.0	high_6	intermediate
6694	SPP2	ENSG00000072080	2	234924346	234995776	365	58749	-0.089925	0.53583	2.0	1.0	intermediate	intermediate
221711	SYCP2L	ENSG00000153157	6	10852064	10984542	381	58749	-0.090184	0.53593	1.0	1.0	low	low
55622	TTC27	ENSG00000018699	2	32818087	33056118	776	58749	-0.090278	0.53597	2.0	2.0	intermediate	intermediate
54510	PCDH18	ENSG00000189184	4	138430072	138488629	196	58749	-0.091859	0.5366	1.0	1.0	low	low
54916	TMEM260	ENSG00000070269	14	57011509	57126233	351	58749	-0.092384	0.5368	1.0	1.0	low	low
6097	RORC	ENSG00000143365	1	151768547	151839348	162	58749	-0.092793	0.53697	12.0	5.0	high_6	high_10
51564	HDAC7	ENSG00000061273	12	48166505	48248763	241	58749	-0.093111	0.53709	13.0	7.0	high_6	high_10
2071	ERCC3	ENSG00000163161	2	128004866	128086752	173	58749	-0.093159	0.53711	1.0	1.0	low	low
131831	FAM194A	ENSG00000163645	3	150367672	150456786	229	58749	-0.093568	0.53727	1.0	1.0	low	low
2070	EYA4	ENSG00000112319	6	133526512	133863258	925	58749	-0.094297	0.53756	11.0	5.0	high_6	high_10
56341	PRMT8	ENSG00000111218	12	3455515	3713139	658	58749	-0.094745	0.53774	1.0	1.0	low	low
50509	COL5A3	ENSG00000080573	19	10060237	10156147	452	58749	-0.095129	0.53789	1.0	1.0	low	low
92421	CHMP4C	ENSG00000164695	8	82609688	82681750	225	58749	-0.096098	0.53828	3.0	2.0	intermediate	intermediate
80005	DOCK5	ENSG00000147459	8	25007287	25283227	728	58749	-0.096317	0.53837	3.0	3.0	intermediate	intermediate
3945	LDHB	ENSG00000111716	12	21778275	21845789	108	58749	-0.096778	0.53855	1.0	1.0	low	low
64388	GREM2	ENSG00000180875	1	240642873	240810462	477	58749	-0.097269	0.53874	5.0	3.0	intermediate	intermediate
10912	GADD45G	ENSG00000130222	9	92184913	92231470	183	58749	-0.099185	0.5395	6.0	4.0	high_6	intermediate
125	ADH1B	ENSG00000196616	4	100217527	100277572	239	58749	-0.099333	0.53956	29.0	10.0	high_6	high_10
326	AIRE	ENSG00000160224	21	45670721	45728102	231	58749	-0.10037	0.53998	3.0	3.0	intermediate	intermediate
5052	PRDX1	ENSG00000117450	1	45966707	46023562	129	58749	-0.10114	0.54028	2.0	2.0	intermediate	intermediate
1977	EIF4E	ENSG00000151247	4	99789607	99886786	257	58749	-0.10154	0.54044	1.0	1.0	low	low
10056	FARSB	ENSG00000116120	2	223426162	223555827	350	58749	-0.10205	0.54064	1.0	1.0	low	low
4319	MMP10	ENSG00000166670	11	102631233	102686359	188	58749	-0.10226	0.54073	1.0	1.0	low	low
25976	TIPARP	ENSG00000163659	3	156357205	156434559	210	58749	-0.10377	0.54133	4.0	1.0	intermediate	intermediate
65005	MRPL9	ENSG00000143436	1	151722119	151771040	118	58749	-0.10409	0.54145	2.0	2.0	intermediate	intermediate
718	C3	ENSG00000125730	19	6667846	6755662	303	58749	-0.10632	0.54234	10.0	4.0	high_6	high_10
2628	GATM	ENSG00000171766	15	45643322	45705980	128	58749	-0.10734	0.54274	2.0	1.0	intermediate	intermediate
5336	PLCG2	ENSG00000197943	16	81777899	82006290	1277	58749	-0.10777	0.54291	14.0	6.0	high_6	high_10
153241	CEP120	ENSG00000168944	5	122670579	122794286	326	58749	-0.10808	0.54303	10.0	6.0	high_6	high_10
6203	RPS9	ENSG00000170889	19	54669608	54721515	178	58749	-0.10824	0.5431	1.0	1.0	low	low
10253	SPRY2	ENSG00000136158	13	80900111	80950086	114	58749	-0.10922	0.54349	19.0	8.0	high_6	high_10
5858	PZP	ENSG00000126838	12	9291436	9395966	270	58749	-0.10978	0.54371	2.0	2.0	intermediate	intermediate
4782	NFIC	ENSG00000141905	19	3324561	3479215	532	58749	-0.10999	0.54379	1.0	1.0	low	low
4864	NPC1	ENSG00000141458	18	21076148	21201581	235	58749	-0.11005	0.54382	4.0	4.0	intermediate	intermediate
4016	LOXL1	ENSG00000129038	15	74183789	74254478	245	58749	-0.11102	0.5442	17.0	6.0	high_6	high_10
1761	DMRT1	ENSG00000137090	9	806690	979090	807	58749	-0.11156	0.54441	8.0	3.0	high_6	intermediate
131034	CPNE4	ENSG00000196353	3	131242413	131794152	2145	58749	-0.11157	0.54442	6.0	4.0	high_6	intermediate
7046	TGFBR1	ENSG00000106799	9	101832412	101926474	164	58749	-0.11192	0.54456	5.0	3.0	intermediate	intermediate
64090	GAL3ST2	ENSG00000154252	2	242681240	242753702	241	58749	-0.11221	0.54467	5.0	4.0	intermediate	intermediate
9497	SLC4A7	ENSG00000033867	3	27404212	27560911	496	58749	-0.11279	0.5449	8.0	4.0	high_6	intermediate
137970	UNC5D	ENSG00000156687	8	35057975	35664068	1008	58749	-0.11354	0.5452	11.0	3.0	high_6	high_10
5744	PTHLH	ENSG00000087494	12	28101017	28160664	179	58749	-0.11416	0.54545	16.0	6.0	high_6	high_10
340900	EBLN1	ENSG00000223601	10	22487743	22533912	111	58749	-0.11466	0.54564	8.0	5.0	high_6	intermediate
7311	UBA52	ENSG00000221983	19	18639576	18698270	121	58749	-0.11494	0.54575	1.0	1.0	low	low
112755	STX1B	ENSG00000099365	16	30990577	31056829	79	58749	-0.11522	0.54587	1.0	1.0	low	low
3852	KRT5	ENSG00000186081	12	52898359	52949328	222	58749	-0.11547	0.54596	11.0	3.0	high_6	high_10
57648	KIAA1522	ENSG00000162522	1	33172492	33250571	141	58749	-0.116	0.54618	1.0	1.0	low	low
3698	ITIH2	ENSG00000151655	10	7710236	7801483	376	58749	-0.11621	0.54626	2.0	2.0	intermediate	intermediate
11022	TDRKH	ENSG00000182134	1	151732741	151798052	148	58749	-0.11679	0.54649	5.0	3.0	intermediate	intermediate
11011	TLK2	ENSG00000146872	17	60519447	60702842	197	58749	-0.11708	0.5466	1.0	1.0	low	low
169693	TMEM252	ENSG00000181778	9	71141496	71190783	113	58749	-0.11714	0.54662	1.0	1.0	low	low
58513	EPS15L1	ENSG00000127527	19	16456055	16617823	340	58749	-0.11737	0.54672	1.0	1.0	low	low
9023	CH25H	ENSG00000138135	10	90955694	91002071	120	58749	-0.11811	0.54701	3.0	2.0	intermediate	intermediate
340146	SLC35D3	ENSG00000182747	6	137208402	137256777	107	58749	-0.11819	0.54704	2.0	2.0	intermediate	intermediate
6569	SLC34A1	ENSG00000131183	5	176776432	176835849	86	58749	-0.11895	0.54734	3.0	1.0	intermediate	intermediate
1364	CLDN4	ENSG00000189143	7	73210193	73257015	101	58749	-0.12016	0.54782	2.0	2.0	intermediate	intermediate
399697	CTXN2	ENSG00000233932	15	48435546	48505951	6	58749	-0.12085	0.54809	5.0	2.0	intermediate	intermediate
64135	IFIH1	ENSG00000115267	2	163113589	163210218	160	58749	-0.12163	0.5484	24.0	12.0	high_6	high_10
815	CAMK2A	ENSG00000070808	5	149589054	149704403	259	58749	-0.12231	0.54867	2.0	1.0	intermediate	intermediate
10103	TSPAN1	ENSG00000117472	1	46605749	46661634	67	58749	-0.12245	0.54873	3.0	3.0	intermediate	intermediate
7570	ZNF22	ENSG00000165512	10	45461273	45510777	122	58749	-0.12265	0.54881	1.0	1.0	low	low
5163	PDK1	ENSG00000152256	2	173385101	173500351	399	58749	-0.12271	0.54883	3.0	3.0	intermediate	intermediate
28955	DEXI	ENSG00000182108	16	11012748	11071257	158	58749	-0.12288	0.5489	1.0	1.0	low	low
85013	TMEM128	ENSG00000132406	4	4227269	4284965	271	58749	-0.1238	0.54926	5.0	4.0	intermediate	intermediate
9340	GLP2R	ENSG00000065325	17	9694152	9804269	473	58749	-0.12438	0.54949	1.0	1.0	low	low
9352	TXNL1	ENSG00000091164	18	54260053	54340920	165	58749	-0.12565	0.54999	10.0	7.0	high_6	high_10
6574	SLC20A1	ENSG00000144136	2	113368434	113431402	179	58749	-0.12593	0.55011	1.0	1.0	low	low
1234	CCR5	ENSG00000160791	3	46376633	46427697	146	58749	-0.12671	0.55041	1.0	1.0	low	low
4585	MUC4	ENSG00000145113	3	195463636	195574148	354	58749	-0.12687	0.55048	4.0	3.0	intermediate	intermediate
5459	POU4F3	ENSG00000091010	5	145683587	145730083	114	58749	-0.12701	0.55054	1.0	1.0	low	low
2939	GSTA2	ENSG00000244067	6	52604885	52663361	167	58749	-0.12764	0.55078	2.0	2.0	intermediate	intermediate
79092	CARD14	ENSG00000141527	17	78108791	78193130	295	58749	-0.12773	0.55082	5.0	2.0	intermediate	intermediate
1548	CYP2A6	ENSG00000255974	19	41339441	41391360	167	58749	-0.12882	0.55125	23.0	5.0	high_6	high_10
374354	NHLRC2	ENSG00000196865	10	115579391	115682265	118	58749	-0.12909	0.55136	1.0	1.0	low	low
2938	GSTA2	ENSG00000244067	6	52646178	52703664	139	58749	-0.12987	0.55167	2.0	2.0	intermediate	intermediate
5083	PAX9	ENSG00000198807	14	37091773	37157012	230	58749	-0.13111	0.55215	12.0	3.0	high_6	high_10
84905	ZNF341	ENSG00000131061	20	32284566	32390075	157	58749	-0.13124	0.55221	3.0	1.0	intermediate	intermediate
26084	ARHGEF26	ENSG00000114790	3	153803792	153985616	417	58749	-0.13137	0.55226	11.0	4.0	high_6	high_10
7023	TFAP4	ENSG00000090447	16	4297187	4358001	117	58749	-0.1314	0.55227	4.0	2.0	intermediate	intermediate
26227	PHGDH	ENSG00000092621	1	120219419	120296849	163	58749	-0.13169	0.55239	11.0	6.0	high_6	high_10
2949	GSTM5	ENSG00000134201	1	110219406	110270890	90	58749	-0.13175	0.55241	1.0	1.0	low	low
55884	WSB2	ENSG00000176871	12	118460492	118534979	242	58749	-0.13188	0.55246	1.0	1.0	low	low
9315	NREP	ENSG00000134986	5	111055000	111347628	743	58749	-0.13208	0.55254	9.0	5.0	high_6	intermediate
389152	PRR23C	ENSG00000233701	3	138750944	138798734	95	58749	-0.13213	0.55256	2.0	2.0	intermediate	intermediate
9648	GCC2	ENSG00000135968	2	109030577	109135854	297	58749	-0.13289	0.55286	1.0	1.0	low	low
140699	MROH8	ENSG00000101353	20	35719629	35842974	293	58749	-0.13322	0.55299	1.0	1.0	low	low
23612	PHLDA3	ENSG00000174307	1	201424607	201473299	176	58749	-0.13326	0.55301	3.0	2.0	intermediate	intermediate
79713	IGFLR1	ENSG00000126246	19	36219957	36269075	131	58749	-0.13337	0.55305	2.0	2.0	intermediate	intermediate
64750	SMURF2	ENSG00000108854	17	62528400	62693386	260	58749	-0.13427	0.55341	3.0	2.0	intermediate	intermediate
10990	LILRB5	ENSG00000105609	19	54744270	54796167	161	58749	-0.1363	0.55421	1.0	1.0	low	low
116931	MED12L	ENSG00000144893	3	150768452	151164465	926	58749	-0.13661	0.55433	1.0	1.0	low	low
23503	ZFYVE26	ENSG00000072121	14	68203237	68318306	274	58749	-0.13663	0.55434	5.0	1.0	intermediate	intermediate
4285	MIPEP	ENSG00000027001	13	24294328	24498587	613	58749	-0.13696	0.55447	1.0	1.0	low	low
23017	FAIM2	ENSG00000135472	12	50250679	50332760	256	58749	-0.13851	0.55508	7.0	4.0	high_6	intermediate
25891	PAMR1	ENSG00000149090	11	35443374	35586848	544	58749	-0.1389	0.55523	1.0	1.0	low	low
9051	PSTPIP1	ENSG00000140368	15	77252021	77339673	168	58749	-0.13915	0.55533	5.0	4.0	intermediate	intermediate
85403	EAF1	ENSG00000144597	3	15434064	15494120	118	58749	-0.1397	0.55555	1.0	1.0	low	low
8942	KYNU	ENSG00000115919	2	143471497	143809885	819	58749	-0.14123	0.55616	2.0	2.0	intermediate	intermediate
1406	CRX	ENSG00000105392	19	48288807	48356587	337	58749	-0.14146	0.55625	1.0	1.0	low	low
6014	RIT2	ENSG00000152214	18	40313183	40730676	992	58749	-0.14194	0.55644	3.0	3.0	intermediate	intermediate
93099	DMKN	ENSG00000161249	19	35978119	36039560	203	58749	-0.14254	0.55667	1.0	1.0	low	low
2261	FGFR3	ENSG00000068078	4	1760039	1820599	142	58749	-0.14271	0.55674	16.0	6.0	high_6	high_10
3574	IL7	ENSG00000104432	8	79635007	79752758	319	58749	-0.14272	0.55675	1.0	1.0	low	low
54579	UGT1A8	ENSG00000241635	2	234586638	234691945	389	58749	-0.14356	0.55708	7.0	4.0	high_6	intermediate
84441	MAML2	ENSG00000184384	11	95701440	96111344	1297	58749	-0.14373	0.55714	6.0	3.0	high_6	intermediate
200010	SLC5A9	ENSG00000117834	1	48653339	48724316	201	58749	-0.14422	0.55733	2.0	2.0	intermediate	intermediate
339512	C1orf110	ENSG00000185860	1	162810766	162873605	258	58749	-0.14624	0.55813	1.0	1.0	low	low
23041	MON2	ENSG00000061987	12	62825597	63001363	443	58749	-0.14633	0.55817	1.0	1.0	low	low
27436	EML4	ENSG00000143924	2	42361490	42569688	572	58749	-0.14742	0.5586	1.0	1.0	low	low
54537	FAM35A	ENSG00000122376	10	88819953	88961225	253	58749	-0.14763	0.55868	3.0	2.0	intermediate	intermediate
64699	TMPRSS3	ENSG00000160183	21	43781996	43851955	338	58749	-0.14803	0.55884	2.0	2.0	intermediate	intermediate
5585	PKN1	ENSG00000123143	19	14509166	14592679	225	58749	-0.14808	0.55886	3.0	2.0	intermediate	intermediate
63915	BLOC1S5	ENSG00000188428	6	8003800	8099647	365	58749	-0.14836	0.55897	2.0	1.0	intermediate	intermediate
2117	ETV3	ENSG00000117036	1	157084459	157143383	112	58749	-0.14933	0.55935	2.0	2.0	intermediate	intermediate
29914	UBIAD1	ENSG00000120942	1	11298255	11358491	116	58749	-0.14981	0.55954	1.0	1.0	low	low
11076	TPPP	ENSG00000171368	5	649977	728510	188	58749	-0.14991	0.55958	9.0	6.0	high_6	intermediate
170371	C10orf128	ENSG00000204161	10	50353890	50431640	267	58749	-0.15018	0.55969	2.0	1.0	intermediate	intermediate
6608	SMO	ENSG00000128602	7	128793713	128863386	184	58749	-0.15112	0.56006	3.0	2.0	intermediate	intermediate
85463	ZC3H12C	ENSG00000149289	11	109928673	110052566	335	58749	-0.15132	0.56014	5.0	4.0	intermediate	intermediate
80342	TRAF3IP3	ENSG00000009790	1	209894393	209965668	174	58749	-0.15223	0.5605	1.0	1.0	low	low
115111	SLC26A7	ENSG00000147606	8	92226508	92420378	395	58749	-0.153	0.5608	1.0	1.0	low	low
646603	C4orf51	ENSG00000237136	4	146566356	146663949	291	58749	-0.15357	0.56103	1.0	1.0	low	low
28966	SNX24	ENSG00000064652	5	122146149	122357317	629	58749	-0.15406	0.56122	1.0	1.0	low	low
894	CCND2	ENSG00000118971	12	4347901	4424522	165	58749	-0.15502	0.5616	34.0	13.0	high_6	high_10
4666	NACA	ENSG00000196531	12	57096211	57154326	83	58749	-0.15528	0.5617	3.0	1.0	intermediate	intermediate
23013	SPEN	ENSG00000065526	1	16139359	16276951	278	58749	-0.15535	0.56173	1.0	1.0	low	low
647309	GMNC	ENSG00000205835	3	190560526	190645190	241	58749	-0.15581	0.56191	3.0	3.0	intermediate	intermediate
8202	NCOA3	ENSG00000124151	20	46095601	46295621	433	58749	-0.1579	0.56273	1.0	1.0	low	low
8661	EIF3A	ENSG00000107581	10	120784541	120875959	157	58749	-0.15869	0.56304	1.0	1.0	low	low
3912	LAMB1	ENSG00000091136	7	107554244	107678804	302	58749	-0.15902	0.56317	5.0	3.0	intermediate	intermediate
55076	TMEM45A	ENSG00000181458	3	100176463	100306297	307	58749	-0.15923	0.56326	1.0	1.0	low	low
51206	GP6	ENSG00000088053	19	55515073	55584632	351	58749	-0.15993	0.56353	3.0	2.0	intermediate	intermediate
10581	IFITM2	ENSG00000185201	11	273095	319410	161	58749	-0.16005	0.56358	2.0	2.0	intermediate	intermediate
9866	TRIM66	ENSG00000166436	11	8623584	8739205	282	58749	-0.16155	0.56417	2.0	1.0	intermediate	intermediate
57162	PELI1	ENSG00000197329	2	64309786	64406605	215	58749	-0.16171	0.56423	4.0	2.0	intermediate	intermediate
1906	EDN1	ENSG00000078401	6	12255529	12307427	132	58749	-0.16231	0.56447	4.0	4.0	intermediate	intermediate
256158	HMCN2	ENSG00000148357	9	133188389	133319510	385	58749	-0.16233	0.56448	2.0	2.0	intermediate	intermediate
6128	RPL6	ENSG00000089009	12	112832994	112891647	65	58749	-0.16324	0.56484	6.0	5.0	high_6	intermediate
5914	RARA	ENSG00000131759	17	38430423	38523895	120	58749	-0.16385	0.56508	3.0	3.0	intermediate	intermediate
440400	RNASEK	ENSG00000219200	17	6880736	6927852	117	58749	-0.16389	0.56509	1.0	1.0	low	low
23635	SSBP2	ENSG00000145687	5	80703179	81082072	762	58749	-0.16424	0.56523	2.0	2.0	intermediate	intermediate
1738	DLD	ENSG00000091140	7	107496586	107571643	191	58749	-0.16479	0.56544	9.0	4.0	high_6	intermediate
1999	ELF3	ENSG00000163435	1	201944647	201996316	218	58749	-0.16534	0.56566	2.0	1.0	intermediate	intermediate
8807	IL18RAP	ENSG00000115607	2	103000254	103079025	294	58749	-0.16595	0.5659	11.0	5.0	high_6	high_10
56995	TULP4	ENSG00000130338	6	158618268	158942860	1180	58749	-0.16595	0.5659	1.0	1.0	low	low
130502	TTC32	ENSG00000183891	2	20086514	20136747	131	58749	-0.16635	0.56606	11.0	3.0	high_6	high_10
10213	PSMD14	ENSG00000115233	2	162129786	162278228	215	58749	-0.16661	0.56616	1.0	1.0	low	low
6098	ROS1	ENSG00000047936	6	117599530	117782018	631	58749	-0.16725	0.56641	3.0	3.0	intermediate	intermediate
85458	DIXDC1	ENSG00000150764	11	111762868	111903374	129	58749	-0.16775	0.56661	1.0	1.0	low	low
11126	CD160	ENSG00000117281	1	145685798	145750639	75	58749	-0.16909	0.56714	1.0	1.0	low	low
51455	REV1	ENSG00000135945	2	100006938	100141480	269	58749	-0.1705	0.56769	4.0	4.0	intermediate	intermediate
55270	NUDT15	ENSG00000136159	13	48576703	48631282	202	58749	-0.1707	0.56777	2.0	1.0	intermediate	intermediate
3662	IRF4	ENSG00000137265	6	356739	421443	177	58749	-0.17147	0.56807	62.0	13.0	high_6	high_10
2647	BLOC1S1	ENSG00000135441	12	56074818	56123491	87	58749	-0.17203	0.56829	2.0	2.0	intermediate	intermediate
342132	ZNF774	ENSG00000196391	15	90860477	90915884	230	58749	-0.17261	0.56852	4.0	4.0	intermediate	intermediate
9788	MTSS1	ENSG00000170873	8	125553025	125775730	867	58749	-0.17415	0.56913	6.0	3.0	high_6	intermediate
146279	TEKT5	ENSG00000153060	16	10711358	10823802	586	58749	-0.17428	0.56918	1.0	1.0	low	low
283349	RASSF3	ENSG00000153179	12	64969293	65101347	323	58749	-0.17494	0.56944	1.0	1.0	low	low
26112	CCDC69	ENSG00000198624	5	150550613	150638654	317	58749	-0.17514	0.56952	2.0	2.0	intermediate	intermediate
5174	PDZK1	ENSG00000174827	1	145692662	145774207	65	58749	-0.1753	0.56958	1.0	1.0	low	low
6856	SYPL1	ENSG00000008282	7	105720814	105788093	217	58749	-0.17536	0.5696	1.0	1.0	low	low
55071	C9orf40	ENSG00000135045	9	77551499	77602802	104	58749	-0.17548	0.56965	2.0	1.0	intermediate	intermediate
9208	LRRFIP1	ENSG00000124831	2	238501224	238700290	786	58749	-0.1756	0.5697	3.0	2.0	intermediate	intermediate
80270	HSD3B7	ENSG00000099377	16	30960949	31010473	55	58749	-0.17577	0.56976	6.0	4.0	high_6	intermediate
90353	CTU1	ENSG00000142544	19	51590863	51646647	143	58749	-0.1759	0.56981	2.0	2.0	intermediate	intermediate
63036	CELA2A	ENSG00000142615	1	15748223	15808586	153	58749	-0.176	0.56985	1.0	1.0	low	low
84893	FBXO18	ENSG00000134452	10	5896535	5989558	384	58749	-0.176	0.56985	1.0	1.0	low	low
9073	CLDN8	ENSG00000156284	21	31576324	31623469	219	58749	-0.1763	0.56997	1.0	1.0	low	low
23246	BOP1	ENSG00000261236	8	145476056	145550120	99	58749	-0.1764	0.57001	4.0	3.0	intermediate	intermediate
5586	PKN2	ENSG00000065243	1	89114876	89311938	440	58749	-0.17729	0.57036	12.0	7.0	high_6	high_10
7031	TFF1	ENSG00000160182	21	43772391	43821644	247	58749	-0.17799	0.57063	1.0	1.0	low	low
54865	GPATCH4	ENSG00000160818	1	156554100	156606288	143	58749	-0.17812	0.57069	1.0	1.0	low	low
5423	POLB	ENSG00000070501	8	42160973	42239331	132	58749	-0.1796	0.57127	1.0	1.0	low	low
5450	POU2AF1	ENSG00000110777	11	111212976	111285348	230	58749	-0.1798	0.57135	5.0	4.0	intermediate	intermediate
259249	MRGPRX1	ENSG00000170255	11	18945360	18991549	129	58749	-0.18158	0.57205	1.0	1.0	low	low
126638	RPTN	ENSG00000215853	1	152116071	152166704	66	58749	-0.18182	0.57214	1.0	1.0	low	low
373509	USP50	ENSG00000170236	15	50782759	50873902	272	58749	-0.1822	0.57229	1.0	1.0	low	low
5028	P2RY1	ENSG00000169860	3	152517736	152565845	103	58749	-0.18228	0.57232	2.0	2.0	intermediate	intermediate
6251	RSU1	ENSG00000148484	10	16622615	16894509	856	58749	-0.18464	0.57325	1.0	1.0	low	low
79695	GALNT12	ENSG00000119514	9	101534981	101622363	203	58749	-0.18639	0.57393	1.0	1.0	low	low
9355	LHX2	ENSG00000106689	9	126738889	126805572	187	58749	-0.18654	0.57399	1.0	1.0	low	low
133	ADM	ENSG00000148926	11	10291642	10338923	123	58749	-0.18755	0.57439	13.0	6.0	high_6	high_10
57337	SENP7	ENSG00000138468	3	101033049	101267085	606	58749	-0.18816	0.57463	7.0	4.0	high_6	intermediate
11227	GALNT5	ENSG00000136542	2	158079340	158177913	210	58749	-0.18854	0.57477	2.0	2.0	intermediate	intermediate
150468	CKAP2L	ENSG00000169607	2	113485444	113557254	157	58749	-0.18937	0.5751	1.0	1.0	low	low
5900	RALGDS	ENSG00000160271	9	135963107	136059607	277	58749	-0.19033	0.57548	1.0	1.0	low	low
54937	SOHLH2	ENSG00000120669	13	36732345	36823752	319	58749	-0.19097	0.57572	2.0	2.0	intermediate	intermediate
128602	C20orf85	ENSG00000124237	20	56690983	56746186	116	58749	-0.1914	0.57589	3.0	1.0	intermediate	intermediate
11211	FZD10	ENSG00000111432	12	130612004	130660285	260	58749	-0.19289	0.57648	1.0	1.0	low	low
285362	SUMF1	ENSG00000144455	3	4392829	4543966	491	58749	-0.19299	0.57652	1.0	1.0	low	low
55810	FOXJ2	ENSG00000065970	12	8150298	8218118	138	58749	-0.19344	0.57669	1.0	1.0	low	low
10391	CORO2B	ENSG00000103647	15	68816614	69030145	654	58749	-0.1937	0.57679	2.0	2.0	intermediate	intermediate
9217	VAPB	ENSG00000124164	20	56929175	57036157	292	58749	-0.1947	0.57719	1.0	1.0	low	low
4052	LTBP1	ENSG00000049323	2	33137221	33634576	2012	58749	-0.19495	0.57728	13.0	6.0	high_6	high_10
203238	CCDC171	ENSG00000164989	9	15517872	15981897	1179	58749	-0.19498	0.5773	9.0	6.0	high_6	intermediate
5341	PLEK	ENSG00000115956	2	68557322	68634585	387	58749	-0.19595	0.57768	4.0	3.0	intermediate	intermediate
10881	ACTL7A	ENSG00000187003	9	111589603	111636035	223	58749	-0.19645	0.57787	3.0	2.0	intermediate	intermediate
4223	MEOX2	ENSG00000106511	7	15640837	15761308	387	58749	-0.19682	0.57802	1.0	1.0	low	low
84632	AFAP1L2	ENSG00000169129	10	116031248	116199515	473	58749	-0.19698	0.57808	1.0	1.0	low	low
55294	FBXW7	ENSG00000109670	4	153232410	153491393	483	58749	-0.19715	0.57815	4.0	2.0	intermediate	intermediate
57608	KIAA1462	ENSG00000165757	10	30291729	30383488	214	58749	-0.1975	0.57828	7.0	2.0	high_6	intermediate
22865	SLITRK3	ENSG00000121871	3	164892010	164949469	85	58749	-0.19783	0.57841	2.0	1.0	intermediate	intermediate
51282	SCAND1	ENSG00000171222	20	34531539	34578281	87	58749	-0.1985	0.57867	5.0	3.0	intermediate	intermediate
254427	PROSER2	ENSG00000148426	10	11830295	11924276	321	58749	-0.19955	0.57908	1.0	1.0	low	low
10190	TXNDC9	ENSG00000115514	2	99925487	99992155	158	58749	-0.2001	0.5793	2.0	2.0	intermediate	intermediate
729627	PRR23A	ENSG00000206260	3	138712804	138760110	79	58749	-0.20031	0.57938	1.0	1.0	low	low
8531	YBX3	ENSG00000060138	12	10841676	10911047	170	58749	-0.2013	0.57977	1.0	1.0	low	low
149483	CCDC17	ENSG00000159588	1	46075716	46125424	103	58749	-0.2015	0.57984	2.0	2.0	intermediate	intermediate
197370	NSMCE1	ENSG00000169189	16	27226315	27315113	182	58749	-0.20154	0.57986	4.0	3.0	intermediate	intermediate
85365	ALG2	ENSG00000119523	9	101968707	102019246	123	58749	-0.20193	0.58002	2.0	2.0	intermediate	intermediate
389400	GFRAL	ENSG00000187871	6	55157267	55277291	651	58749	-0.20229	0.58016	1.0	1.0	low	low
5557	PRIM1	ENSG00000198056	12	57115364	57181146	78	58749	-0.20331	0.58055	5.0	4.0	intermediate	intermediate
140545	RNF32	ENSG00000105982	7	156397971	156480377	247	58749	-0.20355	0.58065	1.0	1.0	low	low
64081	PBLD	ENSG00000108187	10	70032417	70131115	280	58749	-0.20467	0.58108	1.0	1.0	low	low
79813	EHMT1	ENSG00000181090	9	140478444	140740579	556	58749	-0.20565	0.58147	1.0	1.0	low	low
7029	TFDP2	ENSG00000114126	3	141653270	141903386	769	58749	-0.20579	0.58152	1.0	1.0	low	low
1757	SARDH	ENSG00000123453	9	136518682	136640077	445	58749	-0.20589	0.58156	2.0	2.0	intermediate	intermediate
23562	CLDN14	ENSG00000159261	21	37822919	37983867	615	58749	-0.20669	0.58187	5.0	2.0	intermediate	intermediate
22848	AAK1	ENSG00000115977	2	69675127	69936566	338	58749	-0.20676	0.5819	3.0	2.0	intermediate	intermediate
11201	POLI	ENSG00000101751	18	51760849	51847583	278	58749	-0.20688	0.58195	8.0	5.0	high_6	intermediate
3082	HGF	ENSG00000019991	7	81321444	81434452	236	58749	-0.20802	0.5824	2.0	2.0	intermediate	intermediate
51171	HSD17B14	ENSG00000087076	19	49306274	49374935	205	58749	-0.20866	0.58264	1.0	1.0	low	low
4153	MBL2	ENSG00000165471	10	54515140	54567578	253	58749	-0.20961	0.58301	5.0	3.0	intermediate	intermediate
9567	GTPBP1	ENSG00000100226	22	39066733	39139592	167	58749	-0.21008	0.5832	1.0	1.0	low	low
56852	RAD18	ENSG00000070950	3	8908880	9040159	424	58749	-0.21024	0.58326	1.0	1.0	low	low
51032	CELA2B	ENSG00000215704	1	15767596	15827895	180	58749	-0.21063	0.58341	1.0	1.0	low	low
120146	TRIM64B	ENSG00000189253	11	89666672	89717240	1	58749	-0.21086	0.5835	1.0	1.0	low	low
317649	EIF4E3	ENSG00000163412	3	71718440	71838924	354	58749	-0.21279	0.58425	1.0	1.0	low	low
28998	MRPL13	ENSG00000172172	8	121398083	121492647	160	58749	-0.21315	0.58439	1.0	1.0	low	low
3098	HK1	ENSG00000156515	10	70994740	71171638	623	58749	-0.21351	0.58453	11.0	6.0	high_6	high_10
2739	GLO1	ENSG00000124767	6	38633701	38705952	262	58749	-0.21374	0.58463	1.0	1.0	low	low
387921	NHLRC3	ENSG00000188811	13	39577448	39634246	111	58749	-0.21479	0.58503	1.0	1.0	low	low
119180	LYZL2	ENSG00000151033	10	30890708	30953647	241	58749	-0.21494	0.58509	4.0	3.0	intermediate	intermediate
9427	ECEL1	ENSG00000171551	2	233334537	233387532	184	58749	-0.21682	0.58582	1.0	1.0	low	low
64651	CSRNP1	ENSG00000144655	3	39173342	39231093	155	58749	-0.21746	0.58607	2.0	1.0	intermediate	intermediate
54845	ESRP1	ENSG00000104413	8	95618364	95729694	357	58749	-0.21838	0.58643	1.0	1.0	low	low
10397	NDRG1	ENSG00000104419	8	134239414	134344835	402	58749	-0.22092	0.58742	1.0	1.0	low	low
80209	PROSER1	ENSG00000120685	13	39574002	39647213	137	58749	-0.22162	0.5877	1.0	1.0	low	low
26762	HAVCR1	ENSG00000113249	5	156445989	156521130	236	58749	-0.22182	0.58777	1.0	1.0	low	low
9489	PGS1	ENSG00000087157	17	76339705	76430740	383	58749	-0.22198	0.58784	5.0	4.0	intermediate	intermediate
389177	TMEM212	ENSG00000186329	3	171526139	171587108	168	58749	-0.22342	0.58839	4.0	3.0	intermediate	intermediate
6558	SLC12A2	ENSG00000064651	5	127384483	127535380	209	58749	-0.2237	0.5885	16.0	8.0	high_6	high_10
339500	ZNF678	ENSG00000181450	1	227716220	227875144	384	58749	-0.22464	0.58887	1.0	1.0	low	low
2444	FRK	ENSG00000111816	6	116252691	116432360	400	58749	-0.22528	0.58912	5.0	2.0	intermediate	intermediate
5797	PTPRM	ENSG00000173482	18	7532314	8416859	2575	58749	-0.22561	0.58925	1.0	1.0	low	low
79029	SPATA5L1	ENSG00000171763	15	45659514	45723617	97	58749	-0.22599	0.58939	4.0	3.0	intermediate	intermediate
57599	WDR48	ENSG00000114742	3	39058477	39148155	255	58749	-0.22772	0.59007	1.0	1.0	low	low
166785	MMAA	ENSG00000151611	4	146505540	146591187	184	58749	-0.23071	0.59123	4.0	2.0	intermediate	intermediate
10466	COG5	ENSG00000164597	7	106832189	107239959	756	58749	-0.2325	0.59192	2.0	2.0	intermediate	intermediate
9953	HS3ST3B1	ENSG00000125430	17	14169367	14262721	347	58749	-0.23263	0.59198	1.0	1.0	low	low
4676	NAP1L4	ENSG00000205531	11	2955660	3048607	300	58749	-0.23324	0.59221	2.0	2.0	intermediate	intermediate
1811	SLC26A3	ENSG00000091138	7	107395912	107478678	287	58749	-0.2334	0.59228	7.0	3.0	high_6	intermediate
2018	EMX2	ENSG00000170370	10	119266956	119319057	172	58749	-0.23364	0.59237	6.0	3.0	high_6	intermediate
6754	SSTR4	ENSG00000132671	20	22981057	23027314	131	58749	-0.23492	0.59287	3.0	1.0	intermediate	intermediate
1615	DARS	ENSG00000115866	2	136654252	136778254	104	58749	-0.23536	0.59304	2.0	1.0	intermediate	intermediate
283417	DPY19L2	ENSG00000177990	12	63942693	64097354	531	58749	-0.236	0.59329	1.0	1.0	low	low
55914	ERBB2IP	ENSG00000112851	5	65187382	65386851	265	58749	-0.23738	0.59382	1.0	1.0	low	low
55334	SLC39A9	ENSG00000029364	14	69830096	69939107	241	58749	-0.23791	0.59403	1.0	1.0	low	low
3604	TNFRSF9	ENSG00000049249	1	7965931	8038225	142	58749	-0.23799	0.59406	3.0	2.0	intermediate	intermediate
92086	GGT1	ENSG00000100031	20	23955687	24004475	156	58749	-0.23822	0.59415	5.0	1.0	intermediate	intermediate
25865	PRKD2	ENSG00000105287	19	47167573	47255384	165	58749	-0.2388	0.59437	3.0	3.0	intermediate	intermediate
8895	CPNE3	ENSG00000085719	8	87491656	87583726	277	58749	-0.23906	0.59447	3.0	3.0	intermediate	intermediate
311	ANXA11	ENSG00000122359	10	81904880	82000433	297	58749	-0.23956	0.59467	2.0	2.0	intermediate	intermediate
3949	LDLR	ENSG00000130164	19	11165037	11254506	315	58749	-0.2411	0.59526	33.0	5.0	high_6	high_10
60672	MIIP	ENSG00000116691	1	12044299	12102106	119	58749	-0.24185	0.59555	1.0	1.0	low	low
55624	POMGNT1	ENSG00000085998	1	46644353	46720977	85	58749	-0.24239	0.59576	1.0	1.0	low	low
140625	ACTRT2	ENSG00000169717	1	2903046	2949467	162	58749	-0.2424	0.59576	3.0	2.0	intermediate	intermediate
10049	DNAJB6	ENSG00000105993	7	157094692	157220133	520	58749	-0.24283	0.59593	2.0	2.0	intermediate	intermediate
9825	SPATA2	ENSG00000158480	20	48509928	48567080	164	58749	-0.24303	0.59601	3.0	2.0	intermediate	intermediate
9603	NFE2L3	ENSG00000050344	7	26156847	26236757	166	58749	-0.2438	0.59631	7.0	4.0	high_6	intermediate
2741	GLRA1	ENSG00000145888	5	151192074	151339397	339	58749	-0.24442	0.59655	1.0	1.0	low	low
22879	MON1B	ENSG00000103111	16	77189821	77243543	241	58749	-0.24524	0.59686	4.0	4.0	intermediate	intermediate
11023	VAX1	ENSG00000148704	10	118878032	118932812	95	58749	-0.24526	0.59687	4.0	2.0	intermediate	intermediate
63951	DMRTA1	ENSG00000176399	9	22411840	22462472	157	58749	-0.24656	0.59738	13.0	9.0	high_6	high_10
10449	ACAA2	ENSG00000167315	18	47299874	47375306	175	58749	-0.2478	0.59786	1.0	1.0	low	low
375387	NRROS	ENSG00000174004	3	196331656	196398875	291	58749	-0.24843	0.5981	8.0	3.0	high_6	intermediate
89894	TMEM116	ENSG00000198270	12	112359086	112486023	176	58749	-0.24885	0.59826	1.0	1.0	low	low
7757	ZNF208	ENSG00000160321	19	22138897	22228745	302	58749	-0.24929	0.59843	3.0	3.0	intermediate	intermediate
2152	F3	ENSG00000117525	1	94984732	95042413	151	58749	-0.25084	0.59903	1.0	1.0	low	low
23369	PUM2	ENSG00000055917	2	20438453	20585585	310	58749	-0.25102	0.5991	3.0	2.0	intermediate	intermediate
51542	VPS54	ENSG00000143952	2	64109280	64281526	464	58749	-0.25201	0.59948	2.0	2.0	intermediate	intermediate
1300	COL10A1	ENSG00000123500	6	116430085	116482296	113	58749	-0.25223	0.59957	8.0	4.0	high_6	intermediate
23471	TRAM1	ENSG00000067167	8	71475453	71555694	198	58749	-0.25256	0.5997	1.0	1.0	low	low
8456	FOXN1	ENSG00000109101	17	26798249	26875175	136	58749	-0.25281	0.59979	2.0	2.0	intermediate	intermediate
10952	SEC61B	ENSG00000106803	9	101949570	102002901	109	58749	-0.25285	0.59981	1.0	1.0	low	low
115548	FCHO2	ENSG00000157107	5	72216808	72396349	280	58749	-0.25299	0.59986	1.0	1.0	low	low
64097	EPB41L4A	ENSG00000129595	5	111468139	111790187	944	58749	-0.25407	0.60028	5.0	2.0	intermediate	intermediate
975	CD81	ENSG00000110651	11	2362391	2428649	203	58749	-0.25435	0.60039	1.0	1.0	low	low
124842	TMEM132E	ENSG00000181291	17	32872768	32976337	288	58749	-0.25462	0.60049	1.0	1.0	low	low
4660	PPP1R12B	ENSG00000077157	1	202282830	202567697	351	58749	-0.25635	0.60116	1.0	1.0	low	low
4956	ODF1	ENSG00000155087	8	103528848	103583245	285	58749	-0.25665	0.60128	2.0	2.0	intermediate	intermediate
6259	RYK	ENSG00000163785	3	133865978	134004586	309	58749	-0.25669	0.60129	2.0	2.0	intermediate	intermediate
149954	BPIFB4	ENSG00000186191	20	31634318	31709557	248	58749	-0.2569	0.60137	1.0	1.0	low	low
54511	HMGCLL1	ENSG00000146151	6	55289171	55479012	777	58749	-0.2569	0.60137	2.0	2.0	intermediate	intermediate
2113	ETS1	ENSG00000134954	11	128318656	128492453	394	58749	-0.25696	0.6014	31.0	13.0	high_6	high_10
55600	ITLN1	ENSG00000179914	1	160836330	160889960	160	58749	-0.25732	0.60153	2.0	1.0	intermediate	intermediate
684	BST2	ENSG00000130303	19	17492238	17551458	198	58749	-0.2579	0.60176	1.0	1.0	low	low
9654	TTLL4	ENSG00000135912	2	219540558	219630139	154	58749	-0.25972	0.60246	2.0	1.0	intermediate	intermediate
5959	RDH5	ENSG00000135437	12	56079151	56128526	82	58749	-0.26115	0.60301	10.0	4.0	high_6	high_10
7776	ZNF236	ENSG00000130856	18	74500149	74692688	511	58749	-0.26202	0.60335	2.0	2.0	intermediate	intermediate
140894	CNBD2	ENSG00000149646	20	34521529	34628622	163	58749	-0.26203	0.60335	4.0	1.0	intermediate	intermediate
56947	MFF	ENSG00000168958	2	228154867	228232552	250	58749	-0.26215	0.6034	12.0	4.0	high_6	high_10
85363	TRIM5	ENSG00000132256	11	5666740	5741339	365	58749	-0.26232	0.60346	2.0	2.0	intermediate	intermediate
11034	DSTN	ENSG00000125868	20	17514818	17598887	220	58749	-0.26348	0.60391	1.0	1.0	low	low
6311	ATXN2	ENSG00000204842	12	111880018	112072480	167	58749	-0.26368	0.60399	44.0	12.0	high_6	high_10
6336	SCN10A	ENSG00000185313	3	38728837	38870501	461	58749	-0.26381	0.60403	9.0	5.0	high_6	intermediate
55905	RNF114	ENSG00000124226	20	48517914	48580422	190	58749	-0.26391	0.60408	5.0	3.0	intermediate	intermediate
27042	DIEXF	ENSG00000117597	1	209966312	210040910	255	58749	-0.26398	0.6041	4.0	2.0	intermediate	intermediate
8034	SLC25A16	ENSG00000122912	10	70232090	70322280	282	58749	-0.26439	0.60426	1.0	1.0	low	low
3455	IFNAR2	ENSG00000159110	21	34567231	34646831	279	58749	-0.26462	0.60435	6.0	6.0	high_6	intermediate
11095	ADAMTS8	ENSG00000134917	11	130264660	130333539	198	58749	-0.26596	0.60486	9.0	3.0	high_6	intermediate
729230	CCR2	ENSG00000121807	3	46360235	46412413	163	58749	-0.2664	0.60504	5.0	4.0	intermediate	intermediate
25771	TBC1D22A	ENSG00000054611	22	47123514	47581342	1649	58749	-0.26772	0.60554	2.0	2.0	intermediate	intermediate
55304	SPTLC3	ENSG00000172296	20	12954627	13157411	893	58749	-0.2683	0.60577	2.0	1.0	intermediate	intermediate
10097	ACTR2	ENSG00000138071	2	65419829	65508387	218	58749	-0.26906	0.60606	6.0	4.0	high_6	intermediate
182	JAG1	ENSG00000101384	20	10608332	10689694	195	58749	-0.27096	0.60679	20.0	8.0	high_6	high_10
25974	MMACHC	ENSG00000132763	1	45930856	45986739	105	58749	-0.27116	0.60687	1.0	1.0	low	low
9037	SEMA5A	ENSG00000112902	5	9025138	9581233	1811	58749	-0.27139	0.60696	1.0	1.0	low	low
220004	PPP1R32	ENSG00000162148	11	61213585	61268400	103	58749	-0.27225	0.60728	1.0	1.0	low	low
8630	HSD17B6	ENSG00000025423	12	57111237	57191574	106	58749	-0.27333	0.6077	1.0	1.0	low	low
10964	IFI44L	ENSG00000137959	1	79051067	79121830	130	58749	-0.27407	0.60798	2.0	1.0	intermediate	intermediate
81615	TMEM163	ENSG00000152128	2	135203330	135513219	794	58749	-0.27563	0.60859	8.0	4.0	high_6	intermediate
10268	RAMP3	ENSG00000122679	7	45162367	45233849	358	58749	-0.27574	0.60863	2.0	1.0	intermediate	intermediate
145508	CEP128	ENSG00000100629	14	80952821	81443105	1483	58749	-0.2773	0.60923	5.0	3.0	intermediate	intermediate
9469	CHST3	ENSG00000122863	10	73689120	73783322	298	58749	-0.27928	0.60999	16.0	5.0	high_6	high_10
6441	SFTPD	ENSG00000133661	10	81687496	81743861	276	58749	-0.27975	0.61016	1.0	1.0	low	low
10430	TMEM147	ENSG00000105677	19	36001502	36048429	146	58749	-0.28203	0.61104	4.0	2.0	intermediate	intermediate
124997	WDR81	ENSG00000167716	17	1584817	1651893	205	58749	-0.28227	0.61113	1.0	1.0	low	low
56945	MRPS22	ENSG00000175110	3	139027861	139085888	133	58749	-0.28245	0.6112	4.0	3.0	intermediate	intermediate
9934	P2RY14	ENSG00000174944	3	150919905	151031996	242	58749	-0.28339	0.61156	1.0	1.0	low	low
865	CBFB	ENSG00000067955	16	67028050	67144961	127	58749	-0.28473	0.61207	1.0	1.0	low	low
55867	SLC22A11	ENSG00000168065	11	64288098	64349002	91	58749	-0.28567	0.61243	1.0	1.0	low	low
6184	RPN1	ENSG00000163902	3	128328813	128404719	216	58749	-0.28632	0.61268	5.0	4.0	intermediate	intermediate
65985	AACS	ENSG00000081760	12	125514925	125637879	338	58749	-0.28696	0.61293	1.0	1.0	low	low
2845	GPR22	ENSG00000172209	7	107075502	107126125	92	58749	-0.28698	0.61294	2.0	2.0	intermediate	intermediate
64343	AZI2	ENSG00000163512	3	28353844	28425915	101	58749	-0.28814	0.61338	2.0	2.0	intermediate	intermediate
55754	TMEM30A	ENSG00000112697	6	75952638	76029632	122	58749	-0.2883	0.61344	4.0	3.0	intermediate	intermediate
84417	C2orf40	ENSG00000119147	2	106647113	106704611	190	58749	-0.28966	0.61396	6.0	3.0	high_6	intermediate
9559	VPS26A	ENSG00000122958	10	70848908	70942617	226	58749	-0.29105	0.61449	1.0	1.0	low	low
80343	SEL1L2	ENSG00000101251	20	13819635	14010979	540	58749	-0.29136	0.61461	1.0	1.0	low	low
5657	PRTN3	ENSG00000196415	19	805985	858175	208	58749	-0.29168	0.61473	1.0	1.0	low	low
248	ALPI	ENSG00000163295	2	233285833	233335455	208	58749	-0.29186	0.6148	1.0	1.0	low	low
846	CASR	ENSG00000036828	3	121867530	122015350	538	58749	-0.29202	0.61487	9.0	5.0	high_6	intermediate
6234	RPS28	ENSG00000233927	19	8351384	8397280	137	58749	-0.29329	0.61535	4.0	2.0	intermediate	intermediate
55689	YEATS2	ENSG00000163872	3	183380587	183540413	322	58749	-0.29353	0.61544	1.0	1.0	low	low
10775	POP4	ENSG00000105171	19	30062170	30118162	262	58749	-0.29683	0.6167	2.0	1.0	intermediate	intermediate
54522	ANKRD16	ENSG00000134461	10	5893593	5966860	299	58749	-0.29691	0.61673	1.0	1.0	low	low
4336	MOBP	ENSG00000168314	3	39474064	39580988	415	58749	-0.297	0.61677	4.0	3.0	intermediate	intermediate
55109	AGGF1	ENSG00000164252	5	76291210	76371059	222	58749	-0.29705	0.61679	1.0	1.0	low	low
5307	PITX1	ENSG00000069011	5	134353424	134404964	125	58749	-0.29722	0.61685	15.0	4.0	high_6	high_10
55315	SLC29A3	ENSG00000198246	10	73044010	73133147	359	58749	-0.29726	0.61687	1.0	1.0	low	low
55365	TMEM176A	ENSG00000002933	7	150462854	150512208	202	58749	-0.29781	0.61708	3.0	3.0	intermediate	intermediate
6747	SSR3	ENSG00000114850	3	156247929	156307973	194	58749	-0.29809	0.61718	2.0	2.0	intermediate	intermediate
9712	USP6NL	ENSG00000148429	10	11492509	11688679	478	58749	-0.29821	0.61723	3.0	2.0	intermediate	intermediate
2494	NR5A2	ENSG00000116833	1	199961730	200156552	647	58749	-0.29882	0.61746	12.0	5.0	high_6	high_10
51084	CRYL1	ENSG00000165475	13	20967806	21135012	591	58749	-0.29907	0.61756	1.0	1.0	low	low
6540	SLC6A13	ENSG00000010379	12	319787	407039	245	58749	-0.29963	0.61777	2.0	2.0	intermediate	intermediate
153339	TMEM167A	ENSG00000174695	5	82338665	82408272	158	58749	-0.30024	0.618	2.0	2.0	intermediate	intermediate
23189	KANK1	ENSG00000107104	9	435294	756106	1554	58749	-0.3006	0.61814	7.0	3.0	high_6	intermediate
7133	TNFRSF1B	ENSG00000028137	1	12192044	12279279	245	58749	-0.30158	0.61851	3.0	2.0	intermediate	intermediate
9388	LIPG	ENSG00000101670	18	47052069	47129278	180	58749	-0.30246	0.61885	1.0	1.0	low	low
147798	TMC4	ENSG00000167608	19	54653833	54711944	199	58749	-0.30257	0.61889	1.0	1.0	low	low
283310	OTOGL	ENSG00000165899	12	80548151	80782870	493	58749	-0.30272	0.61895	5.0	4.0	intermediate	intermediate
4323	MMP14	ENSG00000157227	14	23270742	23326809	220	58749	-0.30276	0.61896	7.0	2.0	high_6	intermediate
8092	ALX1	ENSG00000180318	12	85638713	85705562	100	58749	-0.30323	0.61914	2.0	2.0	intermediate	intermediate
94033	FTMT	ENSG00000181867	5	121152650	121198528	138	58749	-0.30342	0.61921	1.0	1.0	low	low
6846	XCL2	ENSG00000143185	1	168500003	168548235	143	58749	-0.3041	0.61948	7.0	3.0	high_6	intermediate
84310	C7orf50	ENSG00000146540	7	1026623	1212911	924	58749	-0.30417	0.6195	4.0	3.0	intermediate	intermediate
949	SCARB1	ENSG00000073060	12	125252174	125383519	386	58749	-0.30509	0.61985	17.0	5.0	high_6	high_10
8767	RIPK2	ENSG00000104312	8	90734335	90813292	199	58749	-0.30711	0.62062	2.0	2.0	intermediate	intermediate
23221	RHOBTB2	ENSG00000008853	8	22809930	22887710	197	58749	-0.30746	0.62075	3.0	1.0	intermediate	intermediate
253558	LCLAT1	ENSG00000172954	2	30635102	30877091	817	58749	-0.30762	0.62081	1.0	1.0	low	low
4773	NFATC2	ENSG00000101096	20	49993494	50214370	657	58749	-0.30934	0.62147	19.0	8.0	high_6	high_10
131965	METTL6	ENSG00000206562	3	15412782	15504054	201	58749	-0.31002	0.62173	1.0	1.0	low	low
55319	TMA16	ENSG00000198498	4	164380673	164451691	152	58749	-0.31061	0.62195	3.0	2.0	intermediate	intermediate
55671	SMEK1	ENSG00000100796	14	91913955	92011898	216	58749	-0.31149	0.62229	1.0	1.0	low	low
479	ATP12A	ENSG00000075673	13	25219549	25295923	383	58749	-0.31179	0.6224	1.0	1.0	low	low
27098	CLUL1	ENSG00000079101	18	561998	660298	373	58749	-0.31206	0.6225	4.0	4.0	intermediate	intermediate
192666	KRT24	ENSG00000167916	17	38844243	38895002	128	58749	-0.31228	0.62259	1.0	1.0	low	low
3659	IRF1	ENSG00000125347	5	131807301	131861465	124	58749	-0.31253	0.62268	43.0	14.0	high_6	high_10
219482	OR5M3	ENSG00000174937	11	56226964	56273014	164	58749	-0.31262	0.62272	1.0	1.0	low	low
56963	RGMA	ENSG00000182175	15	93576636	93667443	424	58749	-0.314	0.62324	5.0	4.0	intermediate	intermediate
286148	DPY19L4	ENSG00000156162	8	95697103	95816076	353	58749	-0.31432	0.62336	1.0	1.0	low	low
23673	STX12	ENSG00000117758	1	28064694	28160963	113	58749	-0.31459	0.62346	1.0	1.0	low	low
7262	PHLDA2	ENSG00000181649	11	2939503	2985650	115	58749	-0.31509	0.62365	1.0	1.0	low	low
23518	R3HDM1	ENSG00000048991	2	136254036	136492839	294	58749	-0.3162	0.62407	3.0	2.0	intermediate	intermediate
60313	GPBP1L1	ENSG00000159592	1	46082976	46188782	207	58749	-0.31625	0.62409	2.0	2.0	intermediate	intermediate
84639	IL1F10	ENSG00000136697	2	113790547	113843427	290	58749	-0.31677	0.62429	3.0	3.0	intermediate	intermediate
1339	COX6A2	ENSG00000156885	16	31429052	31474749	63	58749	-0.31763	0.62462	1.0	1.0	low	low
5519	PPP2R1B	ENSG00000137713	11	111587632	111672169	79	58749	-0.31769	0.62464	3.0	2.0	intermediate	intermediate
6699	SPRR1B	ENSG00000169469	1	152968679	153015376	211	58749	-0.31877	0.62505	2.0	2.0	intermediate	intermediate
115350	FCRL1	ENSG00000163534	1	157754193	157824940	130	58749	-0.31919	0.62521	1.0	1.0	low	low
9742	IFT140	ENSG00000187535	16	1550428	1697109	422	58749	-0.31951	0.62533	1.0	1.0	low	low
9474	ATG5	ENSG00000057663	6	106622351	106808695	494	58749	-0.32018	0.62558	7.0	5.0	high_6	intermediate
128240	APOA1BP	ENSG00000163382	1	156526554	156574091	153	58749	-0.32052	0.62571	2.0	2.0	intermediate	intermediate
7136	TNNI2	ENSG00000130598	11	1825233	1872910	146	58749	-0.32117	0.62596	1.0	1.0	low	low
23608	MKRN1	ENSG00000133606	7	140142840	140214369	254	58749	-0.32243	0.62644	4.0	3.0	intermediate	intermediate
9929	JOSD1	ENSG00000100221	22	39071548	39132423	135	58749	-0.32245	0.62644	1.0	1.0	low	low
6934	TCF7L2	ENSG00000148737	10	114674978	114937437	524	58749	-0.32283	0.62659	75.0	15.0	high_6	high_10
5376	PMP22	ENSG00000109099	17	15123094	15203674	199	58749	-0.32394	0.62701	1.0	1.0	low	low
1284	COL4A2	ENSG00000134871	13	110924631	111175374	1125	58749	-0.32417	0.6271	32.0	6.0	high_6	high_10
8777	MPDZ	ENSG00000107186	9	13095700	13314660	335	58749	-0.32417	0.6271	4.0	3.0	intermediate	intermediate
6382	SDC1	ENSG00000115884	2	20390558	20460194	199	58749	-0.32438	0.62718	6.0	3.0	high_6	intermediate
1213	CLTC	ENSG00000141367	17	57662050	57784317	159	58749	-0.32444	0.6272	1.0	1.0	low	low
55733	HHAT	ENSG00000054392	1	210466596	210859638	1440	58749	-0.32515	0.62747	3.0	2.0	intermediate	intermediate
5066	PAM	ENSG00000145730	5	102166527	102376809	359	58749	-0.32518	0.62748	9.0	4.0	high_6	intermediate
63895	PIEZO2	ENSG00000154864	18	10660244	11183761	1913	58749	-0.32695	0.62815	1.0	1.0	low	low
55854	ZC3H15	ENSG00000065548	2	187315885	187384088	118	58749	-0.32801	0.62855	1.0	1.0	low	low
64759	TNS3	ENSG00000136205	7	47304752	47656742	916	58749	-0.32838	0.62869	15.0	3.0	high_6	high_10
2081	ERN1	ENSG00000178607	17	62106502	62242502	238	58749	-0.32847	0.62872	1.0	1.0	low	low
221937	FOXK1	ENSG00000164916	7	4686930	4821074	390	58749	-0.32903	0.62893	7.0	5.0	high_6	intermediate
1528	CYB5A	ENSG00000166347	18	71910527	71994251	339	58749	-0.32905	0.62894	2.0	1.0	intermediate	intermediate
338811	FAM19A2	ENSG00000198673	12	62092029	62621620	1509	58749	-0.32972	0.62919	3.0	3.0	intermediate	intermediate
1350	COX7C	ENSG00000127184	5	85878784	85926583	47	58749	-0.33023	0.62939	2.0	1.0	intermediate	intermediate
158471	PRUNE2	ENSG00000106772	9	79216292	79556136	1007	58749	-0.33042	0.62946	2.0	2.0	intermediate	intermediate
1369	CPN1	ENSG00000120054	10	101792065	101876642	238	58749	-0.33124	0.62977	1.0	1.0	low	low
7024	TFCP2	ENSG00000135457	12	51477539	51601926	340	58749	-0.3337	0.6307	1.0	1.0	low	low
49854	ZBTB21	ENSG00000173276	21	43396940	43465496	298	58749	-0.33397	0.6308	1.0	1.0	low	low
9873	FCHSD2	ENSG00000137478	11	72537788	72888727	315	58749	-0.33444	0.63098	4.0	3.0	intermediate	intermediate
342538	NACA2	ENSG00000253506	17	59657794	59703563	96	58749	-0.33454	0.63101	5.0	2.0	intermediate	intermediate
145447	ABHD12B	ENSG00000131969	14	51303878	51381688	255	58749	-0.33536	0.63132	2.0	1.0	intermediate	intermediate
1669	DEFA4	ENSG00000164821	8	6783345	6830786	274	58749	-0.33574	0.63147	1.0	1.0	low	low
8645	KCNK5	ENSG00000164626	6	39146747	39232251	285	58749	-0.33607	0.63159	8.0	3.0	high_6	intermediate
969	CD69	ENSG00000110848	12	9895082	9948497	214	58749	-0.33689	0.6319	6.0	4.0	high_6	intermediate
3340	NDST1	ENSG00000070614	5	149830365	149947773	277	58749	-0.33808	0.63235	3.0	1.0	intermediate	intermediate
4646	MYO6	ENSG00000196586	6	76423893	76639254	377	58749	-0.33819	0.63239	6.0	5.0	high_6	intermediate
8029	CUBN	ENSG00000107611	10	16855965	17206816	1313	58749	-0.33862	0.63255	8.0	5.0	high_6	intermediate
80709	AKNA	ENSG00000106948	9	117086429	117195783	233	58749	-0.3391	0.63273	2.0	2.0	intermediate	intermediate
4953	ODC1	ENSG00000115758	2	10570507	10623680	149	58749	-0.33925	0.63279	1.0	1.0	low	low
134829	CLVS2	ENSG00000146352	6	123282582	123395063	295	58749	-0.33953	0.63289	1.0	1.0	low	low
5624	PROC	ENSG00000115718	2	128140996	128196822	147	58749	-0.33978	0.63299	9.0	2.0	high_6	intermediate
158326	FREM1	ENSG00000164946	9	14724664	14945993	825	58749	-0.34003	0.63308	2.0	2.0	intermediate	intermediate
6580	SLC22A1	ENSG00000175003	6	160507821	160590147	203	58749	-0.34019	0.63314	13.0	5.0	high_6	high_10
55132	LARP1B	ENSG00000138709	4	128947421	129154086	395	58749	-0.34078	0.63336	1.0	1.0	low	low
25759	SHC2	ENSG00000129946	19	406583	495996	393	58749	-0.34162	0.63368	1.0	1.0	low	low
3672	ITGA1	ENSG00000213949	5	52049136	52259485	702	58749	-0.34246	0.634	7.0	5.0	high_6	intermediate
84517	ACTRT3	ENSG00000184378	3	169474709	169522683	77	58749	-0.34285	0.63415	19.0	3.0	high_6	high_10
145173	B3GALTL	ENSG00000187676	13	31739112	31916413	440	58749	-0.34312	0.63425	8.0	3.0	high_6	intermediate
9669	EIF5B	ENSG00000158417	2	99918821	100026728	255	58749	-0.3437	0.63446	2.0	2.0	intermediate	intermediate
254173	TTLL10	ENSG00000162571	1	1074286	1143315	295	58749	-0.34396	0.63456	1.0	1.0	low	low
23670	TMEM2	ENSG00000135048	9	74288282	74419373	431	58749	-0.34401	0.63458	2.0	2.0	intermediate	intermediate
56951	C5orf15	ENSG00000113583	5	133281198	133339406	110	58749	-0.34402	0.63458	1.0	1.0	low	low
10299	MARCH6	ENSG00000145495	5	10318751	10450500	168	58749	-0.34592	0.6353	1.0	1.0	low	low
9956	HS3ST2	ENSG00000122254	16	22790860	22937659	436	58749	-0.34739	0.63585	2.0	2.0	intermediate	intermediate
952	CD38	ENSG00000004468	4	15744921	15860706	331	58749	-0.34799	0.63608	1.0	1.0	low	low
7490	WT1	ENSG00000184937	11	32398789	32492104	358	58749	-0.34799	0.63608	32.0	10.0	high_6	high_10
219970	GLYATL2	ENSG00000156689	11	58591538	58646997	281	58749	-0.34889	0.63641	4.0	4.0	intermediate	intermediate
3664	IRF6	ENSG00000117595	1	209948968	210014520	214	58749	-0.34932	0.63658	4.0	2.0	intermediate	intermediate
4091	SMAD6	ENSG00000137834	15	66959674	67084338	378	58749	-0.35007	0.63686	16.0	9.0	high_6	high_10
7306	TYRP1	ENSG00000107165	9	12658385	12720285	262	58749	-0.35037	0.63697	8.0	2.0	high_6	intermediate
5510	PPP1R7	ENSG00000115685	2	242054012	242132439	263	58749	-0.35103	0.63722	1.0	1.0	low	low
6902	TBCA	ENSG00000171530	5	76976995	77107185	450	58749	-0.35124	0.6373	1.0	1.0	low	low
25927	CNRIP1	ENSG00000119865	2	68501303	68582183	233	58749	-0.35132	0.63732	1.0	1.0	low	low
10004	NAALADL1	ENSG00000168060	11	64802295	64861009	122	58749	-0.35313	0.638	1.0	1.0	low	low
2263	FGFR2	ENSG00000066468	10	123227844	123392972	332	58749	-0.35325	0.63805	28.0	7.0	high_6	high_10
7141	TNP1	ENSG00000118245	2	217714181	217759782	137	58749	-0.35388	0.63829	19.0	7.0	high_6	high_10
100129128	KHDC1L	ENSG00000256980	6	73923267	73970175	116	58749	-0.35389	0.63829	3.0	3.0	intermediate	intermediate
9099	USP2	ENSG00000036672	11	119215925	119287436	132	58749	-0.35523	0.63879	1.0	1.0	low	low
55196	KIAA1551	ENSG00000174718	12	32077353	32156041	327	58749	-0.35547	0.63888	2.0	2.0	intermediate	intermediate
387640	SKIDA1	ENSG00000180592	10	21792407	21849611	46	58749	-0.35572	0.63898	16.0	9.0	high_6	high_10
2538	G6PC	ENSG00000131482	17	41017814	41076450	80	58749	-0.35609	0.63911	2.0	1.0	intermediate	intermediate
53347	UBASH3A	ENSG00000160185	21	43788971	43877790	408	58749	-0.3587	0.64009	14.0	8.0	high_6	high_10
9399	STOML1	ENSG00000067221	15	74265559	74321963	150	58749	-0.35954	0.6404	4.0	2.0	intermediate	intermediate
2901	GRIK5	ENSG00000105737	19	42492468	42609278	80	58749	-0.36036	0.64071	4.0	2.0	intermediate	intermediate
29775	CARD10	ENSG00000100065	22	37876400	37950543	222	58749	-0.36093	0.64093	1.0	1.0	low	low
140469	MYO3B	ENSG00000071909	2	170999655	171521674	1732	58749	-0.3615	0.64114	4.0	3.0	intermediate	intermediate
118611	C10orf90	ENSG00000154493	10	128103566	128248444	402	58749	-0.36156	0.64116	1.0	1.0	low	low
27241	BBS9	ENSG00000122507	7	33134144	33655680	1452	58749	-0.36178	0.64124	3.0	2.0	intermediate	intermediate
10468	FST	ENSG00000134363	5	52741183	52792964	145	58749	-0.36229	0.64143	6.0	6.0	high_6	intermediate
161514	TBC1D21	ENSG00000167139	15	74130922	74191555	170	58749	-0.3635	0.64188	6.0	2.0	high_6	intermediate
51669	TMEM66	ENSG00000133872	8	29910609	29975649	144	58749	-0.36493	0.64242	1.0	1.0	low	low
374	AREG	ENSG00000109321	4	75275853	75330726	53	58749	-0.3655	0.64263	3.0	2.0	intermediate	intermediate
3706	ITPKA	ENSG00000137825	15	41751056	41805757	96	58749	-0.36565	0.64269	9.0	5.0	high_6	intermediate
152877	FAM53A	ENSG00000174137	4	1631608	1720988	273	58749	-0.3669	0.64315	5.0	3.0	intermediate	intermediate
9966	TNFSF15	ENSG00000181634	9	117536915	117603408	118	58749	-0.36781	0.64349	19.0	10.0	high_6	high_10
84419	C15orf48	ENSG00000166920	15	45687727	45735647	59	58749	-0.36819	0.64363	1.0	1.0	low	low
23384	SPECC1L	ENSG00000100014	22	24631785	24823708	421	58749	-0.36943	0.6441	3.0	2.0	intermediate	intermediate
1869	E2F1	ENSG00000101412	20	32253292	32309210	82	58749	-0.37025	0.6444	1.0	1.0	low	low
127665	ZNF648	ENSG00000179930	1	182013705	182065847	163	58749	-0.37076	0.64459	1.0	1.0	low	low
282966	C10orf53	ENSG00000178645	10	50852684	50926956	216	58749	-0.37342	0.64558	4.0	3.0	intermediate	intermediate
6555	SLC10A2	ENSG00000125255	13	103686348	103754196	289	58749	-0.37344	0.64559	3.0	3.0	intermediate	intermediate
10746	MAP3K2	ENSG00000169967	2	128046245	128135805	198	58749	-0.37518	0.64624	1.0	1.0	low	low
3290	HSD11B1	ENSG00000117594	1	209824525	209918295	223	58749	-0.37524	0.64626	1.0	1.0	low	low
100526761	SOHLH2	ENSG00000120669	13	36732345	36906992	597	58749	-0.37561	0.6464	2.0	2.0	intermediate	intermediate
79717	PPCS	ENSG00000127125	1	42886968	42949088	156	58749	-0.38342	0.6493	1.0	1.0	low	low
4605	MYBL2	ENSG00000101057	20	42260659	42355136	222	58749	-0.3852	0.64996	2.0	1.0	intermediate	intermediate
55612	FERMT1	ENSG00000101311	20	6045492	6139191	386	58749	-0.38539	0.65003	19.0	4.0	high_6	high_10
164832	LONRF2	ENSG00000170500	2	100879753	100974195	355	58749	-0.38588	0.65021	6.0	4.0	high_6	intermediate
80183	KIAA0226L	ENSG00000102445	13	46906136	46999177	188	58749	-0.39006	0.65175	1.0	1.0	low	low
55027	HEATR3	ENSG00000155393	16	50064881	50149392	232	58749	-0.39117	0.65216	11.0	3.0	high_6	high_10
79948		ENSG00000129951	19	802488	856952	219	58749	-0.39175	0.65238	4.0	2.0	intermediate	intermediate
11116	FGFR1OP	ENSG00000213066	6	167377805	167468064	420	58749	-0.39263	0.6527	19.0	7.0	high_6	high_10
92305	TMEM129	ENSG00000168936	4	1707679	1758084	241	58749	-0.39307	0.65287	5.0	2.0	intermediate	intermediate
28965	SLC27A6	ENSG00000113396	5	128265951	128379335	536	58749	-0.39338	0.65298	2.0	1.0	intermediate	intermediate
57154	SMURF1	ENSG00000198742	7	98615058	98776743	320	58749	-0.39628	0.65405	2.0	1.0	intermediate	intermediate
9733	SART3	ENSG00000075856	12	108905991	108990165	254	58749	-0.39634	0.65407	2.0	1.0	intermediate	intermediate
255043	TMEM86B	ENSG00000180089	19	55728002	55775632	127	58749	-0.39635	0.65408	1.0	1.0	low	low
51744	CD244	ENSG00000122223	1	160789950	160867692	234	58749	-0.39645	0.65411	1.0	1.0	low	low
1285	COL4A3	ENSG00000169031	2	227994281	228189508	876	58749	-0.3966	0.65417	15.0	4.0	high_6	high_10
147199	SCGB1C1	ENSG00000188076	11	153101	204575	39	58749	-0.39736	0.65445	8.0	3.0	high_6	intermediate
84033	OBSCN	ENSG00000154358	1	228360740	228576577	541	58749	-0.3976	0.65454	4.0	1.0	intermediate	intermediate
79648	MCPH1	ENSG00000147316	8	6229113	6511140	1556	58749	-0.39888	0.65501	1.0	1.0	low	low
448834	KPRP	ENSG00000203786	1	152695506	152744529	101	58749	-0.40039	0.65557	6.0	3.0	high_6	intermediate
157378	TMEM65	ENSG00000164983	8	125313159	125419940	304	58749	-0.40059	0.65564	2.0	2.0	intermediate	intermediate
114991	ZNF618	ENSG00000157657	9	116603562	116828875	594	58749	-0.40162	0.65602	1.0	1.0	low	low
84869	CBR4	ENSG00000145439	4	169805774	169966468	316	58749	-0.40224	0.65625	6.0	2.0	high_6	intermediate
3952	LEP	ENSG00000174697	7	127846241	127907682	150	58749	-0.40236	0.65629	4.0	2.0	intermediate	intermediate
10666	CD226	ENSG00000150637	18	67520192	67659412	353	58749	-0.40439	0.65704	13.0	10.0	high_6	high_10
7450	VWF	ENSG00000110799	12	6048040	6268836	735	58749	-0.40488	0.65722	6.0	2.0	high_6	intermediate
5195	PEX14	ENSG00000142655	1	10500003	10700815	424	58749	-0.40501	0.65727	9.0	3.0	high_6	intermediate
147323	STARD6	ENSG00000174448	18	51841062	51915943	231	58749	-0.40508	0.65729	4.0	3.0	intermediate	intermediate
83657	DYNLRB2	ENSG00000168589	16	80539854	80594713	250	58749	-0.40571	0.65752	2.0	2.0	intermediate	intermediate
10723	SLC12A7	ENSG00000113504	5	1040489	1147172	387	58749	-0.4064	0.65778	1.0	1.0	low	low
4193	MDM2	ENSG00000135679	12	69166952	69249324	187	58749	-0.40647	0.6578	1.0	1.0	low	low
29887	SNX10	ENSG00000086300	7	26296515	26423949	330	58749	-0.40712	0.65804	4.0	3.0	intermediate	intermediate
58529	MYOZ1	ENSG00000177791	10	75381370	75436515	68	58749	-0.40811	0.6584	1.0	1.0	low	low
81552	VOPP1	ENSG00000154978	7	55528303	55675200	673	58749	-0.40849	0.65854	1.0	1.0	low	low
57094	CPA6	ENSG00000165078	8	68324405	68693620	899	58749	-0.41041	0.65925	1.0	1.0	low	low
5270	SERPINE2	ENSG00000135919	2	224829765	224939036	324	58749	-0.41083	0.6594	1.0	1.0	low	low
55686	MREG	ENSG00000118242	2	216797314	216913346	412	58749	-0.41095	0.65945	1.0	1.0	low	low
26118	WSB1	ENSG00000109046	17	25586106	25650659	126	58749	-0.41113	0.65951	1.0	1.0	low	low
1305	COL13A1	ENSG00000197467	10	71526644	71728904	910	58749	-0.41239	0.65997	3.0	3.0	intermediate	intermediate
54756	IL17RD	ENSG00000144730	3	57114010	57239345	268	58749	-0.41261	0.66005	2.0	1.0	intermediate	intermediate
64805	P2RY12	ENSG00000169313	3	151044631	151137600	280	58749	-0.41456	0.66077	1.0	1.0	low	low
440193	CCDC88C	ENSG00000015133	14	91727667	91919188	552	58749	-0.41468	0.66081	4.0	1.0	intermediate	intermediate
116028	RMI2	ENSG00000175643	16	11404311	11455617	226	58749	-0.41554	0.66113	5.0	4.0	intermediate	intermediate
164781	DAW1	ENSG00000123977	2	228701325	228799131	364	58749	-0.41698	0.66165	7.0	4.0	high_6	intermediate
445815	PALM2-AKAP2	ENSG00000157654	9	112507577	112944792	1407	58749	-0.41877	0.66231	6.0	4.0	high_6	intermediate
11108	PRDM4	ENSG00000110851	12	108116643	108190049	209	58749	-0.41947	0.66256	2.0	2.0	intermediate	intermediate
9350	CER1	ENSG00000147869	9	14709731	14757715	204	58749	-0.42017	0.66282	1.0	1.0	low	low
7128	TNFAIP3	ENSG00000118503	6	138153325	138214451	115	58749	-0.42048	0.66293	21.0	10.0	high_6	high_10
132625	ZFP42	ENSG00000179059	4	188881925	188936199	181	58749	-0.42092	0.66309	1.0	1.0	low	low
84439	HHIPL1	ENSG00000182218	14	100076480	100153011	192	58749	-0.42373	0.66412	15.0	3.0	high_6	high_10
92359	CRB3	ENSG00000130545	19	6428788	6477232	179	58749	-0.42463	0.66445	2.0	1.0	intermediate	intermediate
116	ADCYAP1	ENSG00000141433	18	869366	922173	263	58749	-0.42489	0.66454	1.0	1.0	low	low
7884	SLBP	ENSG00000163950	4	1684527	1749421	272	58749	-0.4253	0.66469	7.0	3.0	high_6	intermediate
3773	KCNJ16	ENSG00000153822	17	68036348	68141749	326	58749	-0.42677	0.66523	3.0	3.0	intermediate	intermediate
25978	CHMP2B	ENSG00000083937	3	87241413	87314698	193	58749	-0.42737	0.66544	3.0	1.0	intermediate	intermediate
8493	PPM1D	ENSG00000170836	17	58642544	58753641	51	58749	-0.42741	0.66546	1.0	1.0	low	low
201232	SLC16A13	ENSG00000174327	17	6904394	6953440	102	58749	-0.42785	0.66562	2.0	1.0	intermediate	intermediate
55118	CRTAC1	ENSG00000095713	10	99614757	99825585	383	58749	-0.42852	0.66586	4.0	3.0	intermediate	intermediate
153478	PLEKHG4B	ENSG00000153404	5	105373	200087	334	58749	-0.42859	0.66589	3.0	2.0	intermediate	intermediate
9271	PIWIL1	ENSG00000125207	12	130787433	130866877	277	58749	-0.42945	0.6662	1.0	1.0	low	low
10809	STARD10	ENSG00000214530	11	72455774	72539750	164	58749	-0.42948	0.66621	3.0	2.0	intermediate	intermediate
8403	SOX14	ENSG00000168875	3	137448134	137495176	95	58749	-0.42977	0.66632	5.0	4.0	intermediate	intermediate
100137047	JMJD7	ENSG00000243789	15	42085283	42139785	127	58749	-0.43067	0.66665	1.0	1.0	low	low
55258	THNSL2	ENSG00000144115	2	88434814	88496156	157	58749	-0.43247	0.6673	6.0	2.0	high_6	intermediate
79054	TRPM8	ENSG00000144481	2	234791043	234938166	506	58749	-0.43282	0.66743	4.0	3.0	intermediate	intermediate
10460	TACC3	ENSG00000013810	4	1688217	1756905	283	58749	-0.4329	0.66746	14.0	4.0	high_6	high_10
51101	ZC2HC1A	ENSG00000104427	8	79543282	79642000	243	58749	-0.43351	0.66768	3.0	3.0	intermediate	intermediate
51012	SLMO2	ENSG00000101166	20	57598200	57652901	92	58749	-0.43515	0.66827	6.0	4.0	high_6	intermediate
4144	MAT2A	ENSG00000168906	2	85731101	85782403	166	58749	-0.43522	0.6683	9.0	4.0	high_6	intermediate
50852	TRAT1	ENSG00000163519	3	108506631	108583714	225	58749	-0.4363	0.66869	4.0	2.0	intermediate	intermediate
84676	TRIM63	ENSG00000158022	1	26367792	26429142	129	58749	-0.43651	0.66876	1.0	1.0	low	low
8999	CDKL2	ENSG00000138769	4	76491704	76590721	213	58749	-0.43755	0.66914	2.0	2.0	intermediate	intermediate
6822	SULT2A1	ENSG00000105398	19	48363723	48424654	166	58749	-0.43832	0.66942	7.0	3.0	high_6	intermediate
728763		ENSG00000226321	2	241837287	241915525	243	58749	-0.43963	0.6699	3.0	2.0	intermediate	intermediate
2677	GGCX	ENSG00000115486	2	85761978	85823657	177	58749	-0.44061	0.67025	9.0	4.0	high_6	intermediate
11315	PARK7	ENSG00000116288	1	7986714	8055342	124	58749	-0.44293	0.67109	5.0	3.0	intermediate	intermediate
84649	DGAT2	ENSG00000062282	11	75444778	75522581	112	58749	-0.44344	0.67128	2.0	2.0	intermediate	intermediate
94025	MUC16	ENSG00000181143	19	8949516	9127018	644	58749	-0.4448	0.67177	5.0	4.0	intermediate	intermediate
203286	ANKS6	ENSG00000165138	9	101484291	101593794	200	58749	-0.44487	0.67179	1.0	1.0	low	low
7039	TGFA	ENSG00000163235	2	70664412	70816147	485	58749	-0.44544	0.672	19.0	5.0	high_6	high_10
276	AMY1A	ENSG00000237763	1	104158695	104217174	2	58749	-0.44702	0.67257	2.0	2.0	intermediate	intermediate
90550	MCU	ENSG00000156026	10	74416889	74657452	231	58749	-0.45054	0.67384	1.0	1.0	low	low
162681	C18orf54	ENSG00000166845	18	51849284	51918404	215	58749	-0.45068	0.67389	2.0	2.0	intermediate	intermediate
149420	PDIK1L	ENSG00000175087	1	26402656	26462039	122	58749	-0.45154	0.6742	1.0	1.0	low	low
3552	IL1A	ENSG00000115008	2	113521492	113577971	133	58749	-0.4528	0.67465	3.0	2.0	intermediate	intermediate
5453	POU3F1	ENSG00000185668	1	38499523	38547450	124	58749	-0.45483	0.67538	5.0	5.0	intermediate	intermediate
7112	TMPO	ENSG00000120802	12	98874351	98954157	223	58749	-0.45495	0.67543	1.0	1.0	low	low
3643	INSR	ENSG00000171105	19	7102266	7329011	793	58749	-0.45649	0.67598	19.0	10.0	high_6	high_10
55269	PSPC1	ENSG00000121390	13	20238892	20392159	297	58749	-0.45667	0.67605	1.0	1.0	low	low
27129	HSPB7	ENSG00000173641	1	16330523	16381084	289	58749	-0.45757	0.67637	9.0	3.0	high_6	intermediate
9792	SERTAD2	ENSG00000179833	2	64848755	65013048	315	58749	-0.4579	0.67649	3.0	3.0	intermediate	intermediate
7173	TPO	ENSG00000115705	2	1382233	1557445	654	58749	-0.45808	0.67655	7.0	3.0	high_6	intermediate
147372	CCBE1	ENSG00000183287	18	57088171	57399860	1195	58749	-0.45862	0.67675	3.0	3.0	intermediate	intermediate
345611	IRGM	ENSG00000237693	5	150191085	150238231	98	58749	-0.45899	0.67688	4.0	2.0	intermediate	intermediate
29922	NME7	ENSG00000143156	1	169091258	169372186	966	58749	-0.45946	0.67705	21.0	7.0	high_6	high_10
116369	SLC26A8	ENSG00000112053	6	35901291	36027413	301	58749	-0.46035	0.67737	2.0	2.0	intermediate	intermediate
79731	NARS2	ENSG00000137513	11	78137007	78320909	384	58749	-0.4616	0.67782	1.0	1.0	low	low
7058	THBS2	ENSG00000186340	6	169605875	169689137	343	58749	-0.46227	0.67806	6.0	2.0	high_6	intermediate
23177	CEP68	ENSG00000011523	2	65248495	65324142	223	58749	-0.46368	0.67856	11.0	6.0	high_6	high_10
983	CDK1	ENSG00000170312	10	62503089	62564610	202	58749	-0.46419	0.67874	1.0	1.0	low	low
4324	MMP15	ENSG00000102996	16	58024282	58090805	123	58749	-0.46468	0.67892	1.0	1.0	low	low
10561	IFI44	ENSG00000137965	1	79080477	79139763	125	58749	-0.46567	0.67927	1.0	1.0	low	low
54112	GPR88	ENSG00000181656	1	100968728	101017583	81	58749	-0.46591	0.67936	1.0	1.0	low	low
5979	RET	ENSG00000165731	10	43537517	43635799	360	58749	-0.46767	0.67999	2.0	2.0	intermediate	intermediate
514	ATP5E	ENSG00000124172	20	57593733	57642422	79	58749	-0.46864	0.68034	4.0	3.0	intermediate	intermediate
163782	KANK4	ENSG00000132854	1	62691837	62820083	471	58749	-0.47066	0.68106	2.0	2.0	intermediate	intermediate
898	CCNE1	ENSG00000105173	19	30267805	30325224	121	58749	-0.47161	0.6814	5.0	1.0	intermediate	intermediate
57486	NLN	ENSG00000123213	5	64983023	65135111	388	58749	-0.47395	0.68223	1.0	1.0	low	low
79726	WDR59	ENSG00000103091	16	74897468	75054026	493	58749	-0.47467	0.68249	1.0	1.0	low	low
5236	PGM1	ENSG00000079739	1	64023947	64135916	316	58749	-0.47538	0.68274	2.0	1.0	intermediate	intermediate
8698	S1PR4	ENSG00000125910	19	3143250	3190335	224	58749	-0.47585	0.68291	3.0	3.0	intermediate	intermediate
2204	FCAR	ENSG00000186431	19	55350549	55411839	262	58749	-0.47597	0.68295	3.0	1.0	intermediate	intermediate
79954	NOL10	ENSG00000115761	2	10700892	10865113	622	58749	-0.47629	0.68306	2.0	1.0	intermediate	intermediate
1188	CLCNKB	ENSG00000184908	1	16335231	16393821	334	58749	-0.47725	0.68341	1.0	1.0	low	low
5314	PKHD1	ENSG00000170927	6	51470145	51987423	1580	58749	-0.47871	0.68393	12.0	10.0	high_6	high_10
143384	CACUL1	ENSG00000151893	10	120423679	120549758	406	58749	-0.48111	0.68478	1.0	1.0	low	low
132720	C4orf32	ENSG00000174749	4	113031553	113120237	185	58749	-0.48435	0.68593	8.0	6.0	high_6	intermediate
84101	USP44	ENSG00000136014	12	95900336	95980278	292	58749	-0.48465	0.68604	12.0	4.0	high_6	high_10
147183	KRT25	ENSG00000204897	17	38894273	38946584	138	58749	-0.48484	0.6861	1.0	1.0	low	low
353514	LILRA5	ENSG00000187116	19	54808353	54859409	165	58749	-0.48486	0.68611	1.0	1.0	low	low
2243	FGA	ENSG00000171560	4	155494280	155546897	66	58749	-0.48614	0.68657	10.0	3.0	high_6	high_10
23621	BACE1	ENSG00000186318	11	117146402	117221972	165	58749	-0.48797	0.68721	1.0	1.0	low	low
6518	SLC2A5	ENSG00000142583	1	9087005	9166763	270	58749	-0.48798	0.68722	1.0	1.0	low	low
79832	QSER1	ENSG00000060749	11	32879792	33011816	336	58749	-0.48846	0.68739	5.0	4.0	intermediate	intermediate
341416	OR6C2	ENSG00000179695	12	55810998	55856936	103	58749	-0.48905	0.6876	1.0	1.0	low	low
10753	CAPN9	ENSG00000135773	1	230848089	230947749	472	58749	-0.48931	0.68769	1.0	1.0	low	low
942	CD86	ENSG00000114013	3	121739209	121849990	220	58749	-0.48953	0.68777	4.0	2.0	intermediate	intermediate
1007	CDH9	ENSG00000113100	5	26870709	27073689	525	58749	-0.49025	0.68802	3.0	2.0	intermediate	intermediate
127018	LYPLAL1	ENSG00000143353	1	219312192	219396207	143	58749	-0.49047	0.6881	16.0	8.0	high_6	high_10
84811	BUD13	ENSG00000137656	11	116608886	116678714	213	58749	-0.49111	0.68833	12.0	4.0	high_6	high_10
7518	XRCC4	ENSG00000152422	5	82338317	82659579	720	58749	-0.492	0.68864	2.0	2.0	intermediate	intermediate
8673	VAMP8	ENSG00000118640	2	85769614	85819156	140	58749	-0.49258	0.68885	5.0	2.0	intermediate	intermediate
4081	MAB21L1	ENSG00000180660	13	36037926	36087786	112	58749	-0.49379	0.68927	3.0	3.0	intermediate	intermediate
22934	RPIA	ENSG00000153574	2	88956176	89060452	247	58749	-0.49438	0.68948	7.0	5.0	high_6	intermediate
57209	ZNF248	ENSG00000198105	10	38055454	38182012	406	58749	-0.49454	0.68954	1.0	1.0	low	low
6690	SPINK1	ENSG00000164266	5	147194143	147253794	140	58749	-0.49708	0.69043	5.0	2.0	intermediate	intermediate
8542	APOL1	ENSG00000100342	22	36614117	36673577	251	58749	-0.4972	0.69048	15.0	7.0	high_6	high_10
23463	ICMT	ENSG00000116237	1	6271253	6331044	133	58749	-0.4988	0.69104	1.0	1.0	low	low
80168	MOGAT2	ENSG00000166391	11	75393934	75452331	146	58749	-0.49914	0.69116	3.0	3.0	intermediate	intermediate
125111	GJD3	ENSG00000183153	17	38506904	38555945	107	58749	-0.49937	0.69124	3.0	3.0	intermediate	intermediate
81027	TUBB1	ENSG00000101162	20	57559309	57611709	121	58749	-0.50009	0.6915	3.0	3.0	intermediate	intermediate
8646	CHRD	ENSG00000090539	3	184062861	184117617	137	58749	-0.50066	0.6917	1.0	1.0	low	low
2869	GRK5	ENSG00000198873	10	120932197	121225131	878	58749	-0.50192	0.69214	10.0	3.0	high_6	high_10
7462	LAT2	ENSG00000086730	7	73589087	73654164	60	58749	-0.5026	0.69238	1.0	1.0	low	low
8292	COLQ	ENSG00000206561	3	15481640	15598277	318	58749	-0.50413	0.69291	2.0	1.0	intermediate	intermediate
115330	GPR146	ENSG00000164849	7	1049218	1108905	307	58749	-0.50432	0.69298	1.0	1.0	low	low
26984	SEC22A	ENSG00000121542	3	122885774	123002983	356	58749	-0.50449	0.69304	2.0	2.0	intermediate	intermediate
6929	TCF3	ENSG00000071564	19	1599289	1687328	209	58749	-0.50715	0.69397	1.0	1.0	low	low
5264	PHYH	ENSG00000107537	10	13309796	13377133	252	58749	-0.50894	0.6946	1.0	1.0	low	low
23235	SIK2	ENSG00000170145	11	111438170	111607635	225	58749	-0.50901	0.69463	7.0	6.0	high_6	intermediate
64778	FNDC3B	ENSG00000075420	3	171722418	172128493	1033	58749	-0.50908	0.69465	10.0	5.0	high_6	high_10
353142	LCE3A	ENSG00000185962	1	152585310	152630579	174	58749	-0.50971	0.69487	4.0	3.0	intermediate	intermediate
84938	ATG4C	ENSG00000125703	1	63214777	63340941	279	58749	-0.51251	0.69585	1.0	1.0	low	low
10240	MRPS31	ENSG00000102738	13	41293432	41380347	117	58749	-0.51982	0.69841	3.0	2.0	intermediate	intermediate
64763	ZNF574	ENSG00000105732	19	42544057	42595719	36	58749	-0.52102	0.69882	1.0	1.0	low	low
27250	PDCD4	ENSG00000150593	10	112596553	112669764	166	58749	-0.52166	0.69905	1.0	1.0	low	low
9365	KL	ENSG00000133116	13	33555571	33650282	316	58749	-0.52229	0.69927	2.0	1.0	intermediate	intermediate
55007	FAM118A	ENSG00000100376	22	45670081	45747836	265	58749	-0.52238	0.6993	8.0	5.0	high_6	intermediate
81569	ACTL8	ENSG00000117148	1	18046808	18163558	304	58749	-0.52251	0.69934	2.0	1.0	intermediate	intermediate
5745	PTH1R	ENSG00000160801	3	46884236	46955289	128	58749	-0.52355	0.6997	2.0	2.0	intermediate	intermediate
5743	PTGS2	ENSG00000073756	1	186630944	186684559	159	58749	-0.52379	0.69979	3.0	1.0	intermediate	intermediate
8537	BCAS1	ENSG00000064787	20	52550079	52722304	704	58749	-0.52451	0.70004	7.0	3.0	high_6	intermediate
91442	C19orf40	ENSG00000131944	19	33428140	33478401	195	58749	-0.52457	0.70006	1.0	1.0	low	low
9576	SPAG6	ENSG00000077327	10	22599345	22716539	117	58749	-0.52466	0.70009	1.0	1.0	low	low
2057	EPOR	ENSG00000187266	19	11477881	11530018	102	58749	-0.52612	0.7006	1.0	1.0	low	low
8036	SHOC2	ENSG00000108061	10	112644301	112783425	286	58749	-0.52616	0.70061	1.0	1.0	low	low
59345	GNB4	ENSG00000114450	3	179103876	179204371	196	58749	-0.52621	0.70063	2.0	2.0	intermediate	intermediate
285440	CYP4V2	ENSG00000145476	4	187077565	187144617	227	58749	-0.52888	0.70155	4.0	1.0	intermediate	intermediate
6295	SAG	ENSG00000130561	2	234181309	234265701	232	58749	-0.52907	0.70162	1.0	1.0	low	low
84447	SYVN1	ENSG00000162298	11	64884751	64937285	80	58749	-0.52959	0.7018	1.0	1.0	low	low
8477	GPR65	ENSG00000140030	14	88436468	88491155	245	58749	-0.53204	0.70265	6.0	3.0	high_6	intermediate
2203	FBP1	ENSG00000165140	9	97355415	97437531	272	58749	-0.53213	0.70268	1.0	1.0	low	low
6498	SKIL	ENSG00000136603	3	170040473	170124637	212	58749	-0.53228	0.70274	3.0	2.0	intermediate	intermediate
29785	CYP2S1	ENSG00000167600	19	41664115	41723444	173	58749	-0.53239	0.70277	5.0	5.0	intermediate	intermediate
26974	ZNF285	ENSG00000267508	19	44879808	44940777	265	58749	-0.53243	0.70279	2.0	2.0	intermediate	intermediate
255743	NPNT	ENSG00000168743	4	106781588	106902828	304	58749	-0.53321	0.70306	8.0	5.0	high_6	intermediate
165	AEBP1	ENSG00000106624	7	44108960	44164164	132	58749	-0.53333	0.7031	1.0	1.0	low	low
90624	LYRM7	ENSG00000186687	5	130471641	130551119	200	58749	-0.53527	0.70377	4.0	4.0	intermediate	intermediate
79368	FCRL2	ENSG00000132704	1	157705523	157782119	133	58749	-0.53877	0.70498	1.0	1.0	low	low
3998	LMAN1	ENSG00000074695	18	56985055	57061508	240	58749	-0.53935	0.70518	3.0	2.0	intermediate	intermediate
1410	CRYAB	ENSG00000109846	11	111769350	111817473	58	58749	-0.54058	0.7056	1.0	1.0	low	low
25994	HIGD1A	ENSG00000181061	3	42814400	42881027	119	58749	-0.5408	0.70568	1.0	1.0	low	low
6924	TCEB3	ENSG00000011007	1	24034856	24098549	66	58749	-0.54087	0.7057	1.0	1.0	low	low
8554	PIAS1	ENSG00000033800	15	68311572	68493797	222	58749	-0.541	0.70575	6.0	4.0	high_6	intermediate
613227	HIGD1C	ENSG00000214511	12	51311200	51374668	210	58749	-0.54116	0.7058	1.0	1.0	low	low
197021	LCTL	ENSG00000188501	15	66829806	66893317	257	58749	-0.5425	0.70626	3.0	2.0	intermediate	intermediate
116841	SNAP47	ENSG00000143740	1	227887697	227978932	202	58749	-0.54262	0.7063	2.0	2.0	intermediate	intermediate
9194	SLC16A7	ENSG00000118596	12	59954821	60193636	614	58749	-0.54297	0.70643	4.0	2.0	intermediate	intermediate
79875	THSD4	ENSG00000187720	15	71372935	72085722	2182	58749	-0.54302	0.70644	9.0	4.0	high_6	intermediate
130271	PLEKHH2	ENSG00000152527	2	43829439	44005126	645	58749	-0.54352	0.70661	4.0	3.0	intermediate	intermediate
92667	MGME1	ENSG00000125871	20	17914534	17981765	230	58749	-0.54418	0.70684	3.0	2.0	intermediate	intermediate
361	AQP4	ENSG00000171885	18	24422007	24480735	168	58749	-0.54429	0.70688	6.0	2.0	high_6	intermediate
23317	DNAJC13	ENSG00000138246	3	132101361	132267876	386	58749	-0.54578	0.70739	3.0	3.0	intermediate	intermediate
7979	SHFM1	ENSG00000127922	7	96308079	96374203	147	58749	-0.55012	0.70888	2.0	2.0	intermediate	intermediate
3987	LIMS1	ENSG00000169756	2	109115811	109313702	534	58749	-0.55043	0.70899	1.0	1.0	low	low
632	BGLAP	ENSG00000242252	1	156176951	156223123	102	58749	-0.55093	0.70916	4.0	3.0	intermediate	intermediate
8412	BCAR3	ENSG00000137936	1	94017343	94347706	1026	58749	-0.5514	0.70932	1.0	1.0	low	low
272	AMPD3	ENSG00000133805	11	10436846	10539126	367	58749	-0.55218	0.70959	3.0	3.0	intermediate	intermediate
4634	MYL3	ENSG00000160808	3	46889357	46939973	93	58749	-0.55448	0.71038	4.0	3.0	intermediate	intermediate
9414	TJP2	ENSG00000119139	9	71679875	71880124	752	58749	-0.55579	0.71082	2.0	2.0	intermediate	intermediate
10602	CDC42EP3	ENSG00000163171	2	37859025	37934678	278	58749	-0.55607	0.71092	4.0	4.0	intermediate	intermediate
80853	KDM7A	ENSG00000006459	7	139774546	139911741	276	58749	-0.55639	0.71103	2.0	2.0	intermediate	intermediate
25780	RASGRP3	ENSG00000152689	2	33626416	33799798	606	58749	-0.55873	0.71183	6.0	4.0	high_6	intermediate
5203	PFDN4	ENSG00000101132	20	52789502	52846492	286	58749	-0.55898	0.71191	1.0	1.0	low	low
2318	FLNC	ENSG00000128591	7	128435436	128509328	185	58749	-0.55947	0.71208	11.0	2.0	high_6	high_10
4175	MCM6	ENSG00000076003	2	136587196	136669047	112	58749	-0.56056	0.71245	8.0	4.0	high_6	intermediate
51497	NELFCD	ENSG00000101158	20	57521263	57580400	155	58749	-0.56073	0.71251	1.0	1.0	low	low
27131	SNX5	ENSG00000089006	20	17912244	17984490	248	58749	-0.56281	0.71322	2.0	1.0	intermediate	intermediate
11137	PWP1	ENSG00000136045	12	108044590	108116257	181	58749	-0.56358	0.71348	2.0	2.0	intermediate	intermediate
4018	LPA	ENSG00000198670	6	160942506	161132478	344	58749	-0.56433	0.71374	58.0	9.0	high_6	high_10
55746	NUP133	ENSG00000069248	1	229567044	229679088	206	58749	-0.56506	0.71398	2.0	1.0	intermediate	intermediate
134429	STARD4	ENSG00000164211	5	110821731	110883234	143	58749	-0.56655	0.71449	3.0	3.0	intermediate	intermediate
64240	ABCG5	ENSG00000138075	2	44029611	44101039	379	58749	-0.56743	0.71479	21.0	6.0	high_6	high_10
64065	PERP	ENSG00000112378	6	138399642	138463660	254	58749	-0.56928	0.71542	1.0	1.0	low	low
92482	BBIP1	ENSG00000214413	10	112648488	112714124	156	58749	-0.56933	0.71543	2.0	2.0	intermediate	intermediate
5420	PODXL	ENSG00000128567	7	131175021	131276376	335	58749	-0.56995	0.71564	6.0	4.0	high_6	intermediate
27284	SULT1B1	ENSG00000173597	4	70581838	70661430	237	58749	-0.57059	0.71586	4.0	3.0	intermediate	intermediate
57585	CRAMP1L	ENSG00000007545	16	1627495	1737909	229	58749	-0.57085	0.71595	1.0	1.0	low	low
284207	METRNL	ENSG00000176845	17	81002567	81062867	272	58749	-0.57105	0.71602	8.0	3.0	high_6	intermediate
55847	CISD1	ENSG00000122873	10	59993862	60060752	222	58749	-0.57126	0.71609	1.0	1.0	low	low
4071	TM4SF1	ENSG00000169908	3	149076805	149130647	168	58749	-0.5714	0.71614	1.0	1.0	low	low
2842	GPR19	ENSG00000183150	12	12803995	12884121	180	58749	-0.57327	0.71677	1.0	1.0	low	low
400757	C1orf141	ENSG00000203963	1	67547859	67635654	304	58749	-0.57343	0.71682	6.0	4.0	high_6	intermediate
10507	SEMA4D	ENSG00000187764	9	91965706	92147906	603	58749	-0.57443	0.71716	1.0	1.0	low	low
6596	HLTF	ENSG00000071794	3	148737904	148839341	221	58749	-0.57757	0.71822	2.0	1.0	intermediate	intermediate
644019	CBWD1	ENSG00000172785	9	69194538	69297593	1	58749	-0.57869	0.7186	1.0	1.0	low	low
150094	SIK1	ENSG00000142178	21	44824395	44882002	238	58749	-0.57953	0.71889	3.0	3.0	intermediate	intermediate
23274	CLEC16A	ENSG00000038532	16	11003345	11286046	771	58749	-0.57992	0.71902	42.0	14.0	high_6	high_10
9375	TM9SF2	ENSG00000125304	13	100118628	100226302	289	58749	-0.58053	0.71922	7.0	5.0	high_6	intermediate
55692	LUC7L	ENSG00000007392	16	228970	314449	184	58749	-0.58067	0.71927	3.0	2.0	intermediate	intermediate
148738	HFE2	ENSG00000168509	1	145378191	145427545	81	58749	-0.58256	0.71991	1.0	1.0	low	low
51103	NDUFAF1	ENSG00000137806	15	41669547	41729658	117	58749	-0.58304	0.72007	1.0	1.0	low	low
54093	SETD4	ENSG00000185917	21	37396839	37467869	218	58749	-0.58543	0.72087	2.0	2.0	intermediate	intermediate
65265	C8orf33	ENSG00000182307	8	146242823	146291416	123	58749	-0.58665	0.72128	1.0	1.0	low	low
6513	SLC2A1	ENSG00000117394	1	43381046	43459847	273	58749	-0.58711	0.72144	1.0	1.0	low	low
92949	ADAMTSL1	ENSG00000178031	9	18439079	18920948	1824	58749	-0.58713	0.72144	5.0	4.0	intermediate	intermediate
157310	PEBP4	ENSG00000134020	8	22560765	22820491	821	58749	-0.58748	0.72156	2.0	2.0	intermediate	intermediate
53829	P2RY13	ENSG00000181631	3	151034096	151082337	129	58749	-0.59052	0.72258	1.0	1.0	low	low
1003	CDH5	ENSG00000179776	16	66365525	66448689	261	58749	-0.59234	0.72319	3.0	2.0	intermediate	intermediate
4015	LOX	ENSG00000113083	5	121388890	121449206	134	58749	-0.59243	0.72322	4.0	3.0	intermediate	intermediate
240	ALOX5	ENSG00000012779	10	45834624	45951569	369	58749	-0.5931	0.72344	1.0	1.0	low	low
873	CBR1	ENSG00000159228	21	37407285	37455462	158	58749	-0.59353	0.72359	1.0	1.0	low	low
8529	CYP4F2	ENSG00000186115	19	15978834	16043884	334	58749	-0.59401	0.72375	3.0	2.0	intermediate	intermediate
3600	IL15	ENSG00000164136	4	142522749	142665140	302	58749	-0.5941	0.72378	2.0	2.0	intermediate	intermediate
4261	CIITA	ENSG00000179583	16	10936055	11028840	284	58749	-0.59443	0.72389	4.0	2.0	intermediate	intermediate
338324	S100A7A	ENSG00000184330	1	153354000	153405701	120	58749	-0.59688	0.72471	1.0	1.0	low	low
8548	BLZF1	ENSG00000117475	1	169302122	169375782	213	58749	-0.59846	0.72523	5.0	3.0	intermediate	intermediate
60487	TRMT11	ENSG00000066651	6	126272576	126370422	99	58749	-0.59858	0.72527	1.0	1.0	low	low
729246	PRR20A	ENSG00000204919	13	57699766	57747787	39	58749	-0.59858	0.72527	1.0	1.0	low	low
388552	BLOC1S3	ENSG00000189114	19	45647003	45695058	113	58749	-0.59905	0.72543	3.0	3.0	intermediate	intermediate
8710	SERPINB7	ENSG00000166396	18	61385281	61482610	409	58749	-0.5999	0.72571	7.0	3.0	high_6	intermediate
51728	POLR3K	ENSG00000161980	16	86979	138632	151	58749	-0.60067	0.72597	1.0	1.0	low	low
387911	C1QTNF9B	ENSG00000205863	13	24455238	24506145	206	58749	-0.605	0.72741	2.0	2.0	intermediate	intermediate
162466	PHOSPHO1	ENSG00000173868	17	47290728	47344009	127	58749	-0.60554	0.72759	6.0	4.0	high_6	intermediate
1004	CDH6	ENSG00000113361	5	31158762	31339253	378	58749	-0.60934	0.72885	13.0	6.0	high_6	high_10
5074	PAWR	ENSG00000177425	12	79975745	80119877	139	58749	-0.60981	0.72901	4.0	3.0	intermediate	intermediate
2812	SEPT5	ENSG00000184702	22	19676066	19722297	148	58749	-0.61038	0.72919	1.0	1.0	low	low
97	ACYP1	ENSG00000119640	14	75509924	75571181	97	58749	-0.6127	0.72996	7.0	5.0	high_6	intermediate
55297	CCDC91	ENSG00000123106	12	28308360	28713099	989	58749	-0.61284	0.73001	15.0	5.0	high_6	high_10
129530	LYG1	ENSG00000144214	2	99890701	99956205	155	58749	-0.61677	0.73131	1.0	1.0	low	low
5452	POU2F2	ENSG00000028277	19	42580262	42671625	87	58749	-0.61894	0.73202	1.0	1.0	low	low
115019	SLC26A9	ENSG00000174502	1	205872176	205947588	181	58749	-0.61907	0.73206	3.0	3.0	intermediate	intermediate
4724	NDUFS4	ENSG00000164258	5	52821464	52989171	480	58749	-0.61998	0.73236	2.0	2.0	intermediate	intermediate
135138	PACRG	ENSG00000112530	6	163113164	163746524	1863	58749	-0.62044	0.73251	5.0	3.0	intermediate	intermediate
55722	CEP72	ENSG00000112877	5	577405	665807	325	58749	-0.62045	0.73252	5.0	4.0	intermediate	intermediate
5292	PIM1	ENSG00000137193	6	37102922	37153204	108	58749	-0.62056	0.73256	1.0	1.0	low	low
8496	PPFIBP1	ENSG00000110841	12	27642045	27858497	686	58749	-0.62194	0.73301	3.0	3.0	intermediate	intermediate
7903	ST8SIA4	ENSG00000113532	5	100132639	100273989	292	58749	-0.62202	0.73303	2.0	2.0	intermediate	intermediate
91860	CALML4	ENSG00000129007	15	68473043	68533448	96	58749	-0.62329	0.73345	1.0	1.0	low	low
7155	TOP2B	ENSG00000077097	3	25629396	25741396	220	58749	-0.62437	0.73381	1.0	1.0	low	low
105	ADARB2	ENSG00000185736	10	1213253	1814670	2339	58749	-0.62594	0.73432	2.0	2.0	intermediate	intermediate
7424	VEGFC	ENSG00000150630	4	177594689	177748899	392	58749	-0.62778	0.73493	2.0	1.0	intermediate	intermediate
23168	RTF1	ENSG00000137815	15	41674302	41785761	203	58749	-0.6282	0.73506	1.0	1.0	low	low
390205	LRRC10B	ENSG00000204950	11	61241272	61288490	121	58749	-0.62947	0.73548	3.0	2.0	intermediate	intermediate
3717	JAK2	ENSG00000096968	9	4950245	5139948	468	58749	-0.63028	0.73574	16.0	7.0	high_6	high_10
253430	IPMK	ENSG00000151151	10	59941278	60062694	406	58749	-0.63062	0.73586	3.0	1.0	intermediate	intermediate
51657	STYXL1	ENSG00000127952	7	75615610	75712321	222	58749	-0.63139	0.73611	1.0	1.0	low	low
4618	MYF6	ENSG00000111046	12	81066408	81113257	112	58749	-0.63184	0.73625	1.0	1.0	low	low
53836	GPR87	ENSG00000138271	3	151001874	151069636	160	58749	-0.63236	0.73642	1.0	1.0	low	low
8174	MADCAM1	ENSG00000099866	19	461487	515343	244	58749	-0.63309	0.73666	1.0	1.0	low	low
656	BMP8B	ENSG00000116985	1	40213903	40289533	270	58749	-0.63326	0.73672	3.0	3.0	intermediate	intermediate
8632	DNAH17	ENSG00000187775	17	76409778	76608476	953	58749	-0.63386	0.73691	1.0	1.0	low	low
64693	CTAGE1	ENSG00000212710	18	19983564	20032878	119	58749	-0.636	0.73761	20.0	8.0	high_6	high_10
57701	NCKAP5L	ENSG00000167566	12	50174929	50257208	239	58749	-0.63646	0.73776	3.0	1.0	intermediate	intermediate
151449	GDF7	ENSG00000143869	2	20831424	20881250	155	58749	-0.63662	0.73781	16.0	5.0	high_6	high_10
57708	MIER1	ENSG00000198160	1	67355578	67464302	232	58749	-0.63763	0.73814	2.0	1.0	intermediate	intermediate
11264	PXMP4	ENSG00000101417	20	32280550	32343136	100	58749	-0.64074	0.73915	2.0	1.0	intermediate	intermediate
2100	ESR2	ENSG00000140009	14	64683751	64840268	362	58749	-0.64141	0.73937	12.0	4.0	high_6	high_10
8740	TNFSF14	ENSG00000125735	19	6651264	6705599	244	58749	-0.64203	0.73957	2.0	2.0	intermediate	intermediate
653820	FAM72B	ENSG00000188610	1	120803959	120865681	4	58749	-0.64342	0.74002	5.0	1.0	intermediate	intermediate
55062	WIPI1	ENSG00000070540	17	66407422	66488653	191	58749	-0.64415	0.74026	2.0	2.0	intermediate	intermediate
140689	CBLN4	ENSG00000054803	20	54562413	54615528	86	58749	-0.6451	0.74057	3.0	2.0	intermediate	intermediate
10288	LILRB2	ENSG00000131042	19	54767675	54820033	160	58749	-0.64597	0.74085	4.0	3.0	intermediate	intermediate
119774	OR52K2	ENSG00000181963	11	4435525	4481591	178	58749	-0.64706	0.7412	1.0	1.0	low	low
728597	DCDC2C	ENSG00000214866	2	3716188	3905001	724	58749	-0.64801	0.74151	2.0	1.0	intermediate	intermediate
1232	CCR3	ENSG00000183625	3	46248872	46318197	205	58749	-0.64924	0.74191	1.0	1.0	low	low
654502	IQCJ	ENSG00000214216	3	158752041	158994096	469	58749	-0.65075	0.7424	1.0	1.0	low	low
29995	LMCD1	ENSG00000071282	3	8508493	8619811	359	58749	-0.65112	0.74251	4.0	2.0	intermediate	intermediate
29851	ICOS	ENSG00000163600	2	204766454	204836302	194	58749	-0.65258	0.74299	5.0	5.0	intermediate	intermediate
390326	OR6C76	ENSG00000185821	12	55785038	55830976	108	58749	-0.6527	0.74302	1.0	1.0	low	low
83986	ITFG3	ENSG00000167930	16	249758	328960	181	58749	-0.65413	0.74349	7.0	4.0	high_6	intermediate
55776	SAYSD1	ENSG00000112167	6	39061840	39117865	199	58749	-0.65581	0.74403	3.0	2.0	intermediate	intermediate
602	BCL3	ENSG00000069399	19	45211070	45273301	231	58749	-0.65654	0.74426	12.0	8.0	high_6	high_10
284451	ODF3L2	ENSG00000181781	19	453346	509983	264	58749	-0.65747	0.74456	2.0	2.0	intermediate	intermediate
1551	CYP3A7	ENSG00000160870	7	99292660	99367853	125	58749	-0.65749	0.74457	3.0	3.0	intermediate	intermediate
3842	TNPO1	ENSG00000083312	5	72077418	72220215	243	58749	-0.65776	0.74465	5.0	4.0	intermediate	intermediate
55055	ZWILCH	ENSG00000174442	15	66762431	66851823	238	58749	-0.66141	0.74583	4.0	2.0	intermediate	intermediate
53918	PELO	ENSG00000152684	5	52048774	52108451	229	58749	-0.66217	0.74607	4.0	3.0	intermediate	intermediate
390061	OR51Q1	ENSG00000167360	11	5408341	5454436	323	58749	-0.66256	0.74619	2.0	1.0	intermediate	intermediate
54550	NECAB2	ENSG00000103154	16	83967237	84046379	573	58749	-0.66264	0.74622	1.0	1.0	low	low
26534	OR10G2	ENSG00000255582	14	22092066	22137998	200	58749	-0.66334	0.74644	2.0	1.0	intermediate	intermediate
5437	POLR2H	ENSG00000163882	3	184044502	184096383	123	58749	-0.66357	0.74652	2.0	2.0	intermediate	intermediate
89822	KCNK17	ENSG00000124780	6	39256777	39317237	267	58749	-0.6647	0.74688	3.0	2.0	intermediate	intermediate
51046	ST8SIA3	ENSG00000177511	18	54984721	55046162	120	58749	-0.66523	0.74705	2.0	2.0	intermediate	intermediate
4629	MYH11	ENSG00000133392	16	15786992	15985887	812	58749	-0.66524	0.74705	10.0	7.0	high_6	high_10
55811	ADCY10	ENSG00000143199	1	167768357	167918608	413	58749	-0.66533	0.74708	1.0	1.0	low	low
118461	C10orf71	ENSG00000177354	10	50470118	50545537	276	58749	-0.66602	0.7473	1.0	1.0	low	low
1358	CPA2	ENSG00000158516	7	129871703	129939638	178	58749	-0.66619	0.74736	1.0	1.0	low	low
27235	COQ2	ENSG00000173085	4	84174972	84241067	174	58749	-0.66749	0.74777	1.0	1.0	low	low
60684	TRAPPC11	ENSG00000168538	4	184545420	184644747	376	58749	-0.66779	0.74787	1.0	1.0	low	low
9480	ONECUT2	ENSG00000119547	18	55067917	55168530	370	58749	-0.668	0.74793	3.0	3.0	intermediate	intermediate
27258	LSM3	ENSG00000170860	3	14185228	14249869	123	58749	-0.66814	0.74798	4.0	1.0	intermediate	intermediate
7360	UGP2	ENSG00000169764	2	64033084	64128696	193	58749	-0.66835	0.74804	4.0	4.0	intermediate	intermediate
390429	OR4N2	ENSG00000176294	14	20260608	20306531	61	58749	-0.67101	0.74889	1.0	1.0	low	low
53832	IL20RA	ENSG00000016402	6	137311108	137401317	229	58749	-0.67319	0.74959	2.0	1.0	intermediate	intermediate
5655	KLK10	ENSG00000129451	19	51506000	51558431	195	58749	-0.67545	0.7503	1.0	1.0	low	low
360	AQP3	ENSG00000165272	9	33431152	33482631	151	58749	-0.67576	0.7504	2.0	2.0	intermediate	intermediate
79031	PDCL3	ENSG00000115539	2	101144418	101203201	171	58749	-0.67707	0.75082	3.0	2.0	intermediate	intermediate
111	ADCY5	ENSG00000173175	3	122991143	123202924	437	58749	-0.67744	0.75094	14.0	12.0	high_6	high_10
150684	COMMD1	ENSG00000173163	2	62080904	62373205	574	58749	-0.67748	0.75095	2.0	2.0	intermediate	intermediate
2235	FECH	ENSG00000066926	18	55202073	55288969	266	58749	-0.67762	0.75099	1.0	1.0	low	low
5775	PTPN4	ENSG00000088179	2	120482207	120752496	461	58749	-0.67959	0.75162	3.0	3.0	intermediate	intermediate
4004	LMO1	ENSG00000166407	11	8235851	8325182	371	58749	-0.67962	0.75163	3.0	2.0	intermediate	intermediate
57088	PLSCR4	ENSG00000114698	3	145900122	146003966	365	58749	-0.68009	0.75178	2.0	1.0	intermediate	intermediate
146712	B3GNTL1	ENSG00000175711	17	80890009	81044686	694	58749	-0.68128	0.75215	1.0	1.0	low	low
185	AGTR1	ENSG00000144891	3	148380658	148470790	251	58749	-0.68253	0.75255	1.0	1.0	low	low
54585	LZTFL1	ENSG00000163818	3	45854808	45992216	285	58749	-0.68351	0.75286	5.0	4.0	intermediate	intermediate
4600	MX2	ENSG00000183486	21	42698918	42790870	267	58749	-0.68366	0.75291	3.0	1.0	intermediate	intermediate
3170	FOXA2	ENSG00000125798	20	22551642	22601101	87	58749	-0.68372	0.75292	17.0	10.0	high_6	high_10
389136	VGLL3	ENSG00000206538	3	86977123	87075412	192	58749	-0.68431	0.75311	5.0	5.0	intermediate	intermediate
148979	GLIS1	ENSG00000174332	1	53961904	54238748	716	58749	-0.68432	0.75311	3.0	3.0	intermediate	intermediate
1293	COL6A3	ENSG00000163359	2	238222655	238357850	379	58749	-0.68547	0.75348	2.0	1.0	intermediate	intermediate
83440	ADPGK	ENSG00000159322	15	73033708	73111126	156	58749	-0.68601	0.75365	3.0	3.0	intermediate	intermediate
339976	TRIML1	ENSG00000184108	4	189025598	189078649	357	58749	-0.68633	0.75375	2.0	2.0	intermediate	intermediate
9902	MRC2	ENSG00000011028	17	60669762	60780962	168	58749	-0.68717	0.75401	6.0	2.0	high_6	intermediate
2123	EVI2A	ENSG00000126860	17	29633428	29683767	54	58749	-0.6884	0.7544	7.0	4.0	high_6	intermediate
26873	OPLAH	ENSG00000178814	8	145096167	145150584	77	58749	-0.68989	0.75487	1.0	1.0	low	low
5455	POU3F3	ENSG00000198914	2	105436969	105483471	75	58749	-0.69077	0.75514	5.0	3.0	intermediate	intermediate
2841	GPR18	ENSG00000125245	13	99896967	99945682	78	58749	-0.69128	0.7553	5.0	3.0	intermediate	intermediate
1207	CLNS1A	ENSG00000074201	11	77317196	77383851	130	58749	-0.69176	0.75545	1.0	1.0	low	low
729240	PRR20A	ENSG00000204919	13	57693195	57741216	51	58749	-0.69189	0.7555	1.0	1.0	low	low
2244	FGB	ENSG00000171564	4	155449132	155503915	154	58749	-0.69343	0.75598	1.0	1.0	low	low
9242	MSC	ENSG00000178860	8	72743777	72791731	140	58749	-0.69416	0.75621	2.0	2.0	intermediate	intermediate
344657	LRRIQ4	ENSG00000188306	3	169495658	169565561	146	58749	-0.69459	0.75634	3.0	2.0	intermediate	intermediate
29110	TBK1	ENSG00000183735	12	64810840	64905899	165	58749	-0.69511	0.75651	1.0	1.0	low	low
2251	FGF6	ENSG00000111241	12	4533308	4589780	150	58749	-0.6953	0.75657	5.0	4.0	intermediate	intermediate
178	AGL	ENSG00000162688	1	100280633	100399579	365	58749	-0.69546	0.75662	1.0	1.0	low	low
6579	SLCO1A2	ENSG00000084453	12	21407534	21583371	581	58749	-0.69568	0.75669	3.0	2.0	intermediate	intermediate
4843	NOS2	ENSG00000007171	17	26073792	26162555	251	58749	-0.69618	0.75684	6.0	4.0	high_6	intermediate
3458	IFNG	ENSG00000111537	12	68538550	68588521	170	58749	-0.69702	0.75711	6.0	4.0	high_6	intermediate
113746	ODF3	ENSG00000177947	11	161761	210273	59	58749	-0.6978	0.75735	5.0	3.0	intermediate	intermediate
729233	PRR20A	ENSG00000204919	13	57686622	57734643	64	58749	-0.69953	0.75789	1.0	1.0	low	low
50848	F11R	ENSG00000158769	1	160955001	161026133	173	58749	-0.70016	0.75809	2.0	1.0	intermediate	intermediate
151827	LRRC34	ENSG00000171757	3	169501216	169565574	143	58749	-0.70084	0.7583	8.0	3.0	high_6	intermediate
25941	TPGS2	ENSG00000134779	18	34349513	34444179	156	58749	-0.70155	0.75852	3.0	1.0	intermediate	intermediate
7080	NKX2-1	ENSG00000136352	14	36975602	37025894	114	58749	-0.70159	0.75853	3.0	2.0	intermediate	intermediate
80129	CCDC170	ENSG00000120262	6	151780175	151952328	621	58749	-0.70167	0.75856	31.0	7.0	high_6	high_10
161003	STOML3	ENSG00000133115	13	39530062	39599996	254	58749	-0.70245	0.7588	2.0	2.0	intermediate	intermediate
79290	OR13A1	ENSG00000256574	10	45788102	45846056	243	58749	-0.70266	0.75886	1.0	1.0	low	low
6492	SIM1	ENSG00000112246	6	100822891	100947805	290	58749	-0.7027	0.75888	2.0	1.0	intermediate	intermediate
8600	TNFSF11	ENSG00000120659	13	43101872	43192149	225	58749	-0.70314	0.75902	14.0	7.0	high_6	high_10
1805	DPT	ENSG00000143196	1	168654695	168733442	323	58749	-0.70369	0.75919	6.0	3.0	high_6	intermediate
2116	ETV2	ENSG00000105672	19	36097647	36146007	94	58749	-0.70406	0.7593	1.0	1.0	low	low
11217	PALM2-AKAP2	ENSG00000157654	9	112775878	112944792	455	58749	-0.7048	0.75953	6.0	4.0	high_6	intermediate
3623	INHA	ENSG00000123999	2	220401954	220450435	121	58749	-0.70664	0.76011	1.0	1.0	low	low
1230	CCR1	ENSG00000163823	3	46233200	46284832	144	58749	-0.70811	0.76056	7.0	6.0	high_6	intermediate
55762	ZNF701	ENSG00000167562	19	53038526	53100427	292	58749	-0.70832	0.76063	1.0	1.0	low	low
3225	HOXC9	ENSG00000180806	12	54358877	54407121	74	58749	-0.70851	0.76069	2.0	2.0	intermediate	intermediate
122183	PRR20A	ENSG00000204919	13	57680052	57728073	85	58749	-0.70864	0.76073	1.0	1.0	low	low
127943	FCRLB	ENSG00000162746	1	161656598	161707933	223	58749	-0.71047	0.7613	3.0	2.0	intermediate	intermediate
5569	PKIA	ENSG00000171033	8	79393336	79527502	290	58749	-0.71139	0.76158	3.0	2.0	intermediate	intermediate
64094	SMOC2	ENSG00000112562	6	168806831	169078674	963	58749	-0.7117	0.76168	1.0	1.0	low	low
100287013	FAM86A	ENSG00000118894	4	9120022	9177220	184	58749	-0.71463	0.76258	1.0	1.0	low	low
171546	SPTSSA	ENSG00000165389	14	34892144	34966468	230	58749	-0.71678	0.76325	2.0	1.0	intermediate	intermediate
5245	PHB	ENSG00000167085	17	47471410	47527267	137	58749	-0.71789	0.76359	10.0	7.0	high_6	high_10
283189	OR9G4	ENSG00000172457	11	56500304	56546287	154	58749	-0.71975	0.76416	2.0	1.0	intermediate	intermediate
92345	NAF1	ENSG00000145414	4	164037860	164123073	150	58749	-0.71987	0.7642	1.0	1.0	low	low
9156	EXO1	ENSG00000174371	1	241976491	242063241	312	58749	-0.72109	0.76457	13.0	2.0	high_6	high_10
7433	VIPR1	ENSG00000114812	3	42495791	42589065	256	58749	-0.72305	0.76517	1.0	1.0	low	low
79901	CYBRD1	ENSG00000071967	2	172343757	172424643	271	58749	-0.72356	0.76533	1.0	1.0	low	low
11172	INSL6	ENSG00000120210	9	5153863	5220618	149	58749	-0.72511	0.76581	4.0	2.0	intermediate	intermediate
2304	FOXE1	ENSG00000178919	9	100580537	100628997	162	58749	-0.72572	0.76599	21.0	6.0	high_6	high_10
91975	ZNF300	ENSG00000145908	5	150263954	150319545	165	58749	-0.7259	0.76605	4.0	2.0	intermediate	intermediate
57016	AKR1B10	ENSG00000198074	7	134177344	134236166	235	58749	-0.72619	0.76614	1.0	1.0	low	low
56034	PDGFC	ENSG00000145431	4	157672763	157927546	413	58749	-0.72634	0.76618	9.0	5.0	high_6	intermediate
6506	SLC1A2	ENSG00000110436	11	35262752	35476610	641	58749	-0.72707	0.76641	2.0	2.0	intermediate	intermediate
168090	C6orf118	ENSG00000112539	6	165683153	165758111	206	58749	-0.72724	0.76646	1.0	1.0	low	low
55166	CENPQ	ENSG00000031691	6	49396054	49470820	156	58749	-0.7295	0.76715	4.0	2.0	intermediate	intermediate
55532	SLC30A10	ENSG00000196660	1	220077606	220136993	133	58749	-0.73063	0.7675	8.0	4.0	high_6	intermediate
652	BMP4	ENSG00000125378	14	54406454	54458554	135	58749	-0.7313	0.7677	14.0	5.0	high_6	high_10
26119	LDLRAP1	ENSG00000157978	1	25835071	25905377	146	58749	-0.73135	0.76772	1.0	1.0	low	low
2744	GLS	ENSG00000115419	2	191710547	191840278	217	58749	-0.73284	0.76817	4.0	3.0	intermediate	intermediate
6496	SIX3	ENSG00000138083	2	45134037	45183216	191	58749	-0.73385	0.76848	12.0	8.0	high_6	high_10
100506243	KRBOX1	ENSG00000240747	3	42942834	42994284	69	58749	-0.73498	0.76882	2.0	1.0	intermediate	intermediate
2296	FOXC1	ENSG00000054598	6	1575681	1624132	145	58749	-0.73557	0.769	8.0	5.0	high_6	intermediate
5371	PML	ENSG00000140464	15	74252014	74350160	246	58749	-0.73812	0.76978	4.0	3.0	intermediate	intermediate
6786	STIM1	ENSG00000167323	11	3841933	4124440	654	58749	-0.73832	0.76984	7.0	4.0	high_6	intermediate
51289	RXFP3	ENSG00000182631	5	33901491	33949023	132	58749	-0.73893	0.77003	2.0	1.0	intermediate	intermediate
10140	TOB1	ENSG00000141232	17	48929584	48980339	101	58749	-0.73896	0.77004	3.0	2.0	intermediate	intermediate
1022	CDK7	ENSG00000134058	5	68495622	68583257	217	58749	-0.74073	0.77057	1.0	1.0	low	low
8439	NSMAF	ENSG00000035681	8	59486063	59607404	246	58749	-0.74338	0.77137	1.0	1.0	low	low
26054	SENP6	ENSG00000112701	6	76276596	76437997	386	58749	-0.74597	0.77216	5.0	3.0	intermediate	intermediate
1027	CDKN1B	ENSG00000111276	12	12835302	12885305	102	58749	-0.74602	0.77217	5.0	4.0	intermediate	intermediate
79740	ZBBX	ENSG00000169064	3	166948075	167133193	434	58749	-0.74806	0.77279	2.0	2.0	intermediate	intermediate
4763	NF1	ENSG00000196712	17	29386945	29714695	383	58749	-0.74826	0.77285	6.0	5.0	high_6	intermediate
121441	NEDD1	ENSG00000139350	12	97266001	97357474	172	58749	-0.74846	0.77291	5.0	3.0	intermediate	intermediate
3094	HINT1	ENSG00000169567	5	130484976	130536041	119	58749	-0.74876	0.773	6.0	4.0	high_6	intermediate
201562	PTPLB	ENSG00000206527	3	123203363	123338924	356	58749	-0.74894	0.77305	1.0	1.0	low	low
84647	PLA2G12B	ENSG00000138308	10	74684519	74749590	83	58749	-0.7505	0.77352	1.0	1.0	low	low
51332	SPTBN5	ENSG00000137877	15	42130344	42221275	294	58749	-0.75194	0.77396	2.0	2.0	intermediate	intermediate
56649	TMPRSS4	ENSG00000137648	11	117912727	118006323	340	58749	-0.75325	0.77435	1.0	1.0	low	low
3592	IL12A	ENSG00000168811	3	159671623	159723806	172	58749	-0.75419	0.77463	10.0	7.0	high_6	high_10
79820	CATSPERB	ENSG00000133962	14	92036728	92233413	681	58749	-0.75478	0.77481	1.0	1.0	low	low
137835	TMEM71	ENSG00000165071	8	133712191	133807914	269	58749	-0.75501	0.77488	1.0	1.0	low	low
140732	SUN5	ENSG00000167098	20	31561579	31627239	217	58749	-0.75526	0.77495	1.0	1.0	low	low
140766	ADAMTS14	ENSG00000138316	10	72397559	72532197	626	58749	-0.75567	0.77508	1.0	1.0	low	low
54764	ZRANB1	ENSG00000019995	10	126570704	126686005	277	58749	-0.75727	0.77556	1.0	1.0	low	low
83716	CRISPLD2	ENSG00000103196	16	84818587	84953116	662	58749	-0.76067	0.77657	10.0	6.0	high_6	high_10
944	TNFSF8	ENSG00000106952	9	117645623	117727875	204	58749	-0.7625	0.77712	8.0	5.0	high_6	intermediate
6505	SLC1A1	ENSG00000106688	9	4455427	4597469	474	58749	-0.76416	0.77762	2.0	2.0	intermediate	intermediate
7419	VDAC3	ENSG00000078668	8	42214279	42273455	94	58749	-0.7686	0.77893	1.0	1.0	low	low
114836	SLAMF6	ENSG00000162739	1	160444820	160528052	256	58749	-0.76914	0.77909	5.0	4.0	intermediate	intermediate
29948	OSGIN1	ENSG00000140961	16	83947594	84009937	313	58749	-0.76923	0.77912	2.0	2.0	intermediate	intermediate
118881	COMTD1	ENSG00000165644	10	76982760	77030802	115	58749	-0.76932	0.77915	1.0	1.0	low	low
117531	TMC1	ENSG00000165091	9	75101717	75461267	998	58749	-0.77267	0.78014	1.0	1.0	low	low
27121	DKK4	ENSG00000104371	8	42221586	42269674	79	58749	-0.77374	0.78046	1.0	1.0	low	low
157567	ANKRD46	ENSG00000186106	8	101511980	101607014	216	58749	-0.77386	0.78049	3.0	2.0	intermediate	intermediate
5981	RFC1	ENSG00000035928	4	39279069	39403001	213	58749	-0.77622	0.78119	2.0	2.0	intermediate	intermediate
11012	KLK11	ENSG00000167757	19	51515487	51566290	193	58749	-0.77699	0.78142	1.0	1.0	low	low
58498	MYL7	ENSG00000106631	7	44168463	44215974	114	58749	-0.78334	0.78329	2.0	2.0	intermediate	intermediate
23704	KCNE4	ENSG00000152049	2	223881648	223930355	177	58749	-0.78364	0.78337	1.0	1.0	low	low
440854	CAPN14	ENSG00000214711	2	31385922	31491724	527	58749	-0.78467	0.78368	1.0	1.0	low	low
283652	SLC24A5	ENSG00000188467	15	48378169	48444926	35	58749	-0.78619	0.78412	9.0	4.0	high_6	intermediate
261734	NPHP4	ENSG00000131697	1	5912870	6087618	528	58749	-0.78783	0.7846	2.0	2.0	intermediate	intermediate
8074	FGF23	ENSG00000118972	12	4467393	4523894	160	58749	-0.78895	0.78493	3.0	2.0	intermediate	intermediate
51246	SHISA5	ENSG00000164054	3	48499197	48577259	87	58749	-0.78897	0.78493	2.0	2.0	intermediate	intermediate
100129792	CCDC152	ENSG00000198865	5	42721920	42812539	231	58749	-0.78909	0.78497	2.0	1.0	intermediate	intermediate
8995	TNFSF18	ENSG00000120337	1	173000360	173055103	98	58749	-0.79149	0.78567	7.0	4.0	high_6	intermediate
22847	ZNF507	ENSG00000168813	19	32801514	32888573	203	58749	-0.79305	0.78613	1.0	1.0	low	low
3783	KCNN4	ENSG00000104783	19	44260685	44321269	221	58749	-0.79418	0.78646	2.0	1.0	intermediate	intermediate
580	BARD1	ENSG00000138376	2	215580370	215709428	567	58749	-0.79466	0.78659	1.0	1.0	low	low
23765	IL17RA	ENSG00000177663	22	17530849	17606584	233	58749	-0.79467	0.7866	1.0	1.0	low	low
441168	FAM26F	ENSG00000188820	6	116747533	116794948	121	58749	-0.79489	0.78666	3.0	3.0	intermediate	intermediate
256227	STEAP1B	ENSG00000105889	7	22449063	22574901	485	58749	-0.79654	0.78714	3.0	2.0	intermediate	intermediate
3185	HNRNPF	ENSG00000169813	10	43871065	43939696	219	58749	-0.80119	0.78849	1.0	1.0	low	low
114883	OSBPL9	ENSG00000117859	1	52047546	52264891	254	58749	-0.8017	0.78864	1.0	1.0	low	low
57665	RDH14	ENSG00000240857	2	18725989	18776959	107	58749	-0.80349	0.78916	2.0	2.0	intermediate	intermediate
7066	THPO	ENSG00000090534	3	184079773	184132368	166	58749	-0.80382	0.78925	2.0	2.0	intermediate	intermediate
3459	IFNGR1	ENSG00000027697	6	137508621	137575981	106	58749	-0.8046	0.78947	3.0	3.0	intermediate	intermediate
152100	CMC1	ENSG00000187118	3	28247838	28371264	217	58749	-0.80749	0.79031	4.0	3.0	intermediate	intermediate
55504	TNFRSF19	ENSG00000127863	13	24109509	24260244	501	58749	-0.80982	0.79098	1.0	1.0	low	low
84224	NBPF3	ENSG00000142794	1	21731583	21821393	272	58749	-0.8109	0.79129	1.0	1.0	low	low
5241	PGR	ENSG00000082175	11	100890355	101035544	426	58749	-0.81128	0.7914	6.0	4.0	high_6	intermediate
51555	PEX5L	ENSG00000114757	3	179502746	179789841	786	58749	-0.81258	0.79177	1.0	1.0	low	low
131	ADH7	ENSG00000196344	4	100323418	100391667	217	58749	-0.8128	0.79183	1.0	1.0	low	low
26146	TRAF3IP1	ENSG00000204104	2	239194185	239319541	338	58749	-0.81406	0.79219	1.0	1.0	low	low
100861540	CYP3A7	ENSG00000160870	7	99272302	99367819	148	58749	-0.81604	0.79276	3.0	3.0	intermediate	intermediate
7037	TFRC	ENSG00000072274	3	195766155	195844032	313	58749	-0.81604	0.79276	5.0	3.0	intermediate	intermediate
84275	SLC25A33	ENSG00000171612	1	9564528	9652831	125	58749	-0.81701	0.79304	5.0	3.0	intermediate	intermediate
7434	VIPR2	ENSG00000106018	7	158810866	158972649	567	58749	-0.81902	0.79361	2.0	1.0	intermediate	intermediate
2191	FAP	ENSG00000078098	2	163017194	163135045	200	58749	-0.81985	0.79385	12.0	9.0	high_6	high_10
9139	CBFA2T2	ENSG00000078699	20	32042928	32247837	140	58749	-0.8234	0.79486	4.0	1.0	intermediate	intermediate
5549	PRELP	ENSG00000188783	1	203409883	203470480	200	58749	-0.82501	0.79532	1.0	1.0	low	low
10166	SLC25A15	ENSG00000102743	13	41328547	41396601	129	58749	-0.82597	0.79559	4.0	2.0	intermediate	intermediate
138199	C9orf41	ENSG00000156017	9	77585936	77678326	245	58749	-0.82782	0.79611	1.0	1.0	low	low
5563	PRKAA2	ENSG00000162409	1	57075990	57191008	399	58749	-0.8307	0.79693	3.0	2.0	intermediate	intermediate
64241	ABCG8	ENSG00000143921	2	44031103	44115947	426	58749	-0.83082	0.79696	30.0	9.0	high_6	high_10
387914	SHISA2	ENSG00000180730	13	26608735	26660198	236	58749	-0.83189	0.79726	1.0	1.0	low	low
10791	VAMP5	ENSG00000168899	2	85776531	85830511	147	58749	-0.83199	0.79729	1.0	1.0	low	low
91754	NEK9	ENSG00000119638	14	75538818	75628778	139	58749	-0.83311	0.79761	2.0	2.0	intermediate	intermediate
55509	BATF3	ENSG00000123685	1	212849759	212908327	219	58749	-0.83408	0.79788	5.0	4.0	intermediate	intermediate
5076	PAX2	ENSG00000075891	10	102460316	102599698	306	58749	-0.83478	0.79808	6.0	4.0	high_6	intermediate
1768	DNAH6	ENSG00000115423	2	84708579	85056713	808	58749	-0.83717	0.79875	1.0	1.0	low	low
221823	PRPS1L1	ENSG00000229937	7	18056397	18102486	130	58749	-0.838	0.79899	1.0	1.0	low	low
1577	CYP3A5	ENSG00000106258	7	99235813	99312636	114	58749	-0.84021	0.7996	1.0	1.0	low	low
8503	PIK3R3	ENSG00000117461	1	46495812	46677167	279	58749	-0.84036	0.79965	3.0	3.0	intermediate	intermediate
56246	MRAP	ENSG00000170262	21	33629124	33697095	131	58749	-0.84072	0.79975	1.0	1.0	low	low
55526	DHTKD1	ENSG00000181192	10	12075916	12175227	321	58749	-0.84188	0.80007	1.0	1.0	low	low
3221	HOXC4	ENSG00000198353	12	54353716	54459814	171	58749	-0.84228	0.80018	4.0	3.0	intermediate	intermediate
23308	ICOSLG	ENSG00000160223	21	45632874	45695881	240	58749	-0.84373	0.80059	1.0	1.0	low	low
84569	LYZL1	ENSG00000120563	10	29542980	29617158	395	58749	-0.84737	0.8016	1.0	1.0	low	low
117156	SCGB3A2	ENSG00000164265	5	147223274	147271756	163	58749	-0.84759	0.80167	3.0	2.0	intermediate	intermediate
2138	EYA1	ENSG00000104313	8	72099668	72494888	940	58749	-0.84767	0.80169	7.0	6.0	high_6	intermediate
81846	SBF2	ENSG00000133812	11	9790214	10350754	1733	58749	-0.84778	0.80172	13.0	8.0	high_6	high_10
55008	HERC6	ENSG00000138642	4	89264838	89374249	203	58749	-0.85149	0.80275	1.0	1.0	low	low
8892	EIF2B2	ENSG00000119718	14	75434612	75486294	71	58749	-0.85309	0.8032	1.0	1.0	low	low
29968	PSAT1	ENSG00000135069	9	80876991	80955009	261	58749	-0.85353	0.80332	4.0	3.0	intermediate	intermediate
116379	IL22RA2	ENSG00000164485	6	137454957	137529785	193	58749	-0.85494	0.80371	3.0	3.0	intermediate	intermediate
11196	SEC23IP	ENSG00000107651	10	121617085	121714170	328	58749	-0.85638	0.80411	3.0	2.0	intermediate	intermediate
2266	FGG	ENSG00000171557	4	155515286	155568902	88	58749	-0.8568	0.80422	17.0	4.0	high_6	high_10
5328	PLAU	ENSG00000122861	10	75635862	75687259	92	58749	-0.85783	0.80451	5.0	2.0	intermediate	intermediate
6422	SFRP1	ENSG00000104332	8	41109476	41201990	196	58749	-0.8593	0.80491	1.0	1.0	low	low
10144	FAM13A	ENSG00000138640	4	89637105	90067549	1291	58749	-0.85994	0.80509	9.0	5.0	high_6	intermediate
3049	HBQ1	ENSG00000086506	16	195333	241178	98	58749	-0.86064	0.80528	5.0	4.0	intermediate	intermediate
25962	KIAA1429	ENSG00000164944	8	95490005	95600746	396	58749	-0.86494	0.80646	3.0	2.0	intermediate	intermediate
83887	TTLL2	ENSG00000120440	6	167703574	167766177	246	58749	-0.86638	0.80686	2.0	1.0	intermediate	intermediate
11157	LSM6	ENSG00000164167	4	147061835	147121213	198	58749	-0.86972	0.80777	2.0	2.0	intermediate	intermediate
53637	S1PR5	ENSG00000180739	19	10613418	10663668	158	58749	-0.8729	0.80864	1.0	1.0	low	low
81793	TLR10	ENSG00000174123	4	38763860	38819611	255	58749	-0.87634	0.80958	7.0	3.0	high_6	intermediate
3040	HBA2	ENSG00000188536	16	187846	233709	90	58749	-0.87667	0.80967	1.0	1.0	low	low
443	ASPA	ENSG00000108381	17	3342404	3412700	257	58749	-0.88044	0.81069	1.0	1.0	low	low
51196	PLCE1	ENSG00000138193	10	95718746	96098149	728	58749	-0.88134	0.81093	22.0	8.0	high_6	high_10
144577	C12orf66	ENSG00000174206	12	64570098	64651076	101	58749	-0.883	0.81138	1.0	1.0	low	low
433	ASGR2	ENSG00000161944	17	6994641	7053292	210	58749	-0.88364	0.81155	1.0	1.0	low	low
27030	MLH3	ENSG00000119684	14	75470467	75553235	122	58749	-0.88396	0.81164	3.0	2.0	intermediate	intermediate
55620	STAP2	ENSG00000178078	19	4314040	4377783	185	58749	-0.88465	0.81183	4.0	3.0	intermediate	intermediate
8786	RGS11	ENSG00000076344	16	308300	360941	185	58749	-0.88556	0.81207	5.0	4.0	intermediate	intermediate
1315	COPB1	ENSG00000129083	11	14469049	14556441	144	58749	-0.88631	0.81227	2.0	2.0	intermediate	intermediate
84190	METTL25	ENSG00000127720	12	82717276	82883018	371	58749	-0.88639	0.8123	1.0	1.0	low	low
3223	HOXC6	ENSG00000197757	12	54375642	54434607	86	58749	-0.88727	0.81253	4.0	4.0	intermediate	intermediate
10979	FERMT2	ENSG00000073712	14	53313989	53452856	285	58749	-0.88729	0.81254	13.0	5.0	high_6	high_10
23139	MAST2	ENSG00000086015	1	46234269	46511796	525	58749	-0.88803	0.81274	10.0	5.0	high_6	high_10
2701	GJA4	ENSG00000187513	1	35223559	35271351	181	58749	-0.89014	0.8133	1.0	1.0	low	low
84824	FCRLA	ENSG00000132185	1	161641762	161694142	195	58749	-0.89133	0.81362	1.0	1.0	low	low
28	ABO	ENSG00000175164	9	136120563	136185630	448	58749	-0.89213	0.81384	105.0	20.0	high_6	high_10
9491	PSMF1	ENSG00000125818	20	1058872	1159017	232	58749	-0.89257	0.81396	1.0	1.0	low	low
1000	CDH2	ENSG00000170558	18	25520930	25792445	557	58749	-0.89451	0.81448	2.0	2.0	intermediate	intermediate
169611	OLFML2A	ENSG00000185585	9	127504435	127587161	96	58749	-0.89469	0.81452	1.0	1.0	low	low
11214	AKAP13	ENSG00000170776	15	85888818	86302589	1426	58749	-0.89553	0.81475	10.0	5.0	high_6	high_10
219899	TBCEL	ENSG00000154114	11	120859802	120972787	179	58749	-0.90081	0.81615	1.0	1.0	low	low
1604	CD55	ENSG00000196352	1	207459817	207544311	194	58749	-0.90158	0.81636	8.0	4.0	high_6	intermediate
9609	RAB36	ENSG00000100228	22	23452513	23516531	165	58749	-0.90369	0.81692	2.0	1.0	intermediate	intermediate
3039	HBA2	ENSG00000188536	16	191679	237520	97	58749	-0.90483	0.81722	1.0	1.0	low	low
2561	GABRB2	ENSG00000145864	5	160705426	161010130	711	58749	-0.90554	0.81741	1.0	1.0	low	low
143872	ARHGAP42	ENSG00000165895	11	100523407	100871656	1436	58749	-0.90637	0.81763	10.0	8.0	high_6	high_10
81392	OR2AE1	ENSG00000244623	7	99463685	99509656	102	58749	-0.90744	0.81791	1.0	1.0	low	low
9516	LITAF	ENSG00000189067	16	11631578	11716322	382	58749	-0.90768	0.81798	4.0	1.0	intermediate	intermediate
2124	EVI2B	ENSG00000185862	17	29619888	29676130	60	58749	-0.90863	0.81823	1.0	1.0	low	low
100287284	MANSC4	ENSG00000205693	12	27905599	27959209	142	58749	-0.90916	0.81837	5.0	3.0	intermediate	intermediate
9312	KCNB2	ENSG00000182674	8	73414626	73860584	1232	58749	-0.91131	0.81893	1.0	1.0	low	low
2740	GLP1R	ENSG00000112164	6	38981557	39066657	270	58749	-0.91151	0.81899	10.0	5.0	high_6	high_10
5396	PRRX1	ENSG00000116132	1	170598313	170718541	264	58749	-0.91274	0.81931	12.0	5.0	high_6	high_10
1829	DSG2	ENSG00000046604	18	29043027	29138814	275	58749	-0.91303	0.81939	1.0	1.0	low	low
4856	NOV	ENSG00000136999	8	120393552	120446678	174	58749	-0.91667	0.82034	2.0	2.0	intermediate	intermediate
1635	DCTD	ENSG00000129187	4	183801244	183873630	280	58749	-0.91813	0.82072	12.0	7.0	high_6	high_10
55454	CSGALNACT2	ENSG00000169826	10	43598893	43690756	228	58749	-0.91909	0.82098	1.0	1.0	low	low
22884	WDR37	ENSG00000047056	10	1060423	1188237	379	58749	-0.92293	0.82198	1.0	1.0	low	low
150	ADRA2A	ENSG00000150594	10	112801790	112850665	78	58749	-0.92343	0.82211	4.0	3.0	intermediate	intermediate
10171	RCL1	ENSG00000120158	9	4757834	4871066	450	58749	-0.92859	0.82345	3.0	3.0	intermediate	intermediate
8766	RAB11A	ENSG00000103769	15	66126629	66194329	131	58749	-0.92953	0.82369	1.0	1.0	low	low
28968	SLC6A16	ENSG00000063127	19	49782889	49863521	119	58749	-0.93192	0.82431	1.0	1.0	low	low
89978	DPH6	ENSG00000134146	15	35647670	35873597	502	58749	-0.93262	0.82449	4.0	3.0	intermediate	intermediate
83860	TAF3	ENSG00000165632	10	7825467	8067016	723	58749	-0.93655	0.82551	1.0	1.0	low	low
390066	OR52D1	ENSG00000181609	11	5474915	5520979	173	58749	-0.93688	0.82559	1.0	1.0	low	low
6119	RPA3	ENSG00000106399	7	7666347	7793238	502	58749	-0.94054	0.82653	1.0	1.0	low	low
201266	SLC39A11	ENSG00000133195	17	70632085	71123853	1677	58749	-0.9417	0.82683	3.0	2.0	intermediate	intermediate
6652	SORD	ENSG00000140263	15	45280302	45377287	207	58749	-0.94432	0.8275	1.0	1.0	low	low
1880	GPR183	ENSG00000169508	13	99936789	99994749	137	58749	-0.94513	0.8277	8.0	5.0	high_6	intermediate
341	APOC1	ENSG00000130208	19	45382577	45432606	146	58749	-0.94584	0.82789	20.0	8.0	high_6	high_10
124	ADH1A	ENSG00000187758	4	100187523	100247185	159	58749	-0.94848	0.82856	1.0	1.0	low	low
89796	NAV1	ENSG00000134369	1	201473243	201806102	943	58749	-0.95245	0.82956	12.0	5.0	high_6	high_10
5265	SERPINA1	ENSG00000197249	14	94833084	94892029	261	58749	-0.954	0.82996	36.0	12.0	high_6	high_10
51514	DTL	ENSG00000143476	1	212173919	212288187	360	58749	-0.9559	0.83044	1.0	1.0	low	low
220972	MARCH8	ENSG00000165406	10	45940033	46125354	574	58749	-0.95752	0.83085	5.0	4.0	intermediate	intermediate
780776	TVP23A	ENSG00000166676	16	10845221	10947651	252	58749	-0.96209	0.832	1.0	1.0	low	low
9709	HERPUD1	ENSG00000051108	16	56930974	56987793	207	58749	-0.96279	0.83217	2.0	2.0	intermediate	intermediate
728621	CCDC30	ENSG00000186409	1	42965560	43130335	495	58749	-0.96303	0.83223	1.0	1.0	low	low
56659	KCNK13	ENSG00000152315	14	90493109	90662201	580	58749	-0.96315	0.83226	4.0	4.0	intermediate	intermediate
1545	CYP1B1	ENSG00000138061	2	38284746	38338323	163	58749	-0.96661	0.83313	11.0	3.0	high_6	high_10
644414	DEFB131	ENSG00000186146	4	9411260	9462240	145	58749	-0.96793	0.83346	2.0	2.0	intermediate	intermediate
10129	FRY	ENSG00000073910	13	32570269	32880794	891	58749	-0.96842	0.83358	1.0	1.0	low	low
23460	ABCA6	ENSG00000154262	17	67064847	67173015	200	58749	-0.97122	0.83428	8.0	4.0	high_6	intermediate
124565	SLC38A10	ENSG00000157637	17	79208799	79304233	341	58749	-0.97206	0.83449	2.0	2.0	intermediate	intermediate
3938	LCT	ENSG00000115850	2	136535415	136629750	164	58749	-0.97248	0.83459	9.0	5.0	high_6	intermediate
220869	CBWD1	ENSG00000172785	9	70422004	70525171	1	58749	-0.97411	0.835	1.0	1.0	low	low
585	BBS4	ENSG00000140463	15	72943520	73040817	131	58749	-0.975	0.83522	1.0	1.0	low	low
121260	SLC15A4	ENSG00000139370	12	129267739	129343541	321	58749	-0.97531	0.8353	2.0	2.0	intermediate	intermediate
1071	CETP	ENSG00000087237	16	56960835	57027757	233	58749	-0.97534	0.8353	19.0	6.0	high_6	high_10
51020	HDDC2	ENSG00000111906	6	125586496	125658287	235	58749	-0.97586	0.83543	1.0	1.0	low	low
22954	TRIM32	ENSG00000119401	9	119325147	119473579	429	58749	-0.97598	0.83546	18.0	6.0	high_6	high_10
6582	SLC22A2	ENSG00000112499	6	160627794	160714963	317	58749	-0.97783	0.83592	9.0	4.0	high_6	intermediate
84928	TMEM209	ENSG00000146842	7	129794555	129880338	196	58749	-0.97827	0.83603	1.0	1.0	low	low
79987	SVEP1	ENSG00000165124	9	113117528	113377160	1004	58749	-0.97871	0.83614	5.0	3.0	intermediate	intermediate
25896	INTS7	ENSG00000143493	1	212103741	212244002	476	58749	-0.97983	0.83641	2.0	1.0	intermediate	intermediate
3201	HOXA4	ENSG00000197576	7	27158126	27205399	116	58749	-0.98422	0.8375	2.0	2.0	intermediate	intermediate
27291	R3HCC1L	ENSG00000166024	10	99859381	100014654	262	58749	-0.98491	0.83767	5.0	3.0	intermediate	intermediate
55200	PLEKHG6	ENSG00000008323	12	6384602	6447672	195	58749	-0.98687	0.83815	3.0	1.0	intermediate	intermediate
147495	APCDD1	ENSG00000154856	18	10419625	10498698	260	58749	-0.98729	0.83825	2.0	2.0	intermediate	intermediate
729092	AGAP5	ENSG00000172650	10	75424033	75499357	57	58749	-0.98732	0.83826	6.0	2.0	high_6	intermediate
149233	IL23R	ENSG00000162594	1	67569590	67735662	488	58749	-0.98804	0.83843	32.0	11.0	high_6	high_10
2776	GNAQ	ENSG00000156052	9	80325189	80681219	601	58749	-0.98922	0.83872	1.0	1.0	low	low
6281	S100A10	ENSG00000197747	1	151945386	152001714	135	58749	-0.98938	0.83876	1.0	1.0	low	low
2294	FOXF1	ENSG00000103241	16	86509133	86558070	253	58749	-0.99009	0.83893	13.0	7.0	high_6	high_10
2581	GALC	ENSG00000054983	14	88294164	88495009	817	58749	-0.99169	0.83932	4.0	2.0	intermediate	intermediate
6386	SDCBP	ENSG00000137575	8	59430566	59505419	143	58749	-0.99297	0.83964	1.0	1.0	low	low
2627	GATA6	ENSG00000141448	18	19714404	19792491	95	58749	-0.99326	0.83971	2.0	2.0	intermediate	intermediate
3557	IL1RN	ENSG00000136689	2	113833693	113901593	363	58749	-0.99832	0.84094	3.0	3.0	intermediate	intermediate
678	ZFP36L2	ENSG00000152518	2	43439541	43488745	86	58749	-0.99899	0.8411	19.0	9.0	high_6	high_10
1277	COL1A1	ENSG00000108821	17	48251457	48314003	157	58749	-0.99967	0.84126	1.0	1.0	low	low
23550	PSD4	ENSG00000125637	2	113879976	113970677	287	58749	-1.0006	0.84149	5.0	3.0	intermediate	intermediate
5368	PNOC	ENSG00000168081	8	28139562	28210872	229	58749	-1.0018	0.84178	1.0	1.0	low	low
27125	AFF4	ENSG00000072364	5	132201071	132334354	274	58749	-1.0025	0.84194	3.0	2.0	intermediate	intermediate
1591	CYP24A1	ENSG00000019186	20	52759985	52825516	389	58749	-1.0039	0.84229	9.0	4.0	high_6	intermediate
51386	EIF3L	ENSG00000100129	22	38210379	38294789	103	58749	-1.0061	0.84281	1.0	1.0	low	low
4586	MUC5AC	ENSG00000215182	11	1107474	1172465	224	58749	-1.0079	0.84325	11.0	4.0	high_6	high_10
147381	CBLN2	ENSG00000141668	18	70193915	70246723	136	58749	-1.0117	0.84415	2.0	2.0	intermediate	intermediate
389799	C9orf171	ENSG00000188523	9	135250430	135458734	574	58749	-1.0143	0.84479	1.0	1.0	low	low
9314	KLF4	ENSG00000136826	9	110237133	110287047	142	58749	-1.0167	0.84535	21.0	6.0	high_6	high_10
7465	WEE1	ENSG00000166483	11	9560197	9625016	145	58749	-1.0173	0.8455	4.0	1.0	intermediate	intermediate
2620	GAS2	ENSG00000148935	11	22653160	22844547	434	58749	-1.0199	0.84611	3.0	2.0	intermediate	intermediate
140609	NEK7	ENSG00000151414	1	198091108	198301550	590	58749	-1.0204	0.84622	5.0	4.0	intermediate	intermediate
57542	KLHL42	ENSG00000087448	12	27898187	27965973	207	58749	-1.0208	0.84632	17.0	8.0	high_6	high_10
84665	MYPN	ENSG00000138347	10	69830874	69981774	549	58749	-1.0232	0.84689	1.0	1.0	low	low
64714	PDIA2	ENSG00000185615	16	298118	347215	163	58749	-1.0235	0.84697	1.0	1.0	low	low
25806	VAX2	ENSG00000116035	2	71092720	71170576	237	58749	-1.0242	0.84714	1.0	1.0	low	low
3200	HOXA3	ENSG00000105997	7	27135803	27214805	171	58749	-1.0243	0.84716	2.0	2.0	intermediate	intermediate
4256	MGP	ENSG00000111341	12	15024115	15073853	119	58749	-1.0262	0.84761	4.0	2.0	intermediate	intermediate
51444	RNF138	ENSG00000134758	18	29636818	29721524	165	58749	-1.0266	0.84769	1.0	1.0	low	low
63908	NAPB	ENSG00000125814	20	23345156	23437156	283	58749	-1.0276	0.84792	1.0	1.0	low	low
51562	MBIP	ENSG00000151332	14	36757764	36824882	120	58749	-1.0285	0.84815	14.0	5.0	high_6	high_10
2793	GNGT2	ENSG00000167083	17	47273596	47322936	134	58749	-1.0347	0.84959	3.0	2.0	intermediate	intermediate
55893	ZNF395	ENSG00000186918	8	28193102	28278983	115	58749	-1.0354	0.84975	1.0	1.0	low	low
4899	NRF1	ENSG00000106459	7	129216555	129406922	486	58749	-1.0381	0.85038	1.0	1.0	low	low
51057	WDPCP	ENSG00000143951	2	63338518	63850867	981	58749	-1.0408	0.85102	4.0	4.0	intermediate	intermediate
84140	FAM161A	ENSG00000170264	2	62041983	62116278	203	58749	-1.0427	0.85145	1.0	1.0	low	low
860	RUNX2	ENSG00000124813	6	45261054	45528819	683	58749	-1.0429	0.85151	9.0	5.0	high_6	intermediate
6493	SIM2	ENSG00000159263	21	38036991	38132510	271	58749	-1.0436	0.85166	1.0	1.0	low	low
4594	MUT	ENSG00000146085	6	49388073	49466041	156	58749	-1.0438	0.85171	5.0	4.0	intermediate	intermediate
57092	PCNP	ENSG00000081154	3	101257997	101323281	161	58749	-1.0441	0.85177	1.0	1.0	low	low
10202	DHRS2	ENSG00000100867	14	24064324	24124848	95	58749	-1.0454	0.85208	1.0	1.0	low	low
1825	DSC3	ENSG00000134762	18	28560052	28657781	271	58749	-1.0472	0.85249	5.0	4.0	intermediate	intermediate
1582	CYP8B1	ENSG00000180432	3	42903684	42952633	123	58749	-1.0481	0.85271	2.0	1.0	intermediate	intermediate
988	CDC5L	ENSG00000096401	6	44320251	44428161	211	58749	-1.0485	0.8528	20.0	5.0	high_6	high_10
1289	COL5A1	ENSG00000130635	9	137498651	137746689	1086	58749	-1.0507	0.8533	4.0	3.0	intermediate	intermediate
84920	ALG10	ENSG00000139133	12	34140216	34191237	120	58749	-1.0513	0.85343	2.0	2.0	intermediate	intermediate
26355	FAM162A	ENSG00000114023	3	122068023	122138961	199	58749	-1.0525	0.85372	1.0	1.0	low	low
113835	ZNF257	ENSG00000197134	19	22200126	22284276	357	58749	-1.0527	0.85376	5.0	4.0	intermediate	intermediate
9687	GREB1	ENSG00000196208	2	11639242	11792914	407	58749	-1.058	0.85497	13.0	3.0	high_6	high_10
131076	CCDC58	ENSG00000160124	3	122068436	122137074	193	58749	-1.059	0.8552	2.0	2.0	intermediate	intermediate
57556	SEMA6A	ENSG00000092421	5	115769251	115945551	610	58749	-1.0637	0.85628	2.0	2.0	intermediate	intermediate
3553	IL1B	ENSG00000125538	2	113577337	113629356	91	58749	-1.065	0.85657	3.0	2.0	intermediate	intermediate
9519	TBPL1	ENSG00000028839	6	134238308	134318638	174	58749	-1.0675	0.85714	1.0	1.0	low	low
54554	WDR5B	ENSG00000196981	3	122120700	122169882	118	58749	-1.0678	0.8572	1.0	1.0	low	low
2039	DMTN	ENSG00000158856	8	21871660	21950036	251	58749	-1.0692	0.8575	2.0	1.0	intermediate	intermediate
284067	C17orf105	ENSG00000231256	17	41822803	41872054	113	58749	-1.0692	0.8575	1.0	1.0	low	low
91522	COL23A1	ENSG00000050767	5	177654617	178052573	1450	58749	-1.0715	0.85803	1.0	1.0	low	low
8774	NAPG	ENSG00000134265	18	10490873	10562766	199	58749	-1.0729	0.85834	1.0	1.0	low	low
7062	TCHH	ENSG00000159450	1	152068793	152122930	36	58749	-1.0773	0.85932	6.0	4.0	high_6	intermediate
80271	ITPKC	ENSG00000086544	19	41187885	41256765	184	58749	-1.0784	0.85958	3.0	2.0	intermediate	intermediate
1051	CEBPB	ENSG00000172216	20	48772120	48819227	140	58749	-1.0792	0.85975	8.0	5.0	high_6	intermediate
6588	SLN	ENSG00000170290	11	107568101	107617787	124	58749	-1.0794	0.85979	1.0	1.0	low	low
64434	NOM1	ENSG00000146909	7	156707417	156775876	361	58749	-1.0815	0.86026	1.0	1.0	low	low
11339	OIP5	ENSG00000104147	15	41591466	41659819	133	58749	-1.0822	0.86042	1.0	1.0	low	low
374918	IGFL1	ENSG00000188293	19	46698009	46744500	163	58749	-1.0838	0.86076	3.0	2.0	intermediate	intermediate
9467	SH3BP5	ENSG00000131370	3	15285860	15417901	340	58749	-1.0844	0.8609	1.0	1.0	low	low
4059	BCAM	ENSG00000187244	19	45277316	45334678	155	58749	-1.0875	0.8616	2.0	1.0	intermediate	intermediate
5604	MAP2K1	ENSG00000169032	15	66644182	66793882	408	58749	-1.0903	0.86221	5.0	2.0	intermediate	intermediate
23464	GCAT	ENSG00000100116	22	38168906	38223183	116	58749	-1.091	0.86237	14.0	6.0	high_6	high_10
3845	KRAS	ENSG00000133703	12	25348180	25438870	284	58749	-1.092	0.86259	1.0	1.0	low	low
83795	KCNK16	ENSG00000095981	6	39272474	39325330	231	58749	-1.0936	0.86294	1.0	1.0	low	low
4974	OMG	ENSG00000126861	17	29611668	29659380	56	58749	-1.0938	0.86298	1.0	1.0	low	low
390081	OR52E4	ENSG00000180974	11	5870523	5916461	237	58749	-1.0942	0.86307	2.0	1.0	intermediate	intermediate
255104	TMCO4	ENSG00000162542	1	19998706	20161424	594	58749	-1.0948	0.8632	4.0	2.0	intermediate	intermediate
129025	ZNF280A	ENSG00000169548	22	22858060	22909613	291	58749	-1.0992	0.86416	1.0	1.0	low	low
5507	PPP1R3C	ENSG00000119938	10	93378197	93427858	134	58749	-1.0993	0.86417	2.0	1.0	intermediate	intermediate
50964	SOST	ENSG00000167941	17	41821099	41871156	119	58749	-1.1003	0.86441	8.0	3.0	high_6	intermediate
7984	ARHGEF5	ENSG00000050327	7	144017489	144087725	20	58749	-1.1022	0.86481	3.0	1.0	intermediate	intermediate
1378	CR1	ENSG00000203710	1	207634473	207825110	369	58749	-1.1072	0.86589	5.0	2.0	intermediate	intermediate
197	AHSG	ENSG00000145192	3	186295850	186349107	147	58749	-1.1078	0.86603	1.0	1.0	low	low
54962	TIPIN	ENSG00000075131	15	66619008	66714074	256	58749	-1.1111	0.86673	2.0	1.0	intermediate	intermediate
8613	PPAP2B	ENSG00000162407	1	56950419	57080257	412	58749	-1.1122	0.86698	26.0	8.0	high_6	high_10
165082	GPR113	ENSG00000173567	2	26521041	26604685	202	58749	-1.114	0.86737	1.0	1.0	low	low
390174	OR9G1	ENSG00000174914	11	56432864	56478781	148	58749	-1.1166	0.86792	1.0	1.0	low	low
5515	PPP2CA	ENSG00000113575	5	133522148	133596950	161	58749	-1.1169	0.86799	1.0	1.0	low	low
79934	ADCK4	ENSG00000123815	19	41187434	41257790	190	58749	-1.1175	0.86811	2.0	2.0	intermediate	intermediate
6564	SLC15A1	ENSG00000088386	13	99326055	99439929	516	58749	-1.1184	0.8683	1.0	1.0	low	low
6781	STC1	ENSG00000159167	8	23689434	23747320	176	58749	-1.1193	0.8685	3.0	2.0	intermediate	intermediate
54716	SLC6A20	ENSG00000163817	3	45786941	45873039	172	58749	-1.1204	0.86872	4.0	4.0	intermediate	intermediate
27178	IL37	ENSG00000125571	2	113635548	113686459	138	58749	-1.1212	0.8689	3.0	3.0	intermediate	intermediate
10219	KLRG1	ENSG00000139187	12	9107137	9173343	162	58749	-1.1231	0.86931	1.0	1.0	low	low
337867	UBAC2	ENSG00000134882	13	99817679	100048753	523	58749	-1.1259	0.8699	8.0	4.0	high_6	intermediate
27120	DKKL1	ENSG00000104901	19	49831466	49888373	150	58749	-1.1263	0.86998	2.0	2.0	intermediate	intermediate
83890	SPATA9	ENSG00000145757	5	94977885	95053885	203	58749	-1.1287	0.87049	1.0	1.0	low	low
9436	NCR2	ENSG00000096264	6	41268528	41328625	258	58749	-1.1287	0.87049	1.0	1.0	low	low
113622	ADPRHL1	ENSG00000153531	13	114066260	114142839	235	58749	-1.1293	0.87062	1.0	1.0	low	low
10972	TMED10	ENSG00000170348	14	75588171	75678349	146	58749	-1.1306	0.87089	2.0	2.0	intermediate	intermediate
2669	GEM	ENSG00000164949	8	95251481	95309547	160	58749	-1.1313	0.87103	1.0	1.0	low	low
57224	NHSL1	ENSG00000135540	6	138733180	138928726	530	58749	-1.1313	0.87104	1.0	1.0	low	low
202	AIM1	ENSG00000112297	6	106773683	107028335	1137	58749	-1.1325	0.8713	2.0	2.0	intermediate	intermediate
4074	M6PR	ENSG00000003056	12	9082957	9137357	132	58749	-1.1353	0.87187	2.0	2.0	intermediate	intermediate
441631	TSPAN11	ENSG00000110900	12	31044536	31159537	394	58749	-1.141	0.87306	2.0	1.0	intermediate	intermediate
6643	SNX2	ENSG00000205302	5	122075691	122180234	350	58749	-1.1421	0.87329	1.0	1.0	low	low
80325	ABTB1	ENSG00000114626	3	127356781	127409769	69	58749	-1.143	0.87348	1.0	1.0	low	low
51091	SEPSECS	ENSG00000109618	4	25111627	25197204	196	58749	-1.1506	0.87505	1.0	1.0	low	low
60626	RIC8A	ENSG00000177963	11	172499	225113	123	58749	-1.1545	0.87586	2.0	2.0	intermediate	intermediate
29117	BRD7	ENSG00000166164	16	50342929	50437845	196	58749	-1.1554	0.87603	7.0	3.0	high_6	intermediate
1670	DEFA5	ENSG00000164816	8	6902829	6949259	286	58749	-1.1562	0.87621	1.0	1.0	low	low
83879	CDCA7	ENSG00000144354	2	174184561	174243718	171	58749	-1.1565	0.87627	6.0	3.0	high_6	intermediate
4316	MMP7	ENSG00000137673	11	102381239	102436478	205	58749	-1.157	0.87636	3.0	2.0	intermediate	intermediate
100130958	SYCE1L	ENSG00000205078	16	77198349	77256976	279	58749	-1.1583	0.87662	2.0	2.0	intermediate	intermediate
29947	DNMT3L	ENSG00000142182	21	45656222	45717099	217	58749	-1.1587	0.87672	1.0	1.0	low	low
80070	ADAMTS20	ENSG00000173157	12	43738012	43980724	758	58749	-1.1632	0.87762	1.0	1.0	low	low
55164	SHQ1	ENSG00000144736	3	72788426	72932631	204	58749	-1.1697	0.87894	2.0	1.0	intermediate	intermediate
64965	MRPS9	ENSG00000135972	2	105619483	105726418	317	58749	-1.1735	0.8797	2.0	2.0	intermediate	intermediate
1026	CDKN1A	ENSG00000124762	6	36609237	36665116	199	58749	-1.1736	0.87972	40.0	6.0	high_6	high_10
84171	LOXL4	ENSG00000138131	10	99997443	100063007	166	58749	-1.1759	0.88019	7.0	4.0	high_6	intermediate
120	ADD3	ENSG00000148700	10	111730627	111905323	241	58749	-1.1797	0.88094	3.0	3.0	intermediate	intermediate
142827	C10orf129	ENSG00000173124	10	96918957	96998686	246	58749	-1.18	0.881	1.0	1.0	low	low
23677	SH3BP4	ENSG00000130147	2	235825628	235974358	459	58749	-1.1831	0.88161	2.0	2.0	intermediate	intermediate
5650	KLK7	ENSG00000169035	19	51469735	51522320	223	58749	-1.1836	0.88172	2.0	1.0	intermediate	intermediate
5137	PDE1C	ENSG00000154678	7	31781666	32374016	2111	58749	-1.1859	0.88218	2.0	2.0	intermediate	intermediate
729250	PRR20A	ENSG00000204919	13	57706331	57754352	34	58749	-1.1914	0.88326	1.0	1.0	low	low
1555	CYP2B6	ENSG00000197408	19	41462138	41534308	229	58749	-1.1993	0.88479	5.0	3.0	intermediate	intermediate
112802	KRT71	ENSG00000139648	12	52927693	52981931	259	58749	-1.2012	0.88517	1.0	1.0	low	low
27091	CACNG5	ENSG00000075429	17	64796235	64891941	350	58749	-1.2018	0.88527	2.0	2.0	intermediate	intermediate
6550	SLC9A3	ENSG00000066230	5	463298	559549	401	58749	-1.2037	0.88566	1.0	1.0	low	low
84131	CEP78	ENSG00000148019	9	80815978	80896799	189	58749	-1.2039	0.88568	1.0	1.0	low	low
9249	DHRS3	ENSG00000162496	1	12617939	12712820	353	58749	-1.207	0.88628	2.0	1.0	intermediate	intermediate
79819	WDR78	ENSG00000152763	1	67268568	67425907	316	58749	-1.2082	0.88652	2.0	2.0	intermediate	intermediate
728358	DEFA1	ENSG00000206047	8	6844288	6891724	79	58749	-1.2083	0.88654	1.0	1.0	low	low
2781	GNAZ	ENSG00000128266	22	23377669	23477224	187	58749	-1.2086	0.88659	1.0	1.0	low	low
64760	FAM160B2	ENSG00000158863	8	21911695	21972405	213	58749	-1.2086	0.8866	1.0	1.0	low	low
91461	PKDCC	ENSG00000162878	2	42240161	42295668	211	58749	-1.2102	0.88689	7.0	3.0	high_6	intermediate
5653	KLK6	ENSG00000167755	19	51451887	51507929	202	58749	-1.2133	0.88748	1.0	1.0	low	low
6240	RRM1	ENSG00000167325	11	4080791	4170116	271	58749	-1.2142	0.88767	2.0	2.0	intermediate	intermediate
134430	WDR36	ENSG00000134987	5	110392870	110476200	234	58749	-1.2282	0.89032	17.0	7.0	high_6	high_10
23039	XPO7	ENSG00000130227	8	21742180	21874096	302	58749	-1.2284	0.89036	6.0	2.0	high_6	intermediate
79827	CLMP	ENSG00000166250	11	122933020	123101007	656	58749	-1.2293	0.89052	1.0	1.0	low	low
1303	COL12A1	ENSG00000111799	6	75784042	75950623	247	58749	-1.2312	0.89087	2.0	2.0	intermediate	intermediate
26064	RAI14	ENSG00000039560	5	34621342	34842717	825	58749	-1.238	0.89215	2.0	2.0	intermediate	intermediate
64859	NABP1	ENSG00000173559	2	192507798	192563248	106	58749	-1.2389	0.89231	1.0	1.0	low	low
285	ANGPT2	ENSG00000091879	8	6347172	6455784	626	58749	-1.2412	0.89273	4.0	3.0	intermediate	intermediate
6559	SLC12A3	ENSG00000070915	16	56864119	56959762	340	58749	-1.243	0.89306	1.0	1.0	low	low
83597	RTP3	ENSG00000163825	3	46504485	46552439	110	58749	-1.2447	0.89338	1.0	1.0	low	low
54498	SMOX	ENSG00000088826	20	4094426	4178394	357	58749	-1.2473	0.89385	1.0	1.0	low	low
3751	KCND2	ENSG00000184408	7	119878689	120400387	966	58749	-1.2533	0.89495	1.0	1.0	low	low
6416	MAP2K4	ENSG00000065559	17	11889135	12057148	282	58749	-1.2553	0.89532	6.0	4.0	high_6	intermediate
576	BAI2	ENSG00000121753	1	32182718	32265494	74	58749	-1.2555	0.89535	2.0	2.0	intermediate	intermediate
249	ALPL	ENSG00000162551	1	21800475	21914905	432	58749	-1.2574	0.89569	6.0	2.0	high_6	intermediate
8989	TRPA1	ENSG00000104321	8	72923486	73022819	418	58749	-1.2588	0.89595	2.0	2.0	intermediate	intermediate
2176	FANCC	ENSG00000158169	9	97851336	98114991	299	58749	-1.2618	0.89648	4.0	3.0	intermediate	intermediate
3956	LGALS1	ENSG00000100097	22	38036613	38085809	145	58749	-1.2651	0.89708	3.0	3.0	intermediate	intermediate
8527	DGKD	ENSG00000077044	2	234228149	234390744	373	58749	-1.2652	0.8971	9.0	5.0	high_6	intermediate
7292	TNFSF4	ENSG00000117586	1	173142870	173211471	153	58749	-1.2703	0.89801	16.0	10.0	high_6	high_10
79083	MLPH	ENSG00000115648	2	238360053	238473961	496	58749	-1.2759	0.899	2.0	1.0	intermediate	intermediate
9755	TBKBP1	ENSG00000198933	17	45736441	45799429	107	58749	-1.2783	0.89943	1.0	1.0	low	low
84808	C1orf170	ENSG00000187642	1	900579	952473	176	58749	-1.2787	0.89951	1.0	1.0	low	low
220064	ORAOV1	ENSG00000149716	11	69470331	69525165	113	58749	-1.2794	0.89963	5.0	4.0	intermediate	intermediate
87178	PNPT1	ENSG00000138035	2	55851198	55956045	365	58749	-1.2948	0.9023	7.0	5.0	high_6	intermediate
2099	ESR1	ENSG00000091831	6	151976631	152434409	1392	58749	-1.2949	0.90233	59.0	12.0	high_6	high_10
92291	CAPN13	ENSG00000162949	2	30935637	31065383	428	58749	-1.3007	0.90333	2.0	2.0	intermediate	intermediate
57583	TMEM181	ENSG00000146433	6	158922468	159066467	413	58749	-1.3139	0.90555	2.0	1.0	intermediate	intermediate
8507	ENC1	ENSG00000171617	5	73913231	73972249	168	58749	-1.3146	0.90567	1.0	1.0	low	low
22885	ABLIM3	ENSG00000173210	5	148486054	148650002	409	58749	-1.3155	0.90583	3.0	2.0	intermediate	intermediate
7644	ZNF91	ENSG00000167232	19	23530498	23613269	259	58749	-1.3199	0.90657	5.0	4.0	intermediate	intermediate
134353	LSM11	ENSG00000155858	5	157135755	157193746	190	58749	-1.325	0.90742	2.0	1.0	intermediate	intermediate
23500	DAAM2	ENSG00000146122	6	39725159	39882653	495	58749	-1.3277	0.90786	3.0	3.0	intermediate	intermediate
3224	HOXC8	ENSG00000037965	12	54367890	54416547	62	58749	-1.3318	0.90853	2.0	2.0	intermediate	intermediate
27164	SALL3	ENSG00000256463	18	76705275	76769770	209	58749	-1.3321	0.90858	1.0	1.0	low	low
83930	STARD3NL	ENSG00000010270	7	38182808	38280272	306	58749	-1.3345	0.90898	7.0	4.0	high_6	intermediate
375593	TRIM73	ENSG00000178809	7	74986234	75044896	4	58749	-1.3446	0.91062	1.0	1.0	low	low
55278	QRSL1	ENSG00000130348	6	107042441	107126292	278	58749	-1.3449	0.91067	1.0	1.0	low	low
27152	INTU	ENSG00000164066	4	128519087	128647934	192	58749	-1.3476	0.91111	2.0	1.0	intermediate	intermediate
4255	MGMT	ENSG00000170430	10	131230454	131575783	1351	58749	-1.3539	0.91211	5.0	4.0	intermediate	intermediate
3690	ITGB3	ENSG00000259207	17	45296208	45400077	376	58749	-1.3544	0.9122	2.0	2.0	intermediate	intermediate
55744	COA1	ENSG00000106603	7	43638052	43804140	458	58749	-1.3554	0.91236	1.0	1.0	low	low
3034	HAL	ENSG00000084110	12	96356440	96425143	250	58749	-1.3574	0.91267	6.0	2.0	high_6	intermediate
5465	PPARA	ENSG00000186951	22	46511458	46649653	331	58749	-1.3579	0.91276	4.0	2.0	intermediate	intermediate
131450	CD200R1	ENSG00000163606	3	112631532	112728950	312	58749	-1.3625	0.91347	4.0	3.0	intermediate	intermediate
23190	UBXN4	ENSG00000144224	2	136464189	136552633	154	58749	-1.3629	0.91355	1.0	1.0	low	low
23252	OTUD3	ENSG00000169914	1	20173356	20249438	239	58749	-1.3671	0.91421	8.0	4.0	high_6	intermediate
3199	HOXA2	ENSG00000105996	7	27129973	27177394	99	58749	-1.3688	0.91447	2.0	1.0	intermediate	intermediate
84539	MCHR2	ENSG00000152034	6	100357786	100477114	256	58749	-1.3734	0.91518	9.0	4.0	high_6	intermediate
11078	TRIOBP	ENSG00000100106	22	38057995	38182563	301	58749	-1.375	0.91543	10.0	4.0	high_6	high_10
4245	MGAT1	ENSG00000131446	5	180207541	180272939	248	58749	-1.3807	0.91631	1.0	1.0	low	low
359710	BPIFB3	ENSG00000186190	20	31608230	31671434	191	58749	-1.3836	0.91676	1.0	1.0	low	low
285590	SH3PXD2B	ENSG00000174705	5	171742185	171916527	575	58749	-1.3837	0.91677	2.0	2.0	intermediate	intermediate
79598	CEP97	ENSG00000182504	3	101408436	101499404	119	58749	-1.3872	0.91732	2.0	2.0	intermediate	intermediate
80067	DCAF17	ENSG00000115827	2	172255761	172351562	240	58749	-1.3902	0.91776	1.0	1.0	low	low
170392	OIT3	ENSG00000138315	10	74618339	74702787	75	58749	-1.3904	0.9178	1.0	1.0	low	low
162394	SLFN5	ENSG00000166750	17	33535086	33604768	205	58749	-1.3948	0.91846	1.0	1.0	low	low
128859	BPIFB6	ENSG00000167104	20	31584454	31641853	168	58749	-1.3955	0.91857	2.0	1.0	intermediate	intermediate
2004	ELK3	ENSG00000111145	12	96553207	96671606	331	58749	-1.4074	0.92035	4.0	3.0	intermediate	intermediate
58508	KMT2C	ENSG00000055609	7	151822010	152168090	387	58749	-1.4087	0.92053	2.0	1.0	intermediate	intermediate
3198	HOXA1	ENSG00000105991	7	27122612	27170625	99	58749	-1.4191	0.92206	5.0	3.0	intermediate	intermediate
387338	NSUN4	ENSG00000117481	1	46770849	46840824	236	58749	-1.423	0.92263	1.0	1.0	low	low
84908	FAM136A	ENSG00000035141	2	70513108	70564293	115	58749	-1.4238	0.92275	2.0	2.0	intermediate	intermediate
9046	DOK2	ENSG00000147443	8	21756384	21806290	113	58749	-1.4242	0.92281	2.0	2.0	intermediate	intermediate
153	ADRB1	ENSG00000043591	10	115768806	115816667	177	58749	-1.4273	0.92326	4.0	4.0	intermediate	intermediate
23645	PPP1R15A	ENSG00000087074	19	49340649	49389319	186	58749	-1.4308	0.92376	1.0	1.0	low	low
9068	ANGPTL1	ENSG00000116194	1	178808670	178875215	116	58749	-1.435	0.92435	1.0	1.0	low	low
161502	C15orf26	ENSG00000156206	15	81356749	81451516	228	58749	-1.44	0.92506	1.0	1.0	low	low
136647	MPLKIP	ENSG00000168303	7	40162342	40209251	59	58749	-1.4408	0.92518	1.0	1.0	low	low
2171	FABP5	ENSG00000164687	8	82157718	82207012	83	58749	-1.441	0.92521	1.0	1.0	low	low
27145	FILIP1	ENSG00000118407	6	75994607	76238516	342	58749	-1.4411	0.92523	9.0	4.0	high_6	intermediate
1233	CCR4	ENSG00000183813	3	32958066	33006403	93	58749	-1.4427	0.92545	3.0	2.0	intermediate	intermediate
51272	BET1L	ENSG00000177951	11	192924	242422	212	58749	-1.4428	0.92547	6.0	4.0	high_6	intermediate
91775	NXPE3	ENSG00000144815	3	101463029	101557075	136	58749	-1.4463	0.92596	4.0	4.0	intermediate	intermediate
4345	CD200	ENSG00000091972	3	112016194	112091659	255	58749	-1.4599	0.92785	5.0	3.0	intermediate	intermediate
55092	TMEM51	ENSG00000171729	1	15444028	15556974	571	58749	-1.4643	0.92845	4.0	4.0	intermediate	intermediate
6626	SNRPA	ENSG00000077312	19	41221725	41281297	158	58749	-1.4645	0.92847	1.0	1.0	low	low
114569	MAL2	ENSG00000147676	8	120185610	120267913	211	58749	-1.4655	0.9286	2.0	2.0	intermediate	intermediate
57494	RIMKLB	ENSG00000166532	12	8799273	8945688	177	58749	-1.4673	0.92885	1.0	1.0	low	low
1668	DEFA3	ENSG00000239839	8	6863391	6910816	257	58749	-1.4684	0.929	1.0	1.0	low	low
6557	SLC12A1	ENSG00000074803	15	48463498	48606275	159	58749	-1.4705	0.92929	1.0	1.0	low	low
100128569	C19orf71	ENSG00000183397	19	3503674	3554121	111	58749	-1.4863	0.9314	2.0	1.0	intermediate	intermediate
9486	CHST10	ENSG00000115526	2	100998322	101069130	235	58749	-1.4867	0.93145	1.0	1.0	low	low
54918	CMTM6	ENSG00000091317	3	32512804	32579403	147	58749	-1.4881	0.93164	1.0	1.0	low	low
23456	ABCB10	ENSG00000135776	1	229642329	229729442	139	58749	-1.4962	0.9327	3.0	2.0	intermediate	intermediate
7140	TNNT3	ENSG00000130595	11	1905799	1969936	175	58749	-1.4976	0.93288	1.0	1.0	low	low
130	ADH6	ENSG00000172955	4	100113795	100175403	156	58749	-1.498	0.93293	1.0	1.0	low	low
4593	MUSK	ENSG00000030304	9	113395935	113576386	533	58749	-1.5078	0.9342	3.0	3.0	intermediate	intermediate
5885	RAD21	ENSG00000164754	8	117848173	117922105	206	58749	-1.5196	0.93569	1.0	1.0	low	low
84627	ZNF469	ENSG00000225614	16	88458879	88517165	249	58749	-1.5255	0.93643	6.0	5.0	high_6	intermediate
84515	MCM8	ENSG00000125885	20	5896298	5985852	302	58749	-1.5362	0.93775	5.0	2.0	intermediate	intermediate
59352	LGR6	ENSG00000133067	1	202128118	202298889	469	58749	-1.5375	0.93791	5.0	2.0	intermediate	intermediate
255220	TXNDC8	ENSG00000204193	9	113055762	113135163	315	58749	-1.5405	0.93828	1.0	1.0	low	low
348	APOE	ENSG00000130203	19	45374039	45422650	148	58749	-1.5477	0.93915	107.0	16.0	high_6	high_10
129787	TMEM18	ENSG00000151353	2	657793	712439	129	58749	-1.5479	0.93918	23.0	10.0	high_6	high_10
7483	WNT9A	ENSG00000143816	1	228099165	228170676	166	58749	-1.5493	0.93935	1.0	1.0	low	low
121506	ERP27	ENSG00000139055	12	15056961	15126463	218	58749	-1.5496	0.93938	1.0	1.0	low	low
55508	SLC35E3	ENSG00000175782	12	69104910	69169853	138	58749	-1.5576	0.94034	1.0	1.0	low	low
5682	PSMA1	ENSG00000129084	11	14516422	14700180	231	58749	-1.5578	0.94036	1.0	1.0	low	low
2615	LRRC32	ENSG00000137507	11	76358568	76416990	196	58749	-1.5588	0.94047	36.0	10.0	high_6	high_10
5322	PLA2G5	ENSG00000127472	1	20351157	20428394	245	58749	-1.5626	0.94093	1.0	1.0	low	low
154091	SLC2A12	ENSG00000146411	6	134298719	134408789	225	58749	-1.5653	0.94124	7.0	4.0	high_6	intermediate
9690	UBE3C	ENSG00000009335	7	156896655	157072066	510	58749	-1.5691	0.94169	5.0	4.0	intermediate	intermediate
7045	TGFBI	ENSG00000120708	5	135329584	135409507	192	58749	-1.5751	0.94239	3.0	3.0	intermediate	intermediate
368	ABCC6	ENSG00000091262	16	16233422	16353083	273	58749	-1.5792	0.94286	2.0	1.0	intermediate	intermediate
84868	HAVCR2	ENSG00000135077	5	156502843	156571248	191	58749	-1.5822	0.9432	2.0	2.0	intermediate	intermediate
657	BMPR1A	ENSG00000107779	10	88481396	88694945	524	58749	-1.5843	0.94343	1.0	1.0	low	low
4332	MNDA	ENSG00000163563	1	158766168	158829270	169	58749	-1.5944	0.94457	1.0	1.0	low	low
27097	TAF5L	ENSG00000135801	1	229718858	229796794	175	58749	-1.6033	0.94557	1.0	1.0	low	low
56160	NDNL2	ENSG00000185115	15	29550353	29597020	167	58749	-1.6116	0.94648	1.0	1.0	low	low
344807	CD200R1L	ENSG00000206531	3	112524556	112599797	314	58749	-1.6285	0.94829	3.0	2.0	intermediate	intermediate
54737	MPHOSPH8	ENSG00000196199	13	20172787	20257599	148	58749	-1.6332	0.94878	2.0	2.0	intermediate	intermediate
57664	PLEKHA4	ENSG00000105559	19	49330349	49406884	286	58749	-1.638	0.94928	1.0	1.0	low	low
5167	ENPP1	ENSG00000197594	6	132094156	132226295	345	58749	-1.6493	0.95046	3.0	2.0	intermediate	intermediate
100381270	ZBED6	ENSG00000257315	1	203731651	203779590	149	58749	-1.6527	0.95081	2.0	2.0	intermediate	intermediate
22801	ITGA11	ENSG00000137809	15	68581128	68759502	666	58749	-1.6551	0.95105	6.0	5.0	high_6	intermediate
150383	CDPF1	ENSG00000205643	22	46629910	46681193	179	58749	-1.6633	0.95187	1.0	1.0	low	low
151258	SLC38A11	ENSG00000169507	2	165744709	165847035	284	58749	-1.6664	0.95219	1.0	1.0	low	low
51225	ABI3	ENSG00000108798	17	47252589	47310587	157	58749	-1.6714	0.95268	1.0	1.0	low	low
65975	STK33	ENSG00000130413	11	8403417	8650836	718	58749	-1.6773	0.95326	1.0	1.0	low	low
1733	DIO1	ENSG00000211452	1	54324860	54386763	202	58749	-1.6849	0.954	2.0	2.0	intermediate	intermediate
2300	FOXL1	ENSG00000176678	16	86577115	86625304	172	58749	-1.6879	0.95429	19.0	6.0	high_6	high_10
9632	SEC24C	ENSG00000176986	10	75469039	75541933	102	58749	-1.6968	0.95513	1.0	1.0	low	low
23092	ARHGAP26	ENSG00000145819	5	142114881	142618572	1195	58749	-1.6978	0.95522	11.0	4.0	high_6	high_10
4190	MDH1	ENSG00000014641	2	63780743	63844331	115	58749	-1.7006	0.95549	3.0	3.0	intermediate	intermediate
50489	CD207	ENSG00000116031	2	71047343	71097953	263	58749	-1.703	0.95572	3.0	3.0	intermediate	intermediate
9052	GPRC5A	ENSG00000013588	12	13008956	13076600	210	58749	-1.7043	0.95584	1.0	1.0	low	low
3965	LGALS9	ENSG00000168961	17	25923174	25986586	144	58749	-1.7102	0.95638	1.0	1.0	low	low
3837	KPNB1	ENSG00000108424	17	45691861	45772037	133	58749	-1.7202	0.9573	4.0	4.0	intermediate	intermediate
965	CD58	ENSG00000116815	1	117047156	117148715	119	58749	-1.7215	0.95742	4.0	4.0	intermediate	intermediate
29933	GPR132	ENSG00000183484	14	105505726	105566887	132	58749	-1.7217	0.95744	2.0	2.0	intermediate	intermediate
57823	SLAMF7	ENSG00000026751	1	160673865	160734611	162	58749	-1.7287	0.95807	1.0	1.0	low	low
5719	PSMD13	ENSG00000185627	11	201808	262984	315	58749	-1.7288	0.95808	11.0	5.0	high_6	high_10
85465	EPT1	ENSG00000138018	2	26533954	26628759	217	58749	-1.7322	0.95838	2.0	2.0	intermediate	intermediate
162605	KRT28	ENSG00000173908	17	38938448	38991211	145	58749	-1.7327	0.95842	1.0	1.0	low	low
5551	PRF1	ENSG00000180644	10	72347104	72397531	140	58749	-1.7341	0.95855	2.0	2.0	intermediate	intermediate
23102	TBC1D2B	ENSG00000167202	15	78277327	78404994	399	58749	-1.7359	0.95871	1.0	1.0	low	low
25914	RTTN	ENSG00000176225	18	67661040	67907962	613	58749	-1.7362	0.95874	1.0	1.0	low	low
797	CALCB	ENSG00000175868	11	15060143	15113888	108	58749	-1.744	0.95942	2.0	1.0	intermediate	intermediate
4046	LSP1	ENSG00000130592	11	1839200	1923493	314	58749	-1.7466	0.95964	19.0	7.0	high_6	high_10
675	BRCA2	ENSG00000139618	13	32854617	32983809	301	58749	-1.7615	0.96092	18.0	2.0	high_6	high_10
26254	OPTC	ENSG00000188770	1	203428271	203488077	198	58749	-1.7664	0.96134	2.0	1.0	intermediate	intermediate
57531	HACE1	ENSG00000085382	6	105165968	105342794	375	58749	-1.7675	0.96143	1.0	1.0	low	low
100132463	CLDN24	ENSG00000185758	4	184232917	184278579	126	58749	-1.7848	0.96285	1.0	1.0	low	low
360203	GLT6D1	ENSG00000204007	9	138505502	138566386	275	58749	-1.7866	0.963	1.0	1.0	low	low
4057	LTF	ENSG00000012223	3	46467496	46541598	250	58749	-1.7959	0.96374	4.0	4.0	intermediate	intermediate
57122	NUP107	ENSG00000111581	12	69045731	69146473	222	58749	-1.7965	0.96379	2.0	2.0	intermediate	intermediate
375	ARF1	ENSG00000143761	1	228235361	228296913	74	58749	-1.8015	0.96419	3.0	2.0	intermediate	intermediate
89780	WNT3A	ENSG00000154342	1	228159723	228258972	187	58749	-1.8165	0.96535	4.0	4.0	intermediate	intermediate
8050	PDHX	ENSG00000110435	11	34902677	35027675	563	58749	-1.8192	0.96556	1.0	1.0	low	low
8190	MIA	ENSG00000261857	19	41246082	41293398	134	58749	-1.8273	0.96618	1.0	1.0	low	low
4048	LTA4H	ENSG00000111144	12	96384531	96472298	301	58749	-1.8308	0.96643	2.0	1.0	intermediate	intermediate
53916	RAB4B	ENSG00000167578	19	41248670	41312849	190	58749	-1.8326	0.96657	3.0	2.0	intermediate	intermediate
387521	TMEM189	ENSG00000240849	20	48730274	48805335	175	58749	-1.8428	0.96732	6.0	3.0	high_6	intermediate
54546	RNF186	ENSG00000178828	1	20130522	20176771	207	58749	-1.8771	0.96975	8.0	3.0	high_6	intermediate
54749	EPDR1	ENSG00000086289	7	37925163	38001543	344	58749	-1.8826	0.97013	11.0	5.0	high_6	high_10
7337	UBE3A	ENSG00000114062	15	25572394	25719190	308	58749	-1.9056	0.97165	1.0	1.0	low	low
374739	TEPP	ENSG00000159648	16	57975339	58032020	153	58749	-1.907	0.97174	1.0	1.0	low	low
51074	APIP	ENSG00000149089	11	34893842	34972939	441	58749	-1.9247	0.97286	1.0	1.0	low	low
8131	NPRL3	ENSG00000103148	16	125800	223697	215	58749	-1.9445	0.97408	3.0	3.0	intermediate	intermediate
115701	ALPK2	ENSG00000198796	18	56138479	56331189	644	58749	-1.969	0.97552	3.0	2.0	intermediate	intermediate
495	ATP4A	ENSG00000105675	19	36031095	36089560	142	58749	-1.9723	0.97571	3.0	3.0	intermediate	intermediate
3655	ITGA6	ENSG00000091409	2	173256954	173381181	480	58749	-1.9842	0.97638	6.0	4.0	high_6	intermediate
1435	CSF1	ENSG00000184371	1	110418233	110483616	177	58749	-2.0109	0.97783	3.0	3.0	intermediate	intermediate
84182	FAM188B	ENSG00000106125	7	30776033	30942408	589	58749	-2.0227	0.97845	1.0	1.0	low	low
10170	DHRS9	ENSG00000073737	2	169886299	169962677	109	58749	-2.0344	0.97904	2.0	2.0	intermediate	intermediate
9520	NPEPPS	ENSG00000141279	17	45565316	45710642	196	58749	-2.0447	0.97956	13.0	8.0	high_6	high_10
140735	DYNLL2	ENSG00000264364	17	56125780	56177618	84	58749	-2.0477	0.97971	1.0	1.0	low	low
595	CCND1	ENSG00000110092	11	69420873	69479242	151	58749	-2.0521	0.97992	23.0	7.0	high_6	high_10
5819	PVRL2	ENSG00000130202	19	45314393	45402485	325	58749	-2.0592	0.98026	7.0	4.0	high_6	intermediate
3043	HBB	ENSG00000244734	11	5236696	5283301	139	58749	-2.0651	0.98054	10.0	6.0	high_6	high_10
26019	UPF2	ENSG00000151461	10	11952021	12120169	563	58749	-2.0702	0.98078	1.0	1.0	low	low
818	CAMK2G	ENSG00000148660	10	75562259	75669349	152	58749	-2.0772	0.98111	5.0	2.0	intermediate	intermediate
196051	PPAPDC1A	ENSG00000203805	10	122181466	122359367	621	58749	-2.0784	0.98116	1.0	1.0	low	low
10312	TCIRG1	ENSG00000110719	11	67771462	67828366	118	58749	-2.096	0.98196	1.0	1.0	low	low
7511	XPNPEP1	ENSG00000108039	10	111614524	111718311	189	58749	-2.0977	0.98203	2.0	1.0	intermediate	intermediate
960	CD44	ENSG00000026508	11	35125417	35263949	482	58749	-2.1029	0.98226	10.0	8.0	high_6	high_10
1475	CSTA	ENSG00000121552	3	122009011	122070816	200	58749	-2.111	0.98262	4.0	4.0	intermediate	intermediate
145645	C15orf43	ENSG00000167014	15	45213900	45281421	160	58749	-2.1405	0.98384	2.0	2.0	intermediate	intermediate
208	AKT2	ENSG00000105221	19	40726224	40826443	188	58749	-2.1439	0.98398	1.0	1.0	low	low
221393	GPR115	ENSG00000153294	6	47631289	47699757	256	58749	-2.1452	0.98403	2.0	1.0	intermediate	intermediate
11336	EXOC3	ENSG00000180104	5	408305	477414	305	58749	-2.1578	0.98453	2.0	2.0	intermediate	intermediate
23410	SIRT3	ENSG00000142082	11	205030	271362	332	58749	-2.1703	0.98501	6.0	4.0	high_6	intermediate
170384	FUT11	ENSG00000196968	10	75496830	75545977	61	58749	-2.1867	0.98562	2.0	2.0	intermediate	intermediate
64779	MTHFSD	ENSG00000103248	16	86553782	86623841	313	58749	-2.1902	0.98575	1.0	1.0	low	low
64794	DDX31	ENSG00000125485	9	135458384	135580788	287	58749	-2.1931	0.98585	2.0	2.0	intermediate	intermediate
6424	SFRP4	ENSG00000106483	7	37935534	37991525	259	58749	-2.2022	0.98618	1.0	1.0	low	low
51665	ASB1	ENSG00000065802	2	239300382	239370891	246	58749	-2.2056	0.98629	2.0	2.0	intermediate	intermediate
9877	ZC3H11A	ENSG00000058673	1	203729665	203833256	298	58749	-2.2073	0.98635	2.0	2.0	intermediate	intermediate
6152	RPL24	ENSG00000114391	3	101389934	101440564	77	58749	-2.2163	0.98667	1.0	1.0	low	low
3110	MNX1	ENSG00000130675	7	156787547	156838347	178	58749	-2.218	0.98672	2.0	2.0	intermediate	intermediate
10452	TOMM40	ENSG00000130204	19	45359477	45416946	212	58749	-2.2881	0.98893	21.0	8.0	high_6	high_10
7104	TM4SF4	ENSG00000169903	3	149157368	149231181	431	58749	-2.3037	0.98938	11.0	8.0	high_6	high_10
171389	NLRP6	ENSG00000174885	11	243570	295388	229	58749	-2.3443	0.99047	1.0	1.0	low	low
55669	MFN1	ENSG00000171109	3	179030480	179121014	150	58749	-2.3491	0.99059	2.0	2.0	intermediate	intermediate
646799	ZAR1L	ENSG00000189167	13	32867908	32921091	147	58749	-2.3858	0.99148	1.0	1.0	low	low
79603	CERS4	ENSG00000090661	19	8239217	8337305	456	58749	-2.4371	0.9926	3.0	3.0	intermediate	intermediate
51649	MRPS23	ENSG00000181610	17	55906287	55962433	131	58749	-2.4531	0.99292	2.0	2.0	intermediate	intermediate
401024	FSIP2	ENSG00000188738	2	186568355	186708016	297	58749	-2.487	0.99356	5.0	4.0	intermediate	intermediate
79933	SYNPO2L	ENSG00000166317	10	75394639	75450832	45	58749	-2.5824	0.99509	8.0	2.0	high_6	intermediate
93492	TPTE2	ENSG00000132958	13	19987017	20170714	371	58749	-2.6315	0.99575	1.0	1.0	low	low
9423	NTN1	ENSG00000065320	17	8889859	9157317	940	58749	-2.6453	0.99592	3.0	1.0	intermediate	intermediate
8844	KSR1	ENSG00000141068	17	25764036	25960718	415	58749	-2.687	0.99639	1.0	1.0	low	low
54788	DNAJB12	ENSG00000148719	10	74082588	74149907	131	58749	-2.8034	0.99747	2.0	2.0	intermediate	intermediate
1603	DAD1	ENSG00000129562	14	23023807	23093143	316	58749	-2.9146	0.99822	1.0	1.0	low	low
63874	ABHD4	ENSG00000100439	14	23032147	23091265	259	58749	-2.9758	0.99854	4.0	2.0	intermediate	intermediate
