set_id	T2D	CAD	Hypertension	Asthma	Prostate Ca	Atrial Fib	Gout	OA
0	12.266928	5.299313	5.789990	5.986261	6.084396	5.691855	4.514230	6.771344
1	11.538462	5.128205	6.410256	5.029586	5.719921	6.213018	4.437870	7.297830
2	12.648221	5.830040	6.422925	6.324111	6.225296	5.434783	4.545455	5.731225
3	11.634905	5.315948	5.917753	4.714142	5.416249	5.315948	4.112337	6.018054
4	11.320755	6.156902	6.057597	5.858987	5.759682	5.263158	3.773585	7.348560
5	12.807882	5.615764	6.108374	5.221675	6.108374	5.615764	4.236453	6.600985
6	13.022352	5.247813	5.636540	5.150632	5.733722	6.122449	3.692906	7.094266
7	12.861416	5.782652	5.882353	5.084746	5.583250	5.184447	4.685942	6.580259
8	13.168317	5.445545	6.732673	5.148515	6.831683	5.247525	4.158416	6.633663
9	11.359223	5.825243	6.116505	5.533981	6.116505	5.242718	4.368932	7.281553
10	11.454183	5.478088	5.776892	5.478088	6.673307	4.980080	4.880478	6.274900
11	13.476562	5.957031	7.128906	5.761719	5.859375	5.859375	4.003906	5.957031
12	11.911912	5.505506	6.106106	4.404404	6.706707	5.305305	3.603604	6.306306
13	12.292683	5.951220	5.853659	5.268293	5.951220	6.439024	4.097561	6.146341
14	13.352827	5.165692	6.237817	5.750487	5.360624	6.042885	3.606238	6.920078
15	13.365385	5.673077	6.346154	5.096154	6.057692	5.673077	4.423077	6.346154
16	11.902439	5.658537	7.024390	6.146341	6.146341	5.463415	4.097561	5.951220
17	12.685828	5.946482	5.847374	5.847374	6.045590	5.351833	4.459861	5.946482
18	12.487709	5.211406	5.113078	4.916421	7.079646	6.391347	4.719764	7.472960
19	12.242899	5.974535	5.288932	5.778648	6.660137	5.093046	4.309500	6.758080
20	12.142152	5.034551	5.034551	5.231984	6.712734	5.725568	4.244817	6.614018
21	11.111111	6.250000	6.646825	5.654762	5.753968	6.448413	4.464286	6.746032
22	11.077543	5.639476	5.639476	5.035247	6.143001	5.840886	3.927492	6.243706
23	13.214990	5.818540	5.719921	5.029586	6.410256	6.607495	3.944773	5.917160
24	11.632454	5.669599	6.158358	4.203324	6.353861	6.549365	4.887586	7.722385
25	13.399015	5.714286	5.615764	5.517241	6.600985	5.320197	4.236453	5.123153
26	12.327416	5.325444	5.917160	4.536489	6.311637	5.424063	4.536489	6.508876
27	13.214990	6.311637	5.128205	5.424063	5.818540	5.917160	4.437870	6.311637
28	12.366115	5.939630	5.452775	3.700097	7.205453	5.452775	3.797468	6.426485
29	13.813230	5.350195	6.420233	5.155642	6.712062	5.836576	4.669261	5.642023
30	11.964108	5.184447	5.682951	5.782652	5.882353	4.785643	3.988036	6.380857
31	13.150147	5.103042	6.869480	5.789990	6.476938	4.808636	4.219823	6.378803
32	12.524851	5.666004	6.163022	5.168986	5.964215	6.461233	4.870775	5.666004
33	12.536729	5.680705	5.582762	6.758080	7.051910	4.995103	3.819785	6.856024
34	12.573674	5.992141	4.715128	6.188605	6.385069	5.697446	4.027505	5.697446
35	13.712047	6.170421	5.582762	5.386876	5.778648	5.778648	3.721841	6.464251
36	11.895551	5.415861	5.996132	5.125725	6.479691	6.092843	4.061896	6.479691
37	13.073852	6.087824	6.586826	5.489022	5.988024	4.990020	3.992016	6.487026
38	12.636816	5.174129	5.572139	4.079602	7.064677	4.975124	4.079602	6.069652
39	12.199808	5.187320	4.995197	5.955812	6.436119	4.707012	4.226705	6.147935
40	11.549852	6.021718	6.120434	5.231984	5.133268	6.120434	4.442251	6.317868
41	12.774451	5.988024	6.487026	4.790419	6.287425	5.489022	4.790419	6.187625
42	12.609117	5.722599	6.110572	4.655674	6.692532	5.528613	3.491756	6.595538
43	11.988012	5.894106	5.894106	6.293706	6.193806	5.494505	4.595405	6.493506
44	13.700000	5.800000	6.700000	6.400000	6.400000	5.400000	4.600000	6.200000
45	13.134328	5.174129	6.467662	4.577114	5.771144	6.766169	5.174129	6.666667
46	12.660732	5.835806	4.747774	5.242334	5.440158	5.835806	3.857567	7.121662
47	13.142292	5.237154	6.027668	5.533597	5.830040	5.731225	5.039526	6.225296
48	11.618669	5.759682	5.759682	5.561072	6.554121	5.660377	4.270109	7.447865
49	12.487805	6.243902	6.341463	4.487805	5.560976	5.756098	4.878049	6.243902
50	12.043435	5.923001	6.120434	5.133268	6.317868	5.231984	4.540967	6.515301
51	12.759644	6.231454	6.231454	4.549951	6.824926	5.835806	4.253215	5.835806
52	13.542689	5.888126	6.182532	4.906771	5.789990	5.986261	4.612365	7.163886
53	12.732615	5.386876	5.974535	4.603330	7.149853	5.190989	4.897160	6.464251
54	11.935807	6.118355	6.218656	6.318957	5.717151	6.419258	4.413240	5.817452
55	12.463768	5.797101	5.893720	4.637681	5.024155	5.603865	4.444444	7.342995
56	12.340842	4.995103	5.876592	5.386876	6.464251	5.974535	4.897160	6.856024
57	12.142152	6.120434	6.021718	5.528134	6.416584	5.528134	4.935834	6.515301
58	12.085770	6.237817	5.750487	5.068226	6.042885	6.627680	4.385965	6.725146
59	11.969112	5.984556	6.756757	5.984556	6.467181	6.467181	4.343629	6.370656
60	13.645418	5.876494	5.577689	5.776892	6.175299	5.776892	4.780876	6.673307
61	13.201970	5.812808	6.009852	4.334975	7.093596	6.403941	5.024631	6.305419
62	11.133201	4.771372	6.163022	5.069583	6.163022	6.858847	3.876740	6.759443
63	12.810328	5.163853	5.660377	5.163853	5.561072	6.057597	4.270109	7.547170
64	12.560857	6.037001	6.426485	6.329114	5.939630	5.160662	4.186952	6.329114
65	12.884044	6.045590	6.045590	4.459861	5.946482	6.045590	5.252725	6.739346
66	13.715953	5.544747	6.225681	4.863813	6.712062	6.809339	4.863813	7.198444
67	11.930165	4.752667	6.110572	3.976722	6.401552	6.498545	4.170708	7.177498
68	11.730205	5.474096	5.571848	5.278592	6.256109	5.767351	4.496579	6.256109
69	12.797619	6.250000	5.952381	5.059524	6.746032	6.150794	4.761905	5.952381
70	11.746988	5.522088	6.024096	5.622490	5.421687	5.722892	3.815261	5.923695
71	12.316716	6.256109	5.962854	4.887586	5.865103	5.474096	4.496579	7.722385
72	12.830558	5.093046	5.974535	4.799216	6.660137	6.660137	4.211557	6.660137
73	11.177645	5.089820	5.389222	4.491018	6.786427	5.888224	4.391218	6.586826
74	12.609971	5.669599	6.256109	4.594330	5.571848	5.376344	4.105572	6.744868
75	12.909633	5.362463	6.156902	5.362463	6.355511	5.561072	4.071500	6.156902
76	12.979351	5.801377	5.604720	5.113078	7.767945	5.998033	4.818092	6.293019
77	12.524655	6.114398	6.213018	4.536489	6.311637	5.424063	4.930966	6.903353
78	12.214499	5.858987	6.256207	5.163853	5.064548	6.653426	3.674280	6.554121
79	12.906404	5.418719	6.600985	4.433498	6.108374	5.418719	4.236453	6.206897
80	12.438302	5.725568	6.021718	3.849951	5.626851	6.317868	4.639684	7.403751
81	11.694747	5.550050	5.351833	5.649158	5.550050	5.450942	3.766105	5.946482
82	13.260219	6.081755	5.284148	4.885344	5.383848	5.184447	3.988036	6.281157
83	12.810328	5.064548	5.858987	5.163853	7.348560	5.759682	4.667329	6.454816
84	11.442308	5.865385	5.000000	5.769231	6.538462	4.903846	3.942308	6.826923
85	12.426614	5.479452	6.164384	6.066536	5.675147	5.772994	4.598826	6.947162
86	12.874251	5.489022	5.489022	4.790419	5.988024	5.588822	5.289421	7.085828
87	12.135922	5.339806	6.019417	6.310680	6.699029	5.533981	5.242718	7.087379
88	11.707317	5.463415	5.170732	7.024390	5.463415	5.365854	3.512195	5.853659
89	11.588412	5.594406	6.293706	5.494505	6.393606	5.794206	4.495504	6.093906
90	12.315271	5.123153	5.812808	5.517241	5.911330	6.009852	4.827586	6.995074
91	12.197483	4.743466	6.001936	5.324298	6.001936	5.808325	3.969022	6.001936
92	11.923077	5.961538	6.153846	4.807692	6.153846	6.057692	3.846154	5.576923
93	12.235067	5.394990	6.262042	5.298651	6.165703	6.262042	4.238921	6.743738
94	11.816406	5.957031	5.566406	4.882812	5.371094	6.054688	5.273438	6.542969
95	13.064833	5.697446	5.893910	4.715128	6.188605	5.500982	4.322200	7.465619
96	13.875124	5.946482	6.342914	5.847374	5.649158	4.856293	4.459861	5.748266
97	11.683168	5.148515	6.633663	5.049505	5.643564	5.940594	3.960396	7.524752
98	11.752988	5.278884	6.673307	5.677291	6.075697	6.175299	4.083665	6.872510
99	12.759644	6.033630	6.132542	6.330366	6.824926	5.341246	4.747774	6.231454
100	11.701082	5.506391	5.703048	5.309735	5.801377	5.604720	4.326450	6.293019
101	12.674651	6.187625	5.988024	5.089820	5.688623	5.389222	5.289421	6.387226
102	10.703667	5.550050	5.649158	5.550050	5.649158	5.649158	4.757185	6.838454
103	11.345382	5.622490	5.522088	4.518072	6.425703	6.124498	5.220884	7.228916
104	11.277445	5.389222	5.489022	3.792415	5.588822	5.988024	4.890220	6.387226
105	12.818004	5.772994	5.968689	4.990215	5.675147	5.772994	4.207436	6.849315
106	12.250996	5.976096	6.075697	5.478088	6.274900	5.976096	4.183267	6.474104
107	13.077679	5.703048	7.079646	4.719764	7.177974	5.211406	4.719764	6.686332
108	12.827988	5.442177	6.025267	5.928086	5.928086	6.219631	4.567541	6.025267
109	12.250996	5.378486	7.071713	5.876494	6.573705	5.577689	3.784861	6.175299
110	11.500975	5.945419	5.945419	5.653021	5.360624	5.847953	3.411306	6.627680
111	11.653386	4.980080	5.976096	5.776892	6.772908	5.876494	5.179283	6.673307
112	13.861386	5.940594	5.940594	5.445545	6.831683	6.534653	4.851485	6.534653
113	12.966601	5.009823	5.108055	5.206287	5.599214	7.367387	4.027505	7.465619
114	12.351779	5.731225	5.632411	4.940711	6.620553	5.533597	4.545455	6.719368
115	12.573674	5.402750	6.385069	4.322200	6.385069	6.188605	4.125737	6.385069
116	13.155292	5.440158	6.033630	5.341246	6.330366	5.341246	5.044510	6.824926
117	12.180747	5.795678	5.206287	6.090373	5.992141	5.402750	5.009823	7.170923
118	11.122047	5.708661	4.921260	4.429134	6.102362	5.118110	4.330709	6.496063
119	13.837095	6.084396	6.280667	5.593719	6.378803	5.299313	4.317959	6.673209
120	11.459354	5.386876	5.974535	5.190989	6.562194	5.778648	3.917728	7.149853
121	11.632454	5.474096	5.474096	5.180841	6.842620	5.962854	4.594330	5.865103
122	13.672655	5.688623	5.588822	5.489022	4.890220	5.489022	4.690619	6.387226
123	13.676043	6.110572	6.401552	5.431620	5.722599	6.304559	4.170708	6.789525
124	11.564626	5.247813	6.122449	4.859086	5.442177	6.122449	4.373178	6.802721
125	12.759644	5.143422	6.429278	4.945598	6.528190	5.637982	4.451039	6.132542
126	12.289395	6.342914	6.243806	4.955401	6.541130	5.252725	3.865213	6.541130
127	11.846002	6.120434	5.528134	5.725568	6.811451	6.219151	4.047384	5.725568
128	11.176471	5.588235	5.490196	5.294118	6.960784	5.000000	3.921569	6.568627
129	13.267327	5.445545	5.346535	5.247525	6.534653	6.039604	5.346535	5.841584
130	12.252964	5.928854	6.126482	4.743083	5.533597	5.731225	4.545455	6.916996
131	12.610837	5.418719	6.995074	5.320197	7.192118	5.418719	5.418719	6.403941
132	12.931885	5.626851	5.133268	5.626851	6.416584	5.626851	4.442251	5.626851
133	12.291052	4.916421	5.801377	5.408063	5.899705	5.014749	4.326450	5.604720
134	13.256484	5.859750	6.051873	6.340058	6.532181	5.283381	5.283381	6.532181
135	10.852713	5.329457	6.201550	4.554264	5.620155	5.620155	3.779070	6.589147
136	12.403101	4.941860	5.523256	4.748062	4.844961	6.201550	4.554264	6.879845
137	13.047712	5.647517	5.258033	5.160662	5.744888	5.744888	3.894839	7.302824
138	11.867704	5.544747	6.517510	5.642023	7.392996	5.642023	4.280156	6.712062
139	14.469772	6.045590	6.937562	4.658077	6.838454	5.847374	5.153617	7.036670
140	10.891089	5.940594	5.346535	5.841584	6.237624	5.049505	4.257426	7.128713
141	12.957468	6.231454	5.835806	4.648863	6.726014	5.637982	3.560831	6.923838
142	12.789527	5.639476	5.941591	6.344411	6.344411	6.042296	4.330312	6.445116
143	11.454183	5.876494	5.079681	5.378486	8.067729	5.179283	3.884462	6.573705
144	11.695906	5.360624	6.042885	5.847953	6.432749	5.750487	3.801170	6.725146
145	13.008937	5.064548	5.958292	5.660377	6.454816	6.057597	3.674280	7.348560
146	13.547758	6.042885	6.335283	4.678363	6.822612	6.042885	5.458090	6.432749
147	12.378168	6.335283	6.042885	5.068226	6.042885	5.653021	4.385965	6.042885
148	11.488511	6.293706	5.894106	5.894106	6.093906	5.594406	4.395604	6.693307
149	13.236715	5.314010	6.183575	6.376812	6.956522	6.086957	4.734300	6.376812
150	12.795276	6.102362	6.102362	5.610236	5.708661	6.102362	3.543307	6.988189
151	13.082260	5.550050	6.045590	5.153617	5.351833	5.946482	3.567889	5.550050
152	14.161009	5.431620	6.304559	4.752667	8.050436	5.625606	4.655674	6.401552
153	12.087912	5.294705	6.093906	4.695305	7.292707	5.894106	4.795205	6.793207
154	12.235067	6.069364	6.454721	5.009634	5.684008	5.202312	4.913295	6.454721
155	12.303150	5.708661	5.610236	5.314961	6.988189	6.102362	4.527559	6.594488
156	13.480885	6.036217	5.835010	4.828974	5.734406	6.136821	4.627767	6.237425
157	12.365064	5.103042	5.299313	5.986261	5.495584	5.397448	4.612365	6.869480
158	12.574257	5.148515	5.841584	4.752475	7.128713	5.643564	3.861386	6.732673
159	12.363996	6.231454	5.835806	4.154303	5.934718	6.132542	3.560831	6.627102
160	11.625616	5.123153	5.418719	5.320197	6.600985	5.221675	3.645320	6.699507
161	11.614173	6.299213	5.511811	5.511811	6.200787	5.610236	4.035433	6.200787
162	12.047013	6.072478	5.876592	4.603330	6.072478	5.680705	4.211557	5.974535
163	13.452028	5.242334	5.835806	5.143422	7.121662	5.440158	4.055391	6.726014
164	12.342080	5.442177	6.316812	5.928086	6.608358	5.053450	5.344995	6.511176
165	11.706349	5.456349	5.158730	6.349206	6.845238	4.662698	3.968254	5.952381
166	13.220676	6.262425	5.367793	5.069583	6.759443	5.467197	5.367793	6.858847
167	12.003968	5.357143	6.051587	4.563492	6.547619	5.555556	4.761905	7.043651
168	13.372665	6.194690	5.998033	4.818092	5.113078	5.998033	4.326450	5.801377
169	11.937378	5.968689	5.577299	5.088063	6.066536	6.066536	4.500978	5.870841
170	10.767697	5.483549	5.383848	5.583250	5.882353	5.682951	3.888335	6.081755
171	11.572700	6.330366	6.231454	5.440158	6.330366	6.627102	4.945598	6.528190
172	12.000000	5.500000	6.200000	4.900000	6.100000	6.300000	3.800000	7.200000
173	12.304688	5.761719	5.957031	4.785156	6.445312	5.664062	3.906250	6.640625
174	11.451135	5.923001	5.528134	4.935834	6.416584	5.725568	4.540967	6.910168
175	12.820513	5.719921	5.818540	4.437870	6.508876	6.015779	4.536489	7.593688
176	10.742188	5.078125	5.371094	5.957031	4.687500	5.859375	4.394531	7.128906
177	13.636364	5.138340	5.928854	5.731225	7.114625	5.928854	4.446640	6.126482
178	11.788212	5.394605	6.793207	5.594406	5.794206	5.694306	4.395604	5.594406
179	12.085770	5.165692	5.750487	5.555556	5.847953	7.017544	4.678363	5.847953
180	11.925709	5.865103	6.256109	5.083089	6.060606	5.962854	3.616813	7.135875
181	10.642570	6.124498	5.823293	5.020080	6.024096	6.124498	4.518072	7.228916
182	12.106299	5.905512	6.791339	5.511811	6.988189	5.413386	5.314961	6.791339
183	11.456311	5.533981	5.048544	4.757282	6.601942	5.728155	3.689320	6.019417
184	12.759644	5.835806	5.341246	4.945598	5.539070	6.231454	3.758655	6.726014
185	11.941748	6.116505	5.728155	5.631068	6.601942	6.213592	4.466019	6.407767
186	12.082515	5.108055	5.402750	5.108055	6.090373	5.304519	5.009823	6.483301
187	13.186813	5.694306	6.993007	4.995005	5.794206	6.893107	4.595405	6.493506
188	12.171373	5.744888	5.939630	5.160662	6.426485	5.939630	3.700097	7.010711
189	12.207031	5.859375	6.152344	4.980469	6.933594	6.152344	4.296875	6.250000
190	14.524043	5.789990	6.084396	5.593719	6.280667	4.906771	4.317959	6.673209
191	11.571842	5.978785	6.460945	5.110897	5.785921	6.943105	4.243009	7.135969
192	12.574850	6.387226	6.586826	5.588822	7.085828	5.588822	4.590818	5.888224
193	11.753372	5.587669	6.165703	6.358382	5.876686	5.973025	3.853565	6.262042
194	13.077679	6.489676	5.899705	5.014749	6.293019	5.703048	5.801377	7.571288
195	13.082260	6.045590	6.442022	5.450942	6.640238	5.847374	3.468781	6.739346
196	12.144956	6.072478	5.778648	4.603330	7.443683	5.974535	4.113614	6.856024
197	11.400000	4.900000	5.300000	6.200000	5.600000	6.000000	4.400000	7.400000
198	12.757605	5.397448	5.789990	5.004907	5.691855	5.888126	4.317959	6.771344
199	11.879260	5.939630	5.647517	4.381694	6.621227	5.452775	5.160662	6.913340
200	13.223938	5.598456	6.081081	5.984556	6.370656	5.598456	4.440154	6.756757
201	13.211186	5.785921	5.207329	4.821601	5.400193	5.593057	5.496625	5.882353
202	11.846002	5.824284	5.725568	5.034551	6.120434	5.429418	4.244817	5.923001
203	12.403101	6.395349	6.201550	6.104651	7.073643	6.782946	3.682171	6.007752
204	11.553785	5.776892	5.776892	6.274900	5.876494	5.278884	3.884462	5.876494
205	12.085770	5.165692	5.263158	5.847953	6.822612	6.140351	4.191033	6.335283
206	13.069307	6.138614	5.445545	4.752475	7.029703	5.940594	4.851485	7.128713
207	12.647059	5.294118	4.803922	5.980392	6.274510	6.176471	3.823529	6.176471
208	13.077679	5.113078	5.604720	4.916421	7.276303	6.293019	4.326450	6.588004
209	12.366115	5.452775	5.744888	4.965920	6.523856	5.939630	4.771178	6.718598
210	12.881023	5.211406	5.408063	5.604720	5.604720	5.899705	3.933137	7.079646
211	13.082260	6.342914	5.649158	5.550050	6.045590	5.252725	4.658077	6.045590
212	13.069307	5.544554	5.841584	5.940594	6.039604	5.643564	4.653465	6.039604
213	12.637914	5.616851	5.917753	5.015045	5.817452	6.519559	3.911735	6.619860
214	13.052012	5.397448	5.593719	5.495584	6.476938	5.004907	4.808636	5.789990
215	12.795276	4.921260	5.905512	4.527559	7.381890	5.905512	3.740157	7.086614
216	11.549852	5.528134	4.935834	6.317868	6.219151	5.725568	4.540967	6.712734
217	11.952191	5.776892	6.274900	5.079681	5.577689	5.478088	3.784861	6.374502
218	13.313609	5.325444	5.917160	5.325444	6.508876	5.818540	3.747535	5.128205
219	12.195122	5.658537	6.341463	5.268293	6.048780	5.658537	4.585366	6.634146
220	13.437196	6.329114	4.479065	6.134372	7.302824	5.842259	4.771178	6.621227
221	12.304688	5.371094	5.761719	6.250000	5.859375	4.980469	3.515625	6.445312
222	12.830558	6.366308	5.974535	4.603330	4.897160	5.288932	4.603330	6.660137
223	12.609117	5.722599	5.722599	5.431620	7.274491	6.013579	4.461688	5.722599
224	11.741294	5.174129	5.373134	4.875622	6.268657	6.467662	4.776119	5.970149
225	11.776062	6.081081	5.405405	5.019305	6.563707	6.081081	4.054054	7.722008
226	12.770138	6.090373	6.581532	5.402750	6.286837	5.697446	3.339882	6.286837
227	13.407258	5.645161	6.048387	5.544355	6.955645	5.947581	4.737903	5.544355
228	11.718750	6.347656	6.445312	4.785156	6.347656	5.859375	3.710938	6.347656
229	12.121212	5.571848	6.256109	5.474096	5.278592	5.767351	4.594330	6.549365
230	11.890838	5.555556	6.042885	4.580897	6.335283	6.627680	4.873294	6.432749
231	12.077295	6.280193	6.570048	4.830918	7.342995	6.183575	4.734300	6.280193
232	12.574850	5.189621	5.688623	5.888224	5.988024	5.888224	4.590818	6.087824
233	12.199808	5.955812	5.379443	5.379443	5.283381	6.340058	4.418828	6.628242
234	12.003872	5.808325	5.808325	5.324298	7.550823	6.292352	5.324298	6.389158
235	11.689587	5.795678	5.304519	5.795678	4.616896	5.009823	4.027505	6.777996
236	10.925197	5.413386	5.807087	6.200787	5.314961	5.314961	4.921260	6.003937
237	11.846002	5.034551	4.935834	5.626851	5.923001	5.034551	3.158934	6.712734
238	12.524851	5.168986	6.262425	5.666004	7.157058	5.467197	4.771372	5.666004
239	12.757605	5.495584	5.789990	5.201178	5.495584	6.280667	3.925417	6.967615
240	11.614173	5.807087	6.692913	5.118110	5.314961	5.807087	4.921260	6.988189
241	12.135922	5.825243	5.339806	5.048544	5.436893	5.825243	4.854369	6.796117
242	12.610837	6.305419	5.812808	5.123153	5.714286	5.517241	3.743842	6.699507
243	13.547758	5.555556	5.750487	6.140351	5.555556	5.555556	3.898635	6.432749
244	13.564356	6.435644	5.940594	4.653465	6.237624	5.445545	4.752475	7.029703
245	12.475248	5.940594	5.049505	4.950495	6.336634	5.940594	5.148515	5.544554
246	12.351779	5.138340	6.521739	5.335968	5.731225	5.632411	4.249012	6.818182
247	10.797665	5.933852	5.058366	5.447471	6.420233	5.836576	3.891051	7.003891
248	12.512315	5.911330	7.487685	4.729064	5.812808	6.305419	3.743842	6.995074
249	10.766246	5.625606	5.916586	4.752667	6.789525	6.498545	3.685742	6.013579
250	11.462451	5.237154	5.434783	4.150198	7.411067	5.533597	4.249012	5.830040
251	12.287712	5.494505	5.994006	4.295704	6.893107	5.694306	4.395604	6.693307
252	12.366115	5.647517	5.355404	4.284323	5.842259	5.647517	4.089581	6.134372
253	13.188976	5.610236	5.610236	5.216535	6.200787	5.019685	3.937008	6.988189
254	12.935323	5.472637	5.671642	5.373134	7.562189	5.273632	3.781095	5.671642
255	12.242899	5.680705	6.072478	5.484819	6.562194	5.093046	3.623898	6.072478
256	12.906404	6.108374	6.798030	5.418719	6.699507	6.108374	4.137931	6.600985
257	12.610837	6.206897	6.305419	5.418719	6.798030	5.418719	4.433498	6.403941
258	11.937378	6.262231	5.870841	4.794521	6.653620	6.555773	4.598826	6.066536
259	12.475050	5.489022	5.189621	5.688623	6.686627	5.588822	4.491018	6.287425
260	11.197663	5.452775	5.160662	5.258033	6.718598	6.037001	3.602726	6.718598
261	12.800000	5.400000	5.700000	4.400000	6.700000	5.300000	4.500000	5.900000
262	11.611612	5.005005	5.305305	5.305305	6.306306	5.705706	4.504505	6.406406
263	11.089109	5.346535	5.346535	4.851485	7.722772	5.445545	4.158416	7.128713
264	12.019704	5.320197	5.714286	4.729064	6.108374	6.108374	4.236453	5.517241
265	12.221145	5.722599	5.043647	5.237633	6.886518	5.916586	3.491756	6.886518
266	12.138728	5.587669	5.298651	5.876686	4.720617	4.913295	4.046243	5.973025
267	12.772277	6.336634	5.544554	5.247525	7.029703	6.237624	4.851485	5.742574
268	11.602753	6.096362	6.391347	4.621436	5.506391	6.293019	4.719764	6.588004
269	12.079208	5.643564	5.841584	5.643564	6.138614	6.435644	4.158416	5.742574
270	13.583815	5.684008	6.262042	5.105973	6.262042	5.684008	4.816956	7.418112
271	13.116371	5.522682	5.621302	5.226824	6.213018	6.311637	4.240631	6.114398
272	12.313803	5.858987	5.759682	4.468719	6.554121	6.355511	3.872890	6.057597
273	13.013699	6.457926	5.577299	5.381605	6.262231	5.479452	4.305284	7.240705
274	12.027833	5.467197	5.964215	6.361829	4.870775	5.864811	4.870775	7.057654
275	12.286002	5.941591	6.344411	5.035247	6.847936	5.840886	4.733132	5.438066
276	11.100386	5.598456	5.984556	5.212355	7.046332	5.405405	4.150579	7.142857
277	13.392857	6.250000	6.150794	5.753968	6.944444	5.357143	4.365079	6.746032
278	13.339921	6.126482	6.521739	6.126482	5.731225	6.027668	4.743083	6.818182
279	12.035225	6.751468	6.066536	4.794521	5.577299	5.381605	4.109589	6.262231
280	12.235067	5.876686	5.105973	6.069364	6.551060	5.684008	4.238921	6.840077
281	13.552759	6.098742	5.324298	5.517909	6.292352	6.001936	3.775411	6.679574
282	12.624254	5.964215	6.163022	4.771372	5.467197	4.870775	4.671968	6.361829
283	11.372549	5.392157	5.294118	5.294118	8.137255	6.274510	4.607843	6.078431
284	13.640824	5.495584	7.065751	4.612365	6.476938	5.103042	4.612365	7.163886
285	12.187812	5.894106	5.794206	4.795205	6.393606	5.794206	4.795205	6.593407
286	12.303150	5.708661	5.807087	5.314961	6.692913	6.102362	3.937008	6.003937
287	12.338308	6.666667	5.970149	4.776119	6.368159	5.572139	4.278607	5.671642
288	11.881188	5.445545	5.940594	5.445545	6.435644	5.742574	3.564356	7.821782
289	12.413108	5.858987	6.256207	5.660377	7.149950	6.057597	4.965243	6.554121
290	13.457760	5.304519	5.402750	5.108055	6.974460	6.385069	4.715128	6.581532
291	12.837838	5.984556	5.791506	5.888031	6.563707	6.660232	4.922780	6.563707
292	11.822660	4.926108	6.108374	5.320197	6.995074	5.812808	4.827586	5.812808
293	11.033797	5.367793	6.759443	5.168986	6.858847	6.262425	4.572565	5.666004
294	11.359223	5.339806	6.310680	6.019417	5.825243	6.019417	3.883495	6.893204
295	11.844660	5.533981	6.310680	4.854369	6.796117	6.310680	4.077670	6.601942
296	13.497537	5.911330	5.714286	5.123153	5.812808	5.911330	3.940887	6.798030
297	11.980676	5.893720	6.570048	5.217391	6.280193	6.280193	4.154589	6.183575
298	11.434303	5.015045	5.616851	6.118355	6.218656	6.218656	4.212638	5.817452
299	12.524462	5.870841	5.675147	5.968689	5.577299	5.870841	5.381605	7.045010
300	11.984283	5.009823	5.893910	5.599214	6.679764	6.876228	3.929273	7.072692
301	11.428571	5.320197	6.108374	5.123153	5.221675	4.926108	4.630542	6.206897
302	13.000978	5.376344	5.865103	5.767351	5.571848	5.865103	3.616813	6.647116
303	13.346418	5.986261	5.986261	4.808636	7.850834	5.397448	4.023553	6.575074
304	12.156863	5.686275	5.784314	5.000000	5.882353	5.686275	4.313725	6.960784
305	11.701082	5.801377	5.309735	5.703048	6.588004	5.211406	3.539823	5.899705
306	12.874251	5.988024	5.788423	5.189621	5.888224	5.788423	4.391218	6.287425
307	11.660079	6.126482	5.237154	6.126482	5.830040	6.521739	3.754941	6.620553
308	14.145383	5.795678	6.090373	4.616896	6.974460	6.581532	4.715128	6.679764
309	13.201970	5.221675	6.600985	4.236453	6.896552	5.911330	3.842365	6.600985
310	11.187439	6.084396	5.593719	6.575074	5.789990	6.182532	3.434740	5.495584
311	13.247012	5.776892	5.577689	4.880478	6.075697	5.577689	3.984064	7.270916
312	12.660732	6.033630	6.033630	5.440158	6.132542	5.143422	4.747774	7.418398
313	12.079208	5.049505	6.039604	4.653465	5.643564	5.445545	3.861386	7.227723
314	13.132296	6.031128	6.225681	4.961089	6.614786	5.350195	3.891051	6.128405
315	12.685828	4.658077	6.243806	5.351833	7.532210	6.541130	3.964321	6.045590
316	12.043435	5.528134	5.626851	5.626851	5.923001	5.429418	4.343534	5.923001
317	11.944719	5.528134	6.021718	4.738401	5.626851	6.515301	5.330701	6.614018
318	12.757605	5.888126	5.495584	5.201178	5.986261	5.888126	4.023553	5.299313
319	13.281250	6.152344	5.859375	5.273438	5.859375	6.347656	4.785156	6.250000
320	11.746988	4.919679	5.321285	4.919679	7.228916	6.726908	4.919679	6.927711
321	12.562313	5.682951	5.284148	5.583250	5.284148	5.982054	3.888335	5.982054
322	14.161009	5.043647	5.722599	5.528613	6.304559	6.304559	3.976722	6.110572
323	13.326848	5.642023	6.031128	5.739300	6.322957	6.128405	3.793774	7.101167
324	13.353116	6.033630	7.517310	4.945598	6.528190	6.429278	5.242334	7.517310
325	12.256809	6.517510	5.447471	5.836576	7.295720	5.447471	4.474708	5.933852
326	11.944719	5.824284	5.133268	5.034551	8.489635	5.824284	4.244817	6.614018
327	12.439261	6.025267	6.608358	5.733722	6.025267	5.733722	4.373178	6.219631
328	12.085770	6.237817	5.360624	5.165692	6.530214	5.458090	4.580897	6.627680
329	11.542289	6.169154	6.069652	4.676617	6.169154	5.671642	4.179104	6.666667
330	11.928429	6.063618	6.262425	5.964215	5.467197	5.765408	4.671968	7.256461
331	11.916584	5.858987	6.057597	4.865938	7.050645	5.461768	4.170804	6.156902
332	11.175899	5.442177	5.928086	4.859086	6.899903	5.442177	4.664723	6.122449
333	11.944719	5.824284	5.626851	5.133268	6.515301	5.923001	4.343534	5.528134
334	12.835821	4.975124	6.268657	5.074627	7.860697	5.472637	6.069652	7.164179
335	13.307241	5.968689	6.066536	5.283757	7.045010	5.675147	4.207436	7.142857
336	13.090551	6.692913	5.708661	4.429134	5.905512	6.102362	4.822835	6.200787
337	12.830558	5.288932	6.170421	4.603330	6.758080	6.758080	4.603330	6.072478
338	11.884058	5.700483	6.376812	5.797101	5.893720	5.603865	3.478261	5.990338
339	13.379584	5.847374	6.144698	5.153617	5.946482	5.351833	5.153617	5.847374
340	11.254980	5.876494	6.175299	4.780876	5.976096	5.577689	4.681275	6.573705
341	11.752988	5.278884	5.677291	4.681275	7.768924	6.175299	4.183267	6.673307
342	11.701082	6.293019	5.604720	5.211406	6.293019	5.506391	4.916421	7.177974
343	11.968348	5.835806	5.835806	5.044510	8.110781	5.440158	4.154303	6.429278
344	12.350598	5.976096	6.573705	4.581673	5.577689	6.175299	4.382470	6.175299
345	12.039801	5.472637	5.671642	6.467662	5.671642	6.268657	4.179104	6.666667
346	12.200000	5.600000	7.000000	5.200000	6.600000	6.300000	4.100000	6.400000
347	12.790698	5.813953	5.813953	4.651163	6.395349	6.007752	3.972868	7.945736
348	13.160518	5.483549	5.383848	5.383848	5.782652	5.583250	4.685942	5.982054
349	11.453321	5.389798	5.967276	5.101059	5.871030	5.678537	3.753609	6.737247
350	14.565005	6.256109	6.158358	4.301075	6.158358	5.865103	4.789834	7.233627
351	11.231527	5.812808	5.320197	5.615764	5.812808	5.320197	3.940887	7.389163
352	13.806706	5.818540	7.100592	5.128205	6.508876	6.410256	4.043393	6.903353
353	12.635735	5.824284	6.219151	5.824284	6.712734	5.429418	4.738401	5.725568
354	11.304348	5.700483	5.700483	4.637681	6.666667	5.217391	4.927536	6.473430
355	11.661808	6.413994	5.150632	4.956268	6.511176	6.025267	4.664723	5.928086
356	12.195122	6.146341	5.951220	4.878049	6.829268	6.634146	4.195122	6.439024
357	13.489736	4.789834	5.767351	6.256109	5.474096	5.571848	3.812317	6.451613
358	13.294233	5.474096	6.158358	5.571848	7.038123	6.353861	5.376344	6.647116
359	13.026445	5.876592	5.876592	5.778648	6.758080	6.660137	5.190989	7.345739
360	11.648569	5.923001	6.317868	4.540967	5.330701	5.824284	4.146101	6.910168
361	13.091641	5.639476	6.143001	5.337362	6.143001	6.042296	4.229607	6.646526
362	12.759644	4.945598	5.835806	6.033630	6.627102	4.846686	3.857567	6.033630
363	12.584705	5.421104	6.098742	5.227493	6.195547	5.614714	3.581801	6.969990
364	11.500000	5.100000	5.600000	4.800000	6.400000	6.200000	4.300000	6.100000
365	12.548263	5.984556	5.694981	5.212355	6.467181	6.467181	4.054054	6.660232
366	13.239719	5.015045	6.720160	5.115346	6.318957	6.318957	4.413240	5.917753
367	12.500000	6.003937	6.791339	4.724409	6.299213	6.299213	4.133858	6.889764
368	14.343029	5.516550	6.018054	6.018054	5.717151	6.218656	4.413240	6.118355
369	11.852590	5.876494	5.776892	5.278884	6.772908	5.577689	4.083665	5.776892
370	13.725490	5.196078	5.588235	5.588235	6.862745	5.196078	3.921569	6.176471
371	13.081395	5.038760	6.007752	5.135659	6.492248	6.201550	3.972868	6.589147
372	12.426036	5.424063	5.621302	5.226824	6.607495	5.917160	4.240631	7.790927
373	13.564356	4.752475	6.138614	4.257426	7.029703	5.742574	4.257426	7.029703
374	11.422846	5.911824	5.911824	4.709419	6.312625	5.911824	4.208417	6.713427
375	12.657005	5.507246	5.217391	5.024155	6.086957	6.086957	4.927536	6.376812
376	13.756098	5.268293	6.048780	5.560976	6.731707	6.243902	4.975610	6.048780
377	11.916584	5.759682	5.461768	5.362463	5.263158	5.263158	5.064548	5.858987
378	13.124388	6.072478	6.562194	4.505387	5.778648	6.660137	4.799216	6.758080
379	12.636816	5.771144	5.671642	5.373134	5.174129	5.273632	4.776119	7.064677
380	11.712598	5.216535	6.003937	4.822835	6.496063	5.708661	4.822835	6.692913
381	11.821705	6.104651	6.395349	5.329457	6.589147	5.620155	4.166667	6.782946
382	11.890838	5.945419	6.042885	5.068226	5.165692	6.335283	3.606238	6.530214
383	13.482056	5.334627	5.722599	5.819593	6.401552	5.819593	4.558681	6.498545
384	11.781889	4.868549	5.452775	6.426485	6.134372	5.647517	4.381694	6.426485
385	12.896825	4.960317	6.250000	4.861111	7.043651	6.547619	4.662698	7.440476
386	12.195122	5.560976	5.463415	5.170732	6.146341	5.268293	4.585366	6.439024
387	12.988281	6.347656	5.371094	5.273438	6.542969	6.054688	4.296875	7.031250
388	12.097561	5.170732	6.926829	5.658537	7.024390	6.341463	3.707317	5.951220
389	12.560857	6.134372	5.258033	5.452775	6.231743	5.647517	3.894839	6.815969
390	13.399015	6.009852	5.714286	4.630542	6.699507	5.911330	4.137931	6.403941
391	12.992126	5.905512	5.708661	5.511811	7.185039	5.118110	3.937008	6.889764
392	14.188533	5.830904	5.442177	5.928086	6.219631	5.733722	4.373178	6.899903
393	12.425447	6.361829	5.864811	5.964215	6.560636	5.864811	3.280318	5.367793
394	10.958904	4.794521	6.066536	5.185910	6.653620	5.577299	4.305284	6.457926
395	11.493124	5.402750	5.697446	4.223969	7.465619	6.090373	4.420432	6.188605
396	15.315315	6.306306	6.406406	4.604605	5.205205	5.805806	4.904905	6.206206
397	11.839530	4.892368	5.772994	5.088063	6.164384	5.675147	4.892368	6.849315
398	12.695312	5.761719	6.250000	5.761719	6.250000	5.078125	4.492188	5.859375
399	11.661808	5.928086	6.413994	5.442177	6.025267	4.470360	3.692906	6.025267
400	13.060429	5.165692	5.945419	5.555556	7.017544	5.653021	4.970760	6.140351
401	12.657005	6.086957	6.570048	4.927536	5.700483	5.603865	3.961353	6.763285
402	12.187812	5.994006	4.995005	5.494505	6.293706	5.894106	4.195804	6.693307
403	11.833172	6.207565	6.983511	5.916586	6.692532	5.722599	4.849661	5.916586
404	11.817279	5.660377	5.362463	6.256207	6.653426	5.461768	4.568024	5.958292
405	10.557185	5.669599	5.669599	6.647116	6.158358	5.180841	3.910068	6.549365
406	12.082515	6.385069	6.188605	5.795678	6.385069	5.009823	4.420432	5.697446
407	12.648221	5.533597	5.731225	5.039526	6.027668	6.126482	4.446640	7.411067
408	13.090551	5.118110	6.299213	4.724409	5.019685	5.610236	4.921260	6.889764
409	13.165537	6.195547	5.614714	4.937076	6.679574	5.421104	3.969022	6.873185
410	12.390244	6.536585	5.853659	5.170732	8.195122	6.048780	4.780488	6.731707
411	13.446215	4.681275	5.976096	5.179283	7.270916	5.677291	4.382470	5.876494
412	13.448607	6.532181	6.147935	4.899135	5.667627	6.340058	4.899135	6.628242
413	12.585366	5.365854	5.756098	5.268293	5.463415	5.853659	3.219512	6.731707
414	11.900000	5.200000	5.300000	4.600000	6.800000	4.800000	4.300000	5.600000
415	12.340842	5.876592	6.072478	4.701273	7.345739	5.484819	4.603330	6.268364
416	11.944719	5.725568	6.021718	5.330701	7.107601	5.528134	4.047384	6.317868
417	11.388611	5.594406	6.093906	4.395604	6.693307	5.594406	4.195804	5.894106
418	13.880743	5.962854	5.669599	5.474096	5.865103	6.744868	4.007820	6.647116
419	11.822660	5.615764	5.812808	5.714286	6.798030	5.911330	5.320197	5.812808
420	12.226640	6.163022	5.765408	4.473161	6.361829	5.069583	4.274354	6.958250
421	12.463486	5.744888	5.258033	4.284323	7.010711	6.134372	4.284323	6.718598
422	14.060964	6.096362	6.096362	5.014749	5.506391	5.113078	5.801377	5.604720
423	12.351779	6.126482	5.731225	3.952569	6.620553	6.027668	5.039526	6.620553
424	11.918605	5.038760	5.523256	6.104651	6.104651	6.201550	4.457364	6.007752
425	13.140097	5.797101	6.086957	5.700483	5.603865	6.473430	3.768116	6.763285
426	11.243781	5.174129	5.174129	6.069652	5.870647	5.870647	4.676617	7.064677
427	12.280702	5.847953	6.335283	5.847953	6.627680	5.555556	4.093567	6.725146
428	12.561335	6.476938	5.593719	5.299313	6.084396	5.789990	3.925417	7.360157
429	13.223938	5.694981	5.791506	6.467181	6.949807	6.274131	4.343629	6.563707
430	10.402355	5.888126	5.397448	5.691855	5.397448	5.397448	3.336605	6.575074
431	11.507937	5.555556	5.555556	5.158730	5.952381	5.555556	4.265873	5.952381
432	12.997090	5.334627	6.498545	5.043647	5.528613	5.916586	4.655674	6.692532
433	12.597656	5.957031	5.371094	5.957031	7.324219	5.957031	4.101562	7.128906
434	11.434109	4.748062	5.717054	6.104651	6.589147	5.620155	4.069767	5.620155
435	11.968348	6.726014	6.231454	4.945598	5.736894	6.231454	4.352127	6.330366
436	12.684366	5.309735	5.998033	5.408063	6.686332	5.211406	3.933137	7.276303
437	12.039801	5.870647	5.472637	6.169154	6.169154	5.074627	4.378109	6.567164
438	12.996032	6.051587	5.753968	5.853175	6.150794	6.746032	4.761905	5.158730
439	11.591356	5.500982	5.500982	6.385069	6.876228	5.009823	5.304519	6.188605
440	12.524085	5.491329	5.876686	5.876686	6.262042	6.069364	4.335260	6.551060
441	11.741683	5.479452	5.479452	4.696673	6.066536	6.360078	4.109589	7.142857
442	12.537019	5.626851	5.725568	5.824284	6.712734	5.429418	3.652517	6.317868
443	11.770524	6.330366	6.429278	4.747774	5.934718	6.330366	3.857567	6.528190
444	11.881188	5.841584	6.930693	5.346535	5.346535	5.940594	4.257426	6.138614
445	13.008937	5.461768	5.561072	5.958292	6.156902	6.653426	3.972195	6.256207
446	11.420060	5.561072	4.766634	5.163853	5.461768	5.660377	3.773585	6.256207
447	13.649564	5.711520	6.582769	5.324298	6.195547	6.485963	4.162633	6.582769
448	11.897738	6.391347	6.096362	5.113078	6.588004	5.408063	3.933137	6.489676
449	14.174757	5.922330	6.310680	5.922330	6.019417	6.116505	3.883495	6.990291
450	12.413108	5.958292	6.951341	4.369414	6.156902	6.355511	4.766634	7.050645
451	11.221450	5.759682	5.858987	5.064548	6.256207	5.362463	4.468719	5.461768
452	12.693798	5.813953	5.717054	4.844961	6.395349	5.135659	5.038760	6.007752
453	12.622309	6.360078	5.479452	5.577299	7.240705	4.990215	3.228963	6.555773
454	13.132296	5.350195	6.031128	4.571984	6.614786	6.420233	4.182879	5.933852
455	12.142152	6.120434	6.712734	5.034551	6.416584	5.725568	4.738401	6.219151
456	12.300000	5.200000	5.700000	5.000000	4.900000	6.400000	4.800000	6.100000
457	12.414467	5.376344	5.474096	5.083089	5.180841	5.767351	4.301075	6.158358
458	12.807882	6.108374	5.812808	6.305419	5.714286	5.221675	4.236453	7.684729
459	12.903226	5.767351	5.571848	4.496579	5.669599	5.083089	3.910068	7.722385
460	11.817279	5.163853	5.064548	6.057597	7.249255	5.660377	4.965243	6.156902
461	11.295034	6.621227	5.842259	4.965920	6.621227	5.842259	3.992210	6.621227
462	12.512124	5.528613	6.207565	4.655674	6.207565	4.655674	3.879728	6.110572
463	12.718447	5.242718	5.631068	4.660194	6.990291	5.436893	3.883495	6.116505
464	12.598425	6.299213	5.708661	5.511811	5.807087	5.708661	4.724409	5.905512
465	12.984496	6.007752	6.104651	4.651163	6.492248	5.038760	4.651163	6.298450
466	13.134328	5.771144	5.671642	5.472637	6.965174	6.169154	3.781095	6.467662
467	11.470588	5.588235	5.784314	5.686275	6.862745	5.784314	3.921569	6.372549
468	13.147410	5.776892	6.175299	4.282869	4.681275	5.378486	4.382470	6.474104
469	12.168793	5.004907	6.378803	5.986261	6.280667	6.673209	4.023553	7.654563
470	11.846002	5.330701	5.429418	5.429418	6.219151	5.133268	3.751234	5.626851
471	12.226640	5.566600	6.461233	5.268390	4.771372	5.666004	4.373757	8.051690
472	12.450980	5.882353	5.392157	6.078431	5.882353	5.392157	4.313725	6.176471
473	11.420060	5.858987	5.660377	4.865938	6.057597	5.858987	3.773585	7.547170
474	11.932939	5.621302	6.114398	5.719921	6.607495	5.917160	3.846154	6.706114
475	12.291052	6.194690	5.703048	4.818092	5.998033	6.489676	4.916421	6.096362
476	12.561820	6.132542	6.231454	4.945598	5.539070	5.044510	4.451039	6.330366
477	11.758893	5.533597	5.731225	5.731225	5.335968	5.237154	4.249012	7.312253
478	12.549801	5.478088	6.075697	5.179283	6.772908	5.976096	4.282869	5.478088
479	12.673267	6.039604	5.643564	5.346535	6.336634	6.138614	4.554455	6.930693
480	12.673267	6.336634	6.138614	6.138614	6.237624	6.336634	3.861386	6.435644
481	13.817097	5.666004	6.262425	5.566600	6.163022	6.361829	4.174950	6.262425
482	13.333333	5.196078	5.882353	5.098039	7.156863	5.588235	4.019608	6.960784
483	11.531008	5.232558	5.717054	5.620155	6.298450	6.589147	4.166667	6.201550
484	12.720157	5.675147	5.870841	5.577299	5.772994	5.772994	3.816047	6.262231
485	11.916584	5.461768	6.057597	5.759682	5.660377	6.256207	3.773585	6.554121
486	12.632594	5.593057	5.110897	4.532305	6.557377	5.110897	3.471553	6.943105
487	11.930165	5.334627	6.207565	4.752667	6.013579	5.819593	4.170708	6.692532
488	11.368015	5.684008	6.840077	5.973025	6.262042	5.973025	3.949904	6.551060
489	13.085938	6.152344	5.859375	5.273438	6.347656	5.957031	4.003906	6.640625
490	12.166172	5.341246	5.341246	5.242334	5.736894	5.637982	3.956479	6.528190
491	13.727455	5.511022	5.711423	4.909820	6.913828	6.312625	4.108216	6.412826
492	13.134328	5.373134	6.169154	5.174129	5.572139	6.268657	3.880597	5.671642
493	12.263210	5.682951	6.081755	4.187438	6.779661	5.682951	4.685942	6.779661
494	12.548638	5.544747	5.642023	5.642023	6.225681	5.447471	5.058366	6.614786
495	12.000000	5.400000	5.600000	6.100000	7.200000	6.300000	4.700000	6.700000
496	12.855741	5.888126	6.280667	4.906771	6.575074	5.986261	4.514230	6.476938
497	12.326044	4.970179	5.367793	4.671968	6.262425	5.666004	4.174950	7.355865
498	12.388503	5.550050	5.450942	4.955401	6.838454	5.351833	4.261645	6.144698
499	11.598441	5.263158	6.042885	4.970760	7.212476	5.847953	4.191033	6.627680
500	13.108242	5.362463	6.156902	5.064548	6.554121	5.958292	4.667329	5.759682
501	12.425447	5.964215	5.268390	4.870775	5.467197	5.367793	4.473161	5.964215
502	13.702624	5.539359	5.830904	4.761905	6.608358	6.413994	4.761905	7.677357
503	11.897738	5.703048	6.293019	5.113078	5.703048	6.391347	4.523107	6.981318
504	12.339585	6.515301	4.738401	5.923001	7.008885	5.725568	5.034551	6.021718
505	12.197581	5.645161	5.040323	4.637097	5.846774	6.552419	3.931452	5.241935
506	12.351779	5.632411	6.818182	6.027668	5.533597	5.928854	4.249012	6.818182
507	11.657033	5.394990	6.165703	5.973025	6.551060	5.780347	4.335260	6.551060
508	12.957468	5.736894	5.736894	6.528190	5.934718	5.440158	3.857567	6.923838
509	12.865497	5.263158	5.847953	5.847953	6.432749	5.458090	4.678363	7.017544
510	11.907164	6.155399	6.155399	4.742684	6.054490	5.045409	4.137235	5.247225
511	12.780488	6.439024	6.243902	5.073171	5.560976	5.365854	4.390244	6.536585
512	11.793372	6.335283	5.945419	5.068226	6.237817	6.042885	3.313840	6.822612
513	11.591356	5.697446	5.795678	5.500982	6.679764	5.402750	4.223969	5.893910
514	12.023460	6.353861	5.865103	5.083089	7.038123	5.865103	4.398827	7.526882
515	12.270531	5.797101	6.086957	5.507246	5.314010	6.666667	5.024155	6.763285
516	11.445199	5.819593	6.401552	5.140640	6.304559	5.722599	3.685742	6.886518
517	11.992071	5.450942	5.450942	5.946482	5.847374	5.847374	3.865213	6.342914
518	12.342080	5.928086	5.636540	6.025267	6.025267	5.636540	3.692906	6.413994
519	10.932798	6.218656	6.318957	4.814443	5.717151	6.318957	4.312939	5.817452
520	10.589411	5.494505	5.894106	5.194805	6.193806	6.093906	4.395604	7.592408
521	12.524272	5.728155	5.825243	6.310680	6.310680	5.728155	4.563107	6.990291
522	11.793372	5.458090	6.140351	4.970760	6.140351	5.750487	4.775828	6.140351
523	13.043478	5.830040	6.620553	6.225296	5.830040	6.027668	3.754941	6.818182
524	12.190287	5.252725	5.450942	5.252725	6.937562	7.234886	4.360753	7.532210
525	11.834320	6.903353	5.621302	5.522682	4.930966	5.818540	4.339250	6.706114
526	12.270531	6.086957	6.763285	5.990338	5.410628	5.410628	4.347826	5.700483
527	12.039801	5.074627	5.970149	5.174129	6.567164	5.671642	3.980100	6.169154
528	12.621359	6.310680	5.728155	4.951456	5.728155	4.854369	3.689320	7.669903
529	13.307241	6.262231	6.164384	5.772994	6.066536	6.653620	4.696673	6.653620
530	13.560976	5.756098	7.121951	5.658537	5.756098	6.243902	4.878049	6.926829
531	11.811024	5.905512	6.397638	5.118110	8.562992	6.299213	4.429134	6.791339
532	13.150147	5.201178	5.593719	5.299313	5.888126	6.575074	5.397448	6.378803
533	11.133005	5.024631	5.714286	4.926108	6.009852	6.600985	5.123153	6.108374
534	12.776660	5.130785	6.338028	4.124748	5.835010	7.142857	4.225352	7.545272
535	13.313313	5.305305	5.305305	5.805806	5.805806	6.106106	4.104104	6.406406
536	13.090551	5.413386	5.905512	4.625984	6.692913	6.003937	4.330709	6.003937
537	11.717974	6.554121	6.156902	6.454816	6.256207	5.660377	4.468719	6.852036
538	12.352941	5.490196	6.470588	5.392157	6.470588	5.980392	3.823529	7.254902
539	13.385827	5.610236	5.413386	5.019685	6.889764	5.708661	3.248031	6.496063
540	11.800000	5.600000	5.600000	5.900000	6.600000	5.400000	3.900000	6.600000
541	11.776251	5.103042	6.084396	4.808636	6.084396	6.575074	4.023553	6.378803
542	12.352941	5.784314	4.901961	5.784314	6.764706	5.392157	4.411765	6.568627
543	12.289395	6.342914	5.847374	4.558969	6.937562	6.045590	3.865213	5.847374
544	12.301587	6.051587	5.654762	5.059524	5.952381	5.158730	4.166667	7.142857
545	11.154599	5.675147	5.479452	4.696673	5.870841	6.164384	4.892368	6.457926
546	12.242899	6.170421	6.758080	4.897160	5.876592	7.149853	4.407444	7.051910
547	12.415784	5.678537	5.004812	5.389798	5.774783	5.101059	4.523580	5.678537
548	11.833172	6.013579	6.789525	5.043647	7.177498	5.431620	4.073715	6.013579
549	11.451135	5.725568	6.811451	5.034551	7.206318	6.416584	4.442251	6.120434
550	12.512315	5.911330	5.123153	4.926108	7.093596	5.418719	4.532020	6.108374
551	12.475248	6.435644	6.039604	6.138614	6.732673	6.039604	4.356436	6.039604
552	11.372549	5.686275	5.392157	4.803922	5.098039	6.568627	4.509804	7.549020
553	12.586720	5.252725	5.153617	4.757185	5.351833	6.342914	3.865213	6.739346
554	12.216749	5.615764	6.206897	5.024631	7.389163	6.108374	4.532020	5.911330
555	12.097561	4.975610	5.463415	5.365854	6.829268	5.463415	4.487805	6.731707
556	12.003968	4.761905	6.250000	5.456349	7.638889	6.845238	4.265873	6.051587
557	12.426614	5.772994	5.772994	4.598826	5.577299	5.772994	4.305284	6.751468
558	12.063809	5.982054	5.982054	6.281157	5.583250	6.181456	3.489531	6.380857
559	12.450593	5.632411	6.719368	5.335968	6.719368	7.608696	4.545455	5.731225
560	12.438786	5.484819	5.876592	6.170421	6.268364	5.582762	4.407444	5.582762
561	12.487805	5.756098	6.243902	5.658537	5.951220	6.146341	3.804878	6.536585
562	11.653386	5.378486	6.075697	4.780876	6.175299	5.776892	4.880478	6.274900
563	14.187192	5.714286	6.009852	5.320197	5.911330	5.714286	4.532020	6.798030
564	11.208577	5.165692	5.750487	5.360624	6.432749	5.750487	3.508772	5.847953
565	11.630219	5.367793	6.163022	5.467197	6.262425	5.168986	4.671968	6.163022
566	12.840467	5.933852	6.517510	5.350195	5.447471	6.128405	3.696498	7.003891
567	14.172448	5.450942	5.946482	5.153617	7.036670	6.045590	5.351833	6.838454
568	12.178218	5.346535	5.049505	5.049505	5.742574	5.049505	4.158416	6.534653
569	13.121272	5.467197	5.864811	5.765408	7.654076	5.666004	3.876740	6.858847
570	14.047151	6.483301	6.188605	5.893910	6.090373	5.992141	4.223969	6.581532
571	11.886051	5.599214	5.206287	5.599214	5.992141	5.206287	3.929273	6.385069
572	11.600000	6.900000	6.200000	5.700000	5.900000	5.700000	4.900000	6.300000
573	12.087912	5.494505	6.093906	5.594406	6.693307	6.493506	3.596404	5.694306
574	12.326044	5.666004	5.467197	6.063618	5.765408	6.560636	3.379722	6.262425
575	12.549801	5.876494	5.876494	5.378486	6.075697	5.776892	4.482072	6.274900
576	11.902439	5.951220	5.560976	5.658537	6.439024	5.463415	4.585366	7.121951
577	11.473788	6.330366	4.648863	6.330366	6.033630	7.022750	4.648863	5.242334
578	11.621094	5.175781	6.347656	5.957031	7.519531	5.859375	4.101562	7.226562
579	12.792969	5.761719	5.468750	4.980469	6.152344	6.738281	4.199219	6.835938
580	11.557789	6.231156	6.331658	5.226131	7.035176	5.527638	5.125628	7.035176
581	12.337011	6.118355	5.015045	5.516550	5.817452	6.118355	3.911735	5.115346
582	11.996067	5.309735	5.408063	6.194690	5.998033	6.194690	4.424779	7.079646
583	12.637914	5.215647	6.318957	5.416249	6.419258	4.714142	4.112337	6.619860
584	12.133072	6.360078	5.479452	5.381605	6.262231	6.262231	3.913894	6.653620
585	12.536729	5.974535	6.758080	4.407444	7.051910	5.974535	5.093046	7.051910
586	12.144956	4.995103	6.170421	5.876592	6.660137	6.464251	4.211557	6.856024
587	13.320463	5.405405	6.081081	4.826255	7.818533	5.888031	4.343629	6.660232
588	13.631938	5.744888	5.452775	5.258033	7.205453	5.452775	4.868549	6.231743
589	12.671906	5.893910	6.581532	4.813360	5.992141	5.795678	4.518664	6.974460
590	11.655240	5.288932	5.582762	4.701273	5.386876	5.582762	4.309500	7.247796
591	12.671906	6.483301	6.385069	5.108055	7.170923	5.009823	4.616896	6.090373
592	13.622902	5.923001	6.910168	4.343534	5.824284	5.725568	4.244817	7.107601
593	11.473788	5.440158	6.033630	5.341246	5.242334	5.440158	4.648863	6.528190
594	12.906404	6.108374	4.926108	5.517241	6.009852	5.024631	3.546798	7.290640
595	11.747285	4.935834	5.429418	5.626851	6.712734	5.824284	5.231984	6.515301
596	12.987013	5.494505	5.994006	6.293706	6.393606	5.694306	4.095904	6.093906
597	12.307692	5.384615	5.480769	5.288462	5.865385	5.384615	3.750000	6.923077
598	12.413108	6.852036	5.858987	4.766634	6.256207	5.064548	4.071500	7.050645
599	13.207547	5.163853	5.561072	4.965243	7.249255	5.064548	3.872890	6.454816
600	11.623246	5.310621	6.112224	5.110220	7.114228	5.110220	4.008016	6.613226
601	12.487899	5.614714	6.098742	4.840271	5.227493	5.033882	4.065828	5.614714
602	12.475634	5.653021	6.432749	5.847953	5.945419	5.068226	4.873294	6.237817
603	11.661808	5.053450	5.636540	4.567541	6.025267	6.511176	4.664723	7.774538
604	11.770524	5.637982	5.440158	4.253215	6.923838	5.736894	4.253215	6.033630
605	13.820336	6.317868	5.824284	5.528134	5.231984	5.528134	4.442251	7.206318
606	11.655240	4.799216	6.268364	5.582762	6.366308	5.680705	4.505387	7.541626
607	12.462312	5.125628	5.829146	4.422111	6.331658	6.231156	4.221106	6.331658
608	11.572700	5.440158	5.440158	7.022750	5.835806	5.440158	3.659743	6.528190
609	10.749507	5.128205	5.917160	6.311637	5.818540	4.635108	3.747535	6.607495
610	11.706349	5.257937	5.753968	5.357143	6.646825	6.349206	3.472222	6.646825
611	12.038835	5.436893	6.504854	4.757282	8.058252	5.825243	4.174757	6.019417
612	12.450199	5.577689	6.175299	4.980080	5.677291	5.677291	5.079681	6.772908
613	12.426036	5.424063	5.621302	4.733728	7.100592	6.213018	4.832347	6.903353
614	12.800000	5.200000	5.700000	4.900000	5.500000	5.600000	4.000000	5.600000
615	11.451135	6.219151	5.528134	5.824284	6.120434	5.626851	4.639684	6.219151
616	11.595639	5.550050	5.649158	5.351833	6.937562	5.649158	4.261645	6.442022
617	11.462451	5.632411	5.335968	6.126482	7.608696	5.039526	4.249012	6.225296
618	12.019704	5.418719	5.024631	5.615764	6.009852	6.009852	5.221675	5.812808
619	12.386707	5.538771	6.143001	5.438066	5.538771	6.847936	4.229607	6.445116
620	11.641791	5.174129	6.069652	5.771144	5.373134	5.273632	4.079602	6.766169
621	12.953876	5.888126	6.084396	5.103042	6.575074	5.103042	4.416094	6.673209
622	12.759644	5.637982	5.835806	5.736894	7.121662	5.835806	4.154303	6.330366
623	11.111111	6.391347	5.506391	5.211406	7.079646	5.703048	3.048181	6.096362
624	13.091641	5.740181	5.438066	4.733132	6.847936	5.840886	4.733132	6.143001
625	12.500000	5.813953	6.298450	4.651163	5.232558	5.135659	3.779070	6.395349
626	11.746988	5.421687	5.823293	4.919679	7.128514	6.124498	4.919679	6.526104
627	13.214990	6.015779	5.522682	5.128205	6.706114	5.621302	4.733728	7.396450
628	12.100000	5.100000	5.900000	5.400000	6.300000	6.200000	4.800000	6.700000
629	11.557789	5.326633	5.929648	5.125628	6.130653	5.527638	4.723618	6.030151
630	12.366115	5.842259	5.160662	5.258033	6.913340	5.647517	4.089581	6.523856
631	11.296660	5.402750	5.599214	4.911591	5.599214	5.206287	4.813360	6.090373
632	12.256809	5.739300	6.322957	5.058366	5.642023	5.252918	4.182879	6.712062
633	13.875124	6.442022	6.838454	5.550050	6.342914	6.144698	4.360753	6.144698
634	12.278978	5.893910	6.286837	5.992141	7.072692	5.108055	3.929273	6.385069
635	13.129319	5.528134	5.626851	5.626851	5.528134	5.231984	4.047384	7.305035
636	13.463415	5.853659	5.853659	4.390244	6.341463	5.756098	4.000000	6.341463
637	12.500000	5.511811	5.314961	5.118110	5.413386	5.511811	4.232283	6.397638
638	13.916501	4.870775	5.467197	5.765408	4.771372	4.970179	4.274354	6.858847
639	13.073852	5.688623	5.389222	4.191617	5.389222	5.489022	4.491018	6.387226
640	10.696762	4.906771	5.495584	5.593719	6.378803	5.691855	4.612365	7.262022
641	11.941748	6.213592	5.145631	4.757282	5.922330	5.436893	4.951456	7.087379
642	13.176008	6.391347	5.801377	5.703048	6.489676	5.703048	3.638151	5.801377
643	13.690476	5.357143	5.753968	4.960317	5.853175	5.753968	4.861111	7.341270
644	12.292683	5.463415	5.658537	4.682927	5.756098	5.463415	5.073171	7.219512
645	11.534702	5.669599	6.158358	4.496579	6.158358	5.083089	4.105572	6.158358
646	14.132554	6.237817	5.263158	5.263158	5.653021	6.530214	4.191033	7.992203
647	12.265084	5.539070	5.736894	4.451039	5.736894	5.736894	4.253215	5.835806
648	12.388503	6.243806	6.442022	5.351833	5.450942	6.144698	4.558969	6.640238
649	12.185687	5.512573	6.673114	5.899420	4.835590	5.512573	4.835590	6.576402
650	11.827957	5.962854	5.180841	5.376344	6.549365	6.353861	3.910068	6.940371
651	13.021869	5.168986	5.765408	4.970179	5.864811	5.666004	4.671968	7.256461
652	12.707722	5.962854	5.180841	4.789834	6.744868	6.158358	3.910068	7.233627
653	11.220472	5.511811	5.708661	4.429134	6.692913	7.086614	5.511811	6.791339
654	12.180747	5.697446	6.876228	5.795678	6.876228	5.009823	4.813360	7.072692
655	12.168793	5.593719	6.476938	5.495584	5.986261	5.888126	4.317959	6.182532
656	11.900000	4.900000	5.900000	5.700000	6.200000	6.300000	3.100000	6.600000
657	11.992071	5.252725	5.946482	5.649158	6.442022	5.847374	3.766105	5.847374
658	11.764706	6.274510	6.372549	4.411765	8.235294	5.784314	4.019608	6.176471
659	11.758893	4.841897	5.237154	4.841897	6.719368	5.237154	4.644269	7.114625
660	11.976631	5.550146	6.523856	4.576436	5.452775	5.355404	4.284323	7.010711
661	13.470993	5.998033	5.998033	4.621436	6.096362	5.506391	3.834808	6.391347
662	10.884354	5.539359	6.413994	4.956268	6.025267	5.539359	4.081633	6.511176
663	12.303150	5.610236	5.807087	5.118110	6.496063	5.610236	3.740157	6.692913
664	12.825458	5.978785	6.364513	4.821601	6.460945	5.785921	4.339441	7.039537
665	13.913043	5.410628	5.700483	6.183575	6.859903	5.217391	4.057971	5.990338
666	10.348259	5.572139	6.169154	4.875622	6.766169	5.870647	4.278607	7.960199
667	12.087912	5.894106	6.093906	5.194805	5.094905	6.193806	3.896104	7.392607
668	13.645224	5.750487	6.140351	4.775828	5.653021	5.555556	4.873294	6.432749
669	11.700000	5.100000	6.100000	6.000000	6.500000	6.000000	4.700000	6.500000
670	12.462908	4.747774	5.440158	4.352127	6.429278	6.231454	4.253215	6.726014
671	12.256809	5.933852	6.225681	5.836576	5.544747	4.961089	4.571984	6.128405
672	12.549801	6.573705	6.573705	5.577689	6.374502	5.876494	4.980080	6.374502
673	12.573099	5.750487	6.140351	5.068226	6.725146	5.555556	4.580897	6.822612
674	12.585366	5.756098	6.243902	5.170732	6.926829	5.268293	5.170732	6.341463
675	12.757605	5.201178	6.280667	5.201178	6.575074	6.182532	3.827282	6.869480
676	13.649852	5.143422	6.033630	4.451039	6.824926	6.330366	4.747774	6.132542
677	11.823647	6.012024	5.911824	4.008016	5.611222	6.112224	4.208417	6.913828
678	12.971926	6.292352	5.808325	5.033882	7.454017	6.292352	5.227493	6.873185
679	13.379584	5.946482	6.342914	5.054509	5.550050	6.243806	4.658077	7.036670
680	12.512124	5.819593	5.916586	5.722599	7.371484	5.722599	3.879728	6.304559
681	12.893701	5.511811	5.511811	5.413386	6.496063	6.003937	4.330709	7.283465
682	13.725490	5.196078	5.882353	5.490196	6.372549	5.980392	4.901961	5.882353
683	11.713456	6.001936	6.679574	4.937076	6.582769	6.873185	4.646660	6.969990
684	13.829787	5.996132	5.609284	6.382979	6.673114	6.576402	3.868472	7.253385
685	11.834320	5.522682	6.015779	5.325444	5.719921	4.930966	3.846154	7.396450
686	12.673267	5.643564	5.940594	4.752475	5.841584	5.445545	4.455446	6.039604
687	12.439261	5.539359	5.539359	5.636540	5.344995	6.413994	3.887269	6.608358
688	11.930165	5.431620	5.625606	4.655674	7.371484	5.237633	3.685742	6.983511
689	12.573674	5.599214	5.108055	5.009823	6.483301	5.009823	4.322200	7.367387
690	11.729622	5.168986	6.361829	6.163022	6.262425	5.964215	4.671968	5.964215
691	12.400794	5.853175	6.250000	4.563492	5.456349	6.051587	4.464286	6.051587
692	11.707317	5.756098	5.658537	4.975610	6.926829	5.170732	4.487805	6.341463
693	12.301587	6.051587	6.448413	6.547619	6.349206	6.051587	3.968254	6.944444
694	13.121272	5.864811	6.361829	5.069583	6.163022	5.168986	4.075547	6.163022
695	12.450980	6.176471	5.392157	4.901961	6.960784	6.176471	4.313725	6.470588
696	11.706349	6.051587	6.150794	4.761905	6.051587	5.654762	4.563492	6.944444
697	11.359223	6.504854	5.631068	5.631068	6.407767	5.825243	4.563107	7.766990
698	13.064361	6.051873	5.667627	6.147935	6.243996	5.091258	3.938521	6.532181
699	10.802775	5.550050	5.748266	4.162537	6.937562	6.243806	4.261645	6.838454
700	13.183594	6.445312	5.859375	4.394531	5.761719	5.664062	4.589844	6.250000
701	12.648221	5.632411	5.830040	5.533597	6.324111	6.422925	3.853755	7.015810
702	11.941748	5.922330	6.019417	4.660194	5.436893	5.242718	4.563107	6.601942
703	12.549020	5.588235	5.882353	5.882353	5.588235	6.666667	4.411765	6.862745
704	11.448141	6.653620	6.947162	5.870841	5.772994	5.870841	4.109589	6.555773
705	12.843137	5.784314	5.196078	4.901961	5.784314	6.176471	3.529412	6.960784
706	11.827957	5.376344	5.376344	6.256109	6.256109	6.549365	3.714565	6.451613
707	12.277228	5.841584	6.138614	5.247525	5.445545	5.841584	5.148515	6.237624
708	12.925170	5.539359	6.316812	4.859086	5.928086	6.413994	4.567541	6.705539
709	12.574257	6.633663	5.841584	5.445545	6.336634	5.841584	4.455446	6.336634
710	11.352419	5.824284	5.923001	4.442251	7.107601	6.120434	4.639684	6.317868
711	13.399015	6.502463	6.108374	5.517241	5.517241	5.221675	4.433498	6.009852
712	13.508260	5.830904	5.442177	4.761905	6.316812	5.636540	4.567541	5.247813
713	11.811024	5.708661	6.791339	5.314961	7.775591	6.397638	4.429134	5.708661
714	11.676647	6.087824	5.189621	4.790419	6.886228	5.189621	3.592814	6.786427
715	11.992071	5.847374	5.550050	5.252725	5.649158	5.351833	4.162537	6.739346
716	10.625621	5.461768	4.865938	6.156902	6.554121	6.156902	3.674280	6.951341
717	11.706349	5.654762	6.051587	5.654762	6.646825	5.952381	4.662698	6.646825
718	12.292683	5.951220	6.536585	4.585366	5.463415	6.634146	5.073171	7.024390
719	11.817279	5.362463	5.759682	4.468719	5.660377	6.752731	3.773585	6.454816
720	13.550940	5.637982	5.736894	6.528190	6.033630	6.033630	4.451039	6.231454
721	11.002921	6.231743	6.134372	6.621227	6.523856	5.939630	4.284323	6.718598
722	13.249516	5.802708	6.576402	5.029014	6.092843	5.609284	4.932302	6.866538
723	13.018322	5.496625	6.750241	5.593057	7.907425	5.400193	4.146577	6.653809
724	12.599206	6.150794	6.746032	5.059524	5.952381	5.753968	4.265873	5.753968
725	11.723447	5.310621	6.012024	5.711423	5.310621	5.911824	4.308617	5.911824
726	11.527094	4.926108	5.911330	5.024631	6.798030	5.911330	3.743842	6.206897
727	12.115194	5.561072	6.156902	5.362463	5.461768	5.958292	4.170804	6.156902
728	12.475248	5.445545	5.841584	5.445545	5.940594	5.148515	4.455446	6.633663
729	10.923535	5.858987	6.057597	5.362463	6.752731	5.263158	4.071500	6.951341
730	12.512315	5.024631	6.206897	6.009852	5.615764	5.221675	4.433498	5.911330
731	11.753183	5.876592	5.680705	4.897160	6.660137	6.072478	3.721841	6.366308
732	12.180747	5.304519	5.795678	5.599214	6.090373	5.599214	4.223969	7.662083
733	11.133005	6.009852	6.305419	4.236453	5.221675	6.009852	4.137931	6.108374
734	11.431412	6.759443	5.864811	4.671968	6.560636	5.864811	5.069583	5.467197
735	13.521695	5.449041	6.054490	5.650858	6.256307	5.751766	4.339051	5.751766
736	12.401575	5.511811	5.019685	5.807087	7.185039	5.905512	4.035433	6.692913
737	12.300000	5.000000	6.400000	6.300000	6.500000	5.800000	3.900000	5.800000
738	10.703954	5.978785	6.460945	6.460945	7.135969	6.268081	4.050145	6.750241
739	12.768031	5.360624	5.458090	4.483431	6.335283	6.140351	4.385965	6.822612
740	12.635735	6.021718	6.416584	5.626851	5.626851	6.120434	3.751234	5.923001
741	10.746269	5.472637	5.572139	5.771144	6.865672	6.169154	5.174129	6.368159
742	12.265084	5.440158	5.242334	5.341246	6.330366	5.637982	4.451039	6.627102
743	13.173653	6.287425	5.688623	5.089820	6.487026	5.988024	4.590818	6.786427
744	12.166172	5.835806	5.539070	6.231454	6.132542	5.637982	3.659743	7.220574
745	13.047712	5.160662	5.939630	4.673807	5.939630	6.523856	4.771178	7.400195
746	12.151394	5.776892	5.976096	4.980080	6.673307	6.274900	3.984064	6.573705
747	12.413793	5.911330	5.024631	5.911330	5.812808	6.403941	4.433498	7.290640
748	12.698413	6.051587	5.654762	4.563492	6.250000	6.448413	4.662698	6.448413
749	12.282398	5.415861	6.092843	5.029014	6.479691	5.319149	4.448743	6.769826
750	12.401575	5.708661	5.905512	5.216535	5.905512	6.299213	4.330709	6.791339
751	12.035225	6.653620	6.066536	4.990215	6.849315	5.675147	5.088063	6.262231
752	12.085770	5.555556	5.653021	4.775828	5.555556	6.335283	4.678363	7.017544
753	12.438302	5.725568	6.811451	4.935834	5.824284	6.416584	3.948667	6.515301
754	13.077679	5.899705	5.899705	5.801377	5.899705	5.113078	4.621436	6.391347
755	12.118227	5.418719	4.334975	5.812808	5.517241	5.221675	3.842365	6.305419
756	13.124388	4.995103	5.190989	4.995103	6.464251	6.072478	4.799216	5.974535
757	13.095238	5.952381	5.158730	5.257937	6.250000	6.150794	4.067460	7.142857
758	11.764706	5.784314	5.098039	4.411765	5.980392	5.098039	4.313725	6.176471
759	11.874387	5.004907	6.476938	5.299313	6.476938	5.986261	4.121688	6.378803
760	13.935231	5.986261	6.771344	5.299313	6.378803	6.280667	5.299313	5.593719
761	12.573674	5.108055	5.304519	4.616896	6.286837	5.697446	4.322200	7.072692
762	11.326234	5.711520	5.517909	4.259439	5.808325	5.421104	4.162633	5.711520
763	12.366115	6.134372	5.647517	5.939630	6.913340	5.550146	3.700097	6.718598
764	12.233010	6.213592	5.922330	4.757282	6.893204	5.242718	3.495146	7.184466
765	13.060429	5.653021	5.068226	5.458090	6.335283	5.750487	4.093567	6.822612
766	12.807882	5.714286	5.320197	6.502463	6.403941	5.911330	3.842365	5.812808
767	12.861416	6.480558	5.284148	4.885344	6.580259	5.583250	5.184447	5.184447
768	12.079208	6.237624	5.346535	5.049505	6.336634	5.742574	3.960396	6.039604
769	12.051793	5.876494	6.374502	5.677291	6.075697	5.378486	4.980080	6.772908
770	13.226453	5.110220	5.410822	4.909820	6.312625	5.711423	3.907816	5.811623
771	13.748764	6.330366	6.824926	4.648863	6.330366	5.934718	4.945598	6.528190
772	12.256809	5.836576	5.836576	6.031128	4.571984	5.642023	4.182879	5.933852
773	12.772277	5.445545	5.643564	5.247525	6.039604	5.445545	4.356436	5.742574
774	12.950341	5.939630	5.744888	4.576436	6.621227	5.160662	4.771178	5.647517
775	12.903226	5.278592	5.865103	5.474096	5.767351	5.571848	4.398827	6.744868
776	13.631938	5.452775	5.939630	4.965920	6.134372	4.868549	4.284323	6.718598
777	11.932939	5.325444	5.424063	5.325444	7.199211	5.818540	5.522682	6.311637
778	12.941176	5.490196	6.078431	5.000000	6.470588	5.098039	4.607843	7.254902
779	11.724138	5.911330	5.024631	5.320197	7.093596	5.615764	4.137931	7.093596
780	10.703667	5.847374	6.144698	5.351833	6.442022	5.748266	4.360753	7.333994
781	13.574219	4.785156	6.152344	6.152344	7.324219	6.347656	4.003906	7.226562
782	12.549407	5.928854	6.126482	5.039526	4.940711	5.335968	4.249012	6.521739
783	11.959799	5.427136	5.427136	4.623116	6.733668	6.030151	4.120603	5.929648
784	13.452028	6.231454	6.330366	6.231454	6.824926	5.736894	4.352127	6.528190
785	12.475442	5.697446	5.795678	5.206287	6.188605	5.599214	3.831041	6.679764
786	11.056269	5.923001	6.614018	4.837117	5.725568	6.120434	5.429418	6.712734
787	13.052012	5.789990	6.378803	5.103042	6.673209	6.575074	4.710500	7.262022
788	11.534702	5.376344	6.060606	4.789834	6.158358	5.376344	4.007820	6.353861
789	12.142152	5.528134	5.824284	6.021718	7.305035	5.133268	4.540967	6.811451
790	13.353116	5.835806	4.945598	4.846686	5.736894	6.528190	3.758655	6.923838
791	12.706111	5.431620	6.595538	5.431620	6.692532	5.431620	4.849661	6.110572
792	12.088975	5.125725	6.092843	5.415861	5.222437	5.705996	4.448743	7.253385
793	12.751004	5.823293	5.020080	4.518072	6.325301	6.224900	4.216867	6.827309
794	11.002921	5.452775	5.939630	4.771178	5.160662	6.621227	3.992210	6.621227
795	12.845850	5.039526	6.324111	5.138340	6.324111	5.434783	3.754941	6.324111
796	12.058824	5.882353	5.490196	4.803922	6.078431	5.784314	4.607843	6.372549
797	12.349398	5.321285	5.321285	6.124498	6.425703	5.522088	4.618474	6.224900
798	11.523046	4.809619	5.410822	5.210421	5.511022	5.310621	3.807615	7.314629
799	12.072435	5.835010	5.533199	4.929577	6.841046	6.136821	3.923541	6.438632
800	12.277228	6.237624	6.138614	4.851485	6.435644	6.138614	3.960396	5.940594
801	11.023622	5.610236	5.905512	6.200787	6.889764	6.889764	4.232283	6.003937
802	11.833172	6.498545	5.916586	5.722599	6.013579	4.946654	3.976722	6.983511
803	11.254980	5.876494	5.278884	5.976096	6.274900	5.577689	4.581673	6.175299
804	13.640824	5.691855	6.182532	5.593719	6.280667	6.084396	3.827282	6.575074
805	10.594059	6.633663	6.633663	4.752475	7.227723	6.039604	3.960396	7.029703
806	11.804878	5.658537	5.463415	5.756098	7.414634	6.243902	4.292683	7.121951
807	11.653386	5.876494	6.374502	6.374502	5.079681	5.478088	4.482072	6.673307
808	13.056380	5.539070	5.736894	4.945598	7.121662	6.528190	4.055391	5.736894
809	13.465347	5.841584	5.841584	5.049505	5.643564	5.742574	4.257426	5.643564
810	12.635735	4.935834	5.528134	4.442251	6.614018	5.923001	4.047384	7.107601
811	12.240869	5.626851	6.219151	4.738401	5.330701	5.725568	4.047384	7.008885
812	11.793855	5.748266	5.649158	5.252725	6.640238	5.054509	4.658077	5.649158
813	12.755599	6.231743	5.842259	5.744888	5.550146	5.842259	3.700097	6.231743
814	11.448141	5.772994	7.338552	5.479452	5.283757	4.892368	5.381605	5.968689
815	10.869565	5.632411	5.731225	5.039526	5.731225	6.620553	4.743083	7.312253
816	12.062257	6.225681	5.252918	4.669261	5.350195	6.128405	3.988327	6.809339
817	11.804878	5.951220	5.853659	5.658537	6.731707	6.146341	4.487805	6.634146
818	13.035019	5.642023	5.836576	4.669261	6.031128	5.252918	4.182879	6.614786
819	11.470588	5.588235	6.274510	5.980392	4.607843	5.588235	4.313725	6.862745
820	13.030602	5.824284	5.626851	4.738401	7.403751	6.219151	4.837117	7.008885
821	11.964108	5.583250	5.882353	4.985045	7.278166	5.583250	4.386839	6.979063
822	11.187439	5.986261	6.869480	5.397448	6.084396	5.201178	3.729146	6.869480
823	11.851126	5.974535	5.680705	4.995103	7.933399	5.484819	3.819785	7.933399
824	11.851126	4.897160	5.876592	5.386876	6.660137	5.288932	4.015671	6.464251
825	12.144956	6.464251	5.876592	5.190989	4.897160	5.876592	4.113614	6.170421
826	13.425469	5.528134	6.021718	4.639684	5.923001	6.317868	3.948667	6.811451
827	13.178295	5.426357	5.135659	5.620155	6.686047	5.620155	4.360465	6.976744
828	10.671937	5.138340	6.521739	6.324111	6.916996	5.731225	4.150198	5.928854
829	11.996067	5.211406	5.506391	6.194690	6.686332	6.489676	4.424779	6.489676
830	12.890625	6.347656	6.347656	5.078125	6.738281	5.957031	4.101562	5.957031
831	13.273453	4.990020	6.387226	5.888224	5.988024	6.087824	4.590818	5.489022
832	11.300000	4.700000	6.600000	5.000000	5.400000	4.900000	4.600000	5.800000
833	12.537313	5.771144	5.373134	6.069652	5.472637	5.074627	4.278607	6.766169
834	12.166172	4.846686	6.033630	5.242334	6.627102	6.824926	4.747774	5.934718
835	12.625251	5.811623	6.112224	4.809619	6.713427	5.611222	4.008016	6.613226
836	12.011719	5.273438	5.078125	5.664062	7.226562	5.468750	4.003906	7.128906
837	13.465347	5.346535	5.544554	5.742574	6.930693	4.653465	4.455446	7.128713
838	11.653386	5.179283	5.776892	5.079681	6.075697	6.274900	4.282869	6.274900
839	12.805474	6.060606	5.962854	6.158358	7.331378	5.278592	4.887586	6.744868
840	12.067260	6.132542	6.923838	5.242334	6.330366	5.539070	3.659743	5.835806
841	13.287402	5.807087	6.102362	6.102362	6.397638	5.118110	4.133858	5.807087
842	11.764706	5.782652	5.782652	4.586241	6.181456	5.982054	3.788634	6.281157
843	11.330049	5.024631	6.009852	6.108374	6.305419	5.714286	5.320197	6.995074
844	11.359223	5.145631	6.116505	4.854369	7.378641	5.436893	4.757282	6.601942
845	11.274510	5.588235	5.980392	5.490196	6.274510	5.686275	3.921569	6.764706
846	12.840467	5.447471	6.614786	5.836576	5.933852	4.863813	4.182879	6.420233
847	12.150434	5.978785	5.689489	4.821601	6.268081	5.689489	4.339441	7.039537
848	13.052012	6.280667	6.084396	5.397448	5.201178	5.789990	4.416094	6.182532
849	11.383710	6.182532	5.495584	5.299313	5.986261	5.397448	3.925417	5.397448
850	12.633625	4.761905	5.442177	5.539359	5.830904	6.705539	4.373178	7.288630
851	12.024048	5.210421	6.212425	6.212425	5.611222	6.312625	4.509018	5.611222
852	13.094083	5.625606	5.625606	4.849661	6.692532	6.692532	4.558681	6.304559
853	12.389381	5.604720	5.309735	5.604720	5.703048	5.998033	3.736480	6.194690
854	12.377210	5.108055	5.992141	5.009823	5.795678	5.893910	4.125737	6.777996
855	12.361809	6.130653	5.929648	5.125628	5.728643	6.432161	3.819095	5.427136
856	12.063809	5.882353	5.682951	5.284148	6.181456	6.879362	3.788634	6.480558
857	12.984496	5.135659	5.620155	4.941860	6.201550	5.813953	4.651163	7.170543
858	12.339585	5.626851	5.725568	3.948667	5.528134	5.133268	4.738401	6.712734
859	12.027833	5.765408	7.057654	4.970179	6.262425	6.361829	4.274354	7.057654
860	13.438735	6.027668	5.237154	4.743083	7.312253	5.731225	4.249012	6.521739
861	11.876248	4.890220	5.389222	5.688623	6.087824	7.185629	4.590818	6.187625
862	12.094395	5.014749	5.801377	5.309735	6.882989	6.096362	4.129794	6.293019
863	12.624254	6.759443	6.063618	4.671968	6.361829	5.566600	5.069583	6.858847
864	11.332008	5.566600	5.666004	4.771372	7.355865	5.765408	4.373757	6.660040
865	11.822660	5.221675	6.206897	5.418719	6.995074	6.206897	4.433498	6.305419
866	12.387612	5.894106	5.594406	6.093906	6.993007	5.594406	5.294705	5.594406
867	12.983152	5.649158	6.243806	5.550050	6.342914	6.243806	3.865213	6.739346
868	13.524186	4.935834	6.317868	4.343534	6.317868	5.923001	4.540967	5.923001
869	12.451737	5.598456	5.984556	5.115830	6.949807	5.984556	4.536680	7.722008
870	12.512315	5.615764	5.615764	5.221675	7.586207	6.403941	4.137931	7.586207
871	11.486486	5.405405	5.694981	6.177606	6.563707	5.984556	5.019305	5.598456
872	11.914062	5.468750	5.566406	5.078125	5.566406	6.347656	3.710938	6.542969
873	12.062257	5.350195	5.544747	6.420233	6.128405	5.544747	4.766537	7.684825
874	12.536162	5.496625	5.303761	4.725169	5.882353	5.207329	4.821601	6.846673
875	12.166172	5.736894	5.934718	5.539070	6.231454	5.242334	4.451039	6.824926
876	11.177052	5.934718	5.934718	5.143422	6.132542	5.440158	4.154303	7.121662
877	12.634672	5.386876	5.386876	4.799216	5.386876	5.288932	3.819785	6.660137
878	12.787213	5.494505	5.794206	4.895105	6.693307	6.493506	4.095904	6.393606
879	12.780488	6.439024	6.243902	4.487805	5.951220	5.560976	4.487805	6.731707
880	11.078998	5.780347	6.262042	5.684008	5.973025	5.587669	4.046243	7.032755
881	15.347019	5.278592	5.571848	5.278592	7.331378	5.669599	5.376344	6.158358
882	11.208577	5.653021	5.263158	4.580897	6.432749	6.042885	3.411306	7.115010
883	11.776447	5.588822	5.588822	5.588822	5.888224	6.387226	4.491018	5.788423
884	12.475248	5.445545	5.643564	5.049505	5.544554	5.445545	3.762376	5.742574
885	13.582677	5.216535	5.807087	5.807087	6.496063	5.905512	4.330709	5.610236
886	10.903733	5.304519	6.777996	4.911591	5.893910	4.813360	4.420432	6.385069
887	12.633625	5.344995	6.413994	6.122449	6.608358	5.733722	4.664723	6.316812
888	11.274510	5.784314	6.078431	5.588235	5.588235	6.176471	4.803922	6.372549
889	12.720157	5.381605	4.990215	4.011742	5.968689	6.164384	4.794521	6.849315
890	12.043435	6.416584	5.824284	4.442251	6.811451	5.231984	3.849951	6.120434
891	12.784936	6.045590	6.243806	5.847374	5.946482	6.739346	3.567889	6.541130
892	12.023460	5.571848	5.474096	4.789834	6.940371	6.451613	4.692082	7.429130
893	11.341223	5.917160	5.226824	5.128205	6.213018	5.818540	4.339250	5.325444
894	11.729622	5.467197	6.163022	6.560636	7.157058	6.461233	4.473161	6.759443
895	11.764706	5.686275	5.588235	5.882353	6.372549	6.372549	4.607843	6.666667
896	11.122145	5.858987	6.156902	5.858987	6.852036	5.263158	4.170804	6.653426
897	12.027833	5.069583	5.964215	5.467197	6.461233	6.063618	3.677932	6.461233
898	12.830558	5.190989	5.876592	5.288932	4.603330	6.072478	4.407444	7.149853
899	12.673267	6.138614	5.445545	4.059406	6.039604	5.841584	3.762376	6.534653
900	13.820336	5.626851	5.923001	5.429418	6.515301	5.725568	3.652517	6.712734
901	13.145083	5.842259	6.134372	5.550146	6.426485	5.647517	4.186952	6.523856
902	11.960784	6.470588	6.176471	4.803922	6.372549	6.176471	4.509804	7.058824
903	12.166172	4.648863	5.044510	5.143422	5.440158	6.330366	4.055391	6.231454
904	13.333333	4.975124	5.970149	5.174129	5.970149	6.766169	4.577114	6.965174
905	12.763819	5.427136	6.030151	5.427136	5.628141	6.130653	4.623116	7.336683
906	11.972522	5.495584	6.378803	6.182532	6.182532	5.201178	4.121688	6.575074
907	12.412412	5.605606	5.905906	5.205205	6.206206	5.805806	3.703704	7.607608
908	13.420787	6.357215	6.155399	4.641776	5.650858	5.751766	5.247225	6.559031
909	12.278978	5.795678	6.286837	5.108055	6.385069	4.911591	4.027505	7.269155
910	11.200000	6.800000	5.800000	5.400000	6.400000	5.300000	5.700000	5.600000
911	13.676908	5.550050	5.550050	4.955401	6.541130	6.342914	4.063429	6.640238
912	11.956522	5.533597	6.324111	4.841897	7.015810	5.434783	4.249012	7.213439
913	13.233831	5.373134	5.174129	5.273632	6.467662	6.268657	4.577114	6.865672
914	12.761715	5.583250	6.580259	6.181456	4.785643	5.982054	3.788634	6.679960
915	10.968379	5.928854	5.830040	5.039526	6.422925	5.731225	4.545455	5.533597
916	12.684366	5.408063	5.211406	5.113078	6.293019	6.194690	4.228122	7.472960
917	10.674723	5.941591	5.337362	5.135952	6.042296	6.445116	3.726083	6.042296
918	12.659470	6.280667	5.495584	4.906771	5.397448	6.280667	4.514230	5.986261
919	13.108242	5.362463	5.362463	5.561072	6.653426	6.752731	4.270109	7.149950
920	12.362911	5.982054	6.181456	5.882353	6.181456	5.483549	3.788634	6.081755
921	12.244898	5.636540	5.830904	5.150632	5.636540	6.316812	4.275996	6.997085
922	12.240869	6.219151	6.120434	5.231984	6.416584	6.219151	4.047384	6.021718
923	12.585366	5.560976	5.951220	5.073171	7.219512	5.658537	4.390244	6.634146
924	12.204724	5.905512	5.905512	6.397638	6.102362	6.496063	4.625984	6.200787
925	11.840796	5.671642	5.970149	5.970149	7.164179	6.268657	4.179104	6.666667
926	12.121212	5.571848	6.158358	4.985337	6.353861	4.789834	4.496579	7.526882
927	11.839530	5.577299	5.968689	6.262231	6.164384	5.479452	4.305284	7.142857
928	11.496531	5.748266	5.649158	5.351833	6.342914	5.252725	4.658077	5.550050
929	14.467253	6.060606	5.571848	5.278592	6.940371	5.767351	4.594330	5.669599
930	12.450980	5.686275	5.980392	4.901961	7.745098	6.176471	3.921569	6.666667
931	12.896825	5.753968	6.250000	5.059524	6.250000	5.952381	3.174603	6.250000
932	12.036108	4.714142	6.519559	5.215647	5.616851	5.516550	3.911735	6.419258
933	13.163065	6.483301	5.697446	5.206287	6.090373	6.090373	4.322200	6.581532
934	12.795276	6.200787	5.610236	4.330709	6.200787	5.511811	4.330709	6.003937
935	12.362911	5.184447	5.782652	5.982054	7.377866	6.580259	5.383848	6.281157
936	11.976048	5.389222	5.788423	5.189621	6.387226	5.788423	3.892216	5.588822
937	11.827957	5.474096	5.865103	5.180841	5.865103	5.962854	3.910068	6.451613
938	11.883182	6.445116	6.243706	4.028197	6.646526	6.243706	4.128902	5.639476
939	10.834990	5.666004	6.958250	4.771372	5.864811	6.163022	4.174950	5.964215
940	12.909633	5.759682	5.958292	5.362463	6.951341	6.454816	4.369414	6.752731
941	12.782694	6.981318	4.916421	5.309735	6.096362	5.604720	4.424779	6.784661
942	12.043435	5.626851	5.429418	5.034551	6.811451	6.120434	4.442251	7.107601
943	12.487611	5.153617	6.243806	5.450942	7.135778	6.045590	4.856293	6.144698
944	12.401575	5.511811	5.511811	4.822835	5.610236	6.102362	5.118110	6.988189
945	13.492063	5.753968	5.456349	4.761905	6.547619	5.952381	4.464286	6.448413
946	11.881188	5.049505	5.940594	5.049505	6.237624	5.643564	4.059406	7.425743
947	11.035156	5.468750	6.250000	5.371094	6.542969	6.445312	4.101562	6.640625
948	13.894325	5.675147	5.968689	5.870841	6.653620	6.751468	4.990215	6.653620
949	13.560976	5.365854	5.560976	6.829268	6.634146	5.268293	5.268293	6.243902
950	12.103746	6.243996	5.283381	5.955812	5.859750	6.436119	3.938521	6.340058
951	13.188976	6.200787	5.118110	4.625984	5.905512	5.905512	3.937008	7.086614
952	11.776447	5.389222	5.389222	5.389222	6.786427	5.289421	4.291417	5.688623
953	12.524462	5.968689	6.066536	4.011742	7.827789	5.870841	4.794521	5.870841
954	13.399015	5.911330	5.714286	5.517241	6.305419	5.714286	4.926108	7.093596
955	12.925852	5.811623	6.312625	5.310621	6.713427	6.112224	4.408818	6.412826
956	13.119534	6.608358	6.316812	5.053450	5.636540	5.247813	4.470360	7.094266
957	12.574850	5.489022	5.988024	5.988024	6.087824	5.588822	4.291417	6.786427
958	12.560857	5.939630	6.231743	5.258033	5.939630	6.426485	4.089581	6.815969
959	11.282546	5.689489	6.075217	5.303761	5.978785	6.268081	5.207329	5.785921
960	11.330049	5.911330	6.009852	5.418719	5.221675	5.517241	3.448276	6.798030
961	11.530815	5.367793	5.864811	4.970179	6.858847	5.964215	4.274354	6.262425
962	13.021869	6.163022	6.461233	5.765408	5.765408	6.063618	4.671968	5.964215
963	13.534567	6.426485	5.939630	4.965920	6.523856	6.231743	4.771178	7.302824
964	12.944664	5.928854	6.324111	4.940711	6.818182	5.533597	4.644269	6.818182
965	13.192346	6.042296	5.035247	6.243706	6.344411	5.840886	4.733132	6.847936
966	13.333333	6.372549	6.176471	5.686275	6.470588	5.686275	5.294118	6.176471
967	12.925170	5.928086	5.344995	5.150632	6.219631	6.316812	4.178814	6.219631
968	13.082260	6.045590	5.649158	6.144698	5.054509	5.054509	3.666997	6.442022
969	12.512124	5.916586	6.013579	4.849661	6.013579	5.722599	4.364694	7.371484
970	13.000978	5.865103	6.256109	6.353861	5.962854	6.060606	3.910068	6.842620
971	11.678116	5.103042	6.673209	5.299313	5.986261	5.888126	4.514230	7.556428
972	13.776016	5.550050	5.649158	5.252725	6.342914	5.450942	5.649158	6.739346
973	12.318138	5.237633	6.013579	5.140640	6.692532	5.916586	3.976722	6.886518
974	12.865497	6.237817	5.847953	5.165692	6.042885	5.360624	5.360624	5.750487
975	12.827988	5.344995	5.830904	4.956268	6.511176	5.928086	4.178814	6.122449
976	11.359223	5.922330	5.145631	5.145631	6.504854	6.310680	3.495146	5.922330
977	11.318898	5.216535	5.905512	4.429134	6.594488	5.216535	4.232283	7.381890
978	12.549801	5.776892	6.075697	5.079681	5.179283	5.378486	4.681275	6.374502
979	13.047809	5.478088	5.976096	4.980080	6.573705	5.179283	4.382470	6.772908
980	13.803376	6.256207	6.057597	5.163853	5.163853	5.660377	4.667329	6.554121
981	12.144956	5.680705	5.582762	4.603330	6.464251	5.386876	4.505387	6.660137
982	12.992126	5.413386	6.003937	5.019685	5.807087	5.708661	4.035433	5.807087
983	12.282398	5.802708	6.479691	6.286267	6.673114	5.319149	4.448743	6.866538
984	12.475634	6.237817	5.847953	5.458090	6.335283	5.945419	4.483431	6.725146
985	11.024390	5.658537	6.731707	5.268293	5.951220	5.951220	3.414634	6.341463
986	12.175649	5.788423	6.087824	6.786427	6.586826	6.487026	4.990020	6.487026
987	13.307241	5.968689	5.968689	5.870841	5.772994	4.892368	5.479452	6.164384
988	12.389381	5.014749	6.588004	5.604720	5.604720	5.309735	4.621436	6.194690
989	12.980769	5.384615	6.923077	5.576923	5.384615	6.538462	5.384615	6.057692
990	11.833172	5.528613	5.722599	5.334627	7.080504	5.722599	4.558681	6.304559
991	11.266201	5.483549	5.483549	5.383848	6.380857	5.782652	5.184447	6.380857
992	12.659470	4.906771	6.476938	4.808636	5.888126	7.262022	4.514230	6.673209
993	12.807882	5.911330	5.714286	4.236453	6.305419	6.403941	4.433498	6.403941
994	12.992126	5.905512	6.102362	5.314961	6.692913	6.200787	4.527559	7.185039
995	13.026052	5.811623	5.811623	4.509018	7.615230	5.711423	4.208417	7.114228
996	11.992071	5.748266	5.153617	6.144698	6.739346	5.748266	4.360753	5.946482
997	11.488511	5.894106	6.393606	5.094905	6.293706	5.694306	5.094905	6.593407
998	12.202381	6.051587	6.547619	4.662698	5.456349	6.250000	4.662698	6.944444
999	11.711712	5.905906	5.305305	5.805806	7.207207	6.706707	4.204204	6.406406
1000	12.512219	5.865103	6.744868	5.376344	6.451613	5.083089	4.789834	7.526882
1001	11.876248	5.389222	5.389222	5.389222	5.189621	6.387226	4.690619	6.886228
1002	12.698413	5.952381	6.746032	4.464286	6.845238	6.349206	4.563492	7.043651
1003	11.473788	5.242334	5.539070	4.945598	6.923838	6.132542	5.539070	6.231454
1004	11.874387	5.201178	5.691855	5.103042	6.869480	6.182532	5.201178	5.986261
1005	12.326044	5.864811	6.163022	4.771372	6.560636	5.765408	4.274354	6.063618
1006	12.692308	6.346154	6.923077	5.769231	6.538462	5.673077	4.519231	7.115385
1007	10.910911	5.605606	6.306306	4.804805	5.605606	6.906907	4.404404	6.606607
1008	12.133072	5.870841	5.479452	4.794521	5.870841	5.968689	4.011742	7.142857
1009	12.192724	5.801377	5.408063	5.211406	5.604720	5.408063	4.129794	6.391347
1010	12.011719	5.957031	7.031250	5.078125	5.664062	6.347656	3.808594	6.347656
1011	12.925170	5.247813	4.859086	5.344995	7.288630	5.733722	4.956268	6.705539
1012	12.635735	5.824284	6.811451	5.923001	5.824284	5.231984	5.133268	7.008885
1013	13.676908	5.252725	5.252725	4.658077	6.937562	5.153617	3.964321	6.838454
1014	11.839530	5.283757	5.772994	5.088063	6.164384	5.870841	5.675147	7.240705
1015	10.921844	5.010020	5.010020	5.210421	5.310621	5.410822	4.108216	6.012024
1016	13.366834	6.130653	6.231156	5.628141	6.733668	5.025126	3.618090	6.231156
1017	12.807882	5.615764	5.615764	5.714286	6.600985	5.418719	5.024631	6.502463
1018	12.810328	4.965243	6.355511	6.256207	5.263158	5.759682	4.468719	6.554121
1019	12.195122	5.853659	5.463415	7.317073	6.341463	5.365854	3.804878	6.536585
1020	11.545988	5.772994	6.653620	4.892368	5.968689	7.534247	4.403131	6.849315
1021	11.937378	5.479452	7.045010	4.696673	5.381605	6.164384	4.305284	6.653620
1022	12.682927	5.951220	5.853659	5.463415	5.756098	6.439024	4.097561	6.536585
1023	12.900097	6.013579	6.401552	5.528613	6.013579	6.304559	5.043647	5.916586
1024	12.352941	6.372549	5.980392	5.098039	6.274510	5.490196	4.313725	6.764706
1025	10.871694	5.484819	5.974535	5.582762	6.953967	6.366308	3.917728	7.149853
1026	13.090551	5.019685	5.314961	5.610236	5.216535	5.610236	4.625984	6.299213
1027	12.673267	5.742574	5.346535	5.841584	5.346535	6.039604	4.752475	7.227723
1028	11.788212	5.994006	6.193806	5.794206	5.794206	5.694306	4.695305	6.393606
1029	12.659470	6.575074	6.673209	4.710500	6.378803	5.888126	4.416094	6.575074
1030	12.266928	5.888126	5.789990	4.514230	6.673209	6.575074	4.121688	6.280667
1031	13.191077	5.916586	6.110572	4.849661	6.595538	5.916586	4.946654	6.207565
1032	12.549407	5.830040	6.620553	5.533597	6.620553	5.335968	3.952569	6.324111
1033	14.228457	5.811623	6.312625	4.509018	5.611222	5.110220	4.008016	5.811623
1034	11.968348	5.539070	5.934718	5.637982	6.231454	4.747774	4.648863	7.418398
1035	11.111111	5.360624	5.945419	4.775828	6.335283	5.847953	4.580897	6.822612
1036	12.183236	5.653021	5.555556	5.068226	7.212476	5.458090	5.165692	6.920078
1037	13.241107	5.731225	5.237154	5.335968	6.719368	5.237154	4.743083	6.422925
1038	11.275964	6.528190	5.242334	5.044510	5.835806	6.033630	4.352127	7.220574
1039	12.340842	6.072478	5.680705	5.484819	6.758080	5.093046	3.721841	6.170421
1040	13.658537	5.951220	6.146341	5.073171	7.609756	7.121951	4.585366	7.121951
1041	12.387612	5.594406	5.594406	5.494505	7.292707	5.994006	3.896104	7.492507
1042	11.776251	5.888126	5.789990	5.004907	7.654563	5.888126	4.317959	6.280667
1043	11.770428	6.225681	5.836576	4.766537	7.101167	5.836576	4.182879	6.517510
1044	12.749004	5.577689	5.876494	4.980080	6.274900	5.478088	4.183267	6.972112
1045	13.188976	6.496063	5.905512	6.003937	5.610236	6.003937	3.641732	6.299213
1046	12.268744	4.868549	5.550146	5.160662	7.497566	6.134372	4.089581	6.815969
1047	12.718447	6.116505	6.310680	5.242718	6.990291	5.436893	4.951456	6.699029
1048	13.064833	5.206287	6.483301	5.697446	6.188605	6.090373	4.813360	6.777996
1049	12.574257	5.643564	5.544554	4.752475	6.435644	5.247525	4.851485	5.643564
1050	11.724138	5.320197	6.206897	5.320197	6.502463	6.600985	4.433498	5.911330
1051	12.252964	5.533597	6.719368	4.940711	6.225296	5.830040	5.039526	6.126482
1052	12.974052	5.688623	5.389222	5.489022	7.984032	5.289421	4.291417	6.686627
1053	13.905325	6.114398	5.917160	4.930966	7.495069	5.917160	4.832347	6.508876
1054	14.850530	5.496625	6.075217	5.207329	5.978785	6.268081	4.050145	6.075217
1055	12.265084	4.945598	5.934718	6.429278	6.132542	5.637982	4.253215	5.934718
1056	11.285574	5.201178	5.986261	5.789990	5.888126	5.201178	4.121688	6.084396
1057	11.670020	5.432596	6.841046	5.331992	5.734406	6.740443	4.225352	6.438632
1058	12.597656	5.078125	5.859375	5.078125	6.738281	5.468750	4.003906	5.859375
1059	12.183236	5.750487	6.822612	5.945419	6.140351	5.360624	4.775828	5.750487
1060	12.287712	6.093906	5.494505	6.593407	4.995005	5.494505	4.395604	5.394605
1061	12.524655	5.818540	5.818540	5.226824	6.015779	6.213018	4.437870	6.903353
1062	13.142292	5.632411	5.237154	5.928854	6.521739	5.928854	4.841897	5.237154
1063	12.366115	5.258033	6.134372	5.744888	6.621227	6.426485	4.673807	6.231743
1064	11.451135	6.021718	5.923001	6.021718	6.712734	5.528134	4.343534	6.120434
1065	13.035019	6.225681	5.544747	5.155642	6.225681	6.225681	3.891051	6.809339
1066	12.597656	5.957031	5.761719	4.687500	6.250000	5.761719	4.296875	6.738281
1067	11.984283	5.795678	5.992141	5.500982	7.465619	6.385069	4.223969	7.072692
1068	11.988304	5.458090	5.653021	4.970760	5.458090	6.042885	4.580897	5.653021
1069	12.984496	5.523256	5.910853	5.232558	6.298450	6.492248	3.779070	6.782946
1070	13.359528	5.795678	6.679764	5.108055	5.893910	5.697446	3.732809	5.795678
1071	13.214990	5.522682	6.706114	6.213018	6.410256	6.311637	3.451677	6.607495
1072	11.679537	5.308880	5.888031	5.308880	6.563707	5.308880	3.957529	6.274131
1073	11.523438	6.054688	5.566406	5.566406	5.761719	5.566406	3.906250	6.542969
1074	12.367150	5.314010	6.376812	5.410628	6.280193	6.183575	3.478261	6.763285
1075	12.000000	6.634146	6.439024	5.560976	7.414634	5.951220	4.585366	6.829268
1076	12.136409	5.215647	4.613842	5.717151	6.218656	5.717151	5.015045	5.817452
1077	11.598441	5.458090	5.555556	5.555556	4.970760	5.165692	3.801170	7.309942
1078	12.166172	5.242334	5.835806	4.945598	6.330366	5.637982	4.154303	6.231454
1079	13.902681	5.064548	5.858987	5.263158	7.050645	5.263158	4.170804	7.249255
1080	12.387612	5.994006	6.193806	4.495504	5.794206	5.494505	4.495504	6.593407
1081	12.598425	5.708661	6.102362	5.314961	5.905512	6.003937	4.330709	6.102362
1082	12.277228	5.346535	4.950495	4.851485	5.643564	6.237624	4.455446	5.643564
1083	12.254902	5.392157	6.176471	4.803922	7.352941	6.274510	3.823529	6.666667
1084	12.475050	5.888224	5.688623	4.890220	5.289421	5.289421	3.992016	5.688623
1085	12.085770	6.140351	5.360624	5.458090	6.627680	6.140351	4.678363	6.335283
1086	11.598441	6.432749	5.068226	5.458090	7.017544	5.360624	3.703704	6.432749
1087	12.450593	4.940711	5.731225	4.347826	7.213439	5.731225	5.533597	6.126482
1088	12.837838	5.212355	5.501931	4.922780	6.081081	6.563707	4.440154	7.432432
1089	13.194444	5.456349	5.555556	5.654762	6.349206	5.357143	4.265873	5.654762
1090	11.717974	5.461768	6.454816	4.865938	7.348560	5.163853	4.369414	6.355511
1091	11.869436	5.934718	6.033630	4.648863	5.440158	5.242334	4.846686	6.528190
1092	11.220472	6.299213	6.102362	5.314961	6.889764	5.807087	4.625984	6.496063
1093	12.139303	5.174129	5.771144	6.069652	6.865672	6.766169	4.676617	6.368159
1094	13.030602	5.330701	5.923001	5.725568	6.811451	6.219151	3.751234	6.219151
1095	13.406157	5.362463	4.865938	5.064548	7.348560	6.852036	3.972195	6.355511
1096	11.689587	5.402750	5.500982	5.795678	6.385069	6.188605	4.027505	6.385069
1097	12.948207	6.075697	6.374502	4.780876	8.167331	6.175299	4.382470	6.872510
1098	12.019704	5.615764	6.206897	6.896552	6.403941	5.812808	4.334975	5.615764
1099	13.910506	6.031128	6.420233	6.128405	6.517510	5.642023	3.988327	6.906615
1100	11.879260	6.231743	5.842259	5.842259	5.355404	6.134372	4.965920	6.718598
1101	13.108242	5.660377	5.064548	5.461768	6.852036	5.958292	3.674280	5.958292
1102	11.284047	4.961089	5.836576	6.322957	6.420233	4.766537	3.891051	5.739300
1103	12.306202	6.589147	5.038760	5.910853	5.910853	6.104651	4.457364	6.686047
1104	11.056751	6.457926	6.751468	5.283757	5.185910	6.164384	5.283757	6.262231
1105	12.350598	5.577689	5.976096	5.976096	6.075697	6.374502	4.780876	5.876494
1106	13.287402	6.889764	5.610236	5.314961	5.708661	5.019685	4.724409	6.791339
1107	11.937378	5.675147	5.968689	4.990215	5.968689	5.381605	3.522505	8.023483
1108	10.935961	5.911330	5.911330	5.221675	7.093596	5.418719	4.137931	6.502463
1109	11.326234	6.001936	5.711520	5.421104	6.389158	5.905131	4.162633	6.485963
1110	12.843137	5.980392	5.588235	5.392157	5.686275	5.882353	3.431373	7.254902
1111	12.865497	5.847953	6.920078	6.140351	6.237817	5.750487	4.775828	6.627680
1112	12.079208	5.445545	6.039604	6.237624	7.623762	5.940594	3.861386	5.940594
1113	13.114754	5.303761	5.978785	6.268081	6.364513	6.075217	4.339441	5.882353
1114	11.111111	5.309735	5.506391	4.916421	6.686332	5.604720	4.326450	6.588004
1115	12.160804	6.030151	5.829146	4.623116	5.829146	4.924623	3.718593	6.432161
1116	12.574257	5.346535	6.138614	5.742574	6.534653	5.643564	4.356436	6.039604
1117	12.500000	5.957031	7.031250	5.859375	6.347656	6.347656	5.175781	7.128906
1118	12.770138	5.304519	6.286837	5.009823	5.599214	6.188605	4.518664	6.090373
1119	11.425781	6.152344	6.835938	4.589844	6.250000	5.664062	4.882812	7.421875
1120	13.282002	5.967276	5.774783	5.582291	7.314726	6.063523	4.427334	6.159769
1121	12.324649	5.611222	6.613226	5.711423	6.613226	6.312625	4.809619	6.813627
1122	13.841525	5.917753	6.118355	4.814443	5.616851	5.817452	4.714142	5.616851
1123	12.144956	6.366308	6.268364	4.897160	7.443683	6.268364	4.603330	6.953967
1124	13.163065	5.402750	5.893910	5.304519	5.500982	5.500982	4.420432	5.893910
1125	11.960784	5.882353	5.784314	5.294118	5.490196	5.392157	4.509804	6.666667
1126	12.562313	5.583250	6.580259	4.586241	6.081755	7.078764	4.087737	7.377866
1127	12.792969	5.468750	6.445312	4.882812	6.347656	5.566406	4.296875	6.738281
1128	13.459621	6.081755	5.682951	5.383848	7.477567	5.084746	4.486540	5.982054
1129	12.487805	5.658537	5.658537	6.341463	6.634146	5.560976	4.000000	7.317073
1130	11.782178	5.643564	5.544554	3.960396	6.138614	6.336634	3.960396	6.633663
1131	11.839530	5.870841	5.088063	5.675147	5.870841	5.870841	3.913894	5.968689
1132	14.202335	5.544747	5.155642	5.155642	6.517510	6.809339	4.377432	7.003891
1133	11.957570	5.496625	5.593057	5.110897	5.689489	5.400193	4.918033	6.846673
1134	13.864307	6.293019	5.998033	4.424779	6.588004	5.899705	4.228122	6.981318
1135	11.897738	5.506391	6.293019	4.818092	6.391347	5.899705	4.916421	6.293019
1136	13.194444	5.257937	5.555556	6.349206	5.654762	6.349206	3.968254	7.440476
1137	12.375250	5.788423	5.888224	4.990020	5.389222	4.890220	4.191617	5.688623
1138	13.896987	5.830904	6.705539	4.956268	6.219631	5.539359	3.692906	7.482993
1139	11.806256	5.549950	6.054490	5.852674	6.054490	6.054490	4.843592	5.650858
1140	11.538462	5.226824	5.522682	5.917160	5.818540	5.522682	4.339250	6.903353
1141	13.241107	5.335968	5.533597	5.731225	5.533597	5.928854	4.150198	6.521739
1142	11.804878	5.365854	6.048780	5.560976	5.365854	5.853659	4.780488	6.341463
1143	12.711023	6.454816	5.064548	5.064548	5.461768	5.163853	5.163853	5.858987
1144	11.862745	5.784314	7.156863	4.607843	6.372549	7.058824	4.411765	6.862745
1145	11.262136	5.339806	6.310680	5.145631	6.796117	6.310680	3.883495	6.310680
1146	12.003872	5.033882	5.227493	6.389158	6.485963	5.421104	3.484995	6.389158
1147	11.949070	5.288932	5.876592	4.897160	6.072478	6.268364	4.995103	6.856024
1148	12.549020	5.196078	6.176471	5.490196	6.176471	5.294118	4.117647	6.666667
1149	12.412412	5.205205	5.905906	4.304304	6.406406	6.206206	3.503504	6.906907
1150	13.047712	6.231743	5.647517	4.381694	6.913340	6.329114	4.576436	7.594937
1151	13.021869	5.666004	6.560636	5.168986	6.063618	5.666004	4.174950	6.858847
1152	11.956522	6.324111	5.632411	4.051383	7.213439	5.533597	4.249012	6.225296
1153	10.573123	6.225296	6.422925	6.620553	5.434783	5.434783	3.557312	6.521739
1154	12.549407	5.731225	5.928854	6.027668	6.719368	5.928854	3.952569	6.027668
1155	13.017751	5.522682	5.621302	5.128205	6.410256	5.917160	4.536489	6.114398
1156	13.921569	5.196078	6.176471	5.196078	5.784314	5.882353	5.000000	5.882353
1157	11.730205	5.669599	5.962854	6.451613	5.083089	5.962854	3.616813	6.256109
1158	13.261297	5.893910	5.599214	5.500982	6.385069	5.795678	5.009823	6.286837
1159	12.928501	6.072478	6.072478	6.170421	6.464251	5.190989	5.386876	5.386876
1160	11.976048	5.688623	6.087824	5.788423	5.988024	5.988024	3.792415	6.586826
1161	11.352419	5.824284	6.219151	5.330701	6.021718	6.317868	4.146101	6.120434
1162	12.815534	5.533981	5.533981	5.631068	6.116505	6.407767	4.466019	7.572816
1163	13.226453	6.112224	5.511022	5.010020	6.212425	5.911824	4.909820	7.214429
1164	14.042126	5.416249	6.118355	5.917753	6.218656	6.318957	4.312939	6.318957
1165	12.236710	4.613842	5.416249	5.817452	5.917753	6.720160	4.312939	6.920762
1166	11.465603	5.782652	5.882353	4.586241	5.284148	6.081755	3.688933	6.779661
1167	11.252446	6.066536	5.577299	4.598826	7.436399	5.675147	4.011742	5.675147
1168	11.186114	5.593057	5.785921	6.460945	7.039537	5.110897	4.339441	6.075217
1169	12.252964	5.533597	6.521739	5.434783	6.225296	6.916996	4.347826	5.928854
1170	13.942308	5.576923	6.057692	4.615385	6.153846	5.576923	5.096154	6.634615
1171	12.774451	5.688623	5.389222	4.590818	5.688623	5.888224	4.990020	7.485030
1172	12.937743	5.739300	6.420233	5.252918	6.225681	4.474708	4.182879	5.836576
1173	12.121212	5.180841	5.962854	5.083089	6.549365	5.669599	4.007820	7.820137
1174	11.857708	5.237154	5.138340	5.533597	5.434783	5.928854	3.458498	6.225296
1175	11.923077	5.480769	5.673077	5.096154	5.769231	5.673077	3.942308	6.826923
1176	12.365064	6.182532	5.593719	5.299313	6.967615	6.084396	4.317959	6.476938
1177	13.919052	5.133268	5.824284	5.528134	6.614018	5.824284	4.343534	6.120434
1178	14.522417	7.115010	5.945419	4.970760	7.407407	6.237817	4.873294	6.530214
1179	11.776251	5.299313	5.495584	5.495584	7.163886	6.182532	4.710500	7.458292
1180	10.867398	5.583250	5.682951	6.181456	6.380857	5.583250	4.486540	6.380857
1181	11.394892	5.599214	5.206287	6.090373	5.206287	5.795678	4.322200	6.483301
1182	11.788212	5.994006	5.694306	4.795205	5.194805	5.094905	5.194805	6.693307
1183	11.835507	5.416249	6.419258	4.814443	6.920762	5.616851	3.911735	6.519559
1184	12.278978	5.108055	5.206287	4.616896	5.599214	5.795678	4.420432	4.813360
1185	12.648221	5.335968	5.830040	4.150198	6.521739	6.719368	3.853755	6.719368
1186	13.406157	5.362463	6.156902	4.766634	5.263158	6.256207	4.667329	7.348560
1187	12.291052	5.014749	5.604720	5.211406	7.669617	6.784661	4.228122	5.899705
1188	12.156863	5.392157	5.784314	5.882353	6.764706	6.862745	4.117647	7.352941
1189	12.712713	5.405405	7.307307	4.904905	5.805806	6.406406	5.105105	5.805806
1190	11.220472	6.200787	5.708661	5.216535	8.070866	6.003937	4.035433	7.283465
1191	12.011719	4.882812	6.347656	4.882812	5.468750	5.664062	4.101562	6.933594
1192	11.488511	5.094905	5.694306	4.695305	6.693307	7.092907	4.195804	5.794206
1193	12.226640	6.361829	6.361829	5.566600	7.256461	6.361829	3.976143	7.157058
1194	13.241107	5.632411	6.225296	4.644269	5.731225	5.533597	4.249012	6.719368
1195	12.218964	5.571848	5.474096	5.083089	7.331378	6.158358	4.203324	6.060606
1196	13.473054	4.990020	5.489022	4.491018	6.087824	5.988024	3.992016	6.786427
1197	12.599206	6.250000	6.448413	5.555556	6.448413	5.555556	3.571429	6.250000
1198	12.475248	5.247525	5.346535	4.356436	6.534653	6.633663	4.059406	5.841584
1199	11.844660	5.922330	5.242718	6.796117	5.339806	6.116505	4.077670	6.213592
1200	13.073171	6.341463	5.756098	4.878049	7.512195	6.243902	4.390244	6.243902
1201	12.807882	5.615764	5.517241	5.812808	6.108374	6.009852	4.039409	6.108374
1202	13.457760	5.500982	5.500982	4.616896	6.679764	5.697446	4.518664	7.072692
1203	12.340842	5.582762	6.562194	5.778648	6.464251	5.876592	4.701273	6.464251
1204	12.316716	4.985337	5.376344	5.962854	6.060606	6.060606	4.007820	5.865103
1205	12.173038	5.633803	6.136821	5.935614	6.639839	5.432596	4.527163	5.835010
1206	13.134328	4.477612	6.368159	5.074627	7.761194	5.174129	4.179104	6.268657
1207	11.689587	6.286837	6.188605	4.518664	5.108055	5.599214	4.125737	6.876228
1208	13.951220	5.951220	6.146341	4.878049	6.146341	6.048780	4.585366	8.487805
1209	11.949070	5.386876	5.778648	4.995103	6.856024	5.386876	5.093046	5.876592
1210	11.285574	6.084396	5.986261	4.808636	6.476938	5.103042	4.121688	6.771344
1211	12.922465	5.964215	5.168986	5.467197	6.560636	5.864811	4.771372	7.256461
1212	12.178218	5.544554	5.841584	5.049505	6.138614	5.940594	4.554455	6.633663
1213	13.346228	5.802708	6.673114	5.899420	5.899420	5.319149	5.319149	6.576402
1214	11.425781	6.152344	5.664062	5.371094	6.347656	6.054688	5.175781	6.152344
1215	13.636364	5.632411	6.620553	4.545455	6.324111	5.928854	4.743083	8.003953
1216	12.931885	5.528134	6.515301	5.429418	6.416584	6.614018	4.935834	7.008885
1217	11.595639	5.946482	5.649158	6.144698	5.450942	6.342914	4.459861	6.243806
1218	12.218964	5.865103	6.842620	4.887586	6.940371	6.647116	4.203324	7.429130
1219	11.879260	5.647517	5.647517	5.258033	5.355404	6.231743	3.797468	6.718598
1220	12.242899	6.072478	6.170421	5.974535	7.051910	5.190989	4.701273	6.758080
1221	11.839530	5.675147	5.185910	5.185910	5.870841	6.751468	4.500978	7.240705
1222	11.886051	5.009823	5.697446	5.206287	5.009823	5.992141	4.420432	6.679764
1223	11.793855	6.045590	5.351833	5.351833	6.541130	5.748266	4.558969	6.144698
1224	11.976631	5.842259	6.329114	4.965920	5.842259	6.426485	3.992210	6.913340
1225	11.164581	5.774783	6.448508	6.352262	6.352262	5.678537	4.812320	6.544755
1226	12.961117	5.982054	5.483549	5.483549	5.284148	4.985045	4.586241	5.583250
1227	12.966601	5.697446	6.679764	4.911591	5.599214	6.286837	4.715128	7.072692
1228	12.803104	5.431620	6.013579	5.625606	6.789525	6.110572	4.558681	6.013579
1229	11.679537	5.598456	5.888031	4.536680	5.694981	5.888031	4.247104	6.756757
1230	12.150434	5.400193	6.460945	5.689489	6.557377	6.171649	4.050145	6.171649
1231	12.204724	5.118110	5.610236	5.905512	6.397638	5.511811	4.035433	6.496063
1232	12.684366	6.489676	5.899705	6.391347	5.703048	5.604720	4.129794	5.998033
1233	11.243781	4.875622	5.174129	6.169154	6.965174	5.970149	4.776119	5.671642
1234	13.618290	5.367793	5.367793	6.461233	7.455268	5.765408	4.174950	7.256461
1235	12.865497	5.555556	6.042885	5.263158	7.115010	6.627680	5.068226	6.335283
1236	11.690821	5.120773	5.314010	5.797101	5.603865	5.990338	4.734300	6.956522
1237	12.204724	6.003937	5.708661	5.216535	6.988189	5.708661	4.429134	6.988189
1238	11.044776	4.776119	5.174129	5.373134	7.363184	6.268657	4.577114	6.069652
1239	12.047013	5.288932	5.974535	5.190989	5.386876	4.897160	4.407444	5.876592
1240	12.475248	5.049505	5.643564	6.633663	5.643564	6.435644	4.257426	6.237624
1241	12.584705	4.937076	5.517909	5.808325	6.679574	5.808325	4.937076	7.454017
1242	11.839530	6.164384	6.262231	5.870841	7.045010	6.262231	4.892368	6.457926
1243	12.709360	5.812808	5.615764	6.009852	7.093596	6.009852	4.926108	7.192118
1244	12.696850	6.594488	6.692913	5.314961	5.216535	6.200787	4.527559	5.610236
1245	12.399194	5.846774	6.350806	5.645161	6.451613	6.451613	4.737903	6.250000
1246	11.671612	6.231454	5.934718	5.341246	5.934718	5.835806	4.549951	7.022750
1247	11.406096	4.818092	5.506391	5.309735	6.096362	5.211406	3.736480	6.194690
1248	12.588117	6.042296	7.049345	6.042296	6.243706	6.445116	4.431017	6.847936
1249	11.799410	6.489676	6.489676	5.014749	6.784661	5.899705	4.228122	6.882989
1250	11.916584	5.362463	5.858987	6.355511	7.249255	5.958292	4.568024	5.759682
1251	12.082515	5.206287	6.777996	5.206287	5.304519	5.795678	3.929273	6.974460
1252	11.988304	5.653021	6.140351	5.750487	6.627680	7.115010	3.898635	6.627680
1253	11.345382	5.622490	5.923695	5.722892	7.429719	5.220884	3.915663	5.622490
1254	13.207547	6.156902	6.554121	5.759682	5.958292	6.454816	4.170804	7.249255
1255	12.047013	5.190989	5.680705	6.072478	7.247796	6.268364	4.015671	6.268364
1256	11.078431	5.588235	6.568627	5.784314	6.372549	5.588235	4.607843	6.470588
1257	13.176008	5.703048	6.293019	5.113078	5.998033	5.014749	3.834808	6.588004
1258	12.088975	5.319149	5.415861	4.545455	6.286267	6.189555	4.158607	7.543520
1259	12.187812	5.594406	5.694306	4.495504	5.494505	5.294705	5.094905	5.794206
1260	12.759644	5.637982	5.835806	5.637982	6.033630	5.637982	4.549951	6.429278
1261	11.439842	6.213018	5.917160	5.325444	5.917160	6.015779	4.635108	6.903353
1262	11.846002	5.725568	5.528134	5.725568	5.429418	5.725568	3.553801	5.923001
1263	12.100678	6.292352	6.001936	6.098742	5.905131	4.646660	4.743466	6.098742
1264	13.017751	5.818540	6.213018	5.226824	6.508876	5.719921	5.226824	6.706114
1265	13.346614	6.075697	5.776892	5.378486	6.573705	5.677291	4.382470	6.474104
1266	12.462908	5.242334	5.242334	5.637982	7.022750	5.637982	4.549951	7.220574
1267	11.100000	5.300000	5.700000	5.300000	7.100000	5.700000	3.500000	6.400000
1268	14.749263	5.998033	5.899705	6.096362	6.096362	5.408063	5.506391	7.276303
1269	13.510848	5.917160	5.424063	5.226824	5.424063	6.114398	4.339250	6.114398
1270	11.339198	6.158358	6.060606	4.692082	6.451613	5.767351	4.398827	7.233627
1271	12.718447	5.145631	5.436893	5.728155	5.728155	5.825243	4.466019	5.922330
1272	12.524462	5.479452	5.675147	5.185910	6.947162	6.653620	3.522505	7.436399
1273	13.600000	4.800000	5.700000	5.200000	6.300000	5.300000	4.500000	6.800000
1274	12.915851	6.164384	5.479452	5.479452	6.555773	5.283757	4.109589	6.164384
1275	13.853659	5.853659	6.439024	5.073171	8.097561	5.853659	4.585366	6.243902
1276	12.088975	5.705996	5.319149	5.125725	6.286267	6.189555	4.158607	6.673114
1277	13.216715	5.733722	5.636540	5.830904	5.733722	6.413994	4.664723	6.413994
1278	13.492063	5.753968	5.952381	4.861111	5.357143	6.448413	5.257937	6.845238
1279	12.634672	6.562194	7.149853	5.484819	5.974535	6.464251	3.819785	8.129285
1280	10.979228	6.033630	5.736894	5.637982	5.539070	6.330366	4.154303	7.220574
1281	12.787213	6.093906	6.793207	5.094905	8.491508	5.494505	4.495504	5.994006
1282	12.058824	5.196078	6.274510	5.392157	6.274510	5.294118	5.196078	6.568627
1283	13.663366	5.346535	5.247525	5.544554	6.237624	6.336634	4.059406	6.435644
1284	13.752456	5.697446	5.795678	4.813360	6.679764	6.286837	4.125737	5.893910
1285	11.067581	5.190989	5.876592	4.603330	6.953967	6.170421	3.819785	6.366308
1286	12.463486	5.063291	5.258033	5.939630	5.452775	6.134372	3.894839	6.815969
1287	13.748764	5.835806	5.539070	4.945598	6.726014	6.132542	4.945598	6.627102
1288	12.714430	5.650858	5.751766	4.742684	6.054490	5.751766	5.146317	7.063572
1289	12.463768	5.314010	5.700483	4.927536	6.570048	6.183575	3.574879	7.632850
1290	12.931885	5.626851	5.231984	6.317868	6.910168	5.034551	4.540967	5.824284
1291	13.614104	5.876592	5.778648	4.799216	6.366308	5.386876	4.799216	7.149853
1292	12.277228	5.643564	6.237624	5.940594	5.445545	6.336634	4.257426	6.633663
1293	11.701082	5.408063	5.211406	4.523107	6.588004	5.506391	4.621436	6.686332
1294	11.056269	4.639684	5.429418	5.824284	6.219151	5.626851	4.540967	6.219151
1295	12.562313	6.480558	6.380857	4.885344	6.879362	5.383848	5.084746	6.380857
1296	10.882353	5.490196	6.274510	4.607843	6.764706	5.882353	4.019608	6.274510
1297	11.717974	6.057597	5.362463	4.468719	6.653426	5.759682	3.773585	6.852036
1298	12.424850	5.711423	5.010020	4.709419	5.511022	5.611222	3.907816	7.214429
1299	11.422846	5.711423	6.212425	5.310621	5.911824	5.811623	4.008016	5.511022
1300	12.780488	5.463415	6.243902	5.268293	6.634146	6.048780	4.000000	6.731707
1301	12.660732	5.341246	6.824926	5.044510	5.539070	6.033630	3.758655	8.110781
1302	13.782991	5.962854	6.940371	4.985337	7.038123	5.571848	4.496579	7.624633
1303	13.168317	5.742574	5.940594	4.059406	5.544554	6.039604	5.445545	6.831683
1304	13.173653	5.289421	5.588822	5.389222	6.387226	6.986028	4.091816	5.788423
1305	10.958904	5.870841	6.360078	5.870841	7.142857	5.675147	4.207436	6.751468
1306	10.932798	6.619860	6.018054	5.115346	6.519559	5.717151	3.711133	6.820461
1307	12.437312	5.215647	5.215647	4.814443	5.917753	5.516550	4.513541	7.422267
1308	13.614104	5.288932	5.680705	6.170421	6.758080	6.170421	4.407444	6.758080
1309	11.983887	4.934542	5.538771	5.438066	6.243706	5.941591	4.531722	5.740181
1310	12.094395	5.604720	6.194690	4.621436	6.686332	5.309735	3.933137	7.079646
1311	11.864407	6.679960	6.081755	5.383848	6.779661	5.982054	4.287139	6.281157
1312	12.807882	6.108374	6.305419	5.221675	6.305419	5.911330	4.630542	6.305419
1313	12.537313	5.870647	6.368159	5.074627	8.358209	5.472637	4.179104	6.069652
1314	11.976631	5.063291	5.647517	5.160662	7.497566	5.160662	4.771178	5.744888
1315	13.306852	5.858987	6.454816	6.256207	5.858987	6.057597	4.468719	6.057597
1316	11.916584	5.561072	4.865938	5.561072	5.561072	5.064548	4.170804	6.653426
1317	12.171373	5.939630	6.426485	6.037001	6.718598	5.550146	4.965920	6.718598
1318	11.817279	5.163853	5.163853	4.965243	6.057597	5.958292	4.170804	5.759682
1319	13.542689	6.673209	6.280667	4.219823	6.182532	6.084396	4.906771	6.182532
1320	12.355212	5.019305	5.984556	4.729730	7.335907	5.791506	3.571429	6.177606
1321	11.462451	6.225296	6.422925	4.743083	7.213439	5.830040	4.249012	6.620553
1322	12.425447	5.467197	5.566600	5.367793	6.361829	5.367793	3.180915	6.262425
1323	11.793372	6.237817	5.555556	4.288499	7.115010	5.458090	4.191033	7.212476
1324	12.275449	5.289421	6.087824	6.786427	5.688623	5.888224	4.491018	6.387226
1325	13.758724	5.284148	6.380857	4.885344	6.081755	7.078764	4.386839	6.779661
1326	12.168793	5.789990	6.280667	5.103042	5.495584	5.495584	4.219823	6.673209
1327	12.512124	5.819593	5.916586	5.722599	6.983511	5.625606	5.528613	7.662464
1328	12.390244	5.658537	7.024390	5.463415	6.439024	5.756098	4.487805	6.146341
1329	12.340842	5.680705	5.876592	4.407444	5.582762	5.582762	3.917728	7.737512
1330	11.411411	5.805806	6.106106	5.105105	6.006006	5.905906	4.904905	6.206206
1331	11.295034	5.258033	6.913340	5.550146	6.718598	5.647517	3.700097	6.426485
1332	13.820336	5.824284	5.528134	5.528134	6.021718	6.021718	4.146101	7.008885
1333	11.592742	5.645161	6.149194	5.040323	6.754032	5.443548	4.032258	6.754032
1334	13.113113	6.006006	6.306306	5.205205	5.605606	5.305305	5.105105	6.706707
1335	12.893701	6.200787	5.905512	6.496063	6.791339	5.905512	4.133858	6.692913
1336	13.457760	5.599214	5.893910	4.911591	5.893910	6.679764	3.536346	6.483301
1337	12.051793	5.478088	5.677291	5.179283	6.474104	5.378486	4.780876	5.776892
1338	12.306202	5.717054	5.620155	5.232558	7.558140	6.782946	4.748062	6.782946
1339	11.143695	5.571848	6.549365	5.180841	7.429130	5.083089	3.714565	7.429130
1340	13.992172	5.577299	5.968689	4.794521	5.870841	5.870841	4.305284	6.653620
1341	12.696850	5.216535	6.200787	5.019685	5.708661	5.708661	4.133858	6.200787
1342	12.833169	5.824284	7.107601	5.034551	6.219151	6.416584	4.837117	6.712734
1343	12.768031	6.432749	5.653021	5.945419	5.945419	5.847953	4.191033	5.165692
1344	12.820513	5.522682	5.424063	5.325444	5.226824	5.424063	4.142012	6.114398
1345	14.774951	5.381605	6.849315	4.892368	6.066536	4.892368	5.283757	6.653620
1346	13.201970	5.714286	6.305419	5.221675	6.206897	5.024631	4.532020	6.305419
1347	13.281250	5.566406	6.054688	5.664062	7.421875	5.761719	4.882812	6.933594
1348	13.078471	5.432596	6.539235	6.237425	7.545272	6.438632	4.124748	6.036217
1349	12.254902	5.784314	6.274510	5.882353	5.980392	6.568627	4.215686	6.862745
1350	12.055336	5.830040	6.324111	5.039526	6.916996	5.632411	4.347826	6.521739
1351	12.684366	5.604720	6.588004	5.801377	7.177974	6.391347	4.228122	6.489676
1352	12.200000	5.800000	5.500000	4.200000	6.700000	6.800000	3.900000	7.300000
1353	12.573674	6.876228	6.188605	4.911591	6.090373	5.206287	5.009823	6.679764
1354	13.452028	5.341246	5.440158	6.132542	6.528190	5.440158	5.044510	6.330366
1355	12.732615	5.288932	6.170421	5.386876	6.758080	6.268364	3.721841	6.660137
1356	13.872255	5.988024	6.786427	4.491018	6.686627	6.387226	4.091816	7.185629
1357	12.830558	6.072478	6.856024	4.897160	6.072478	6.856024	4.505387	7.345739
1358	12.439261	5.830904	5.539359	5.928086	6.122449	4.859086	4.373178	5.344995
1359	12.599206	5.555556	5.952381	5.555556	6.547619	5.456349	4.166667	6.845238
1360	12.115194	5.263158	6.156902	4.766634	6.653426	5.263158	3.773585	6.852036
1361	11.523046	5.811623	6.713427	4.709419	5.711423	6.513026	4.609218	6.513026
1362	12.352941	6.470588	5.784314	5.098039	5.980392	5.392157	4.411765	5.980392
1363	11.241447	5.083089	5.962854	6.549365	6.158358	5.865103	4.301075	6.549365
1364	12.755599	5.744888	5.160662	5.160662	6.037001	5.160662	4.965920	7.692308
1365	11.630219	5.765408	5.268390	5.367793	7.554672	5.268390	5.069583	5.765408
1366	11.144279	5.472637	6.069652	5.373134	6.368159	5.572139	4.378109	8.159204
1367	11.735700	5.917160	6.410256	6.508876	6.213018	5.621302	3.944773	6.114398
1368	13.346228	6.092843	5.705996	5.996132	5.609284	4.932302	5.029014	6.769826
1369	13.017751	6.508876	6.410256	5.325444	6.311637	6.114398	3.648915	6.114398
1370	12.121212	6.256109	5.278592	5.669599	6.940371	5.571848	4.203324	5.767351
1371	13.667650	5.604720	6.293019	4.031465	5.703048	5.801377	3.834808	6.882989
1372	12.968300	5.859750	6.340058	4.707012	7.012488	5.475504	4.418828	7.300672
1373	13.196481	5.865103	5.571848	5.865103	6.353861	5.474096	4.496579	5.962854
1374	12.106299	5.807087	5.019685	5.807087	6.889764	5.413386	4.035433	6.988189
1375	12.812813	6.006006	5.805806	3.903904	6.406406	4.504505	3.603604	6.906907
1376	12.621359	4.951456	4.951456	5.728155	6.504854	5.048544	4.466019	6.019417
1377	13.614104	5.484819	6.170421	5.093046	5.876592	5.288932	4.799216	6.464251
1378	13.145083	5.452775	5.939630	4.868549	6.621227	4.576436	3.213242	6.231743
1379	13.235294	5.098039	5.392157	6.372549	6.960784	5.588235	4.607843	6.568627
1380	12.611718	5.362463	5.759682	5.362463	7.348560	5.461768	4.468719	6.156902
1381	12.180747	5.108055	5.206287	4.813360	6.286837	5.893910	4.518664	7.170923
1382	11.747285	6.120434	5.923001	4.837117	6.219151	6.021718	4.540967	6.712734
1383	13.137255	5.392157	6.470588	5.392157	5.980392	5.686275	4.509804	5.784314
1384	12.621359	5.242718	6.116505	6.504854	5.436893	6.019417	4.563107	7.281553
1385	12.011719	6.054688	6.054688	4.492188	5.859375	5.761719	3.808594	6.835938
1386	11.646586	6.024096	6.224900	5.622490	5.522088	5.722892	4.116466	5.120482
1387	11.992263	6.576402	6.479691	6.286267	7.736944	5.319149	4.352031	7.446809
1388	13.742690	6.237817	6.530214	5.945419	6.335283	5.165692	5.068226	6.627680
1389	10.991168	5.691855	6.280667	7.065751	6.378803	5.691855	4.710500	6.182532
1390	12.388503	5.748266	5.946482	6.342914	7.532210	5.153617	3.766105	5.649158
1391	13.181368	5.748266	5.550050	4.558969	6.342914	6.640238	4.162537	7.532210
1392	13.176008	5.506391	6.391347	4.916421	5.801377	6.293019	4.424779	6.391347
1393	12.136409	6.419258	5.115346	4.513541	7.321966	5.817452	4.613842	5.817452
1394	11.805556	5.456349	6.051587	6.051587	6.349206	5.257937	3.670635	5.357143
1395	11.033797	5.467197	5.765408	5.367793	7.256461	6.461233	4.373757	7.554672
1396	12.278978	5.304519	6.286837	5.402750	5.402750	6.777996	4.322200	5.500982
1397	11.688312	5.094905	4.995005	5.994006	6.993007	5.694306	3.996004	6.393606
1398	11.665005	6.081755	5.583250	5.284148	7.078764	5.184447	4.386839	6.979063
1399	12.159533	5.155642	6.322957	6.225681	6.322957	5.058366	4.863813	6.614786
1400	12.500000	5.371094	6.347656	5.078125	6.542969	6.347656	4.492188	6.445312
1401	13.438735	5.237154	6.225296	5.039526	6.225296	5.434783	4.545455	5.731225
1402	12.807882	5.320197	5.615764	5.221675	6.305419	6.206897	3.842365	6.403941
1403	12.242899	4.995103	6.464251	5.190989	7.345739	5.876592	4.407444	7.149853
1404	12.770138	5.697446	6.286837	4.518664	7.760314	5.697446	4.322200	6.483301
1405	11.648569	4.837117	6.219151	4.738401	6.120434	6.317868	3.948667	7.403751
1406	13.500482	5.400193	5.593057	5.207329	6.653809	5.689489	4.146577	6.943105
1407	13.565891	5.910853	5.038760	5.232558	6.589147	5.523256	5.523256	7.267442
1408	12.427184	6.116505	5.631068	4.660194	6.019417	6.019417	3.980583	7.572816
1409	12.903226	5.376344	5.571848	5.571848	6.451613	5.767351	4.496579	6.060606
1410	13.242454	5.550146	6.815969	4.868549	6.231743	6.037001	4.771178	6.523856
1411	10.510806	5.402750	5.893910	6.188605	6.581532	5.108055	4.518664	6.581532
1412	13.379584	5.252725	6.442022	5.748266	6.442022	5.748266	4.360753	6.144698
1413	11.876248	5.988024	5.988024	5.489022	6.287425	6.287425	3.892216	6.886228
1414	11.564626	5.053450	6.413994	6.025267	7.094266	6.219631	4.470360	5.733722
1415	11.694747	6.442022	5.748266	4.955401	5.649158	5.649158	5.450942	6.640238
1416	13.039216	5.784314	5.980392	5.000000	7.058824	5.784314	4.411765	7.450980
1417	13.124388	4.701273	5.876592	4.897160	6.562194	6.562194	4.505387	6.366308
1418	11.793372	5.555556	5.653021	4.580897	6.237817	5.750487	5.263158	5.750487
1419	11.724138	5.714286	5.615764	5.024631	5.615764	5.911330	3.842365	6.502463
1420	12.845850	5.830040	6.422925	5.237154	7.509881	5.632411	4.347826	6.916996
1421	13.126253	6.012024	5.410822	5.110220	7.314629	5.811623	4.008016	6.713427
1422	13.281250	6.445312	5.664062	4.687500	6.347656	5.078125	4.589844	6.054688
1423	13.090551	5.511811	5.708661	5.610236	5.807087	5.413386	3.838583	6.594488
1424	11.496531	6.342914	4.955401	5.252725	8.225966	5.252725	4.261645	6.640238
1425	13.214990	5.325444	5.818540	5.029586	5.522682	5.128205	3.944773	7.001972
1426	13.034826	5.771144	5.671642	4.975124	5.273632	5.771144	4.477612	5.771144
1427	11.758989	6.608358	6.122449	4.567541	6.511176	5.636540	4.373178	6.608358
1428	14.056225	5.522088	5.421687	5.020080	5.823293	5.823293	5.020080	6.024096
1429	13.039216	6.078431	5.490196	5.490196	6.764706	5.588235	4.607843	5.980392
1430	12.389381	5.113078	5.604720	4.916421	5.899705	5.998033	4.621436	7.079646
1431	13.765978	5.703048	5.211406	5.309735	6.391347	5.014749	4.129794	7.276303
1432	12.218964	5.376344	7.038123	5.474096	6.744868	6.060606	4.692082	5.962854
1433	12.928501	5.484819	5.190989	6.072478	6.268364	5.680705	4.309500	6.072478
1434	11.209440	6.096362	5.703048	5.506391	6.096362	5.604720	4.129794	6.882989
1435	11.339198	5.474096	6.647116	5.180841	7.233627	5.865103	4.594330	5.865103
1436	14.171657	5.988024	5.688623	3.992016	5.888224	4.990020	3.792415	7.085828
1437	11.176471	5.784314	6.274510	4.705882	5.686275	5.490196	4.607843	5.980392
1438	12.425447	5.765408	5.566600	5.566600	5.864811	4.771372	4.671968	6.958250
1439	12.732615	6.170421	7.149853	4.603330	6.856024	5.190989	4.505387	6.953967
1440	11.374876	6.033630	6.132542	5.143422	5.736894	5.143422	3.560831	6.429278
1441	12.950341	5.939630	5.939630	5.550146	6.037001	4.673807	4.381694	7.205453
1442	11.121857	4.932302	6.769826	5.319149	5.899420	6.189555	4.255319	6.382979
1443	12.487512	5.694306	5.894106	5.094905	7.592408	6.693307	4.495504	7.392607
1444	12.375250	6.586826	7.285429	5.489022	4.990020	5.189621	3.493014	5.888224
1445	12.753623	6.666667	6.666667	5.314010	6.473430	5.893720	4.734300	5.797101
1446	11.251212	5.916586	6.692532	5.237633	6.789525	5.043647	4.170708	6.789525
1447	12.512513	6.306306	5.905906	4.604605	7.107107	4.804805	4.704705	6.806807
1448	12.031558	7.001972	6.213018	4.240631	5.522682	5.621302	4.437870	6.706114
1449	11.764706	5.496625	5.496625	5.207329	5.593057	5.785921	4.821601	7.039537
1450	12.900097	6.207565	6.498545	5.916586	5.334627	5.140640	4.364694	6.692532
1451	12.714430	5.247225	6.659939	5.549950	5.852674	6.861756	3.531786	6.659939
1452	12.275449	6.187625	4.990020	5.189621	6.986028	5.788423	4.291417	6.187625
1453	12.292683	5.560976	6.926829	6.341463	5.853659	5.756098	4.878049	6.829268
1454	13.320274	5.680705	5.778648	5.190989	7.345739	5.190989	4.113614	6.758080
1455	11.724138	5.615764	5.714286	4.334975	6.305419	5.615764	3.645320	6.305419
1456	13.326752	5.528134	5.626851	5.034551	6.219151	6.021718	5.824284	6.910168
1457	12.084592	5.438066	6.344411	5.337362	6.445116	5.639476	4.330312	6.545821
1458	12.019704	5.024631	5.123153	6.403941	7.586207	5.714286	4.532020	6.009852
1459	12.023460	5.767351	6.256109	6.940371	5.767351	5.669599	4.789834	5.962854
1460	11.949070	5.386876	5.484819	5.876592	5.974535	5.974535	3.819785	7.345739
1461	13.022352	5.636540	6.219631	5.733722	5.247813	5.150632	3.984451	7.385811
1462	12.166172	6.132542	6.231454	5.143422	5.934718	5.934718	4.055391	7.022750
1463	12.003872	6.001936	6.292352	6.098742	7.163601	5.711520	4.065828	6.389158
1464	11.576846	5.289421	5.788423	4.790419	6.287425	5.289421	3.692615	6.387226
1465	13.300000	5.300000	6.300000	5.900000	6.100000	5.500000	4.200000	6.600000
1466	12.265084	5.835806	6.330366	5.341246	5.934718	6.231454	5.242334	7.517310
1467	13.470993	6.096362	6.293019	5.014749	7.374631	5.998033	4.818092	6.489676
1468	13.288070	6.013579	5.528613	5.140640	6.789525	5.625606	3.976722	6.110572
1469	11.178248	5.639476	5.337362	5.840886	5.941591	5.639476	3.726083	7.049345
1470	10.644531	5.175781	6.054688	5.761719	7.421875	5.957031	3.417969	6.542969
1471	13.586414	5.594406	6.593407	4.795205	6.093906	6.093906	4.095904	6.593407
1472	12.720157	5.283757	5.185910	5.185910	6.262231	6.457926	4.990215	7.240705
1473	11.278953	6.747231	6.243706	5.438066	5.236657	5.438066	4.531722	7.049345
1474	12.139303	5.970149	6.169154	5.273632	6.467662	5.273632	4.378109	6.666667
1475	11.515748	5.511811	6.496063	5.216535	5.708661	6.299213	4.625984	5.807087
1476	11.459354	5.386876	5.974535	4.799216	6.758080	6.072478	4.015671	6.660137
1477	12.265084	5.539070	5.736894	5.736894	8.011869	5.637982	4.253215	6.824926
1478	11.394892	5.599214	5.304519	5.599214	5.599214	5.893910	4.518664	6.679764
1479	12.562814	5.326633	5.025126	4.824121	5.628141	5.025126	3.819095	6.934673
1480	12.855741	5.495584	6.084396	4.612365	7.163886	6.378803	4.416094	6.967615
1481	13.574219	5.566406	6.347656	5.761719	6.054688	5.957031	3.710938	6.347656
1482	11.980198	5.247525	5.148515	6.039604	6.534653	6.039604	3.861386	5.742574
1483	12.833169	5.330701	5.824284	4.639684	6.219151	6.021718	4.540967	6.712734
1484	14.187192	5.714286	5.714286	4.334975	6.502463	5.221675	4.236453	6.896552
1485	12.903226	5.376344	5.962854	4.496579	6.940371	7.331378	4.105572	7.233627
1486	12.548638	5.739300	5.933852	6.031128	6.225681	7.490272	4.280156	6.906615
1487	10.355030	5.325444	5.325444	6.114398	6.213018	5.424063	5.029586	6.706114
1488	11.439842	6.213018	6.114398	6.015779	6.706114	5.522682	3.846154	6.706114
1489	13.013699	5.577299	6.262231	4.207436	6.555773	5.968689	4.696673	6.164384
1490	12.106299	5.610236	6.692913	5.118110	7.381890	6.299213	4.822835	6.397638
1491	12.500000	5.905512	5.905512	5.019685	7.480315	6.496063	3.838583	6.397638
1492	13.654618	5.923695	5.823293	4.919679	5.220884	6.224900	4.216867	5.722892
1493	11.735700	6.213018	6.508876	5.719921	6.410256	5.818540	4.930966	6.607495
1494	12.351779	6.521739	6.126482	6.027668	6.719368	5.138340	3.063241	5.533597
1495	11.277445	5.688623	6.686627	5.189621	5.588822	5.688623	4.291417	5.988024
1496	13.181368	5.450942	6.937562	4.757185	6.739346	6.045590	5.153617	5.847374
1497	12.178218	5.544554	6.534653	4.356436	5.940594	5.544554	4.455446	6.039604
1498	13.261297	6.090373	5.599214	6.090373	6.188605	5.500982	3.634578	7.170923
1499	10.912698	6.051587	6.448413	6.150794	6.349206	6.349206	4.166667	5.257937
1500	13.241107	5.335968	5.039526	5.731225	5.237154	5.434783	5.335968	7.312253
1501	12.378168	5.165692	6.140351	5.458090	5.750487	5.945419	4.288499	7.407407
1502	11.947791	5.421687	5.722892	6.325301	5.421687	4.819277	3.815261	5.522088
1503	12.524462	5.381605	5.870841	5.577299	6.751468	7.142857	4.403131	6.360078
1504	13.068732	5.711520	5.517909	5.324298	6.098742	4.549855	4.162633	6.873185
1505	12.463199	6.084396	5.691855	5.299313	6.182532	5.888126	4.023553	6.869480
1506	12.221145	5.722599	6.304559	5.722599	6.886518	6.595538	4.655674	6.013579
1507	13.392857	5.753968	6.349206	5.555556	6.746032	5.952381	4.662698	7.837302
1508	12.573674	5.599214	5.500982	5.009823	7.956778	5.402750	4.715128	7.072692
1509	13.242454	5.550146	5.939630	4.868549	6.621227	5.744888	4.868549	7.010711
1510	13.188976	5.610236	5.511811	4.921260	6.299213	5.708661	4.822835	6.594488
1511	12.301587	5.456349	5.952381	5.257937	6.746032	6.250000	4.464286	6.250000
1512	12.200000	6.300000	6.200000	6.200000	6.200000	6.100000	4.300000	6.200000
1513	12.621359	5.631068	6.019417	5.631068	6.601942	4.951456	4.466019	6.407767
1514	11.078717	6.413994	5.830904	5.247813	6.025267	6.316812	3.790087	6.705539
1515	12.875121	6.292352	6.098742	5.711520	6.485963	5.905131	4.065828	5.614714
1516	11.930165	5.140640	6.110572	4.849661	5.334627	6.110572	4.752667	6.498545
1517	12.912621	6.796117	5.825243	5.533981	6.116505	5.922330	5.048544	6.310680
1518	11.944719	5.824284	5.725568	5.626851	6.120434	5.923001	4.639684	6.910168
1519	13.359528	5.500982	5.697446	4.715128	6.090373	5.893910	4.322200	6.188605
1520	12.224449	5.310621	5.911824	5.110220	6.212425	5.811623	5.210421	6.913828
1521	12.868369	5.402750	5.992141	6.188605	6.876228	5.402750	4.322200	6.777996
1522	12.803104	5.916586	6.013579	5.043647	6.789525	5.528613	4.558681	6.304559
1523	13.803376	5.660377	5.958292	4.965243	6.156902	5.362463	4.865938	5.461768
1524	12.462612	5.982054	5.682951	4.985045	5.982054	5.882353	4.486540	6.480558
1525	13.431373	5.784314	5.294118	5.490196	6.764706	5.784314	4.901961	6.078431
1526	10.784314	5.294118	5.882353	5.980392	6.470588	5.882353	4.607843	6.176471
1527	12.709360	5.812808	5.812808	5.320197	6.699507	6.403941	3.645320	5.911330
1528	13.163065	5.599214	5.599214	4.813360	5.108055	4.616896	4.518664	5.795678
1529	13.052209	5.823293	6.024096	6.124498	6.526104	5.722892	4.518072	5.722892
1530	13.859480	5.486044	5.967276	5.101059	6.929740	5.967276	4.427334	6.544755
1531	13.286713	5.994006	6.093906	4.595405	7.192807	5.994006	5.194805	6.793207
1532	12.207031	5.859375	4.785156	6.640625	6.152344	5.957031	3.808594	7.226562
1533	11.980198	5.742574	5.544554	5.247525	6.138614	4.752475	3.861386	6.732673
1534	12.734452	5.429418	5.429418	5.330701	5.923001	6.614018	4.540967	6.614018
1535	12.236710	5.416249	5.616851	5.015045	6.920762	6.218656	5.416249	5.115346
1536	12.156863	5.784314	6.764706	5.098039	5.392157	5.588235	4.607843	5.882353
1537	11.730205	5.474096	5.767351	6.060606	6.842620	5.474096	4.594330	6.549365
1538	12.749004	4.880478	5.976096	4.183267	7.968127	5.478088	4.183267	5.976096
1539	11.827957	5.180841	5.962854	5.767351	6.060606	6.060606	4.789834	6.256109
1540	12.050534	5.733722	5.636540	4.956268	5.733722	5.636540	4.081633	5.830904
1541	12.313803	6.554121	5.858987	4.568024	5.561072	4.965243	4.170804	7.944389
1542	12.941176	5.980392	5.490196	4.019608	5.980392	5.686275	4.411765	7.549020
1543	12.287712	6.093906	5.894106	4.895105	6.593407	5.794206	4.495504	5.394605
1544	13.444553	6.280667	5.201178	4.023553	7.458292	6.771344	4.612365	6.182532
1545	11.260828	6.352262	5.293551	6.159769	5.293551	5.582291	3.946102	6.929740
1546	12.374245	6.438632	5.432596	4.527163	6.438632	6.237425	4.929577	5.835010
1547	11.717974	5.362463	6.355511	5.163853	5.858987	5.461768	3.872890	5.759682
1548	12.178218	5.742574	6.237624	4.752475	6.237624	5.841584	4.158416	6.831683
1549	11.534702	5.669599	5.669599	5.180841	5.474096	6.060606	4.398827	6.744868
1550	12.228797	5.719921	5.818540	4.832347	5.917160	5.818540	4.142012	6.114398
1551	13.163065	5.304519	5.206287	5.402750	7.269155	6.188605	4.813360	6.090373
1552	11.753183	5.093046	6.856024	5.093046	6.072478	6.268364	4.407444	5.974535
1553	13.043478	6.027668	5.731225	6.719368	6.225296	5.533597	4.051383	5.928854
1554	12.761715	5.583250	6.281157	6.081755	5.882353	6.480558	4.087737	7.278166
1555	13.359528	5.304519	6.090373	5.206287	5.893910	6.385069	3.634578	7.367387
1556	12.340842	5.484819	5.974535	5.386876	6.660137	5.582762	3.917728	7.149853
1557	12.500000	5.708661	6.397638	6.003937	6.200787	6.889764	4.822835	6.988189
1558	12.909633	5.759682	5.660377	4.766634	6.156902	5.362463	4.468719	5.958292
1559	13.721619	5.923001	5.231984	5.528134	6.712734	6.021718	4.343534	6.416584
1560	10.749507	6.015779	5.621302	5.128205	7.297830	6.508876	3.648915	5.917160
1561	12.684366	5.211406	6.194690	6.784661	6.489676	5.309735	4.621436	6.489676
1562	12.953876	5.691855	6.869480	4.514230	5.691855	5.789990	4.710500	6.378803
1563	13.776016	5.450942	5.550050	5.450942	7.135778	5.252725	4.360753	4.955401
1564	11.940299	5.174129	5.970149	6.567164	6.666667	5.870647	4.477612	5.472637
1565	12.983152	5.748266	5.946482	5.748266	5.946482	6.838454	4.658077	6.342914
1566	11.341223	5.621302	5.621302	5.917160	5.128205	5.917160	4.339250	7.001972
1567	12.611718	6.256207	5.064548	4.766634	6.653426	5.958292	4.865938	6.852036
1568	13.577800	6.045590	6.442022	5.351833	7.234886	5.946482	4.459861	7.433102
1569	12.768031	5.360624	5.750487	5.653021	6.335283	5.847953	4.191033	6.042885
1570	9.803922	5.000000	5.098039	5.294118	6.078431	5.686275	4.411765	6.078431
1571	12.224449	6.613226	5.110220	6.212425	6.613226	5.611222	3.206413	5.811623
1572	11.519364	5.263158	5.561072	5.858987	5.561072	5.263158	4.468719	6.951341
1573	11.328125	5.664062	5.957031	5.468750	6.835938	4.980469	3.808594	6.445312
1574	12.450980	6.470588	5.294118	4.607843	5.098039	6.078431	4.411765	6.470588
1575	11.729622	5.367793	5.666004	5.467197	7.057654	5.765408	4.970179	5.864811
1576	14.714424	5.905131	5.421104	5.421104	5.808325	5.711520	4.937076	6.873185
1577	11.827957	4.985337	6.060606	4.789834	7.331378	5.571848	4.203324	6.842620
1578	10.781405	5.736894	4.747774	5.637982	6.132542	6.033630	4.549951	7.022750
1579	11.121951	5.560976	6.341463	5.658537	5.170732	6.146341	4.292683	7.609756
1580	13.229572	5.933852	5.739300	4.961089	6.809339	5.739300	4.766537	6.322957
1581	11.199207	6.045590	5.550050	5.450942	6.342914	5.550050	5.450942	6.045590
1582	12.843137	6.078431	6.078431	5.294118	6.176471	5.882353	4.901961	6.666667
1583	13.076923	5.096154	6.057692	6.538462	6.153846	6.153846	4.326923	7.403846
1584	11.132812	5.273438	5.761719	5.371094	4.980469	6.933594	4.003906	6.835938
1585	14.062500	5.957031	5.371094	4.101562	5.761719	5.566406	4.394531	6.542969
1586	12.312312	6.206206	6.106106	5.205205	6.306306	6.306306	4.904905	5.305305
1587	12.561335	5.004907	5.789990	5.593719	6.084396	5.888126	4.317959	6.673209
1588	12.266928	5.789990	5.888126	4.906771	6.084396	6.280667	3.827282	7.065751
1589	15.014720	5.593719	6.084396	5.299313	6.280667	5.986261	4.612365	6.378803
1590	13.486513	5.194805	5.094905	4.995005	5.994006	6.093906	4.495504	7.192807
1591	11.230469	4.882812	6.054688	4.589844	5.859375	6.250000	4.101562	7.128906
1592	12.512315	6.108374	5.024631	5.418719	6.009852	5.812808	4.039409	6.502463
1593	11.602753	5.899705	6.293019	4.424779	6.981318	5.801377	4.523107	6.391347
1594	11.960784	5.882353	5.784314	5.196078	5.588235	5.686275	4.313725	5.882353
1595	12.238806	5.970149	5.472637	4.975124	6.766169	6.666667	3.980100	6.467662
1596	10.437376	5.566600	5.666004	4.970179	6.759443	6.063618	5.268390	6.361829
1597	12.031558	5.818540	7.001972	5.621302	6.804734	5.325444	4.043393	6.607495
1598	12.706111	6.110572	5.625606	4.558681	5.819593	6.595538	4.267701	6.013579
1599	11.504425	5.998033	6.686332	4.424779	6.194690	5.899705	4.129794	6.981318
1600	12.192724	5.899705	6.489676	6.194690	6.194690	5.506391	4.916421	6.882989
1601	12.303150	5.314961	5.807087	4.429134	6.299213	5.413386	4.625984	7.677165
1602	11.260828	5.774783	6.159769	5.967276	6.929740	5.486044	4.042348	7.025987
1603	11.277445	5.788423	5.688623	5.988024	6.187625	5.588822	3.493014	6.087824
1604	12.957468	6.231454	6.330366	5.539070	7.319486	5.539070	4.253215	7.220574
1605	11.187439	5.593719	5.789990	4.808636	6.476938	6.084396	4.710500	5.888126
1606	11.839530	5.870841	5.283757	5.479452	5.870841	5.870841	3.718200	5.577299
1607	12.031558	5.325444	6.607495	5.128205	6.607495	6.508876	4.733728	6.706114
1608	13.060818	6.281157	6.480558	5.383848	6.480558	5.882353	4.785643	6.779661
1609	11.220472	5.413386	5.216535	6.200787	6.889764	5.708661	4.035433	5.807087
1610	13.043478	6.086957	6.570048	4.541063	5.410628	5.797101	4.251208	7.342995
1611	11.707317	5.658537	5.658537	4.878049	5.853659	5.463415	4.292683	7.219512
1612	12.755599	6.231743	5.939630	4.186952	6.329114	6.134372	3.894839	6.815969
1613	11.155779	5.226131	5.527638	5.728643	5.628141	5.628141	4.623116	5.628141
1614	11.909449	5.610236	5.905512	6.889764	7.480315	6.102362	4.921260	6.889764
1615	11.881188	6.039604	5.643564	5.247525	5.742574	5.940594	4.257426	7.623762
1616	11.221450	5.858987	4.766634	5.759682	4.865938	5.461768	4.071500	7.050645
1617	13.078471	5.432596	4.929577	4.728370	6.639839	6.338028	4.225352	5.835010
1618	13.183594	5.468750	6.152344	4.199219	5.957031	6.542969	4.199219	6.835938
1619	13.577800	5.351833	5.252725	5.450942	7.036670	5.153617	3.666997	6.937562
1620	11.856171	4.956268	6.025267	5.928086	5.636540	5.733722	4.178814	6.997085
1621	13.976378	5.905512	6.397638	5.807087	6.397638	6.496063	4.330709	6.299213
1622	12.378168	5.847953	6.432749	4.580897	5.847953	5.653021	4.385965	5.847953
1623	11.133005	5.615764	5.221675	5.221675	6.502463	6.699507	4.137931	7.192118
1624	12.074002	5.063291	5.842259	6.231743	5.939630	5.355404	4.186952	6.718598
1625	12.376238	5.148515	5.148515	4.950495	7.227723	6.534653	4.059406	7.128713
1626	12.709360	4.827586	5.418719	6.009852	6.699507	6.502463	4.334975	6.009852
1627	12.622309	5.577299	5.283757	5.283757	7.338552	5.577299	4.109589	6.849315
1628	11.793372	5.165692	6.140351	5.847953	5.945419	5.555556	4.288499	6.530214
1629	12.180747	5.206287	5.697446	5.206287	6.581532	5.500982	4.420432	6.286837
1630	12.055336	6.027668	6.521739	4.644269	6.422925	5.830040	4.545455	6.521739
1631	12.238806	5.671642	5.970149	4.875622	7.164179	4.776119	4.278607	7.263682
1632	12.845850	5.237154	5.138340	5.237154	7.213439	4.940711	6.126482	5.830040
1633	13.108242	5.064548	5.561072	5.759682	6.057597	6.554121	4.468719	5.958292
1634	12.525050	4.809619	5.410822	5.010020	5.711423	5.310621	5.110220	6.212425
1635	13.446215	5.577689	4.880478	5.677291	7.071713	5.776892	3.784861	6.274900
1636	12.782694	6.293019	5.899705	5.604720	5.506391	5.899705	4.031465	6.784661
1637	12.450980	5.490196	6.176471	5.882353	6.764706	5.882353	5.588235	5.980392
1638	12.156863	6.274510	5.882353	4.509804	6.764706	5.686275	3.921569	6.960784
1639	12.753623	6.763285	6.280193	4.637681	5.797101	5.217391	4.154589	6.473430
1640	11.717974	6.256207	6.256207	5.163853	6.554121	6.156902	4.270109	6.951341
1641	10.667996	6.879362	6.181456	5.682951	6.580259	5.682951	3.688933	7.477567
1642	12.316716	5.083089	5.767351	5.474096	5.376344	5.865103	4.301075	6.451613
1643	10.816126	5.703048	5.703048	4.424779	5.801377	6.391347	3.736480	6.784661
1644	12.047013	4.995103	5.974535	5.190989	5.386876	5.876592	4.113614	6.170421
1645	13.405088	5.381605	6.262231	4.598826	6.164384	5.675147	4.011742	6.751468
1646	12.171373	6.621227	5.842259	4.965920	6.718598	5.647517	5.160662	6.621227
1647	12.935323	5.970149	5.771144	4.577114	5.870647	5.472637	3.283582	6.766169
1648	12.950341	5.550146	6.426485	4.868549	6.231743	4.868549	3.700097	7.010711
1649	12.512219	6.353861	5.571848	5.278592	6.256109	5.669599	4.496579	6.744868
1650	11.439842	5.522682	5.818540	5.917160	6.607495	5.226824	4.437870	6.015779
1651	13.026445	6.366308	5.876592	5.876592	6.366308	5.484819	4.211557	6.464251
1652	11.764706	5.392157	6.274510	4.803922	6.078431	5.490196	4.019608	6.666667
1653	14.749263	6.096362	6.096362	5.899705	5.998033	5.899705	4.818092	7.177974
1654	11.800000	5.200000	5.800000	4.800000	5.800000	6.000000	3.700000	6.400000
1655	13.052012	5.888126	5.397448	4.710500	5.397448	5.888126	3.925417	6.280667
1656	13.654224	5.992141	6.679764	5.304519	6.188605	6.483301	4.223969	6.876228
1657	12.613522	5.247225	6.357215	4.742684	5.953582	5.348133	4.137235	7.467205
1658	14.118793	5.939630	5.939630	4.576436	7.010711	6.621227	4.381694	7.400195
1659	11.209440	5.899705	6.293019	5.113078	6.391347	6.194690	5.014749	6.784661
1660	12.275449	5.489022	4.890220	5.289421	6.986028	5.888224	4.391218	5.788423
1661	14.102564	6.015779	6.410256	6.607495	6.706114	5.621302	4.635108	6.607495
1662	12.636816	6.467662	5.273632	5.273632	6.368159	4.776119	4.278607	6.069652
1663	11.442786	5.671642	5.472637	6.268657	6.368159	5.671642	4.278607	6.268657
1664	13.279678	5.130785	6.136821	4.828974	5.130785	5.130785	3.923541	6.338028
1665	14.073340	6.342914	6.243806	5.649158	6.045590	5.351833	5.748266	6.045590
1666	11.811024	5.610236	6.200787	5.019685	6.299213	5.413386	5.019685	7.283465
1667	13.333333	6.169154	6.069652	4.577114	7.363184	5.970149	4.278607	6.268657
1668	14.257620	5.801377	6.686332	4.523107	6.981318	6.293019	4.424779	6.686332
1669	12.091179	5.946482	6.144698	5.054509	5.054509	5.153617	4.261645	5.847374
1670	13.052012	6.182532	5.986261	5.397448	7.163886	5.888126	5.103042	5.986261
1671	13.004926	5.911330	6.600985	5.024631	6.699507	6.206897	4.729064	6.403941
1672	12.475634	5.653021	5.165692	5.555556	6.237817	5.653021	3.703704	6.822612
1673	12.326044	5.268390	5.666004	4.373757	5.367793	5.964215	3.876740	6.262425
1674	13.738960	5.495584	6.673209	4.710500	6.084396	6.280667	4.710500	5.888126
1675	13.671875	5.566406	6.152344	5.273438	6.542969	5.957031	4.296875	7.324219
1676	12.755599	5.160662	6.037001	5.258033	7.302824	6.426485	5.063291	6.913340
1677	12.142152	6.219151	5.923001	6.614018	6.021718	5.034551	4.047384	5.429418
1678	11.621094	5.371094	6.152344	4.687500	7.128906	5.957031	4.003906	6.738281
1679	12.770138	5.009823	5.893910	4.125737	5.599214	7.170923	3.831041	6.090373
1680	12.900000	5.300000	5.800000	5.200000	6.200000	5.600000	5.200000	5.800000
1681	14.029851	5.970149	5.074627	4.378109	5.970149	5.472637	4.676617	5.870647
1682	11.187439	5.495584	5.593719	6.084396	5.299313	5.004907	3.925417	5.201178
1683	11.489776	5.452775	5.647517	6.523856	6.815969	6.329114	4.089581	5.939630
1684	12.820513	6.114398	5.719921	5.226824	5.325444	5.917160	4.930966	6.410256
1685	12.313803	5.660377	6.156902	4.965243	6.454816	6.752731	3.773585	7.050645
1686	12.745098	5.784314	5.490196	5.490196	7.058824	6.372549	4.215686	6.078431
1687	11.583012	5.405405	5.598456	5.212355	5.212355	6.081081	3.764479	6.660232
1688	12.218964	5.278592	5.767351	6.158358	6.060606	5.180841	4.692082	6.060606
1689	11.988304	5.360624	6.335283	4.483431	6.822612	6.335283	4.288499	7.699805
1690	13.147410	5.179283	6.274900	4.880478	5.976096	6.175299	3.984064	6.474104
1691	13.373253	5.788423	5.389222	5.588822	6.487026	5.489022	3.592814	6.986028
1692	12.600000	6.400000	5.700000	4.500000	6.800000	5.400000	4.300000	8.100000
1693	11.971831	6.338028	5.533199	4.527163	6.237425	5.030181	4.426559	5.734406
1694	12.721893	6.213018	5.621302	6.706114	6.311637	5.917160	3.846154	5.325444
1695	13.274336	5.408063	5.014749	5.408063	6.882989	6.489676	3.736480	6.784661
1696	13.060429	5.653021	5.945419	5.263158	7.407407	5.653021	4.288499	6.920078
1697	12.745098	5.588235	6.764706	5.000000	5.882353	6.274510	4.411765	6.666667
1698	12.326044	6.163022	6.063618	5.964215	6.560636	5.765408	4.671968	6.759443
1699	12.795276	6.003937	5.708661	4.330709	5.708661	6.003937	5.314961	6.102362
1700	12.598425	5.905512	5.413386	5.905512	6.102362	5.118110	4.527559	5.708661
1701	11.420060	5.263158	5.362463	4.667329	6.156902	5.858987	3.972195	6.554121
1702	11.867704	5.544747	6.322957	4.669261	6.128405	5.642023	4.182879	7.295720
1703	12.463486	5.452775	5.842259	4.771178	5.744888	6.134372	5.258033	6.913340
1704	12.011719	4.980469	5.468750	5.175781	5.175781	5.371094	4.003906	5.566406
1705	11.874387	5.103042	6.378803	5.888126	6.378803	5.495584	4.121688	7.262022
1706	12.784936	5.649158	5.748266	4.856293	7.234886	5.450942	4.558969	6.144698
1707	13.372665	6.293019	5.703048	5.899705	6.784661	5.309735	4.129794	6.391347
1708	12.327416	5.522682	6.508876	4.536489	6.311637	6.213018	4.043393	6.410256
1709	12.818004	5.870841	5.870841	5.185910	6.751468	5.577299	3.718200	6.164384
1710	12.586037	5.014749	6.096362	5.014749	6.686332	6.686332	3.736480	6.588004
1711	12.759644	5.341246	5.934718	5.341246	5.934718	6.231454	4.451039	6.429278
1712	13.313897	5.928086	6.413994	5.539359	6.219631	5.928086	4.081633	6.705539
1713	12.906404	4.729064	5.517241	5.024631	6.798030	5.615764	3.743842	6.206897
1714	11.465603	5.583250	5.284148	5.383848	7.577268	5.383848	4.885344	7.078764
1715	12.803104	4.849661	5.237633	4.364694	6.886518	5.334627	4.364694	6.692532
1716	12.500000	5.456349	5.357143	4.960317	5.654762	5.753968	3.769841	6.944444
1717	12.277228	5.841584	6.534653	6.435644	6.138614	5.940594	4.653465	5.940594
1718	12.810328	6.057597	5.858987	4.568024	6.951341	5.858987	4.667329	7.249255
1719	13.222331	5.876592	5.288932	5.386876	5.974535	6.072478	4.897160	6.170421
1720	13.035019	6.712062	6.420233	4.766537	7.684825	5.836576	4.182879	6.906615
1721	12.224449	6.112224	4.909820	5.611222	5.511022	6.412826	3.907816	6.312625
1722	12.147716	5.150632	5.636540	6.413994	6.705539	4.956268	4.470360	7.385811
1723	12.343298	5.882353	6.750241	5.400193	5.978785	5.496625	4.050145	6.750241
1724	12.599206	5.158730	6.746032	4.761905	6.448413	5.654762	4.861111	6.746032
1725	12.287712	4.995005	5.294705	4.295704	6.793207	5.994006	4.795205	6.093906
1726	11.944719	6.515301	6.811451	5.231984	6.811451	6.021718	4.935834	5.626851
1727	11.923848	5.711423	5.711423	4.408818	6.713427	5.811623	4.609218	6.813627
1728	13.287402	5.610236	5.708661	5.807087	6.102362	5.610236	4.921260	6.003937
1729	11.849711	5.684008	6.165703	5.684008	5.684008	5.394990	3.853565	6.069364
1730	11.944719	5.429418	6.515301	5.034551	8.390918	6.416584	4.738401	7.107601
1731	13.176008	5.899705	6.096362	5.113078	6.784661	5.998033	4.424779	6.096362
1732	12.851406	5.923695	5.522088	5.823293	7.831325	5.522088	4.417671	5.722892
1733	10.923535	5.858987	5.263158	4.766634	5.759682	5.362463	4.369414	5.561072
1734	12.941176	5.980392	5.490196	4.803922	7.450980	5.588235	4.117647	6.764706
1735	12.673267	6.435644	6.633663	5.742574	6.237624	5.742574	3.762376	6.930693
1736	13.916501	5.367793	5.467197	5.467197	5.367793	5.765408	4.473161	6.361829
1737	13.779528	5.807087	6.003937	5.019685	5.118110	4.724409	5.118110	7.874016
1738	11.992071	5.847374	5.748266	5.153617	6.640238	5.649158	4.063429	6.144698
1739	12.988281	5.664062	5.859375	6.445312	7.031250	5.957031	4.882812	6.445312
1740	12.094395	5.211406	5.801377	5.703048	6.293019	5.604720	3.736480	7.276303
1741	10.640394	5.418719	6.206897	4.827586	5.714286	5.911330	4.334975	7.093596
1742	11.799410	5.801377	5.801377	4.818092	6.981318	5.014749	4.523107	6.686332
1743	11.420060	6.454816	5.858987	4.865938	4.865938	6.156902	4.667329	6.653426
1744	12.187812	5.794206	6.193806	5.194805	5.894106	5.994006	4.995005	5.994006
1745	12.784936	6.045590	5.946482	4.658077	6.045590	5.649158	4.558969	6.243806
1746	11.793372	4.678363	5.458090	5.068226	7.602339	6.530214	3.801170	6.237817
1747	12.450593	5.335968	5.237154	6.324111	7.015810	5.039526	4.150198	6.126482
1748	11.391129	5.040323	5.645161	4.334677	6.451613	6.552419	3.830645	6.451613
1749	13.068732	6.195547	5.808325	6.098742	7.357212	5.324298	4.356244	7.454017
1750	13.442940	6.189555	6.866538	4.932302	5.705996	5.996132	4.642166	7.059961
1751	12.622309	5.968689	6.360078	5.185910	6.457926	5.968689	4.011742	6.751468
1752	12.549407	6.422925	5.928854	5.039526	6.818182	6.126482	4.347826	6.620553
1753	12.512219	5.669599	6.451613	5.669599	7.331378	6.060606	5.278592	6.549365
1754	12.871287	5.643564	5.841584	5.247525	6.138614	5.940594	3.663366	5.544554
1755	11.984283	5.304519	5.795678	5.206287	6.286837	5.893910	3.732809	6.974460
1756	13.432836	6.069652	6.268657	5.174129	6.169154	6.268657	4.577114	7.164179
1757	11.100099	5.748266	6.342914	5.649158	5.946482	5.946482	4.261645	6.640238
1758	11.451135	5.626851	5.429418	5.330701	6.712734	5.824284	4.837117	7.008885
1759	12.148594	5.722892	5.421687	5.421687	5.522088	5.923695	4.317269	6.626506
1760	13.474495	5.389798	5.871030	6.448508	7.218479	5.678537	4.234841	6.544755
1761	12.992126	5.708661	5.118110	4.822835	7.086614	5.511811	3.937008	6.988189
1762	12.178218	6.237624	6.237624	6.336634	6.534653	6.039604	4.851485	6.534653
1763	12.415784	6.159769	5.774783	4.331088	6.063523	5.004812	4.716073	7.699711
1764	12.549801	5.478088	5.876494	4.780876	6.274900	6.175299	4.083665	6.772908
1765	10.932798	5.516550	5.616851	5.817452	6.720160	5.616851	4.012036	6.018054
1766	12.649402	5.876494	5.378486	4.282869	6.474104	4.780876	4.681275	6.374502
1767	12.574257	5.841584	6.435644	4.851485	6.534653	5.643564	4.356436	5.445545
1768	11.900000	5.400000	5.900000	5.000000	6.600000	4.900000	4.500000	5.400000
1769	12.043435	6.021718	6.219151	4.442251	6.515301	5.330701	3.455084	7.403751
1770	11.361410	6.072478	5.288932	5.778648	7.247796	4.897160	5.386876	6.856024
1771	11.902439	5.463415	6.048780	5.853659	6.243902	5.756098	3.317073	6.243902
1772	12.031558	6.015779	6.213018	5.226824	5.522682	5.917160	4.043393	6.903353
1773	12.268744	5.063291	5.744888	5.744888	7.108082	6.815969	4.576436	6.037001
1774	11.879260	5.939630	5.355404	5.744888	5.355404	5.647517	5.063291	6.913340
1775	10.939013	5.130687	6.292352	4.840271	7.744434	5.711520	4.937076	5.711520
1776	11.448141	5.577299	5.968689	5.772994	4.990215	4.990215	3.816047	7.240705
1777	12.121212	5.083089	6.060606	5.083089	7.331378	6.451613	4.594330	6.647116
1778	11.001965	6.581532	6.581532	5.304519	6.777996	6.188605	4.420432	6.483301
1779	12.154150	6.126482	5.731225	5.335968	5.533597	6.126482	4.249012	6.818182
1780	12.228797	5.818540	5.719921	6.114398	5.917160	6.508876	5.029586	6.114398
1781	13.326848	5.933852	5.836576	4.961089	5.933852	5.350195	4.280156	6.031128
1782	12.015889	5.858987	6.355511	4.766634	5.958292	5.958292	4.071500	6.355511
1783	12.537313	5.771144	6.368159	5.970149	6.368159	5.074627	4.278607	6.965174
1784	12.204724	5.314961	5.807087	4.724409	6.200787	5.708661	4.133858	6.496063
1785	12.957468	5.934718	6.330366	5.934718	5.637982	6.330366	4.055391	6.627102
1786	13.021869	5.666004	6.560636	5.367793	6.361829	5.666004	4.373757	7.157058
1787	13.200000	5.100000	5.500000	4.400000	6.500000	6.800000	4.000000	5.600000
1788	11.165049	5.339806	5.436893	6.213592	4.951456	6.213592	4.660194	6.893204
1789	13.082260	6.342914	6.144698	5.847374	5.649158	6.937562	4.162537	6.442022
1790	12.512315	6.305419	6.305419	5.221675	5.714286	6.502463	4.236453	6.108374
1791	13.300971	5.242718	5.631068	5.145631	5.922330	6.019417	3.883495	7.281553
1792	12.350598	5.378486	5.378486	6.075697	6.274900	6.175299	4.880478	6.573705
1793	12.586720	5.649158	6.442022	5.649158	5.847374	6.442022	4.063429	6.541130
1794	12.082515	5.795678	6.286837	5.992141	7.170923	5.795678	4.125737	7.367387
1795	12.195122	6.048780	6.341463	6.536585	7.414634	5.658537	4.292683	7.414634
1796	13.191077	5.916586	5.916586	5.722599	5.625606	4.946654	4.170708	6.304559
1797	12.696850	6.003937	5.807087	6.397638	5.807087	5.511811	4.429134	5.511811
1798	12.561335	5.789990	5.495584	4.514230	6.575074	5.397448	5.004907	5.593719
1799	12.362911	5.882353	6.081755	4.087737	5.682951	5.682951	3.888335	5.782652
1800	12.402344	5.371094	6.542969	5.273438	5.664062	5.371094	4.101562	6.933594
1801	11.485149	5.841584	6.435644	5.544554	6.732673	5.643564	4.752475	6.831683
1802	13.398058	5.533981	5.825243	5.728155	5.339806	6.019417	3.786408	6.407767
1803	12.426036	5.424063	6.213018	5.424063	6.706114	5.917160	4.043393	5.719921
1804	12.118227	5.320197	5.418719	5.714286	6.403941	6.798030	4.236453	6.502463
1805	11.730205	5.180841	5.669599	4.692082	5.962854	6.353861	4.105572	7.038123
1806	12.426614	5.675147	5.185910	4.990215	6.849315	6.751468	4.011742	5.968689
1807	13.233831	5.970149	5.572139	4.776119	5.671642	5.970149	3.880597	6.368159
1808	13.539652	5.512573	6.382979	4.545455	6.189555	4.738878	4.448743	6.866538
1809	12.644788	5.888031	5.694981	6.177606	5.888031	6.274131	4.440154	6.370656
1810	12.463199	6.378803	6.280667	5.299313	5.888126	5.397448	4.906771	6.869480
1811	12.091179	5.351833	5.054509	5.252725	6.739346	6.243806	3.766105	6.541130
1812	12.500000	5.329457	5.426357	4.651163	6.589147	5.717054	3.972868	6.395349
1813	12.784936	6.144698	6.541130	4.360753	6.045590	6.243806	4.360753	6.937562
1814	12.868369	5.206287	6.876228	5.304519	5.206287	5.795678	4.322200	6.876228
1815	12.415131	6.304559	5.916586	4.946654	6.789525	6.304559	4.558681	6.886518
1816	12.757605	5.888126	5.299313	5.593719	6.280667	5.789990	4.317959	6.967615
1817	12.475248	5.841584	6.039604	4.851485	7.128713	6.336634	4.257426	6.336634
1818	11.188119	5.148515	5.346535	5.148515	5.940594	6.039604	4.653465	6.534653
1819	11.742060	5.774783	5.967276	6.159769	7.122233	5.774783	4.331088	5.582291
1820	13.090551	5.610236	5.216535	5.314961	5.708661	5.905512	4.035433	6.889764
1821	11.372549	5.588235	5.784314	5.098039	5.686275	6.176471	4.803922	6.078431
1822	12.050534	5.830904	5.539359	4.664723	6.802721	6.219631	4.859086	6.608358
1823	10.279441	6.087824	6.087824	4.790419	5.888224	5.588822	4.091816	6.087824
1824	11.489776	5.647517	5.258033	5.550146	6.523856	4.965920	4.089581	7.789679
1825	12.598425	5.216535	6.397638	5.118110	5.708661	6.397638	5.019685	6.988189
1826	14.880952	6.250000	6.150794	4.861111	5.853175	5.952381	4.166667	5.158730
1827	12.584705	5.421104	5.517909	6.389158	7.647628	5.421104	4.743466	6.582769
1828	13.242454	5.647517	6.231743	4.965920	6.621227	5.647517	4.284323	6.913340
1829	12.536443	5.442177	5.442177	5.928086	6.219631	5.830904	4.081633	6.608358
1830	10.710808	5.258033	5.939630	6.134372	5.939630	6.329114	3.700097	6.815969
1831	13.198459	5.973025	5.973025	5.491329	6.743738	5.202312	4.624277	6.165703
1832	12.315271	6.305419	6.995074	6.009852	5.911330	5.418719	3.645320	7.192118
1833	12.154150	5.434783	6.324111	5.731225	5.830040	5.731225	4.347826	7.213439
1834	12.992126	6.496063	5.807087	4.822835	6.692913	5.610236	5.019685	6.200787
1835	13.339921	6.422925	5.928854	5.731225	6.719368	5.335968	3.853755	6.027668
1836	11.711712	5.505506	6.206206	6.506507	5.805806	5.805806	4.904905	5.705706
1837	12.536729	6.464251	5.680705	5.093046	5.386876	5.778648	4.701273	6.660137
1838	11.553398	5.242718	6.019417	5.048544	7.475728	6.213592	4.466019	6.601942
1839	12.843137	6.176471	5.686275	5.882353	6.078431	5.686275	5.098039	6.274510
1840	11.637081	6.015779	7.297830	4.733728	6.607495	5.522682	4.043393	6.804734
1841	12.893701	5.314961	5.511811	4.724409	6.397638	5.708661	3.740157	7.381890
1842	12.019704	6.009852	6.699507	5.812808	6.206897	5.911330	4.334975	6.502463
1843	13.248283	6.182532	5.888126	5.986261	5.986261	6.771344	4.710500	7.556428
1844	11.902439	5.658537	5.073171	5.853659	6.439024	5.951220	4.487805	5.560976
1845	12.621359	5.825243	6.407767	4.271845	7.184466	5.242718	5.728155	6.699029
1846	12.391094	6.389158	5.517909	5.711520	7.357212	5.517909	4.453049	6.969990
1847	12.790698	5.135659	5.523256	4.748062	5.813953	5.232558	3.972868	6.686047
1848	12.968300	5.667627	6.243996	4.610951	5.859750	5.283381	4.899135	6.340058
1849	12.135922	5.922330	5.339806	5.631068	6.213592	5.922330	4.563107	6.116505
1850	12.909633	6.057597	5.461768	5.064548	7.845084	5.561072	4.170804	5.958292
1851	13.134328	5.074627	4.975124	5.472637	5.870647	6.368159	4.278607	7.064677
1852	12.800770	5.871030	5.389798	4.812320	6.544755	5.197305	3.946102	7.314726
1853	11.581067	5.135952	5.438066	4.330312	7.351460	5.438066	4.330312	6.243706
1854	12.512124	5.819593	6.110572	5.140640	6.595538	5.237633	3.879728	6.595538
1855	12.324649	5.410822	5.511022	4.809619	6.513026	6.112224	4.008016	6.012024
1856	12.065637	5.888031	5.888031	6.177606	5.888031	5.791506	3.571429	6.756757
1857	12.500000	5.664062	6.835938	6.250000	6.250000	6.054688	4.394531	6.738281
1858	11.834320	5.522682	6.213018	5.522682	7.199211	6.213018	4.142012	6.410256
1859	12.537019	5.528134	5.824284	5.133268	6.021718	5.231984	4.540967	6.712734
1860	12.063809	5.682951	6.081755	5.383848	5.882353	5.882353	4.985045	7.278166
1861	11.851126	5.680705	6.268364	4.701273	6.660137	6.170421	4.015671	5.582762
1862	12.166172	5.341246	5.736894	5.835806	6.726014	5.539070	4.648863	7.418398
1863	12.645914	5.447471	5.836576	4.863813	5.447471	5.447471	3.891051	5.836576
1864	13.899614	5.405405	6.081081	5.019305	6.274131	6.370656	5.888031	5.984556
1865	12.800000	6.500000	6.000000	4.600000	6.000000	6.600000	4.300000	5.200000
1866	13.039216	5.882353	6.470588	4.901961	6.470588	6.568627	5.000000	6.372549
1867	13.082260	5.847374	6.144698	5.748266	6.838454	5.550050	4.261645	6.243806
1868	12.400794	4.960317	5.059524	6.944444	5.456349	5.753968	4.761905	6.250000
1869	12.684366	6.096362	5.604720	5.604720	7.177974	5.014749	4.326450	6.391347
1870	11.770428	6.517510	6.031128	5.058366	5.933852	5.350195	4.085603	5.739300
1871	12.250996	5.976096	5.577689	4.581673	6.673307	5.079681	5.278884	6.075697
1872	11.984283	5.402750	6.286837	5.893910	6.974460	5.992141	4.223969	7.170923
1873	12.437811	5.572139	5.870647	4.875622	6.169154	5.970149	4.577114	7.562189
1874	11.897738	5.703048	5.899705	5.408063	5.703048	5.703048	4.719764	7.177974
1875	12.574257	5.346535	6.039604	6.336634	6.336634	5.742574	4.851485	5.940594
1876	12.192724	6.391347	6.194690	5.801377	6.588004	5.506391	4.129794	6.391347
1877	12.106299	5.413386	6.299213	5.807087	4.921260	5.905512	4.232283	6.397638
1878	11.770428	6.225681	6.809339	5.252918	7.198444	6.031128	4.766537	6.517510
1879	12.561335	5.299313	5.397448	5.004907	6.967615	6.084396	4.121688	6.084396
1880	13.919052	5.626851	7.502468	4.738401	6.317868	5.824284	5.429418	6.910168
1881	12.103175	5.555556	5.952381	4.861111	6.448413	6.051587	3.869048	6.646825
1882	13.082260	5.946482	6.541130	4.558969	5.649158	6.442022	4.459861	6.144698
1883	11.752988	4.980080	5.478088	4.980080	6.374502	6.374502	4.083665	7.569721
1884	13.000978	5.571848	5.767351	5.376344	7.038123	5.376344	4.594330	5.865103
1885	11.253702	5.231984	5.330701	5.330701	6.712734	5.626851	4.047384	5.528134
1886	13.214990	5.424063	5.818540	4.832347	6.508876	6.706114	4.832347	6.903353
1887	11.673152	5.836576	6.420233	5.933852	5.544747	5.544747	4.377432	7.003891
1888	10.700000	5.700000	6.000000	5.400000	5.600000	5.200000	5.000000	5.400000
1889	13.452028	4.945598	6.330366	5.736894	6.330366	5.440158	4.747774	6.627102
1890	11.024390	6.048780	6.146341	5.951220	6.634146	5.463415	5.365854	6.243902
1891	11.470588	5.784314	6.078431	5.098039	7.254902	5.392157	4.411765	6.960784
1892	12.749004	5.478088	6.274900	4.880478	5.677291	6.573705	3.984064	5.876494
1893	13.207547	4.965243	6.852036	5.461768	5.561072	6.057597	5.163853	6.256207
1894	11.900000	5.300000	7.200000	5.600000	5.800000	6.100000	4.000000	7.300000
1895	11.282546	5.978785	5.785921	5.207329	7.039537	5.207329	4.532305	6.653809
1896	11.867704	5.836576	5.933852	5.544747	7.003891	5.058366	3.793774	5.739300
1897	12.175649	5.688623	6.287425	5.189621	5.688623	5.489022	4.291417	7.085828
1898	11.753183	5.778648	5.288932	6.268364	6.953967	6.170421	4.309500	7.247796
1899	11.318898	5.708661	6.102362	5.118110	5.511811	5.708661	4.232283	5.708661
1900	12.716763	6.069364	6.358382	5.298651	5.973025	5.876686	4.431599	7.032755
1901	11.328125	5.957031	5.664062	4.687500	6.347656	6.152344	3.906250	7.324219
1902	11.867704	5.739300	6.517510	4.863813	6.614786	5.642023	4.961089	6.322957
1903	13.280476	5.351833	6.640238	5.847374	5.847374	5.649158	5.054509	6.838454
1904	12.106299	5.610236	6.594488	5.807087	6.200787	5.807087	5.118110	6.594488
1905	12.623274	5.128205	6.015779	6.213018	7.297830	5.325444	4.437870	5.719921
1906	13.532338	5.771144	5.870647	5.174129	7.064677	5.870647	4.975124	6.268657
1907	12.379110	6.092843	5.319149	6.286267	5.222437	5.415861	4.158607	6.092843
1908	11.992263	5.705996	5.415861	6.092843	5.415861	5.609284	4.448743	6.189555
1909	12.313803	5.163853	6.554121	5.660377	6.355511	5.263158	4.965243	7.149950
1910	11.892963	6.144698	5.748266	5.550050	6.838454	5.153617	4.757185	6.342914
1911	12.389381	5.801377	6.096362	5.506391	6.489676	5.408063	4.818092	6.588004
1912	12.648221	5.632411	6.126482	5.533597	6.422925	5.731225	3.557312	6.422925
1913	12.379110	5.996132	5.222437	5.125725	5.512573	5.705996	4.158607	7.156673
1914	13.163065	5.599214	5.893910	5.108055	6.679764	5.206287	4.125737	6.090373
1915	13.463415	5.560976	5.756098	4.780488	6.926829	5.756098	4.682927	6.829268
1916	11.625616	5.221675	6.600985	5.320197	7.881773	5.812808	4.334975	6.995074
1917	13.132296	5.350195	5.642023	5.252918	7.003891	6.614786	4.571984	6.128405
1918	13.385827	6.299213	6.003937	5.413386	6.496063	5.708661	4.330709	6.200787
1919	12.788462	5.288462	6.538462	4.807692	6.826923	5.769231	4.615385	7.019231
1920	12.166172	5.440158	5.637982	4.846686	5.539070	6.528190	3.956479	7.022750
1921	13.043478	5.335968	5.928854	5.928854	5.731225	5.928854	4.743083	6.324111
1922	12.912913	6.106106	5.805806	5.305305	6.606607	7.007007	4.104104	6.306306
1923	12.023460	5.376344	5.865103	4.692082	5.474096	5.571848	4.398827	6.451613
1924	11.730205	5.180841	5.669599	4.789834	8.015640	6.060606	4.301075	6.353861
1925	12.500000	5.175781	5.664062	4.785156	5.957031	5.859375	4.394531	7.031250
1926	11.735700	5.424063	6.508876	6.114398	6.706114	6.114398	4.536489	6.311637
1927	11.198428	5.795678	5.992141	5.206287	6.581532	6.188605	4.125737	6.188605
1928	11.493124	5.500982	6.581532	5.893910	7.072692	5.402750	3.929273	6.090373
1929	11.856171	5.442177	6.219631	5.150632	5.636540	6.608358	4.178814	7.191448
1930	12.313803	5.759682	5.561072	5.660377	5.958292	6.653426	3.972195	6.454816
1931	13.313897	5.733722	6.122449	5.247813	4.956268	6.025267	4.275996	7.191448
1932	11.879260	5.063291	5.939630	5.452775	6.231743	5.842259	3.992210	6.426485
1933	10.912698	6.051587	6.250000	6.150794	6.250000	5.753968	4.662698	6.944444
1934	12.648221	5.830040	5.434783	5.039526	5.928854	6.126482	4.051383	6.422925
1935	11.844660	5.825243	5.048544	5.242718	4.951456	6.019417	4.854369	6.990291
1936	12.450980	6.176471	6.666667	6.372549	6.372549	5.588235	4.607843	6.666667
1937	12.195122	5.853659	6.146341	5.463415	5.951220	6.048780	3.902439	6.146341
1938	12.118227	5.418719	5.911330	5.123153	7.881773	5.911330	3.842365	6.206897
1939	13.762376	5.841584	6.336634	5.346535	5.643564	5.544554	3.663366	6.336634
1940	13.467337	5.728643	4.924623	4.522613	6.934673	6.834171	4.924623	7.035176
1941	12.549407	5.533597	5.632411	5.533597	6.225296	6.324111	3.952569	6.620553
1942	11.219512	5.853659	6.146341	5.170732	5.073171	5.560976	4.390244	6.829268
1943	11.996067	5.604720	5.604720	4.916421	6.096362	6.391347	4.424779	7.472960
1944	11.729622	5.964215	5.964215	5.168986	5.864811	4.970179	4.473161	6.660040
1945	12.862669	6.189555	5.415861	6.479691	5.899420	5.996132	4.352031	6.866538
1946	12.209302	5.329457	6.298450	5.523256	5.426357	5.329457	4.554264	5.910853
1947	11.632454	5.767351	5.865103	5.278592	7.526882	5.767351	4.985337	6.256109
1948	12.487805	5.951220	6.439024	4.975610	6.439024	5.463415	4.000000	7.512195
1949	11.700000	5.300000	5.500000	4.900000	7.900000	6.000000	4.000000	6.400000
1950	11.614173	5.216535	5.314961	6.102362	5.118110	6.397638	4.429134	6.397638
1951	13.260219	6.081755	6.081755	5.483549	7.278166	5.782652	4.685942	6.281157
1952	11.747285	6.120434	6.515301	5.330701	5.626851	5.133268	3.948667	5.824284
1953	12.549801	5.776892	6.175299	5.478088	6.474104	6.075697	4.382470	6.274900
1954	11.557789	5.427136	5.527638	5.427136	6.331658	5.929648	4.422111	5.829146
1955	13.452028	5.242334	6.330366	5.143422	6.132542	6.330366	4.747774	6.429278
1956	11.088911	5.594406	5.394605	5.494505	6.593407	4.895105	4.195804	5.694306
1957	11.909449	5.314961	6.102362	4.921260	6.200787	5.314961	3.838583	7.677165
1958	12.884044	4.955401	5.946482	6.243806	6.243806	6.045590	4.162537	7.532210
1959	13.944223	5.677291	5.478088	4.980080	5.976096	5.976096	4.282869	5.876494
1960	11.897738	6.194690	5.703048	5.014749	6.686332	6.489676	4.228122	7.177974
1961	11.411411	6.006006	5.605606	6.606607	7.207207	6.306306	4.204204	6.206206
1962	12.192724	5.604720	6.489676	5.211406	6.588004	5.899705	4.916421	7.177974
1963	12.091179	5.847374	5.748266	5.946482	6.442022	6.243806	3.766105	6.243806
1964	11.545988	5.772994	5.479452	5.870841	5.479452	6.164384	3.620352	6.653620
1965	12.171373	5.452775	5.744888	6.037001	5.160662	6.134372	4.284323	6.426485
1966	11.956522	5.830040	5.533597	5.434783	6.620553	5.731225	3.952569	6.521739
1967	12.833169	5.626851	5.725568	4.837117	7.107601	6.416584	4.343534	6.120434
1968	12.721893	5.917160	6.213018	6.015779	5.522682	5.719921	4.339250	6.114398
1969	10.431294	6.018054	6.619860	4.714142	6.720160	5.616851	4.513541	6.118355
1970	11.909449	5.314961	7.086614	5.019685	6.200787	5.511811	4.625984	6.003937
1971	13.039216	6.568627	5.882353	5.882353	6.470588	5.784314	4.705882	6.960784
1972	12.277228	5.445545	6.039604	5.346535	5.940594	6.336634	4.356436	7.425743
1973	11.607143	5.357143	5.654762	4.662698	5.952381	5.853175	4.662698	6.250000
1974	11.918605	6.007752	5.910853	5.232558	6.492248	5.620155	4.844961	6.201550
1975	13.526570	5.893720	5.700483	4.541063	5.120773	6.376812	6.086957	6.666667
1976	11.879260	5.160662	5.258033	4.965920	5.452775	4.868549	4.479065	5.452775
1977	11.907067	5.324298	6.001936	6.098742	5.421104	6.292352	3.678606	6.776379
1978	13.671875	6.347656	6.347656	4.394531	6.152344	6.542969	4.687500	7.226562
1979	12.315271	5.911330	6.699507	5.812808	6.403941	5.320197	4.433498	5.714286
1980	11.377246	5.888224	5.788423	5.588822	5.489022	5.788423	3.992016	6.387226
1981	13.150147	5.789990	5.888126	5.201178	6.084396	5.397448	4.121688	6.967615
1982	11.879260	5.355404	6.231743	5.258033	7.205453	4.771178	4.186952	6.037001
1983	11.625616	5.812808	5.911330	4.630542	6.206897	5.911330	3.842365	7.093596
1984	12.171373	5.744888	6.426485	5.842259	6.231743	5.063291	4.479065	6.426485
1985	13.255361	5.068226	5.653021	6.140351	4.775828	6.335283	4.970760	6.237817
1986	12.376238	6.237624	6.237624	5.049505	6.138614	5.643564	4.950495	5.841584
1987	12.351779	5.731225	6.916996	5.138340	6.027668	6.422925	4.347826	6.324111
1988	11.944719	5.231984	6.219151	4.639684	5.923001	5.429418	5.725568	6.614018
1989	12.600806	5.846774	6.250000	4.737903	5.947581	5.947581	4.737903	5.745968
1990	12.043435	5.626851	6.021718	6.416584	5.725568	6.021718	4.244817	5.725568
1991	11.538462	5.917160	5.424063	5.522682	5.719921	5.917160	4.339250	6.607495
1992	12.363996	5.242334	5.242334	5.440158	6.824926	5.835806	3.857567	6.528190
1993	13.022352	4.956268	6.219631	5.053450	4.761905	5.928086	5.247813	5.928086
1994	12.588117	5.438066	5.337362	5.135952	6.646526	5.840886	4.330312	5.035247
1995	11.960784	5.882353	5.882353	5.392157	7.352941	6.372549	4.411765	6.666667
1996	13.742690	6.530214	6.042885	5.360624	5.653021	6.042885	4.775828	6.725146
1997	12.711023	6.355511	5.362463	4.965243	6.752731	5.064548	4.667329	7.646475
1998	12.941176	6.078431	6.274510	5.196078	6.568627	5.686275	3.725490	6.764706
1999	11.793372	5.263158	5.555556	4.775828	6.140351	5.847953	4.580897	6.822612
2000	12.300000	5.200000	6.000000	5.500000	5.500000	6.100000	5.000000	5.800000
2001	11.886051	6.188605	5.500982	4.518664	5.697446	5.009823	4.027505	5.893910
2002	12.067260	5.637982	5.736894	5.341246	6.033630	5.934718	4.055391	6.528190
2003	12.780488	6.439024	5.853659	4.195122	6.829268	6.048780	4.487805	7.707317
2004	11.776447	5.888224	5.888224	4.790419	5.988024	5.389222	5.089820	5.788423
2005	12.818004	5.479452	5.870841	5.870841	6.066536	6.066536	5.088063	6.947162
2006	12.736318	4.975124	5.671642	4.477612	7.164179	5.970149	4.079602	7.064677
2007	12.586720	6.442022	5.252725	4.856293	7.333994	5.748266	4.261645	6.838454
2008	12.610837	5.615764	5.418719	5.714286	6.699507	5.714286	3.940887	6.995074
2009	11.949070	5.484819	5.386876	3.917728	6.170421	6.366308	4.407444	6.366308
2010	12.768031	5.360624	5.458090	5.263158	6.432749	5.653021	4.678363	5.945419
2011	11.655240	5.093046	5.288932	4.995103	5.876592	5.190989	4.897160	7.247796
2012	12.524851	5.168986	6.262425	5.168986	5.666004	6.560636	4.075547	6.560636
2013	12.909441	5.876686	5.684008	5.491329	7.418112	5.394990	4.046243	5.876686
2014	11.706349	5.456349	4.861111	6.250000	5.952381	5.555556	4.365079	5.059524
2015	12.000000	6.400000	5.600000	5.700000	6.500000	6.600000	6.000000	6.300000
2016	12.438786	5.386876	5.386876	4.505387	6.953967	5.680705	3.721841	6.366308
2017	13.762376	6.039604	5.841584	4.653465	6.039604	5.940594	5.247525	6.435644
2018	12.512315	5.418719	5.418719	5.812808	7.389163	4.729064	4.039409	6.896552
2019	12.291052	6.096362	5.309735	5.998033	6.588004	5.408063	4.719764	6.293019
2020	14.313346	6.286267	6.576402	5.222437	5.705996	5.996132	4.545455	5.609284
2021	12.286002	5.538771	6.545821	5.337362	7.250755	5.538771	4.431017	6.747231
2022	10.794897	5.397448	6.084396	5.691855	6.378803	5.593719	4.808636	6.575074
2023	12.632594	5.882353	6.075217	6.075217	5.110897	6.557377	4.339441	6.460945
2024	13.313609	6.015779	5.719921	5.917160	7.001972	5.325444	3.944773	6.311637
2025	14.271556	5.748266	6.342914	4.856293	6.144698	6.243806	3.964321	6.541130
2026	12.109375	5.859375	4.882812	5.371094	6.250000	5.078125	4.589844	7.226562
2027	12.401575	5.511811	5.708661	4.527559	6.200787	5.511811	4.429134	7.086614
2028	13.676043	5.431620	5.334627	4.073715	6.692532	4.849661	4.655674	6.498545
2029	11.357074	5.678537	6.256015	5.197305	5.486044	5.004812	4.427334	6.544755
2030	12.042389	5.298651	6.165703	5.298651	5.684008	5.491329	4.046243	7.032755
2031	12.598425	5.019685	5.708661	4.822835	6.299213	5.610236	3.937008	7.086614
2032	13.425469	5.133268	5.923001	5.133268	7.403751	5.824284	3.948667	6.910168
2033	13.086913	5.794206	6.593407	6.093906	7.092907	5.894106	4.095904	5.994006
2034	12.377210	5.893910	5.795678	5.304519	6.876228	6.188605	4.125737	6.090373
2035	13.021869	5.765408	6.461233	4.970179	6.361829	5.367793	4.075547	6.759443
2036	12.228797	4.930966	5.029586	4.635108	5.522682	5.621302	4.240631	7.692308
2037	12.925170	5.150632	7.191448	4.859086	7.094266	5.442177	3.984451	6.511176
2038	12.304688	5.566406	6.250000	5.468750	5.371094	6.542969	3.613281	6.152344
2039	11.639185	5.625606	4.946654	6.207565	6.207565	6.110572	4.170708	6.110572
2040	11.199207	5.351833	5.550050	6.045590	6.541130	6.442022	3.964321	6.937562
2041	12.218964	5.376344	5.962854	5.376344	6.060606	6.842620	4.398827	6.256109
2042	11.623439	5.283381	6.340058	5.763689	4.322767	5.859750	4.226705	6.243996
2043	13.013013	6.006006	5.705706	5.605606	6.606607	5.105105	4.304304	6.006006
2044	11.572700	5.341246	5.736894	5.143422	7.517310	5.440158	4.055391	6.231454
2045	12.426614	5.675147	5.577299	4.794521	7.534247	6.360078	3.913894	6.751468
2046	12.537313	5.970149	5.771144	5.273632	6.865672	5.771144	4.278607	6.368159
2047	14.217099	5.955812	6.916427	4.995197	6.820365	5.379443	4.418828	6.532181
2048	10.802775	6.045590	6.442022	5.748266	5.351833	6.838454	4.162537	6.144698
2049	12.079208	5.643564	6.633663	6.138614	5.445545	5.643564	3.564356	6.930693
2050	11.758794	4.522613	5.427136	5.527638	5.326633	5.226131	4.723618	5.929648
2051	11.960784	5.294118	6.078431	4.509804	5.686275	6.666667	4.509804	6.862745
2052	11.741683	5.870841	6.751468	6.360078	5.870841	5.185910	3.816047	7.045010
2053	14.056225	6.425703	5.522088	5.923695	6.024096	5.120482	4.819277	6.425703
2054	11.309524	5.357143	5.555556	5.158730	5.357143	6.250000	4.067460	5.853175
2055	12.512413	5.461768	5.759682	4.865938	5.163853	5.362463	3.773585	5.958292
2056	12.500000	5.456349	6.150794	4.861111	5.853175	6.150794	4.761905	6.547619
2057	12.077295	5.603865	6.086957	4.927536	6.956522	5.893720	5.120773	7.149758
2058	13.165829	5.527638	6.130653	4.723618	5.527638	7.135678	4.020101	6.633166
2059	12.549407	5.237154	6.027668	5.039526	6.521739	5.731225	4.545455	6.324111
2060	12.387612	5.594406	5.594406	4.995005	6.593407	5.894106	4.295704	6.793207
2061	12.792969	5.761719	6.347656	4.296875	6.738281	5.957031	5.078125	7.324219
2062	13.294233	5.962854	6.256109	5.376344	6.256109	5.571848	4.203324	6.647116
2063	12.837838	5.308880	7.046332	5.308880	6.370656	6.370656	5.019305	6.467181
2064	13.372665	5.506391	5.801377	4.916421	5.998033	4.818092	4.228122	6.784661
2065	12.390244	6.146341	5.268293	5.073171	5.560976	6.048780	3.804878	6.439024
2066	13.248283	5.691855	7.262022	5.789990	6.771344	5.495584	4.906771	6.084396
2067	11.241447	5.962854	5.571848	5.474096	6.647116	6.256109	4.301075	7.820137
2068	11.695906	5.945419	6.335283	5.555556	6.237817	5.750487	4.873294	6.237817
2069	11.724138	6.403941	5.418719	5.615764	6.305419	5.320197	3.743842	7.093596
2070	11.914062	5.371094	5.468750	4.492188	6.054688	5.273438	4.394531	6.835938
2071	12.803104	5.237633	5.819593	6.401552	5.237633	6.401552	4.655674	6.401552
2072	12.450593	5.434783	6.521739	4.841897	4.545455	6.916996	4.150198	6.225296
2073	13.274336	5.113078	5.998033	5.211406	4.818092	5.703048	4.621436	6.784661
2074	10.861057	5.479452	5.870841	4.892368	6.262231	6.457926	3.913894	6.751468
2075	12.343298	5.882353	5.978785	5.882353	5.882353	6.171649	3.857281	7.425265
2076	12.573674	4.911591	5.795678	5.599214	6.876228	5.893910	4.715128	6.777996
2077	13.129319	5.528134	6.515301	5.133268	7.305035	6.021718	4.442251	6.120434
2078	11.100196	6.286837	6.188605	5.206287	6.188605	5.500982	4.616896	5.893910
2079	11.758794	6.030151	5.326633	6.030151	6.231156	6.231156	4.924623	6.030151
2080	11.701082	5.604720	5.506391	5.408063	6.293019	5.998033	4.228122	6.784661
2081	12.162162	5.598456	6.081081	5.984556	6.563707	6.081081	4.826255	6.177606
2082	10.770751	5.335968	5.731225	5.434783	6.126482	5.928854	4.347826	7.114625
2083	11.671612	6.033630	4.945598	5.934718	5.934718	6.132542	4.154303	6.132542
2084	12.238806	5.472637	5.671642	5.572139	5.771144	5.870647	4.975124	7.064677
2085	12.450199	5.876494	5.677291	5.776892	5.577689	5.976096	4.880478	6.274900
2086	13.047809	6.872510	5.876494	5.677291	6.374502	5.278884	3.685259	6.474104
2087	14.916585	6.182532	5.789990	5.986261	5.986261	5.789990	5.495584	6.378803
2088	11.252446	5.870841	6.262231	4.892368	6.555773	6.066536	4.011742	7.534247
2089	13.183594	5.566406	5.859375	4.589844	5.761719	5.664062	3.808594	6.738281
2090	13.366337	5.544554	6.138614	4.851485	6.534653	5.940594	3.861386	6.831683
2091	13.569322	5.801377	5.801377	5.801377	6.391347	5.309735	4.326450	7.079646
2092	11.793855	5.550050	5.450942	5.550050	7.135778	6.342914	4.459861	6.739346
2093	12.706111	5.528613	6.013579	5.043647	6.692532	5.916586	3.588749	6.692532
2094	12.730807	5.733722	5.539359	5.247813	6.025267	4.956268	3.984451	6.413994
2095	11.561265	5.731225	5.928854	6.916996	5.237154	6.324111	4.545455	6.916996
2096	13.150147	6.280667	7.065751	5.201178	7.065751	6.673209	3.925417	7.752699
2097	11.643836	5.381605	6.262231	4.500978	4.990215	5.577299	4.892368	6.947162
2098	14.172448	5.550050	6.838454	5.946482	6.045590	5.649158	4.856293	7.333994
2099	12.144956	5.288932	6.170421	4.995103	6.758080	6.072478	4.407444	7.149853
2100	11.941748	6.213592	5.533981	4.368932	5.825243	5.728155	3.592233	6.990291
2101	13.287402	5.610236	5.708661	4.724409	6.496063	5.708661	4.330709	7.480315
2102	11.953353	4.664723	6.316812	5.830904	6.899903	6.025267	4.567541	6.997085
2103	13.254204	6.231454	5.934718	5.242334	7.912957	5.143422	3.758655	6.627102
2104	12.637914	5.817452	5.717151	5.817452	6.118355	6.018054	4.112337	6.018054
2105	11.055777	6.075697	5.577689	5.976096	6.573705	5.378486	4.282869	6.274900
2106	11.776447	5.988024	6.586826	4.291417	6.487026	5.489022	4.291417	5.289421
2107	12.361809	5.326633	5.929648	4.221106	5.427136	4.824121	4.221106	4.522613
2108	12.622309	4.794521	6.262231	5.185910	6.066536	5.577299	4.305284	5.968689
2109	12.195122	5.658537	6.341463	5.560976	6.926829	6.048780	4.878049	6.926829
2110	11.992263	5.705996	5.512573	4.642166	5.899420	5.996132	4.158607	6.479691
2111	11.459354	6.268364	6.170421	4.701273	5.582762	5.778648	4.015671	6.856024
2112	13.209393	5.088063	5.185910	4.892368	6.555773	5.479452	4.598826	7.045010
2113	12.350598	5.876494	6.772908	5.179283	6.175299	6.175299	4.282869	6.474104
2114	12.784936	5.450942	6.442022	5.153617	6.045590	6.045590	4.261645	5.748266
2115	13.254204	5.539070	6.726014	5.242334	5.934718	5.341246	4.253215	6.330366
2116	12.755599	5.355404	6.621227	5.160662	5.939630	4.965920	3.992210	6.329114
2117	13.935231	5.789990	5.495584	5.103042	6.476938	5.201178	4.317959	6.771344
2118	13.476562	5.664062	5.664062	5.859375	6.347656	5.468750	4.882812	6.250000
2119	12.261307	4.623116	5.326633	5.226131	6.432161	5.929648	4.120603	6.331658
2120	12.500000	5.468750	6.054688	5.761719	6.445312	6.347656	3.613281	6.445312
2121	11.242604	6.015779	5.818540	6.213018	7.297830	4.733728	5.325444	6.804734
2122	12.585366	6.146341	5.268293	6.146341	6.439024	6.146341	3.512195	6.146341
2123	12.154150	6.027668	6.027668	5.138340	5.533597	5.830040	4.249012	6.225296
2124	12.475822	6.189555	5.996132	5.029014	5.609284	5.125725	3.965184	7.059961
2125	12.585366	5.170732	5.658537	6.146341	5.658537	5.560976	4.975610	6.048780
2126	11.561265	5.533597	6.027668	5.434783	6.324111	6.126482	4.249012	6.126482
2127	12.328767	6.360078	5.772994	4.696673	6.653620	5.870841	4.305284	5.675147
2128	13.047712	5.939630	6.718598	4.771178	5.550146	5.647517	4.089581	6.815969
2129	12.127237	6.759443	5.765408	5.666004	6.461233	6.063618	4.274354	6.163022
2130	14.005877	5.974535	5.778648	4.701273	5.974535	5.876592	4.211557	6.758080
2131	13.346418	5.986261	5.495584	5.593719	5.691855	5.495584	4.906771	6.182532
2132	10.526316	5.858987	5.660377	5.461768	6.554121	5.263158	4.568024	7.447865
2133	11.414634	6.146341	6.048780	5.170732	5.658537	5.463415	4.682927	6.243902
2134	11.827957	5.669599	6.744868	4.496579	5.571848	6.060606	4.887586	6.940371
2135	11.676647	5.389222	6.087824	5.089820	5.888224	5.688623	3.992016	5.788423
2136	11.799410	5.899705	6.489676	4.818092	6.391347	5.899705	4.818092	5.899705
2137	12.340842	5.680705	6.660137	5.582762	5.680705	6.562194	4.113614	7.541626
2138	13.194444	5.555556	5.853175	5.158730	5.753968	6.051587	3.968254	7.043651
2139	13.353116	5.934718	5.341246	5.143422	6.033630	5.637982	4.747774	7.517310
2140	11.925709	5.669599	5.571848	5.180841	5.767351	5.278592	4.887586	7.722385
2141	13.065327	5.929648	6.331658	5.326633	6.834171	6.834171	4.623116	6.633166
2142	12.087912	6.093906	5.494505	6.193806	6.793207	4.895105	4.695305	6.093906
2143	11.984283	6.286837	6.385069	5.697446	5.206287	5.599214	5.108055	7.072692
2144	11.827957	5.865103	5.767351	5.474096	6.940371	5.767351	3.323558	6.451613
2145	13.017751	5.621302	5.818540	5.029586	6.804734	5.424063	4.635108	7.692308
2146	12.351779	5.928854	5.434783	4.644269	6.719368	5.039526	4.051383	6.620553
2147	12.649402	5.577689	5.677291	4.880478	6.573705	5.776892	4.183267	5.976096
2148	12.024048	6.212425	7.114228	4.509018	6.813627	5.711423	5.010020	6.913828
2149	11.100196	5.304519	6.581532	5.206287	6.483301	6.286837	4.027505	6.777996
2150	12.195122	5.756098	5.658537	5.073171	6.634146	6.243902	4.292683	7.609756
2151	12.979351	5.309735	6.096362	5.899705	6.293019	6.489676	5.113078	6.096362
2152	11.976631	5.744888	7.302824	4.186952	6.231743	4.868549	4.868549	6.815969
2153	11.253702	5.231984	5.133268	4.935834	6.515301	5.429418	4.047384	6.614018
2154	12.753623	5.603865	5.700483	4.637681	5.314010	6.666667	3.864734	6.763285
2155	11.485149	5.544554	5.445545	6.138614	7.227723	5.247525	4.752475	5.643564
2156	12.732615	5.778648	5.484819	5.680705	6.268364	4.995103	4.407444	6.072478
2157	13.047809	5.278884	5.478088	5.079681	6.772908	5.478088	4.880478	5.577689
2158	12.597656	5.957031	5.566406	5.859375	6.054688	6.054688	4.101562	7.226562
2159	12.139303	5.472637	5.870647	4.776119	6.766169	6.268657	4.676617	6.865672
2160	13.577800	5.450942	5.649158	5.748266	5.847374	5.351833	4.757185	6.243806
2161	12.291052	5.309735	6.489676	5.604720	6.096362	6.096362	4.031465	6.784661
2162	12.240869	5.429418	5.528134	5.429418	4.837117	6.910168	4.244817	5.528134
2163	12.166172	5.242334	5.637982	5.440158	5.440158	5.637982	4.451039	6.923838
2164	11.890838	5.847953	6.335283	5.165692	6.432749	5.360624	3.996101	7.017544
2165	11.909449	6.299213	5.807087	5.413386	6.003937	5.019685	5.118110	6.200787
2166	12.074002	5.258033	6.231743	5.355404	6.037001	5.647517	3.992210	6.523856
2167	11.770524	5.440158	6.330366	5.341246	6.330366	5.736894	4.648863	5.440158
2168	13.228036	5.824284	6.712734	5.034551	6.317868	6.021718	5.133268	6.219151
2169	13.188976	4.822835	5.511811	5.216535	5.708661	6.200787	4.921260	6.200787
2170	11.753183	6.366308	6.856024	4.603330	6.268364	5.093046	4.015671	7.149853
2171	11.988012	5.394605	5.594406	4.095904	6.793207	6.293706	4.695305	6.793207
2172	13.618677	6.614786	5.252918	5.447471	5.350195	6.031128	3.891051	6.322957
2173	11.935807	6.519559	6.218656	5.516550	6.118355	6.018054	4.012036	7.121364
2174	11.553785	5.776892	5.478088	4.382470	5.677291	4.980080	4.083665	5.677291
2175	13.300493	6.403941	6.305419	4.827586	7.290640	5.320197	5.418719	5.911330
2176	11.822660	5.024631	5.714286	4.630542	5.812808	6.502463	4.137931	7.093596
2177	12.878049	6.048780	7.024390	5.756098	6.439024	5.853659	4.390244	6.536585
2178	12.573099	5.945419	5.165692	6.237817	6.432749	5.653021	4.093567	7.797271
2179	11.972522	5.495584	6.182532	5.593719	8.047105	5.691855	4.219823	6.771344
2180	11.764706	5.588235	5.588235	5.588235	6.960784	5.588235	4.313725	6.176471
2181	11.764706	5.686275	6.470588	4.705882	5.784314	4.803922	4.705882	7.450980
2182	11.816406	5.859375	6.250000	5.273438	6.640625	6.152344	4.882812	6.152344
2183	12.623274	5.621302	5.818540	5.424063	6.804734	6.114398	5.029586	6.607495
2184	12.199808	6.340058	6.051873	5.283381	6.724304	5.379443	4.034582	5.859750
2185	11.829026	6.660040	5.964215	4.970179	5.864811	5.765408	3.677932	6.063618
2186	14.050388	5.523256	5.620155	4.651163	6.007752	5.232558	5.038760	6.492248
2187	11.275964	5.637982	5.736894	6.132542	6.033630	6.330366	4.253215	5.835806
2188	12.524462	6.164384	6.066536	5.577299	6.555773	6.066536	4.892368	6.066536
2189	12.599206	6.646825	5.555556	6.349206	6.646825	6.051587	4.067460	6.349206
2190	11.634905	5.315948	6.218656	4.613842	5.817452	5.917753	4.714142	7.923771
2191	12.236710	5.817452	6.218656	5.315948	5.917753	5.917753	5.416249	5.717151
2192	13.060818	6.380857	5.782652	5.184447	5.383848	7.078764	4.785643	5.882353
2193	12.966601	6.483301	5.992141	4.813360	6.777996	5.893910	5.206287	6.777996
2194	11.793372	4.873294	6.042885	5.263158	6.237817	4.775828	4.483431	6.822612
2195	12.265084	5.341246	5.143422	4.253215	6.429278	4.945598	4.549951	5.934718
2196	11.658291	5.728643	6.030151	5.427136	7.035176	4.924623	4.120603	6.733668
2197	12.156863	5.490196	5.980392	5.490196	7.254902	5.490196	5.000000	5.784314
2198	12.475050	5.189621	4.990020	4.391218	6.287425	5.389222	4.890220	6.986028
2199	12.342080	5.928086	5.928086	6.122449	5.247813	5.636540	3.498542	6.705539
2200	12.622309	5.772994	6.360078	5.381605	5.675147	6.360078	4.990215	6.653620
2201	12.475248	5.940594	5.643564	5.148515	6.039604	4.752475	3.762376	7.227723
2202	12.671906	5.599214	6.090373	4.715128	5.402750	6.777996	4.125737	7.170923
2203	11.350294	5.772994	4.892368	5.870841	6.262231	6.360078	4.598826	6.164384
2204	12.500000	5.576923	6.057692	6.250000	5.096154	5.576923	3.653846	6.346154
2205	12.624254	5.566600	6.361829	5.467197	5.566600	5.566600	4.671968	5.765408
2206	13.411079	6.219631	5.928086	4.373178	7.094266	5.733722	4.275996	6.511176
2207	12.609971	5.669599	6.158358	5.474096	6.158358	6.842620	4.496579	7.233627
2208	12.266928	5.299313	6.476938	5.888126	6.182532	4.906771	4.906771	6.476938
2209	12.868369	5.500982	5.304519	4.616896	4.911591	4.813360	4.518664	6.385069
2210	13.704071	5.561072	6.653426	4.766634	6.454816	6.355511	4.071500	5.660377
2211	12.015889	4.965243	5.759682	6.057597	5.064548	6.057597	3.277061	6.554121
2212	11.888112	5.394605	5.894106	5.694306	5.294705	5.594406	3.896104	6.893107
2213	11.719500	5.763689	5.283381	6.147935	6.243996	6.340058	3.554275	5.283381
2214	13.373253	5.988024	6.387226	5.289421	6.586826	5.489022	4.191617	6.187625
2215	11.895551	5.705996	5.705996	5.705996	6.189555	5.415861	4.448743	6.479691
2216	11.968348	5.637982	6.429278	5.341246	7.121662	6.330366	4.747774	6.627102
2217	11.673152	6.225681	5.252918	5.933852	5.933852	4.571984	3.793774	5.836576
2218	12.067260	5.242334	6.033630	5.934718	6.923838	6.231454	4.055391	6.231454
2219	12.062257	6.517510	5.447471	4.961089	5.642023	5.350195	4.571984	6.031128
2220	12.561820	5.539070	5.341246	4.154303	6.132542	5.539070	3.857567	7.121662
2221	12.278978	5.108055	6.090373	5.697446	5.697446	5.599214	5.108055	5.992141
2222	13.082260	5.847374	5.748266	5.450942	6.045590	5.550050	4.360753	6.739346
2223	11.753183	4.897160	6.072478	5.288932	6.856024	6.170421	4.015671	6.856024
2224	12.855741	5.201178	6.673209	5.495584	6.575074	5.495584	5.004907	5.691855
2225	12.366115	5.550146	6.426485	4.771178	7.205453	4.868549	3.797468	6.815969
2226	12.987013	5.994006	5.094905	4.995005	5.694306	5.994006	4.895105	5.694306
2227	13.235294	6.274510	5.784314	5.980392	5.490196	5.784314	5.098039	5.686275
2228	12.487709	5.506391	5.703048	4.719764	6.391347	6.686332	4.031465	6.194690
2229	12.636816	5.572139	6.368159	5.970149	5.572139	5.472637	4.776119	6.368159
2230	12.512219	5.767351	5.376344	5.083089	7.135875	6.549365	4.789834	7.820137
2231	13.254204	5.934718	5.637982	5.044510	6.923838	6.330366	4.648863	6.824926
2232	10.474308	5.533597	4.841897	5.434783	4.446640	5.434783	4.051383	7.114625
2233	11.403509	5.945419	5.068226	5.945419	6.140351	5.750487	5.068226	6.530214
2234	13.550940	4.945598	6.429278	4.549951	5.637982	5.341246	4.253215	6.824926
2235	12.450199	5.876494	6.374502	5.876494	6.474104	5.179283	4.880478	6.075697
2236	12.897016	6.159769	5.967276	5.678537	5.582291	5.486044	4.331088	6.448508
2237	13.658537	5.170732	5.756098	5.268293	5.756098	7.219512	4.097561	6.146341
2238	12.340842	5.876592	5.876592	5.288932	6.072478	5.876592	3.917728	7.443683
2239	11.655240	5.974535	5.778648	5.288932	6.660137	5.876592	5.386876	6.464251
2240	11.862745	5.098039	6.372549	5.000000	6.274510	5.392157	3.431373	6.764706
2241	11.531008	5.135659	5.329457	6.007752	6.201550	5.717054	4.069767	6.686047
2242	12.067260	5.934718	5.539070	5.539070	5.736894	5.143422	4.549951	7.022750
2243	12.242899	5.974535	6.660137	5.093046	5.680705	5.876592	4.211557	7.443683
2244	10.749507	6.410256	5.719921	5.029586	6.706114	5.719921	3.550296	6.015779
2245	12.983152	5.649158	5.946482	5.351833	6.144698	6.243806	4.658077	7.036670
2246	11.758893	5.731225	5.830040	4.644269	5.928854	5.830040	4.150198	6.027668
2247	12.327416	5.226824	5.522682	5.029586	6.508876	5.226824	5.226824	7.396450
2248	15.100000	6.100000	6.300000	5.400000	5.700000	5.000000	4.400000	7.000000
2249	11.456311	5.242718	5.728155	4.854369	6.504854	5.728155	4.174757	6.796117
2250	12.389381	5.703048	5.604720	4.818092	6.096362	5.604720	4.228122	5.998033
2251	13.844622	6.175299	5.677291	4.482072	5.776892	6.075697	4.980080	6.772908
2252	11.408730	5.059524	5.952381	4.960317	7.043651	5.357143	4.464286	6.150794
2253	11.806256	6.256307	5.449041	4.641776	7.568113	4.843592	4.137235	6.962664
2254	12.178218	6.336634	5.445545	4.851485	5.544554	6.831683	3.960396	6.732673
2255	11.980198	5.643564	6.237624	5.445545	6.237624	5.148515	4.257426	6.930693
2256	11.523438	6.152344	5.566406	4.394531	6.152344	6.250000	4.101562	7.910156
2257	12.180747	5.992141	6.090373	5.500982	6.385069	5.206287	4.223969	7.367387
2258	11.598441	5.068226	6.530214	5.165692	6.725146	5.653021	4.385965	5.847953
2259	11.890838	5.360624	5.360624	5.653021	5.653021	5.165692	4.093567	6.432749
2260	12.003968	5.952381	5.753968	6.349206	5.853175	5.257937	4.265873	5.853175
2261	11.944719	5.528134	5.824284	5.034551	6.021718	5.429418	3.849951	6.317868
2262	12.226640	5.765408	5.964215	5.964215	5.467197	6.361829	4.174950	5.666004
2263	11.956522	5.830040	5.830040	5.533597	6.916996	5.632411	4.051383	6.126482
2264	11.956522	5.533597	6.225296	5.138340	6.225296	6.324111	4.051383	6.620553
2265	12.437312	6.619860	5.917753	4.012036	5.416249	5.416249	4.112337	5.817452
2266	13.600000	6.300000	6.000000	4.900000	5.700000	5.800000	3.800000	6.600000
2267	12.792969	6.250000	6.054688	4.882812	5.859375	5.859375	4.199219	6.835938
2268	11.648569	5.429418	5.923001	3.948667	6.120434	6.416584	4.442251	6.219151
2269	12.922465	5.467197	4.870775	4.671968	7.057654	5.367793	4.671968	5.864811
2270	11.937378	5.577299	5.675147	5.088063	5.870841	6.751468	4.794521	7.925636
2271	12.587413	4.895105	5.994006	4.795205	7.492507	5.594406	4.595405	7.092907
2272	13.111546	5.675147	6.262231	5.283757	6.457926	6.066536	4.207436	6.164384
2273	11.928429	6.163022	5.268390	4.473161	6.858847	5.467197	4.572565	6.262425
2274	12.868369	5.402750	5.795678	4.813360	6.483301	5.893910	4.813360	6.777996
2275	13.000978	4.887586	5.767351	4.692082	5.962854	5.669599	4.105572	6.744868
2276	13.516161	6.072478	5.778648	5.876592	5.876592	4.995103	4.211557	5.680705
2277	11.949070	5.093046	5.288932	6.464251	6.856024	6.366308	4.113614	6.562194
2278	12.124151	5.237633	6.595538	4.170708	6.595538	5.431620	4.655674	6.692532
2279	12.327416	5.818540	5.226824	5.424063	6.903353	5.325444	4.536489	5.226824
2280	12.922465	5.864811	5.268390	5.367793	6.858847	5.765408	4.671968	5.864811
2281	11.857708	6.027668	5.138340	6.126482	5.928854	5.928854	4.446640	6.620553
2282	11.285574	5.986261	5.888126	5.201178	5.397448	5.299313	3.827282	6.575074
2283	14.811229	5.905131	6.292352	4.743466	7.066796	6.389158	3.388190	6.098742
2284	12.500000	5.257937	6.547619	4.067460	7.242063	6.547619	4.960317	6.646825
2285	13.326752	5.330701	5.528134	5.725568	6.120434	5.923001	4.639684	6.219151
2286	12.584705	5.227493	5.227493	6.098742	6.582769	5.517909	3.678606	6.389158
2287	12.413108	6.554121	6.256207	5.163853	6.454816	5.660377	3.376365	5.362463
2288	12.462908	5.934718	6.330366	4.549951	5.440158	6.528190	4.747774	6.330366
2289	11.077844	5.489022	5.888224	4.990020	6.786427	5.688623	4.491018	6.487026
2290	12.500000	6.250000	6.152344	4.980469	6.347656	6.152344	4.492188	6.250000
2291	10.657371	5.577689	5.677291	5.776892	5.876494	5.876494	4.382470	6.175299
2292	11.856171	5.442177	6.025267	5.344995	6.025267	5.539359	3.206997	7.191448
2293	12.450593	6.126482	4.841897	5.434783	6.916996	6.027668	4.150198	5.928854
2294	11.057692	5.000000	5.288462	5.576923	5.384615	5.192308	4.711538	6.538462
2295	13.600783	6.164384	5.772994	5.772994	6.751468	5.675147	4.305284	6.849315
2296	13.786408	5.728155	6.504854	4.951456	6.407767	4.951456	3.689320	7.669903
2297	12.449799	5.421687	5.321285	5.120482	7.329317	5.722892	3.614458	6.325301
2298	12.852970	5.355404	5.647517	5.939630	7.302824	5.842259	4.479065	6.621227
2299	12.759644	6.033630	5.044510	5.539070	7.517310	6.231454	4.451039	7.220574
2300	13.030888	5.501931	6.081081	5.694981	7.046332	5.115830	4.922780	5.888031
2301	13.418217	6.464251	5.974535	4.897160	5.484819	5.778648	4.603330	6.856024
2302	12.023460	5.083089	6.842620	5.180841	6.256109	6.353861	4.105572	6.158358
2303	12.389381	5.998033	5.408063	5.801377	6.391347	6.293019	4.523107	6.489676
2304	10.958904	5.088063	5.185910	5.870841	6.751468	5.381605	4.305284	6.262231
2305	12.278978	5.893910	5.992141	4.813360	5.697446	6.090373	3.732809	7.269155
2306	13.140097	5.120773	5.700483	6.280193	6.763285	5.410628	3.864734	6.280193
2307	11.252446	5.479452	5.479452	5.479452	6.360078	4.892368	4.598826	6.555773
2308	12.487709	4.916421	6.194690	5.506391	6.588004	6.489676	3.736480	6.391347
2309	13.592233	5.533981	5.436893	6.601942	5.631068	5.145631	3.786408	6.213592
2310	11.787819	5.304519	6.188605	5.304519	5.599214	6.188605	4.322200	7.465619
2311	12.400794	5.158730	5.654762	5.059524	7.142857	5.753968	4.960317	6.547619
2312	11.534702	5.278592	4.789834	6.060606	7.331378	6.060606	4.301075	6.647116
2313	12.623274	6.015779	5.719921	5.719921	6.311637	6.114398	4.733728	6.706114
2314	12.987013	5.294705	4.895105	6.093906	5.494505	5.494505	5.494505	6.693307
2315	11.770428	6.128405	5.350195	5.642023	6.225681	6.225681	4.571984	6.809339
2316	11.787819	6.090373	6.385069	5.402750	6.090373	6.286837	5.206287	6.483301
2317	13.586414	5.894106	4.995005	5.594406	4.995005	5.794206	3.996004	6.093906
2318	11.637081	5.621302	4.930966	4.536489	6.804734	5.522682	4.536489	5.226824
2319	12.487899	6.389158	7.260407	4.646660	6.195547	6.292352	4.549855	6.098742
2320	13.399015	5.221675	6.403941	5.418719	6.699507	6.798030	4.433498	5.911330
2321	12.121212	6.353861	6.842620	4.398827	5.180841	6.451613	4.301075	6.647116
2322	12.696850	5.610236	6.594488	4.625984	6.003937	5.511811	4.330709	6.692913
2323	11.881188	5.841584	6.336634	6.237624	5.148515	5.742574	4.950495	6.831683
2324	12.706111	5.722599	6.304559	5.431620	6.207565	5.916586	3.879728	6.789525
2325	10.805501	5.795678	5.599214	4.911591	6.777996	6.385069	4.223969	6.385069
2326	12.160804	5.427136	6.030151	5.527638	5.326633	4.723618	4.120603	6.633166
2327	12.996032	6.944444	6.051587	5.158730	6.250000	5.853175	3.968254	6.646825
2328	12.233010	5.242718	5.922330	6.019417	6.990291	5.145631	4.368932	6.213592
2329	11.921182	5.024631	6.896552	4.433498	6.009852	6.403941	4.039409	5.812808
2330	12.202381	5.853175	5.456349	4.861111	7.341270	4.563492	4.662698	5.753968
2331	12.378168	5.847953	5.945419	5.068226	5.263158	5.458090	4.775828	7.699805
2332	11.175899	5.636540	6.608358	5.247813	5.830904	5.442177	4.664723	7.968902
2333	12.377210	5.500982	5.992141	4.813360	5.795678	7.269155	4.616896	7.563851
2334	12.645914	5.739300	5.836576	4.377432	6.031128	5.058366	4.571984	6.128405
2335	12.295869	5.091258	5.955812	6.243996	6.724304	6.147935	3.938521	6.532181
2336	12.835821	5.273632	6.567164	4.577114	4.676617	5.870647	4.875622	6.069652
2337	12.413793	5.714286	6.206897	4.827586	6.995074	6.305419	3.645320	7.192118
2338	11.383710	5.888126	5.397448	6.182532	6.476938	5.299313	3.925417	6.575074
2339	12.698413	5.456349	6.349206	4.662698	6.051587	5.357143	4.265873	7.242063
2340	13.181368	6.342914	6.342914	4.459861	6.243806	6.045590	4.063429	6.838454
2341	12.388503	5.351833	5.847374	4.955401	6.442022	5.649158	3.369673	7.234886
2342	10.728346	5.905512	6.200787	5.216535	5.610236	5.807087	4.133858	6.496063
2343	12.709360	5.812808	6.305419	5.221675	6.206897	5.024631	3.940887	6.206897
2344	12.815534	5.728155	5.048544	4.660194	5.728155	5.533981	4.563107	5.728155
2345	11.648569	5.923001	5.725568	5.231984	6.219151	5.725568	4.738401	7.206318
2346	12.328767	6.164384	6.849315	5.088063	5.675147	5.675147	5.088063	6.066536
2347	11.735206	5.416249	4.814443	5.717151	6.419258	5.115346	4.413240	6.218656
2348	13.799806	6.316812	5.539359	4.275996	7.191448	5.928086	4.081633	6.511176
2349	12.858556	5.736894	5.736894	5.736894	5.637982	5.341246	4.549951	6.726014
2350	12.055336	6.027668	6.620553	5.830040	4.841897	6.225296	5.138340	6.620553
2351	12.925852	5.310621	5.210421	5.110220	7.014028	4.909820	4.809619	7.014028
2352	13.649852	6.528190	5.341246	5.835806	6.330366	5.736894	4.154303	6.429278
2353	12.984496	5.717054	5.523256	6.104651	6.395349	5.426357	5.135659	6.589147
2354	13.547758	5.847953	6.432749	5.847953	6.042885	6.920078	5.263158	6.042885
2355	13.306452	5.241935	5.846774	6.350806	5.241935	5.040323	3.830645	5.745968
2356	13.502935	5.675147	6.751468	4.696673	5.479452	6.457926	4.598826	7.632094
2357	11.493124	5.402750	5.992141	5.402750	6.483301	5.500982	3.536346	7.072692
2358	12.024048	6.613226	6.613226	5.310621	6.312625	5.911824	4.609218	6.513026
2359	12.536729	5.680705	5.680705	4.995103	7.345739	6.366308	4.309500	7.639569
2360	12.704524	5.774783	5.389798	5.101059	6.159769	4.908566	4.427334	6.063523
2361	11.527094	5.911330	6.403941	5.418719	7.093596	5.418719	4.334975	5.812808
2362	11.530815	5.367793	4.671968	4.870775	5.666004	5.168986	5.268390	6.759443
2363	12.948207	5.976096	6.075697	4.780876	5.577689	5.079681	3.984064	6.274900
2364	13.694581	5.517241	5.812808	6.009852	6.305419	5.812808	4.532020	6.009852
2365	14.568880	5.946482	5.450942	6.243806	5.450942	5.351833	4.261645	6.442022
2366	11.753183	5.386876	6.268364	5.386876	5.680705	5.876592	4.799216	7.443683
2367	12.512413	5.858987	5.362463	4.568024	6.156902	6.752731	4.568024	6.156902
2368	12.966601	5.697446	5.795678	5.893910	7.170923	5.992141	3.339882	7.465619
2369	11.834320	6.114398	6.410256	4.930966	6.015779	5.522682	4.733728	6.213018
2370	12.427184	6.116505	5.631068	5.339806	6.504854	5.436893	3.689320	7.087379
2371	12.228797	5.325444	5.522682	5.226824	5.719921	6.508876	4.635108	6.213018
2372	11.089109	5.940594	6.435644	4.851485	7.029703	6.435644	4.653465	6.336634
2373	11.684518	5.550146	6.329114	5.160662	5.647517	5.939630	4.089581	7.010711
2374	13.463415	6.634146	6.926829	5.951220	5.756098	5.756098	4.292683	6.536585
2375	12.426036	4.832347	6.508876	5.818540	5.917160	6.410256	4.240631	7.199211
2376	12.813102	5.009634	6.069364	6.262042	6.069364	5.394990	4.335260	6.069364
2377	12.598425	5.118110	5.216535	5.216535	6.299213	5.314961	3.937008	6.791339
2378	12.662014	5.583250	4.785643	4.586241	5.682951	5.284148	4.087737	6.679960
2379	11.531008	5.523256	5.329457	5.523256	5.329457	5.620155	5.038760	6.492248
2380	13.513514	4.904905	5.605606	5.805806	6.506507	6.306306	4.904905	6.606607
2381	11.508704	5.319149	6.189555	5.415861	7.059961	6.092843	4.642166	6.866538
2382	13.748764	5.736894	5.539070	4.846686	6.132542	5.736894	4.648863	6.033630
2383	12.200000	5.000000	7.200000	5.200000	6.100000	5.500000	4.300000	6.900000
2384	13.077679	5.899705	5.604720	5.604720	6.293019	6.096362	4.326450	7.177974
2385	11.242604	6.410256	6.114398	4.635108	6.804734	5.226824	4.536489	6.213018
2386	12.438786	5.484819	5.484819	4.505387	6.562194	5.484819	4.799216	6.856024
2387	12.365064	6.182532	6.280667	4.612365	6.182532	5.593719	4.710500	6.869480
2388	11.425781	5.468750	5.859375	5.957031	5.859375	5.957031	4.003906	5.566406
2389	12.812813	5.005005	6.206206	5.205205	6.606607	5.305305	4.904905	5.705706
2390	12.861416	5.583250	5.782652	6.081755	6.281157	5.483549	4.586241	6.879362
2391	12.027158	5.916586	5.625606	6.013579	5.916586	6.498545	3.879728	6.110572
2392	12.195122	4.878049	6.341463	5.365854	8.000000	6.341463	5.170732	6.634146
2393	12.450593	4.940711	5.928854	5.434783	6.521739	5.434783	4.051383	5.928854
2394	10.850440	5.278592	6.647116	5.571848	5.083089	6.060606	4.789834	7.820137
2395	12.669246	5.802708	6.382979	6.286267	6.963250	5.512573	4.448743	5.609284
2396	12.362911	5.583250	6.480558	5.084746	8.175474	5.682951	4.486540	5.782652
2397	13.527054	5.711423	5.511022	5.711423	6.913828	5.110220	3.306613	6.613226
2398	12.462908	6.726014	5.637982	6.231454	5.637982	5.934718	4.055391	6.330366
2399	13.333333	5.572139	5.870647	4.179104	5.671642	5.572139	4.079602	5.970149
2400	13.069307	6.138614	6.039604	5.148515	6.732673	5.940594	4.455446	6.435644
2401	12.850242	5.120773	5.507246	6.280193	5.603865	5.410628	5.024155	6.570048
2402	12.178218	5.346535	6.138614	5.247525	6.336634	5.841584	3.861386	6.732673
2403	12.168793	6.084396	5.888126	5.103042	6.967615	6.378803	4.023553	5.789990
2404	11.557789	5.427136	6.130653	5.226131	6.532663	5.829146	4.321608	6.633166
2405	12.922465	5.765408	6.063618	5.268390	5.964215	6.262425	4.572565	6.461233
2406	12.376238	5.445545	6.039604	4.851485	6.039604	5.742574	4.257426	6.435644
2407	13.392857	6.150794	5.753968	4.761905	6.448413	5.654762	4.761905	5.753968
2408	13.727455	6.913828	6.513026	5.511022	5.811623	5.010020	4.108216	7.014028
2409	12.725451	6.012024	5.711423	4.709419	7.114228	5.611222	4.609218	5.611222
2410	11.694747	5.748266	5.649158	5.748266	6.739346	5.649158	4.658077	6.937562
2411	10.327706	5.858987	5.263158	5.858987	5.958292	5.461768	4.865938	6.752731
2412	11.810261	5.033882	5.324298	5.614714	5.614714	6.776379	4.646660	6.679574
2413	12.338308	5.472637	5.572139	5.174129	5.572139	5.870647	5.174129	4.776119
2414	13.261297	5.795678	5.697446	5.795678	6.581532	6.090373	4.518664	6.974460
2415	12.070658	6.182532	6.280667	4.808636	5.691855	5.888126	4.121688	6.771344
2416	12.280702	4.873294	5.360624	5.847953	6.530214	6.042885	4.873294	7.309942
2417	12.855741	5.299313	5.593719	5.495584	5.789990	5.691855	4.317959	7.163886
2418	10.832497	6.118355	6.018054	5.215647	7.021063	5.717151	4.212638	5.115346
2419	11.014493	5.700483	6.376812	5.700483	5.893720	5.603865	4.444444	7.149758
2420	12.214499	5.461768	5.858987	5.660377	5.858987	5.759682	3.773585	6.454816
2421	13.470993	6.194690	5.408063	4.818092	6.981318	5.506391	4.031465	6.686332
2422	12.252964	4.940711	6.818182	4.841897	5.632411	6.818182	3.952569	5.830040
2423	12.680115	5.763689	5.955812	5.763689	6.628242	6.243996	4.226705	7.973103
2424	11.886051	5.795678	5.108055	5.304519	6.581532	6.385069	4.420432	6.188605
2425	11.805556	5.654762	5.853175	6.250000	6.746032	6.051587	4.563492	6.547619
2426	12.389381	4.916421	5.506391	5.309735	6.686332	5.703048	4.129794	6.096362
2427	13.254204	5.440158	6.132542	4.846686	8.209693	5.736894	4.747774	6.824926
2428	14.101291	6.355511	6.156902	4.865938	5.858987	6.454816	4.766634	6.355511
2429	13.537549	5.731225	4.347826	5.039526	6.225296	5.434783	4.150198	6.620553
2430	11.646586	6.024096	6.626506	5.120482	6.425703	6.425703	4.618474	7.128514
2431	12.100000	5.600000	5.800000	5.200000	5.700000	6.200000	4.300000	7.500000
2432	13.222331	5.386876	6.366308	5.386876	6.268364	6.170421	4.113614	6.366308
2433	12.549020	6.176471	5.980392	4.901961	6.764706	5.588235	4.215686	7.058824
2434	13.274336	5.604720	5.801377	5.408063	7.767945	5.801377	4.523107	5.801377
2435	11.867704	5.350195	6.128405	4.766537	7.392996	7.003891	4.961089	6.420233
2436	13.039216	5.000000	4.901961	5.294118	7.058824	5.686275	4.117647	6.764706
2437	11.089494	6.128405	6.031128	5.058366	6.128405	5.836576	4.766537	7.392996
2438	14.187867	5.968689	5.185910	5.479452	5.968689	5.088063	4.403131	7.045010
2439	12.732615	5.093046	5.680705	5.484819	5.876592	5.876592	4.015671	6.464251
2440	12.648221	6.126482	5.830040	5.434783	6.422925	6.620553	4.446640	6.027668
2441	11.655240	5.288932	6.562194	5.876592	5.876592	5.484819	4.211557	7.345739
2442	13.326653	5.611222	5.611222	4.609218	5.210421	6.212425	5.010020	6.112224
2443	11.932939	5.226824	5.719921	5.325444	7.100592	5.719921	4.043393	6.804734
2444	12.707722	6.353861	5.474096	4.594330	6.940371	5.278592	3.616813	6.940371
2445	12.912621	4.951456	5.728155	5.533981	6.699029	5.339806	3.883495	6.699029
2446	13.385827	5.118110	6.594488	5.511811	6.200787	6.102362	4.035433	6.791339
2447	12.340842	5.778648	6.268364	4.603330	6.072478	6.072478	4.211557	6.758080
2448	12.487611	5.252725	5.649158	5.252725	6.045590	5.450942	3.766105	6.144698
2449	13.077679	6.096362	6.588004	5.309735	6.588004	5.703048	4.326450	6.784661
2450	12.698413	6.051587	6.150794	4.960317	5.357143	5.952381	4.067460	6.448413
2451	12.221145	5.334627	5.819593	4.752667	6.304559	5.819593	4.073715	6.304559
2452	12.682927	5.268293	5.853659	5.268293	6.048780	5.658537	3.804878	6.536585
2453	13.047809	5.776892	5.876494	5.478088	6.274900	5.278884	4.482072	6.772908
2454	13.142292	5.533597	6.027668	5.731225	6.126482	5.434783	4.051383	6.818182
2455	11.902439	5.560976	6.048780	5.756098	6.634146	4.878049	4.097561	6.536585
2456	12.077295	5.893720	6.666667	5.603865	6.473430	5.797101	5.120773	5.797101
2457	11.527094	6.108374	5.812808	4.729064	6.600985	6.206897	4.334975	6.600985
2458	12.736318	5.572139	6.567164	4.278607	7.164179	5.373134	4.378109	6.766169
2459	11.822660	4.729064	5.812808	6.305419	6.403941	5.123153	4.532020	6.206897
2460	11.309524	6.547619	6.150794	4.563492	7.341270	6.448413	4.761905	6.250000
2461	12.723658	6.361829	5.864811	5.168986	6.163022	5.268390	4.572565	6.560636
2462	12.280702	5.263158	6.725146	5.750487	7.017544	6.042885	3.801170	5.945419
2463	10.861057	4.892368	7.142857	5.088063	6.947162	5.381605	4.598826	6.555773
2464	13.260219	5.583250	5.383848	4.985045	6.779661	6.580259	4.287139	7.377866
2465	11.623246	5.310621	6.713427	5.210421	6.513026	6.312625	4.308617	7.414830
2466	11.781889	6.815969	6.231743	4.479065	6.621227	5.647517	3.700097	7.692308
2467	12.074002	5.842259	5.063291	6.426485	6.231743	5.160662	4.576436	6.718598
2468	12.328767	5.283757	5.675147	4.403131	5.479452	5.088063	3.913894	6.360078
2469	11.616651	5.130687	6.389158	5.711520	6.776379	5.421104	4.065828	7.454017
2470	12.782694	5.211406	5.506391	4.818092	7.669617	6.096362	3.638151	6.686332
2471	12.635735	5.528134	6.416584	5.626851	6.317868	5.923001	5.034551	5.626851
2472	11.799410	5.309735	5.408063	5.604720	5.506391	6.784661	3.244838	6.489676
2473	13.346418	5.789990	6.476938	5.691855	6.280667	5.986261	3.729146	6.771344
2474	13.470993	5.309735	5.604720	5.408063	6.588004	6.981318	4.621436	6.882989
2475	11.996067	5.703048	6.784661	5.113078	6.588004	5.801377	4.326450	7.079646
2476	10.696762	5.986261	6.182532	6.084396	7.065751	5.299313	4.612365	6.476938
2477	12.063809	5.782652	5.882353	5.284148	6.081755	5.782652	4.386839	6.081755
2478	12.062257	5.252918	6.128405	4.961089	6.809339	5.544747	3.696498	7.684825
2479	11.467444	5.928086	5.247813	5.150632	6.413994	6.511176	3.790087	7.677357
2480	12.035225	6.066536	5.088063	5.381605	5.968689	5.381605	4.696673	6.653620
2481	11.527094	5.418719	6.009852	6.600985	5.714286	6.600985	4.137931	5.812808
2482	12.671906	6.090373	7.269155	6.679764	6.385069	5.599214	4.616896	7.072692
2483	10.297030	5.544554	4.851485	5.049505	5.049505	5.544554	4.554455	6.237624
2484	11.564626	5.053450	5.539359	5.830904	7.288630	6.802721	4.373178	6.413994
2485	11.822660	6.108374	4.729064	5.615764	6.108374	5.517241	3.743842	5.714286
2486	13.320274	5.386876	5.974535	5.093046	4.897160	5.680705	4.309500	6.856024
2487	12.379110	5.802708	5.996132	5.512573	6.576402	4.932302	4.448743	6.092843
2488	12.906404	6.305419	5.615764	4.926108	6.896552	5.714286	4.926108	6.995074
2489	12.634672	5.778648	5.778648	5.974535	5.876592	5.484819	4.407444	7.051910
2490	14.453125	5.468750	5.761719	5.273438	5.957031	5.566406	4.687500	6.835938
2491	13.505462	5.461768	5.561072	6.156902	6.554121	5.561072	4.270109	7.249255
2492	12.934363	6.177606	5.888031	4.633205	7.528958	6.274131	4.922780	6.853282
2493	12.572534	5.899420	6.189555	5.899420	5.996132	6.286267	4.545455	7.543520
2494	12.772277	6.039604	5.544554	4.653465	6.633663	5.544554	4.851485	6.237624
2495	11.166008	5.434783	5.533597	5.434783	7.015810	6.818182	4.051383	6.324111
2496	13.085938	6.347656	6.347656	5.566406	6.640625	5.273438	4.101562	6.445312
2497	13.124388	5.484819	6.170421	5.680705	6.758080	5.190989	3.917728	6.758080
2498	12.115194	5.858987	7.149950	4.865938	6.355511	5.660377	4.369414	7.050645
2499	11.851126	6.366308	5.876592	5.288932	6.562194	6.072478	4.505387	6.953967
2500	12.450593	6.126482	6.422925	5.928854	6.620553	6.324111	4.347826	6.818182
2501	12.875121	6.776379	6.098742	4.453049	7.163601	5.905131	4.937076	6.582769
2502	11.420060	5.263158	6.355511	5.163853	6.653426	6.355511	4.865938	5.958292
2503	13.424125	6.420233	6.322957	6.031128	5.933852	5.155642	5.447471	4.961089
2504	12.367150	5.410628	6.956522	5.120773	7.149758	6.570048	4.444444	6.763285
2505	10.588235	6.176471	6.568627	4.705882	5.686275	5.196078	4.901961	6.568627
2506	13.247012	6.274900	5.976096	4.880478	5.776892	5.577689	4.482072	6.274900
2507	12.242899	5.093046	6.072478	5.093046	5.876592	5.974535	3.721841	6.856024
2508	12.218964	6.158358	5.474096	5.376344	5.571848	5.474096	4.105572	5.474096
2509	12.354086	5.252918	5.836576	5.544747	5.836576	6.225681	4.863813	7.101167
2510	12.103175	5.753968	5.753968	5.059524	5.753968	5.257937	4.464286	7.242063
2511	12.240869	5.133268	6.120434	5.133268	5.330701	6.120434	4.047384	6.515301
2512	12.612613	5.105105	4.804805	6.106106	5.305305	6.606607	4.304304	6.906907
2513	11.781889	6.231743	6.231743	5.550146	6.913340	6.231743	4.673807	7.497566
2514	14.185814	6.593407	5.494505	5.994006	6.993007	5.294705	3.796204	4.895105
2515	11.465603	6.281157	4.985045	4.985045	7.078764	5.982054	4.586241	6.779661
2516	12.265084	5.835806	5.835806	5.143422	6.726014	6.528190	4.352127	6.132542
2517	13.560976	5.658537	5.365854	4.000000	6.341463	6.048780	4.292683	6.731707
2518	11.952191	5.577689	5.478088	5.378486	7.071713	5.378486	4.282869	6.474104
2519	12.414467	4.985337	5.669599	5.669599	6.060606	6.158358	4.301075	6.842620
2520	13.090551	6.200787	5.610236	5.118110	5.314961	5.413386	4.035433	6.496063
2521	11.817279	5.163853	5.064548	5.858987	6.454816	5.759682	4.270109	5.958292
2522	13.126253	5.210421	5.110220	5.110220	5.611222	6.012024	4.809619	6.012024
2523	13.076923	5.673077	5.961538	4.807692	7.115385	5.865385	4.134615	5.769231
2524	10.829268	5.756098	6.536585	4.878049	6.341463	6.243902	4.487805	6.439024
2525	11.078998	6.358382	7.129094	4.816956	6.165703	7.032755	3.757225	6.551060
2526	12.803104	5.528613	5.431620	5.819593	5.916586	5.431620	5.140640	6.595538
2527	12.197483	5.808325	5.421104	5.033882	5.130687	5.324298	4.162633	6.582769
2528	12.671906	5.599214	5.108055	5.402750	6.777996	5.893910	4.125737	6.483301
2529	12.278978	6.188605	5.500982	5.206287	5.599214	6.483301	4.715128	6.876228
2530	11.598441	5.750487	5.555556	5.263158	6.920078	5.555556	3.996101	6.140351
2531	12.252964	5.533597	6.027668	5.928854	6.027668	5.830040	4.249012	7.213439
2532	11.422846	5.410822	6.613226	4.609218	5.811623	6.312625	4.408818	6.112224
2533	12.512124	5.237633	6.498545	4.170708	7.080504	6.401552	4.267701	6.401552
2534	13.444553	4.612365	5.691855	4.612365	6.182532	5.593719	4.612365	6.869480
2535	12.647059	6.078431	5.000000	6.078431	6.470588	5.686275	3.921569	6.176471
2536	11.869436	5.637982	6.033630	5.242334	5.934718	5.440158	4.154303	6.627102
2537	14.101291	5.660377	5.759682	4.667329	7.149950	5.362463	4.965243	6.355511
2538	12.805474	5.474096	5.376344	5.180841	5.474096	6.256109	5.180841	6.158358
2539	11.320755	5.064548	5.759682	5.958292	6.057597	6.156902	4.369414	5.759682
2540	12.693798	5.523256	5.426357	6.007752	5.910853	4.941860	4.651163	6.007752
2541	10.829268	5.170732	5.658537	5.463415	6.439024	5.560976	4.195122	6.243902
2542	12.463768	6.086957	5.797101	5.410628	6.473430	6.086957	4.251208	5.797101
2543	11.111111	6.051587	5.952381	5.555556	5.753968	5.952381	4.365079	6.646825
2544	11.793855	6.243806	5.450942	5.450942	6.144698	5.550050	4.261645	6.937562
2545	13.372665	6.588004	6.293019	4.818092	6.194690	5.703048	4.523107	7.079646
2546	13.294233	5.962854	5.571848	5.376344	6.842620	5.474096	4.887586	6.256109
2547	11.874387	5.593719	5.888126	5.397448	7.163886	5.201178	4.416094	6.771344
2548	12.328767	5.675147	5.772994	5.381605	7.240705	6.360078	5.088063	6.555773
2549	13.366337	6.039604	5.940594	5.049505	6.237624	5.643564	3.663366	5.940594
2550	11.133005	6.206897	5.911330	5.123153	5.615764	5.812808	4.334975	6.798030
2551	13.614104	5.974535	6.464251	5.680705	5.876592	5.386876	4.113614	6.953967
2552	13.039216	5.294118	5.490196	5.294118	5.098039	5.294118	3.529412	6.274510
2553	12.315271	5.911330	6.699507	5.418719	6.009852	5.714286	4.532020	6.699507
2554	12.019231	5.000000	6.250000	5.096154	5.961538	5.961538	3.942308	7.019231
2555	13.320274	6.170421	4.995103	5.386876	5.778648	6.953967	3.721841	7.835455
2556	12.425447	6.063618	5.168986	4.473161	6.361829	6.858847	4.771372	5.666004
2557	13.645224	5.458090	5.945419	4.775828	6.432749	5.068226	5.360624	6.627680
2558	10.917874	5.120773	6.086957	5.893720	5.797101	6.666667	4.154589	6.859903
2559	12.313803	5.561072	6.951341	4.766634	6.454816	6.057597	4.170804	6.256207
2560	12.561820	5.637982	5.835806	5.143422	7.022750	6.033630	4.253215	8.011869
2561	12.500000	5.059524	6.051587	5.654762	6.448413	5.456349	5.357143	6.448413
2562	11.549852	4.935834	5.824284	4.639684	5.725568	5.133268	4.146101	5.824284
2563	12.732615	5.680705	5.778648	5.680705	5.582762	6.268364	4.309500	6.953967
2564	12.051793	6.374502	6.175299	5.876494	5.577689	4.980080	4.780876	6.474104
2565	12.252964	5.830040	5.533597	6.027668	7.707510	5.335968	4.940711	6.027668
2566	11.417323	5.905512	5.118110	5.511811	5.807087	5.413386	4.822835	6.496063
2567	12.118227	5.221675	6.009852	6.305419	7.389163	6.108374	4.532020	5.517241
2568	11.940299	5.671642	4.776119	5.771144	6.766169	6.169154	4.875622	7.263682
2569	11.746988	5.923695	6.124498	4.819277	6.325301	6.024096	4.417671	7.228916
2570	11.799410	6.882989	5.998033	5.309735	6.686332	5.899705	5.014749	5.703048
2571	12.094395	6.489676	6.194690	4.916421	5.506391	6.391347	5.113078	6.784661
2572	12.745098	5.980392	5.784314	5.294118	5.980392	5.588235	4.607843	5.980392
2573	12.400794	6.051587	5.853175	3.769841	6.448413	5.853175	4.960317	6.944444
2574	13.405088	5.283757	5.185910	4.207436	6.555773	5.088063	4.794521	5.577299
2575	11.857708	6.027668	6.521739	5.928854	5.928854	5.335968	4.051383	6.225296
2576	12.608277	6.159769	6.448508	5.582291	7.122233	5.678537	4.427334	7.025987
2577	13.386613	5.594406	5.994006	4.795205	7.192807	5.994006	3.896104	7.092907
2578	12.597656	5.859375	6.542969	5.761719	6.445312	6.054688	4.296875	6.640625
2579	12.426614	5.479452	5.968689	4.305284	7.142857	6.555773	4.207436	5.870841
2580	12.121212	5.962854	6.060606	4.692082	5.865103	5.474096	3.714565	6.549365
2581	12.050534	5.928086	5.830904	5.539359	6.413994	6.122449	4.373178	7.385811
2582	12.450980	5.980392	5.882353	4.705882	6.176471	6.176471	4.117647	7.058824
2583	12.391094	5.130687	5.421104	5.324298	6.679574	5.033882	3.775411	6.485963
2584	13.035019	6.128405	5.447471	6.225681	5.642023	5.350195	4.474708	5.544747
2585	11.683168	5.643564	5.841584	4.356436	7.425743	5.841584	4.455446	6.633663
2586	11.211211	5.605606	5.805806	6.006006	7.507508	5.505506	4.104104	5.205205
2587	12.256809	5.155642	6.517510	5.544747	4.571984	5.933852	4.085603	6.322957
2588	12.103746	5.763689	5.763689	4.899135	6.051873	5.187320	4.226705	5.955812
2589	12.246866	5.110897	6.557377	4.628737	6.460945	5.303761	5.110897	6.268081
2590	11.545988	5.968689	5.479452	5.381605	6.262231	4.990215	3.913894	6.555773
2591	12.055336	5.731225	5.731225	5.434783	6.422925	6.916996	4.644269	5.928854
2592	11.960784	5.588235	5.000000	5.098039	5.980392	5.980392	4.901961	6.764706
2593	13.022352	5.344995	5.928086	5.053450	5.636540	7.288630	4.761905	7.288630
2594	11.345382	5.622490	5.722892	4.819277	5.220884	5.823293	4.417671	6.626506
2595	13.776016	5.153617	6.342914	4.757185	5.847374	5.550050	4.459861	6.045590
2596	12.770138	5.697446	5.599214	5.697446	5.599214	5.697446	4.223969	7.072692
2597	11.741294	5.373134	6.069652	5.870647	6.467662	6.169154	4.179104	6.865672
2598	12.636816	5.373134	6.069652	5.970149	7.661692	6.666667	4.975124	5.970149
2599	13.577800	5.252725	6.045590	4.955401	6.045590	5.351833	5.054509	5.847374
2600	11.122145	6.554121	5.064548	4.865938	6.852036	5.561072	4.270109	6.156902
2601	13.444553	5.299313	6.182532	6.084396	5.986261	5.986261	4.906771	5.888126
2602	12.238806	4.676617	6.169154	5.771144	6.865672	6.666667	3.681592	6.368159
2603	14.019608	5.196078	5.980392	4.901961	6.862745	5.490196	4.411765	7.450980
2604	12.142152	5.231984	5.429418	6.021718	6.614018	5.923001	4.442251	6.910168
2605	11.952191	5.278884	5.378486	4.880478	6.872510	5.278884	4.681275	6.872510
2606	13.064833	5.599214	6.090373	4.813360	5.304519	5.795678	3.536346	6.581532
2607	12.861416	5.782652	5.483549	5.782652	6.281157	5.782652	4.586241	5.782652
2608	13.022352	5.247813	6.122449	5.442177	6.511176	5.442177	4.081633	5.053450
2609	12.000000	6.146341	5.658537	4.878049	5.853659	5.560976	4.097561	6.243902
2610	11.394892	5.108055	6.286837	5.402750	5.697446	5.893910	4.715128	6.483301
2611	12.289395	5.450942	5.649158	5.748266	6.045590	5.153617	3.666997	5.054509
2612	12.871287	5.148515	6.138614	5.148515	6.039604	6.039604	4.455446	6.831683
2613	12.043435	6.811451	6.614018	5.626851	6.021718	5.923001	4.442251	5.528134
2614	11.045365	5.917160	5.621302	5.522682	7.593688	5.424063	4.733728	6.508876
2615	11.671612	5.637982	5.934718	4.846686	5.440158	6.033630	4.055391	6.923838
2616	13.896987	6.413994	6.219631	4.761905	6.316812	5.830904	4.178814	5.928086
2617	11.545988	5.283757	5.577299	5.772994	6.555773	6.164384	3.522505	6.164384
2618	13.712047	5.778648	6.170421	5.876592	6.856024	6.072478	3.623898	5.778648
2619	11.884058	5.217391	6.183575	5.507246	5.410628	5.217391	3.864734	6.859903
2620	10.634146	6.048780	6.243902	4.585366	6.048780	6.243902	4.292683	7.024390
2621	12.770138	5.402750	5.599214	4.715128	5.599214	6.188605	4.322200	7.072692
2622	13.820336	5.034551	5.231984	4.935834	6.712734	5.923001	4.837117	7.502468
2623	12.326044	5.765408	5.069583	5.367793	6.461233	5.864811	5.268390	6.163022
2624	12.549801	5.278884	5.976096	6.274900	5.776892	5.577689	4.382470	6.075697
2625	11.111111	5.456349	5.753968	5.257937	6.448413	5.654762	5.059524	5.952381
2626	11.386139	6.435644	5.940594	5.742574	6.930693	5.445545	4.257426	6.039604
2627	12.512413	5.759682	6.653426	5.759682	4.667329	5.561072	4.170804	6.554121
2628	12.327416	5.226824	5.818540	5.719921	7.001972	5.818540	3.944773	6.410256
2629	11.568627	5.490196	5.784314	5.784314	5.784314	6.274510	4.705882	6.372549
2630	12.244898	5.733722	5.830904	5.344995	6.511176	5.928086	4.373178	6.705539
2631	13.155292	6.132542	6.132542	5.341246	5.934718	5.637982	4.451039	6.429278
2632	11.500975	4.873294	4.580897	6.335283	6.822612	5.555556	4.483431	6.627680
2633	11.295034	5.550146	5.452775	4.479065	5.744888	6.037001	3.894839	6.718598
2634	14.739884	6.936416	6.069364	4.913295	6.647399	5.684008	4.238921	7.418112
2635	12.772277	6.237624	6.039604	4.158416	6.435644	5.742574	3.960396	5.544554
2636	13.273453	5.688623	5.788423	5.588822	6.287425	6.087824	4.790419	7.185629
2637	11.456311	5.825243	6.601942	4.757282	7.184466	6.116505	4.271845	6.601942
2638	12.757605	5.397448	5.888126	5.299313	6.476938	5.201178	4.023553	6.967615
2639	12.696850	6.594488	6.299213	4.330709	6.692913	6.102362	4.232283	6.791339
2640	11.976048	5.688623	4.890220	4.590818	6.287425	6.487026	4.590818	6.586826
2641	13.452028	5.440158	6.033630	5.143422	6.231454	5.242334	4.055391	6.528190
2642	13.320463	5.694981	5.694981	5.501931	5.888031	5.212355	4.922780	5.984556
2643	12.204724	6.102362	6.102362	4.330709	6.397638	6.102362	5.019685	6.594488
2644	13.039216	5.686275	4.901961	6.078431	5.686275	5.588235	5.098039	6.568627
2645	12.597656	6.054688	5.273438	4.687500	7.031250	6.152344	4.003906	6.933594
2646	13.429952	5.410628	6.570048	5.314010	6.280193	5.990338	4.347826	6.183575
2647	12.548638	5.739300	5.642023	5.058366	5.836576	5.350195	4.571984	7.490272
2648	11.625616	6.108374	5.812808	5.123153	6.403941	4.926108	4.532020	6.305419
2649	11.056751	4.990215	5.968689	4.990215	6.066536	5.283757	4.696673	6.066536
2650	10.238569	5.765408	5.864811	5.765408	7.157058	7.057654	3.777336	6.361829
2651	13.631841	6.069652	5.373134	5.970149	6.766169	4.975124	4.079602	6.368159
2652	12.574257	5.247525	5.148515	5.742574	6.237624	5.346535	3.663366	5.940594
2653	12.789527	5.035247	6.243706	4.733132	5.840886	5.135952	4.632427	6.545821
2654	12.586720	4.955401	5.351833	5.946482	5.946482	6.045590	4.955401	5.946482
2655	11.747285	4.935834	6.317868	6.515301	7.008885	5.923001	4.738401	5.429418
2656	12.961117	5.184447	5.982054	5.284148	5.982054	5.583250	4.386839	7.078764
2657	13.047712	6.231743	5.939630	4.868549	6.134372	5.842259	3.700097	7.108082
2658	13.476562	5.761719	5.566406	5.468750	5.957031	5.273438	4.394531	7.128906
2659	13.320463	6.370656	5.019305	4.826255	6.756757	5.501931	4.440154	6.081081
2660	12.657005	5.314010	5.314010	5.024155	5.893720	4.927536	4.154589	6.376812
2661	13.111546	5.283757	5.870841	5.968689	7.045010	5.772994	4.207436	6.849315
2662	13.313897	5.733722	5.928086	5.344995	7.094266	5.928086	4.081633	6.899903
2663	12.753623	5.700483	5.797101	5.314010	6.859903	5.603865	4.734300	6.859903
2664	13.196481	5.962854	6.060606	4.985337	6.549365	5.767351	4.301075	6.940371
2665	13.596059	5.812808	6.009852	4.236453	5.320197	5.615764	4.236453	7.389163
2666	13.735178	5.237154	6.126482	4.940711	5.335968	5.830040	5.731225	6.422925
2667	12.362911	5.782652	6.081755	4.685942	6.181456	5.184447	4.885344	6.081755
2668	11.627907	5.038760	5.813953	5.426357	6.201550	5.910853	4.166667	6.589147
2669	11.930165	5.819593	6.013579	5.819593	6.013579	5.722599	4.946654	5.916586
2670	12.475442	6.286837	6.188605	5.206287	6.188605	6.679764	4.616896	6.581532
2671	14.216164	5.550146	7.010711	5.939630	6.134372	6.523856	4.868549	5.939630
2672	11.414634	5.170732	5.853659	4.975610	7.317073	6.146341	4.292683	6.829268
2673	12.254902	5.392157	6.078431	5.588235	5.784314	6.078431	4.803922	6.176471
2674	11.650485	5.533981	5.728155	5.533981	5.631068	4.951456	4.368932	6.699029
2675	13.194444	6.250000	5.853175	4.761905	6.051587	6.349206	5.158730	6.746032
2676	11.886051	5.599214	6.286837	4.911591	5.697446	6.286837	5.108055	7.170923
2677	13.168317	5.940594	5.841584	4.851485	5.346535	5.940594	4.554455	6.831683
2678	12.660732	5.934718	5.440158	5.637982	6.132542	6.528190	4.055391	6.627102
2679	12.413108	6.156902	5.263158	5.064548	5.858987	5.362463	3.773585	6.256207
2680	12.303150	5.511811	5.807087	5.413386	6.397638	5.511811	4.035433	5.216535
2681	11.100000	5.900000	6.400000	4.900000	6.200000	6.700000	4.300000	7.500000
2682	11.564626	5.442177	5.830904	6.025267	5.344995	5.247813	4.470360	6.608358
2683	12.451362	5.447471	6.225681	6.128405	5.836576	5.836576	3.891051	6.420233
2684	11.306043	6.530214	6.140351	5.068226	5.847953	6.140351	4.385965	6.822612
2685	13.077679	5.408063	6.096362	4.129794	6.096362	5.309735	5.014749	6.686332
2686	12.574257	5.445545	5.544554	4.653465	6.534653	4.752475	4.653465	6.732673
2687	11.584158	4.356436	6.039604	5.544554	6.435644	5.841584	3.960396	7.029703
2688	12.244898	6.122449	5.928086	5.539359	6.899903	5.636540	4.081633	6.997085
2689	13.268293	6.146341	6.341463	5.073171	6.341463	5.756098	4.195122	5.756098
2690	11.480363	5.840886	6.143001	5.740181	6.747231	5.840886	5.236657	5.840886
2691	13.242454	5.842259	5.744888	5.355404	6.426485	5.550146	3.213242	6.523856
2692	13.004926	5.812808	5.418719	5.320197	6.403941	6.206897	3.842365	7.389163
2693	12.512315	5.714286	4.827586	4.827586	6.403941	5.320197	4.137931	6.108374
2694	12.865497	6.530214	5.653021	5.750487	5.653021	5.360624	4.775828	6.335283
2695	11.285574	5.789990	6.378803	5.201178	6.280667	5.691855	5.201178	6.967615
2696	12.574850	5.588822	6.487026	4.890220	7.884232	5.988024	3.892216	5.888224
2697	11.614173	5.511811	5.019685	5.905512	6.496063	5.511811	4.527559	6.594488
2698	12.487512	5.494505	6.393606	5.494505	6.093906	5.994006	4.695305	5.994006
2699	12.328767	5.185910	7.045010	6.360078	5.870841	6.066536	4.990215	6.457926
2700	12.354086	4.766537	6.517510	5.544747	5.447471	5.933852	4.377432	5.739300
2701	11.442786	5.572139	5.771144	5.273632	5.870647	5.771144	4.179104	6.268657
2702	11.575875	5.836576	5.836576	5.933852	6.128405	6.322957	3.793774	6.614786
2703	12.218964	5.669599	5.865103	4.301075	5.962854	5.571848	4.398827	6.549365
2704	11.724138	4.827586	6.206897	5.615764	6.009852	5.123153	4.433498	7.192118
2705	12.463199	5.789990	6.280667	6.378803	5.299313	5.986261	4.317959	5.986261
2706	14.001986	5.561072	6.156902	5.759682	7.845084	6.057597	4.568024	6.057597
2707	12.962963	5.750487	5.360624	4.483431	6.237817	5.555556	4.580897	7.212476
2708	13.273453	6.586826	7.485030	4.990020	5.988024	5.688623	4.491018	5.788423
2709	11.900000	6.200000	6.400000	6.100000	5.700000	5.700000	4.400000	6.900000
2710	11.600000	6.700000	6.000000	4.900000	5.900000	5.300000	4.500000	5.900000
2711	13.043478	5.335968	5.533597	5.335968	5.928854	5.533597	4.150198	5.830040
2712	10.721248	5.653021	5.847953	5.555556	6.140351	5.653021	4.775828	6.237817
2713	12.063809	5.483549	6.181456	5.583250	5.882353	6.779661	4.985045	6.081755
2714	13.631841	6.268657	5.671642	6.766169	6.567164	5.671642	4.477612	5.870647
2715	12.463199	6.084396	6.378803	4.808636	6.280667	5.593719	4.317959	6.476938
2716	11.318898	5.610236	5.216535	4.822835	5.905512	5.807087	5.216535	6.889764
2717	12.214499	6.355511	5.660377	5.461768	7.348560	5.461768	4.071500	6.057597
2718	12.094395	5.604720	5.998033	5.899705	5.899705	5.801377	4.326450	6.489676
2719	10.536779	5.765408	5.864811	5.168986	6.858847	6.163022	4.174950	6.958250
2720	11.549852	5.429418	5.528134	5.528134	5.034551	5.725568	3.751234	6.515301
2721	12.634672	6.464251	6.366308	4.701273	5.288932	5.974535	4.015671	6.562194
2722	11.980198	6.237624	6.138614	5.148515	6.336634	6.138614	5.148515	6.237624
2723	12.218964	5.474096	5.669599	5.962854	5.767351	5.180841	4.594330	6.451613
2724	12.584705	4.937076	5.227493	5.614714	6.098742	5.130687	3.969022	7.260407
2725	12.171373	5.550146	5.355404	4.381694	6.329114	5.452775	4.089581	6.815969
2726	12.178218	6.237624	6.138614	5.544554	6.930693	5.247525	4.356436	6.336634
2727	12.027158	6.207565	5.528613	6.110572	6.013579	5.625606	4.364694	7.177498
2728	12.195122	5.268293	6.048780	5.853659	6.146341	5.951220	5.560976	7.414634
2729	12.109375	5.175781	5.468750	5.468750	7.519531	5.273438	4.101562	6.835938
2730	11.758989	6.025267	5.539359	4.567541	6.608358	5.928086	4.081633	7.191448
2731	12.030799	5.774783	5.871030	5.774783	7.122233	5.389798	4.812320	6.929740
2732	13.082260	6.739346	6.640238	5.153617	7.433102	5.450942	4.558969	6.243806
2733	11.341223	5.621302	6.311637	5.226824	5.917160	6.114398	4.635108	6.213018
2734	12.303150	5.118110	5.807087	6.102362	5.708661	5.413386	3.641732	6.496063
2735	11.776251	5.986261	6.084396	4.710500	7.458292	5.495584	4.023553	7.556428
2736	13.157895	5.458090	5.555556	5.945419	6.627680	6.042885	4.775828	5.750487
2737	13.228036	6.712734	5.330701	5.231984	5.330701	5.626851	4.146101	6.910168
2738	11.252446	5.675147	6.262231	5.283757	5.577299	5.675147	4.696673	6.066536
2739	12.805474	5.669599	6.256109	6.451613	7.722385	6.353861	4.398827	6.158358
2740	14.145383	5.206287	5.304519	5.697446	6.876228	5.795678	3.831041	6.188605
2741	13.186813	5.694306	6.993007	4.695305	6.493506	5.894106	4.595405	7.492507
2742	13.013013	5.705706	6.206206	4.904905	8.108108	5.705706	4.304304	6.106106
2743	12.375250	6.087824	6.586826	5.688623	4.690619	6.287425	4.191617	6.586826
2744	11.611612	6.506507	6.206206	4.504505	6.106106	5.805806	4.604605	5.905906
2745	13.386613	5.994006	6.093906	4.795205	6.693307	5.994006	4.695305	6.193806
2746	14.243323	5.934718	5.637982	5.143422	6.627102	5.637982	4.253215	6.627102
2747	13.294233	5.767351	5.865103	6.060606	7.429130	5.767351	4.594330	5.962854
2748	12.054002	5.303761	6.364513	5.400193	7.425265	5.785921	3.953713	6.460945
2749	12.696850	6.594488	6.299213	5.610236	6.594488	5.708661	4.035433	5.807087
2750	12.671906	5.599214	6.286837	5.697446	7.072692	5.304519	4.616896	6.286837
2751	14.159292	5.801377	6.588004	5.998033	5.604720	5.604720	4.621436	6.686332
2752	13.013013	5.505506	6.406406	5.105105	5.905906	5.805806	3.903904	7.307307
2753	11.417323	5.019685	5.807087	6.003937	6.299213	5.610236	4.232283	6.496063
2754	12.772277	6.138614	6.039604	5.445545	5.247525	5.544554	4.752475	6.237624
2755	12.160804	5.527638	6.834171	5.628141	6.331658	6.532663	4.723618	5.929648
2756	11.630219	4.970179	5.666004	5.765408	7.057654	5.268390	3.976143	6.361829
2757	12.852970	6.037001	5.355404	5.842259	5.939630	6.134372	4.089581	6.426485
2758	13.137255	5.000000	6.862745	6.764706	6.764706	6.960784	4.117647	6.960784
2759	11.827957	4.985337	6.353861	5.376344	5.083089	6.158358	4.887586	6.353861
2760	12.313803	5.362463	5.759682	5.362463	5.958292	5.163853	4.568024	6.156902
2761	11.188811	6.393606	5.894106	4.795205	6.593407	6.093906	4.295704	5.994006
2762	11.632454	5.180841	5.376344	6.060606	7.038123	5.962854	3.812317	6.353861
2763	11.684518	5.647517	6.231743	5.452775	6.718598	6.329114	4.381694	6.134372
2764	11.702128	6.382979	6.479691	5.996132	5.802708	5.222437	3.965184	6.866538
2765	12.928501	5.190989	5.680705	5.386876	7.247796	5.484819	3.917728	6.562194
2766	11.706349	5.456349	5.158730	4.464286	6.746032	6.547619	4.861111	6.547619
2767	11.616651	6.292352	5.517909	5.711520	6.969990	6.195547	3.969022	6.485963
2768	12.706111	4.655674	5.916586	5.625606	7.662464	5.625606	3.491756	7.371484
2769	13.708087	5.128205	6.213018	5.424063	6.114398	5.621302	4.240631	5.621302
2770	11.864407	5.583250	5.782652	6.380857	6.380857	7.078764	4.187438	6.679960
2771	11.793855	5.252725	6.045590	5.748266	7.234886	5.351833	4.063429	6.243806
2772	12.135922	5.145631	5.533981	4.951456	6.116505	6.213592	3.592233	6.407767
2773	13.165537	5.227493	5.808325	5.711520	7.066796	5.130687	4.162633	6.969990
2774	13.030602	6.219151	5.725568	4.837117	7.502468	5.034551	4.837117	6.614018
2775	11.602753	5.604720	5.703048	4.326450	5.309735	5.703048	4.424779	6.391347
2776	12.887113	5.494505	6.193806	4.495504	6.293706	6.593407	4.195804	6.793207
2777	13.932806	6.620553	6.916996	4.940711	6.126482	5.830040	4.743083	7.411067
2778	11.557297	6.072478	5.386876	4.897160	6.366308	6.170421	4.407444	6.268364
2779	13.359528	6.090373	7.072692	4.420432	5.402750	5.206287	3.732809	6.581532
2780	12.144956	5.386876	5.778648	4.407444	5.484819	5.190989	3.623898	6.464251
2781	12.966601	6.581532	6.286837	4.420432	5.795678	4.813360	4.322200	6.581532
2782	12.178218	5.049505	7.128713	4.752475	6.435644	6.435644	5.445545	6.930693
2783	12.673267	6.237624	5.346535	5.940594	6.633663	4.950495	4.752475	6.831683
2784	13.782991	5.962854	6.158358	6.158358	5.962854	5.669599	3.910068	7.624633
2785	13.254204	5.835806	5.934718	5.736894	6.330366	6.033630	3.758655	6.429278
2786	12.696850	5.511811	5.708661	4.822835	6.299213	5.413386	4.822835	7.185039
2787	11.583012	5.019305	5.888031	4.536680	5.984556	6.467181	4.054054	6.177606
2788	14.161009	5.916586	5.722599	5.916586	5.916586	5.528613	3.782735	6.498545
2789	14.215202	5.725568	6.317868	5.725568	5.626851	6.515301	3.948667	6.811451
2790	12.845850	5.928854	6.818182	4.940711	6.818182	6.521739	6.225296	6.620553
2791	10.619469	5.506391	5.113078	4.424779	7.177974	5.506391	4.719764	7.079646
2792	12.413108	6.057597	5.958292	4.667329	6.454816	5.660377	4.071500	6.951341
2793	11.611612	5.505506	6.206206	4.504505	5.305305	5.705706	3.703704	6.206206
2794	11.568627	6.764706	6.470588	5.098039	5.882353	5.882353	4.411765	6.764706
2795	13.786408	5.922330	5.631068	4.466019	6.116505	5.631068	4.077670	5.339806
2796	12.524655	5.818540	5.325444	5.226824	5.719921	5.917160	4.142012	5.621302
2797	13.609467	5.424063	6.213018	5.818540	5.917160	6.015779	4.240631	6.015779
2798	11.770624	6.539235	6.036217	4.325956	5.231388	5.231388	5.231388	6.136821
2799	12.391931	5.859750	6.147935	5.283381	5.763689	5.955812	3.746398	6.532181
2800	11.770428	6.322957	6.031128	5.155642	5.933852	5.836576	4.085603	6.614786
2801	12.865497	4.775828	5.945419	4.775828	6.335283	6.335283	4.191033	6.920078
2802	12.612613	6.106106	6.706707	4.204204	5.905906	5.605606	4.704705	6.606607
2803	11.673152	5.447471	6.614786	4.669261	6.420233	6.225681	3.891051	6.517510
2804	12.287712	6.293706	6.293706	4.795205	5.094905	6.193806	4.195804	6.293706
2805	11.600000	5.200000	5.600000	5.100000	5.600000	5.000000	3.700000	7.300000
2806	11.671612	5.440158	5.440158	4.747774	5.934718	5.934718	4.352127	6.824926
2807	14.230019	5.360624	6.042885	5.360624	6.432749	6.530214	4.385965	6.432749
2808	13.715953	5.642023	5.544747	5.155642	7.101167	5.642023	3.891051	6.322957
2809	11.645813	6.256015	5.774783	5.101059	7.122233	4.523580	3.753609	6.063523
2810	11.712598	5.807087	5.905512	5.019685	7.381890	6.200787	5.019685	6.003937
2811	11.811024	5.905512	6.003937	4.724409	6.102362	6.003937	3.937008	6.102362
2812	13.803376	6.057597	6.057597	4.766634	6.554121	5.660377	4.468719	5.858987
2813	12.919132	5.917160	6.015779	5.917160	6.311637	6.114398	4.733728	6.311637
2814	12.970297	5.049505	5.643564	6.336634	5.643564	5.841584	4.059406	5.445545
2815	11.243781	5.174129	5.671642	5.870647	6.965174	6.069652	3.880597	7.164179
2816	12.055336	5.830040	5.533597	4.347826	6.521739	5.434783	3.952569	6.126482
2817	13.235294	5.686275	5.294118	4.803922	6.568627	5.588235	4.509804	6.470588
2818	12.173913	5.410628	6.086957	5.410628	5.893720	5.990338	4.830918	6.280193
2819	12.091179	6.045590	6.144698	5.153617	5.153617	6.045590	4.360753	6.640238
2820	13.582677	6.299213	5.905512	5.807087	7.086614	5.413386	5.216535	6.496063
2821	12.938816	5.917753	5.817452	5.215647	6.118355	5.616851	3.711133	6.820461
2822	13.300971	5.242718	5.436893	4.757282	7.184466	5.922330	4.854369	6.407767
2823	11.688312	5.194805	5.594406	5.594406	5.894106	7.092907	3.596404	6.493506
2824	12.807882	5.911330	6.896552	5.123153	6.600985	6.009852	5.418719	6.108374
2825	12.884044	5.450942	5.946482	5.946482	5.946482	6.739346	3.666997	6.640238
2826	12.512614	5.953582	5.751766	4.641776	6.458123	5.247225	4.641776	6.054490
2827	12.584705	4.937076	5.808325	5.324298	6.001936	6.001936	4.065828	6.582769
2828	13.287402	5.905512	5.610236	5.314961	6.889764	5.807087	3.937008	7.972441
2829	13.372093	5.523256	5.426357	5.813953	7.170543	5.813953	4.166667	5.523256
2830	12.512513	6.106106	5.705706	4.804805	5.705706	5.305305	5.405405	5.905906
2831	12.487805	6.536585	6.439024	5.170732	6.243902	5.853659	4.682927	6.634146
2832	11.960784	5.490196	6.372549	5.294118	5.980392	6.274510	4.019608	6.960784
2833	11.741294	5.373134	5.572139	5.671642	6.567164	5.572139	4.776119	6.169154
2834	11.944719	6.021718	6.021718	5.429418	5.231984	6.219151	3.751234	5.923001
2835	12.027833	5.168986	5.467197	5.964215	6.660040	6.163022	4.274354	6.759443
2836	12.818004	6.360078	6.066536	5.088063	6.164384	5.577299	4.011742	5.381605
2837	12.649402	6.075697	5.179283	5.278884	7.370518	5.478088	4.780876	6.274900
2838	13.769531	5.957031	6.445312	5.371094	6.445312	6.250000	5.078125	6.542969
2839	12.197483	5.324298	5.517909	4.840271	5.227493	5.517909	5.130687	5.808325
2840	13.248283	5.495584	6.084396	5.789990	5.397448	5.986261	4.514230	7.163886
2841	13.163065	6.090373	5.893910	6.090373	5.697446	6.286837	4.322200	6.188605
2842	12.903226	6.256109	6.256109	4.301075	6.256109	6.549365	4.301075	7.233627
2843	12.474849	4.828974	5.935614	5.633803	6.438632	6.639839	4.024145	6.237425
2844	11.595639	4.955401	5.649158	5.351833	5.550050	6.045590	4.558969	6.243806
2845	12.893701	5.905512	5.511811	4.527559	6.791339	6.397638	4.035433	6.102362
2846	14.158416	5.643564	6.831683	5.346535	5.643564	5.841584	4.257426	6.039604
2847	11.530815	5.864811	6.858847	5.268390	5.467197	5.168986	3.578529	6.759443
2848	13.267327	6.039604	6.930693	5.445545	5.445545	6.336634	4.059406	6.138614
2849	12.475248	6.039604	5.445545	6.732673	5.643564	6.336634	4.752475	6.336634
2850	10.454985	5.324298	6.195547	4.549855	8.034850	6.001936	5.614714	6.582769
2851	12.400794	5.357143	5.654762	5.753968	7.738095	5.456349	4.662698	6.448413
2852	11.980198	5.940594	5.940594	6.039604	5.544554	5.742574	4.455446	6.336634
2853	12.156863	6.372549	6.568627	5.490196	7.058824	5.392157	4.607843	6.470588
2854	12.303150	6.200787	5.905512	5.413386	6.889764	6.200787	4.429134	7.086614
2855	10.829268	5.365854	5.560976	5.268293	4.975610	5.365854	3.804878	7.219512
2856	12.106299	5.019685	6.003937	4.822835	6.594488	5.708661	4.527559	7.677165
2857	12.316716	5.474096	6.744868	5.571848	6.549365	6.549365	4.692082	6.256109
2858	12.823062	5.666004	6.163022	5.666004	7.554672	5.168986	4.274354	6.759443
2859	13.081395	5.523256	6.298450	5.232558	5.620155	6.201550	4.651163	6.201550
2860	11.701082	5.703048	6.194690	5.801377	4.818092	5.998033	5.211406	6.096362
2861	12.979351	5.506391	5.801377	6.096362	6.588004	6.194690	5.309735	7.276303
2862	12.659470	5.888126	5.691855	5.495584	6.280667	5.593719	4.612365	6.182532
2863	11.542192	5.916586	6.595538	6.304559	5.431620	6.401552	4.364694	6.789525
2864	11.436950	5.865103	5.376344	5.767351	6.549365	5.571848	4.985337	5.767351
2865	12.230920	5.772994	5.772994	5.870841	5.870841	5.772994	4.011742	6.751468
2866	12.003872	5.421104	6.389158	4.743466	7.454017	5.517909	4.743466	7.260407
2867	12.536729	5.778648	5.876592	4.309500	7.051910	5.190989	3.623898	7.149853
2868	12.730807	5.733722	5.830904	4.567541	5.830904	4.956268	3.692906	6.219631
2869	12.087912	5.794206	5.994006	5.794206	6.893107	5.794206	4.695305	6.093906
2870	12.266928	5.103042	4.906771	4.906771	7.065751	6.084396	3.631011	6.084396
2871	12.647059	5.490196	6.470588	5.784314	7.254902	6.568627	5.588235	7.352941
2872	11.584158	5.742574	6.138614	5.049505	6.336634	5.940594	4.059406	7.029703
2873	11.944719	5.330701	5.824284	4.540967	6.712734	6.416584	4.540967	6.811451
2874	12.171373	5.550146	6.231743	5.258033	6.815969	5.647517	4.284323	6.523856
2875	11.343284	5.771144	5.472637	5.174129	6.368159	6.069652	4.278607	5.870647
2876	11.815562	5.667627	7.204611	4.899135	6.628242	5.475504	4.995197	7.012488
2877	11.902439	6.048780	5.560976	4.682927	6.731707	5.853659	4.682927	7.317073
2878	12.292683	5.560976	6.926829	5.073171	6.731707	5.756098	4.975610	6.829268
2879	12.326044	5.467197	6.361829	5.467197	5.666004	6.262425	5.168986	6.660040
2880	12.536443	5.053450	6.122449	5.636540	5.636540	5.928086	4.664723	5.636540
2881	11.618669	4.965243	6.454816	5.858987	5.263158	5.958292	4.568024	6.752731
2882	13.267327	5.643564	6.435644	4.653465	6.534653	5.940594	4.950495	5.841584
2883	11.111111	5.899705	5.703048	5.506391	6.784661	5.604720	4.523107	6.293019
2884	13.126253	5.410822	5.210421	4.709419	5.711423	6.112224	4.108216	7.214429
2885	13.150147	6.084396	6.575074	6.476938	6.476938	5.691855	5.004907	6.182532
2886	11.300000	5.100000	5.500000	6.200000	5.300000	5.900000	3.700000	6.300000
2887	11.165049	5.825243	5.825243	5.145631	6.019417	5.631068	3.786408	6.699029
2888	12.931885	6.120434	5.824284	4.442251	6.416584	5.429418	4.639684	6.416584
2889	12.413793	5.024631	6.403941	5.221675	7.093596	4.926108	4.630542	6.305419
2890	12.082515	5.402750	5.402750	5.206287	6.090373	6.090373	4.027505	7.072692
2891	11.972522	6.182532	5.691855	5.495584	5.986261	5.691855	3.925417	6.673209
2892	12.720157	6.262231	5.968689	5.381605	6.066536	5.968689	4.794521	6.555773
2893	10.787172	5.150632	5.733722	4.859086	6.705539	5.150632	3.984451	6.608358
2894	12.561335	5.691855	5.201178	4.906771	6.280667	5.201178	4.121688	5.789990
2895	11.056269	5.923001	6.910168	5.429418	5.626851	5.824284	4.047384	6.416584
2896	12.351779	6.422925	5.335968	5.039526	5.928854	6.225296	4.249012	5.632411
2897	13.017751	6.015779	5.917160	6.311637	6.607495	5.719921	4.635108	6.804734
2898	13.796576	6.042296	5.740181	5.740181	6.243706	5.438066	5.639476	6.344411
2899	13.026445	6.366308	6.170421	5.680705	5.974535	6.464251	3.623898	7.051910
2900	12.723658	5.765408	6.461233	5.268390	5.168986	5.964215	3.976143	6.560636
2901	13.000978	5.474096	6.158358	4.692082	6.647116	5.376344	5.278592	7.917889
2902	13.090551	5.807087	6.692913	5.610236	6.299213	5.511811	4.330709	5.314961
2903	10.907336	6.370656	5.694981	5.405405	6.949807	5.694981	5.212355	6.563707
2904	14.087302	5.158730	6.051587	5.059524	5.555556	5.158730	4.365079	6.150794
2905	12.088975	6.189555	5.415861	5.802708	5.899420	5.415861	4.835590	6.963250
2906	12.684366	5.703048	5.309735	5.604720	6.096362	6.588004	4.523107	6.784661
2907	13.555992	5.893910	5.108055	4.813360	6.876228	5.402750	4.616896	6.777996
2908	11.949070	5.190989	5.876592	4.799216	7.149853	5.778648	4.407444	5.288932
2909	13.203883	6.116505	5.631068	5.436893	6.213592	5.533981	5.048544	7.184466
2910	13.564356	5.742574	5.346535	5.247525	5.643564	5.742574	5.643564	5.643564
2911	10.946746	5.719921	6.114398	5.128205	6.903353	5.917160	4.339250	6.410256
2912	11.829026	5.467197	6.063618	5.765408	6.759443	5.467197	4.572565	5.566600
2913	13.293051	6.143001	5.941591	5.135952	6.646526	6.243706	4.632427	4.934542
2914	12.263210	6.480558	5.483549	4.885344	6.181456	6.380857	3.688933	6.480558
2915	12.438302	5.528134	5.034551	5.034551	7.206318	6.416584	4.442251	5.626851
2916	11.902439	5.756098	6.243902	6.048780	6.341463	6.439024	3.609756	7.121951
2917	12.426036	5.128205	5.226824	5.226824	6.311637	6.114398	4.043393	6.903353
2918	13.186813	6.093906	6.493506	5.094905	6.793207	6.193806	4.295704	6.293706
2919	12.636816	5.273632	6.268657	4.676617	5.970149	5.771144	3.681592	6.965174
2920	12.337011	6.018054	5.817452	5.315948	5.817452	5.516550	4.513541	5.516550
2921	12.596899	4.844961	6.104651	5.523256	7.364341	6.201550	3.682171	7.267442
2922	12.070658	5.593719	5.986261	6.182532	7.458292	6.476938	4.317959	7.065751
2923	12.250996	6.474104	4.980080	4.183267	6.673307	6.274900	3.784861	6.573705
2924	12.109375	5.468750	5.664062	4.980469	5.664062	6.250000	4.785156	6.933594
2925	12.922465	5.964215	5.964215	5.467197	6.461233	5.964215	4.373757	6.759443
2926	11.706349	5.555556	5.555556	4.861111	5.753968	5.753968	3.869048	7.440476
2927	11.980676	5.797101	5.507246	5.603865	6.473430	5.217391	4.444444	6.086957
2928	13.592233	5.533981	5.922330	5.339806	6.019417	5.825243	3.689320	6.990291
2929	12.776177	6.051873	6.243996	5.763689	6.532181	5.475504	4.610951	6.243996
2930	12.658228	5.744888	5.647517	4.576436	6.426485	5.939630	3.894839	6.913340
2931	12.788462	5.480769	5.288462	5.865385	7.019231	6.250000	3.942308	7.307692
2932	12.992126	5.314961	6.496063	5.413386	6.889764	6.003937	4.330709	7.185039
2933	12.414467	5.962854	5.865103	5.571848	5.767351	6.353861	4.692082	6.451613
2934	12.475248	5.346535	5.841584	5.841584	6.336634	6.039604	4.257426	6.633663
2935	11.397423	5.450942	6.243806	6.541130	6.541130	7.234886	4.261645	6.739346
2936	11.776251	5.789990	6.182532	4.906771	5.397448	5.986261	4.514230	5.691855
2937	12.877264	5.231388	5.935614	4.426559	6.438632	5.835010	5.030181	6.036217
2938	11.811024	6.299213	5.216535	5.708661	6.003937	5.216535	4.822835	6.496063
2939	12.124248	5.511022	5.911824	5.410822	4.909820	5.611222	4.308617	5.611222
2940	12.313803	5.461768	6.454816	5.660377	6.852036	5.561072	4.170804	6.852036
2941	12.951807	5.321285	4.919679	5.923695	7.028112	5.120482	4.919679	5.622490
2942	12.047013	4.603330	5.386876	5.288932	5.680705	5.974535	4.505387	6.562194
2943	13.645224	6.725146	6.140351	5.360624	7.115010	5.945419	4.580897	5.945419
2944	12.730807	5.830904	6.025267	5.636540	6.122449	5.928086	4.373178	6.122449
2945	12.475050	5.788423	6.686627	4.890220	6.387226	5.588822	4.391218	5.588822
2946	12.720157	5.772994	6.457926	5.088063	6.849315	5.870841	4.305284	6.653620
2947	11.804878	5.658537	6.536585	5.268293	5.951220	5.756098	4.487805	6.634146
2948	12.915851	6.555773	7.240705	4.403131	5.968689	5.381605	4.207436	6.751468
2949	12.427184	6.407767	6.504854	5.242718	4.757282	6.699029	4.174757	4.854369
2950	10.541872	5.615764	6.206897	5.812808	6.403941	5.615764	4.433498	5.911330
2951	12.190287	5.847374	5.550050	5.351833	7.036670	5.450942	3.666997	6.739346
2952	11.527094	5.714286	6.896552	5.615764	6.699507	6.305419	4.334975	6.995074
2953	12.252964	6.126482	5.138340	4.545455	6.719368	5.533597	5.335968	6.422925
2954	13.178295	6.201550	5.717054	5.426357	6.879845	5.813953	4.166667	7.170543
2955	11.729622	5.864811	5.765408	5.268390	6.461233	6.262425	4.473161	6.361829
2956	12.475442	5.009823	5.893910	5.304519	7.367387	6.581532	5.206287	6.385069
2957	13.200000	5.800000	5.700000	5.200000	5.700000	5.600000	4.600000	5.600000
2958	12.438786	5.582762	6.562194	5.484819	5.288932	4.995103	4.211557	6.464251
2959	11.417323	5.019685	5.314961	5.807087	5.807087	5.216535	3.937008	6.988189
2960	13.478692	6.243806	5.649158	5.450942	7.135778	6.144698	5.351833	6.045590
2961	12.166172	5.736894	6.033630	4.945598	5.934718	5.835806	4.352127	6.033630
2962	13.030888	5.984556	5.791506	5.501931	6.274131	4.922780	4.247104	6.660232
2963	10.679612	5.728155	5.922330	5.339806	5.436893	6.601942	3.786408	6.116505
2964	11.320755	5.461768	6.554121	4.766634	6.653426	5.858987	4.865938	5.660377
2965	13.379584	6.045590	6.442022	6.640238	5.550050	5.748266	3.865213	6.243806
2966	12.074002	5.063291	6.231743	5.452775	7.108082	5.258033	4.089581	6.523856
2967	12.855741	5.299313	5.789990	6.084396	6.476938	5.397448	3.434740	5.888126
2968	11.827957	5.962854	6.647116	5.278592	5.669599	6.060606	4.496579	6.940371
2969	13.119534	5.150632	6.413994	5.053450	7.968902	5.053450	3.790087	5.830904
2970	12.202381	6.051587	5.456349	5.555556	7.341270	6.051587	4.166667	6.448413
2971	11.538462	5.673077	5.673077	6.730769	5.576923	5.576923	5.096154	6.923077
2972	11.712598	6.200787	6.496063	4.625984	6.594488	5.708661	4.724409	6.102362
2973	11.408730	6.250000	5.555556	4.365079	6.547619	5.753968	4.761905	7.242063
2974	11.741294	5.373134	5.572139	5.970149	6.368159	5.671642	3.482587	6.169154
2975	12.000000	5.400000	6.300000	5.500000	6.700000	5.200000	4.100000	4.900000
2976	12.780488	6.146341	6.243902	4.487805	6.926829	5.658537	4.292683	6.926829
2977	13.425469	5.330701	6.219151	5.725568	5.923001	6.120434	4.837117	7.206318
2978	12.807882	5.812808	6.305419	5.320197	6.403941	5.615764	4.827586	6.108374
2979	12.115194	5.858987	5.759682	5.660377	5.263158	5.759682	4.468719	5.858987
2980	12.941176	5.490196	5.686275	4.901961	6.078431	5.980392	3.921569	6.274510
2981	13.717694	6.262425	6.163022	4.174950	7.455268	6.163022	4.572565	5.467197
2982	13.064833	5.697446	5.697446	5.304519	6.286837	5.697446	4.813360	7.269155
2983	11.729622	5.367793	5.566600	5.367793	7.654076	6.560636	4.771372	6.759443
2984	14.048780	5.756098	5.756098	5.365854	7.121951	6.926829	4.682927	6.536585
2985	12.550201	4.518072	5.622490	5.321285	6.024096	5.923695	4.116466	6.124498
2986	13.248283	6.182532	5.299313	4.023553	5.691855	5.201178	4.808636	6.673209
2987	11.527094	5.418719	5.615764	5.911330	5.418719	5.517241	5.812808	6.600985
2988	11.648569	6.416584	5.824284	5.231984	6.120434	5.429418	4.738401	6.811451
2989	12.402344	5.078125	5.078125	5.468750	5.664062	5.859375	4.980469	7.031250
2990	11.467444	6.316812	6.316812	5.442177	6.608358	6.511176	4.373178	7.482993
2991	11.012783	5.899705	6.194690	5.899705	6.391347	5.408063	3.933137	5.703048
2992	11.232604	6.560636	5.964215	4.473161	5.268390	5.168986	5.566600	6.063618
2993	12.658228	5.939630	6.329114	5.160662	6.913340	4.965920	4.186952	6.426485
2994	12.079208	5.940594	5.841584	4.455446	6.138614	6.138614	5.247525	6.831683
2995	13.294233	6.353861	6.549365	4.985337	5.474096	6.158358	4.301075	6.744868
2996	13.307618	5.303761	5.689489	4.821601	6.557377	5.689489	4.821601	7.135969
2997	11.273081	5.928086	5.928086	5.636540	6.608358	5.928086	4.664723	6.413994
2998	11.932939	4.930966	6.311637	5.325444	4.832347	6.114398	4.240631	7.199211
2999	12.389381	5.506391	5.801377	4.621436	6.293019	5.408063	3.834808	7.472960
3000	12.778316	5.808325	6.001936	4.937076	5.421104	6.776379	4.937076	6.776379
3001	12.019704	5.024631	5.714286	5.320197	5.714286	6.305419	3.743842	6.403941
3002	10.314342	5.697446	6.385069	6.090373	5.697446	5.795678	3.732809	6.188605
3003	13.385827	5.511811	6.299213	5.216535	6.200787	6.496063	4.232283	6.594488
3004	11.564626	5.928086	6.122449	5.636540	6.122449	6.122449	4.761905	6.413994
3005	11.735700	6.213018	5.917160	5.719921	6.114398	5.621302	4.733728	6.508876
3006	12.757605	5.888126	5.299313	5.986261	5.299313	5.201178	4.710500	6.673209
3007	12.912621	5.339806	5.533981	4.757282	6.796117	5.728155	4.951456	6.407767
3008	13.473054	5.289421	5.389222	4.890220	5.788423	6.187625	4.391218	5.988024
3009	12.340842	5.386876	6.072478	5.484819	5.484819	5.778648	5.093046	7.247796
3010	13.326752	5.626851	5.923001	6.416584	5.133268	6.219151	4.343534	7.206318
3011	12.315271	5.320197	5.221675	5.714286	6.108374	5.221675	4.630542	6.305419
3012	11.897738	6.588004	6.391347	5.309735	5.604720	5.408063	3.736480	6.588004
3013	12.195122	6.243902	5.853659	4.975610	6.439024	5.951220	4.292683	6.731707
3014	13.300493	5.615764	6.009852	4.827586	6.600985	5.812808	4.827586	7.093596
3015	11.177052	4.846686	6.231454	5.143422	6.528190	7.022750	4.154303	6.231454
3016	12.218964	5.571848	5.376344	5.083089	5.669599	5.767351	3.910068	6.060606
3017	12.573674	5.893910	6.385069	5.992141	6.188605	5.304519	3.831041	6.679764
3018	13.676908	5.054509	6.640238	4.757185	6.243806	5.351833	3.964321	6.739346
3019	14.480078	6.413994	6.025267	5.053450	7.871720	6.122449	4.664723	7.871720
3020	12.941176	6.470588	6.568627	5.490196	5.980392	5.196078	4.313725	7.352941
3021	10.789211	5.894106	5.294705	5.394605	5.494505	6.293706	3.496503	7.092907
3022	11.805556	6.448413	6.349206	5.853175	5.654762	5.654762	4.960317	6.646825
3023	13.137255	5.980392	5.882353	5.490196	6.274510	5.392157	3.725490	7.058824
3024	11.932939	5.424063	6.015779	5.029586	5.522682	5.818540	3.944773	6.508876
3025	12.524462	5.675147	5.772994	5.675147	6.066536	5.772994	4.794521	6.164384
3026	12.596899	5.620155	6.686047	4.748062	6.298450	5.038760	4.651163	6.104651
3027	12.772277	5.247525	5.643564	4.950495	6.336634	6.039604	4.455446	7.425743
3028	12.226640	5.467197	6.560636	4.572565	7.554672	5.566600	4.572565	6.461233
3029	11.616651	6.389158	5.517909	5.033882	6.195547	5.421104	5.033882	6.969990
3030	12.183236	5.945419	5.653021	5.653021	5.360624	5.555556	4.093567	6.140351
3031	11.530815	6.361829	6.361829	4.970179	6.262425	6.361829	4.373757	6.262425
3032	12.833169	5.626851	6.219151	4.540967	6.811451	6.416584	4.442251	6.515301
3033	14.201183	6.508876	5.424063	5.325444	6.804734	5.424063	3.747535	6.213018
3034	11.980676	5.217391	6.280193	5.893720	6.763285	5.507246	3.961353	6.570048
3035	12.732615	5.974535	6.072478	5.680705	6.856024	6.268364	4.309500	6.660137
3036	12.815534	6.213592	5.631068	4.854369	6.699029	6.116505	4.466019	7.378641
3037	12.168793	5.593719	6.280667	4.906771	5.986261	5.691855	4.023553	6.280667
3038	13.004926	5.812808	5.812808	5.123153	6.600985	6.206897	3.645320	6.600985
3039	12.463199	5.789990	6.084396	4.808636	6.280667	5.397448	4.219823	6.280667
3040	13.698630	5.185910	5.479452	5.283757	6.555773	5.185910	4.109589	6.555773
3041	12.475442	5.206287	6.090373	5.599214	5.500982	6.188605	4.223969	7.269155
3042	12.388503	5.748266	6.937562	5.054509	5.252725	6.937562	4.459861	7.333994
3043	13.622902	5.528134	6.021718	5.923001	6.811451	6.317868	5.034551	5.824284
3044	12.674651	6.586826	6.287425	5.089820	5.888224	6.287425	4.391218	7.285429
3045	11.770524	5.440158	6.627102	5.637982	6.330366	5.736894	4.648863	6.726014
3046	13.326848	6.517510	6.322957	5.544747	6.517510	6.031128	4.085603	6.614786
3047	12.718447	5.631068	5.825243	5.048544	5.631068	6.796117	4.563107	6.116505
3048	12.074002	5.939630	5.647517	5.452775	6.134372	5.647517	4.868549	7.205453
3049	13.106796	5.339806	6.407767	4.854369	5.728155	5.436893	4.271845	6.990291
3050	11.417323	5.807087	6.299213	5.807087	5.905512	5.708661	4.035433	6.791339
3051	12.035225	6.457926	6.262231	6.066536	5.675147	5.772994	5.088063	6.457926
3052	13.555992	6.679764	7.072692	5.893910	5.500982	6.581532	3.536346	6.286837
3053	12.306202	5.038760	5.523256	5.329457	6.589147	5.426357	4.651163	5.523256
3054	12.524272	5.631068	6.796117	5.728155	6.504854	6.019417	3.980583	7.475728
3055	13.418217	6.268364	6.072478	4.701273	6.268364	5.484819	4.407444	6.366308
3056	13.542689	5.691855	6.280667	4.612365	7.065751	5.593719	4.416094	6.476938
3057	11.143695	5.767351	5.278592	5.767351	7.429130	5.278592	3.616813	6.549365
3058	11.817279	6.752731	6.653426	5.660377	5.461768	6.156902	4.568024	6.554121
3059	14.355949	5.703048	6.588004	5.014749	6.588004	5.408063	4.129794	6.391347
3060	12.659470	6.182532	6.378803	5.397448	6.575074	5.986261	4.710500	7.065751
3061	11.671612	5.539070	6.231454	5.341246	7.022750	5.637982	4.451039	5.242334
3062	12.475822	5.705996	6.189555	5.512573	6.189555	6.092843	3.771760	7.253385
3063	13.405088	6.262231	6.360078	4.403131	5.772994	5.675147	5.283757	6.947162
3064	12.390244	6.048780	6.634146	5.560976	6.634146	5.853659	4.097561	7.219512
3065	12.805474	5.962854	6.158358	5.376344	5.865103	5.962854	4.496579	6.647116
3066	11.033797	5.765408	5.765408	4.572565	5.566600	5.765408	3.777336	6.560636
3067	11.930165	5.722599	6.207565	5.722599	6.401552	5.819593	3.976722	5.916586
3068	12.023460	6.158358	5.865103	5.571848	6.842620	5.376344	4.105572	6.549365
3069	12.813102	5.202312	6.262042	4.624277	5.298651	6.358382	4.046243	7.321773
3070	12.852970	5.939630	6.231743	4.771178	5.550146	5.063291	3.700097	6.718598
3071	14.538310	6.777996	6.090373	6.188605	6.483301	5.500982	4.813360	7.072692
3072	13.026445	6.953967	6.072478	5.680705	6.268364	5.093046	3.721841	7.541626
3073	12.124248	5.310621	5.911824	5.410822	6.212425	5.611222	5.010020	6.513026
3074	12.961117	5.184447	5.383848	4.785643	6.380857	5.882353	3.788634	6.480558
3075	12.549020	5.490196	5.588235	5.392157	6.176471	6.372549	4.803922	6.862745
3076	14.173998	4.594330	5.962854	5.962854	6.158358	5.669599	3.616813	7.331378
3077	12.597656	6.250000	6.347656	5.859375	6.250000	5.078125	4.101562	6.835938
3078	11.497585	5.410628	6.183575	6.666667	6.183575	5.410628	4.830918	6.376812
3079	13.529412	5.392157	5.490196	5.490196	6.078431	6.568627	4.705882	6.176471
3080	10.824230	5.958292	5.362463	4.766634	5.660377	5.759682	5.163853	6.554121
3081	11.646586	5.020080	6.024096	5.120482	6.124498	5.020080	3.714859	7.128514
3082	12.931885	6.120434	5.429418	4.738401	6.416584	4.738401	4.047384	7.107601
3083	11.857708	4.644269	6.126482	5.632411	6.225296	5.830040	4.249012	7.213439
3084	12.462612	5.583250	5.782652	5.583250	5.284148	6.480558	4.287139	6.281157
3085	12.622309	6.262231	6.066536	4.892368	5.772994	5.088063	4.011742	7.142857
3086	12.512031	5.293551	5.871030	6.544755	7.218479	5.101059	4.234841	5.871030
3087	13.273453	5.588822	6.287425	5.489022	6.087824	5.189621	4.191617	6.387226
3088	11.689587	5.992141	5.599214	4.715128	6.974460	4.911591	3.634578	7.170923
3089	12.342080	6.413994	5.442177	5.539359	5.830904	5.053450	4.275996	6.511176
3090	11.034483	5.812808	6.403941	6.403941	6.108374	5.911330	3.448276	6.699507
3091	12.427184	5.922330	5.533981	5.242718	6.116505	5.145631	3.883495	6.213592
3092	14.271556	5.946482	6.045590	5.351833	8.523290	5.946482	4.757185	6.937562
3093	11.581067	5.941591	5.639476	4.531722	6.545821	5.639476	4.330312	8.056395
3094	11.914062	5.566406	5.664062	5.859375	6.835938	5.078125	5.273438	6.542969
3095	13.052012	5.299313	5.789990	5.789990	6.378803	5.397448	3.827282	6.378803
3096	12.316716	6.060606	5.865103	5.474096	7.038123	5.767351	5.180841	5.962854
3097	12.500000	5.413386	6.299213	4.133858	5.314961	5.511811	5.118110	6.003937
3098	13.698630	6.262231	6.066536	4.403131	7.045010	5.577299	4.011742	6.653620
3099	11.717974	5.163853	5.660377	5.858987	7.447865	6.355511	4.369414	6.951341
3100	12.135922	5.145631	5.825243	5.436893	6.796117	5.436893	4.077670	6.407767
3101	11.605416	6.382979	6.092843	4.158607	6.092843	6.189555	4.158607	6.382979
3102	12.970297	6.435644	6.237624	5.148515	5.544554	5.643564	3.663366	5.643564
3103	12.536443	6.025267	6.219631	4.956268	5.636540	5.928086	3.887269	6.802721
3104	13.452028	5.539070	6.231454	5.637982	6.528190	6.528190	3.956479	5.934718
3105	12.673267	5.346535	6.336634	5.445545	6.831683	6.039604	4.158416	6.237624
3106	12.487805	6.146341	5.951220	4.878049	6.536585	5.853659	4.682927	6.926829
3107	13.919052	5.824284	5.231984	4.738401	6.811451	6.515301	4.146101	6.712734
3108	11.960784	5.686275	5.980392	4.705882	6.078431	5.490196	4.313725	6.274510
3109	12.845850	6.818182	6.126482	5.928854	5.533597	5.731225	4.644269	5.533597
3110	15.014437	5.678537	6.256015	4.619827	6.448508	5.967276	4.812320	7.314726
3111	12.142152	5.626851	5.429418	5.034551	7.601185	6.021718	4.146101	7.897335
3112	12.019704	6.108374	6.009852	5.615764	6.995074	5.615764	4.137931	7.487685
3113	12.124151	5.431620	6.207565	4.752667	7.468477	6.304559	4.267701	7.274491
3114	12.761715	5.284148	6.480558	6.879362	6.480558	6.081755	4.187438	6.480558
3115	11.787440	5.797101	5.797101	5.603865	6.376812	5.797101	4.830918	6.183575
3116	12.845850	5.039526	6.719368	5.632411	5.731225	5.928854	4.644269	7.114625
3117	12.970297	6.633663	6.138614	6.039604	7.425743	5.643564	4.455446	6.039604
3118	11.701082	5.113078	6.096362	5.998033	6.096362	6.588004	3.933137	6.391347
3119	11.623439	5.571566	5.667627	4.995197	7.012488	6.243996	4.418828	6.147935
3120	12.377210	5.599214	5.697446	6.286837	6.876228	5.402750	4.027505	5.992141
3121	12.439261	6.122449	5.247813	5.733722	6.025267	5.344995	4.373178	6.413994
3122	12.343298	6.268081	6.075217	4.821601	7.039537	6.075217	4.146577	6.460945
3123	12.586037	5.408063	5.998033	4.621436	5.998033	5.408063	4.523107	7.177974
3124	12.993263	5.774783	5.582291	6.448508	5.967276	5.678537	4.138595	6.159769
3125	11.045365	5.424063	6.410256	5.719921	6.508876	6.114398	4.635108	5.719921
3126	12.085770	5.555556	6.335283	5.458090	6.042885	6.042885	4.580897	7.115010
3127	11.591356	5.893910	5.500982	5.402750	6.090373	5.893910	4.027505	6.188605
3128	11.741683	5.870841	6.555773	4.892368	6.751468	5.772994	3.718200	6.653620
3129	12.178218	5.247525	5.940594	4.752475	6.039604	5.148515	4.554455	7.227723
3130	12.082515	6.286837	6.385069	5.206287	6.286837	5.893910	4.322200	6.581532
3131	12.878049	6.341463	5.756098	5.658537	6.439024	5.658537	5.073171	6.731707
3132	12.561820	6.132542	5.835806	5.341246	5.637982	5.539070	4.154303	6.726014
3133	13.365854	5.268293	5.853659	4.878049	6.731707	5.268293	5.951220	7.707317
3134	10.834990	5.765408	5.467197	6.461233	5.069583	5.864811	4.174950	5.864811
3135	12.438302	5.330701	5.824284	6.120434	6.317868	5.034551	3.257651	6.219151
3136	12.289395	5.847374	5.351833	5.153617	7.928642	5.847374	4.063429	6.243806
3137	11.477046	4.990020	5.788423	5.389222	5.289421	6.087824	3.493014	6.986028
3138	13.339825	6.523856	6.815969	4.576436	8.763389	5.939630	4.868549	6.718598
3139	11.881188	6.237624	5.544554	5.346535	5.742574	5.940594	4.653465	6.831683
3140	12.720157	5.675147	5.772994	6.262231	6.457926	5.772994	4.598826	6.849315
3141	12.662014	6.281157	5.982054	4.785643	6.081755	5.483549	4.287139	6.281157
3142	12.720157	5.870841	5.577299	6.751468	5.381605	5.381605	3.718200	6.066536
3143	12.031558	5.325444	5.917160	5.325444	6.508876	6.015779	3.747535	7.988166
3144	12.833169	6.120434	6.120434	4.935834	7.305035	6.416584	4.540967	6.120434
3145	13.113113	5.605606	6.106106	4.804805	6.206206	6.206206	4.204204	6.306306
3146	13.592233	5.825243	6.310680	4.563107	6.116505	6.504854	4.271845	6.796117
3147	11.719500	5.187320	6.051873	4.803074	6.147935	5.955812	4.226705	6.340058
3148	12.795276	5.511811	6.003937	3.937008	6.692913	5.314961	4.133858	6.102362
3149	11.907067	5.808325	5.905131	4.937076	5.808325	6.582769	5.227493	6.485963
3150	12.328767	6.457926	6.849315	4.990215	6.751468	6.066536	4.990215	6.849315
3151	12.878049	5.853659	6.829268	5.658537	6.536585	5.463415	4.195122	5.853659
3152	12.658228	5.355404	7.010711	5.939630	5.842259	5.647517	4.576436	5.550146
3153	12.350598	5.876494	5.876494	5.179283	5.976096	5.378486	4.482072	6.673307
3154	13.833992	6.324111	6.027668	4.940711	7.213439	5.928854	4.644269	6.324111
3155	12.807882	6.600985	6.206897	4.926108	6.206897	5.418719	4.334975	6.206897
3156	12.979351	5.801377	6.588004	5.703048	6.882989	5.998033	4.916421	6.293019
3157	13.542689	5.986261	6.378803	6.084396	5.495584	4.710500	4.121688	6.575074
3158	13.482056	5.722599	6.110572	5.625606	5.819593	5.625606	4.461688	7.177498
3159	11.252446	5.283757	5.870841	5.283757	6.262231	6.653620	4.990215	7.142857
3160	14.127144	5.549950	6.357215	5.953582	7.063572	6.054490	4.339051	6.357215
3161	13.313897	5.053450	5.928086	5.636540	5.830904	5.539359	4.761905	6.608358
3162	12.706111	5.237633	6.207565	4.752667	5.334627	6.692532	4.364694	6.692532
3163	11.718750	5.859375	5.859375	5.566406	6.542969	5.957031	5.273438	6.933594
3164	12.745098	5.882353	6.862745	5.784314	5.294118	5.392157	3.627451	6.862745
3165	12.670565	4.775828	4.775828	5.750487	5.750487	5.653021	4.580897	5.945419
3166	13.052012	5.593719	6.280667	5.495584	6.869480	6.084396	4.514230	6.771344
3167	11.188119	6.336634	6.732673	5.148515	6.633663	5.742574	4.752475	6.633663
3168	11.055777	5.478088	5.976096	4.980080	6.075697	6.374502	4.183267	6.075697
3169	13.200000	5.400000	5.700000	5.200000	7.300000	5.400000	4.500000	6.300000
3170	11.897738	6.293019	6.391347	5.506391	6.293019	5.801377	4.424779	6.489676
3171	12.637914	6.519559	5.717151	5.115346	7.321966	6.018054	4.112337	6.519559
3172	12.648221	5.830040	6.422925	5.138340	6.422925	5.039526	3.557312	6.620553
3173	12.204724	5.905512	6.791339	4.527559	5.807087	5.413386	3.838583	6.200787
3174	12.109375	5.664062	6.152344	4.882812	6.250000	6.250000	4.296875	6.738281
3175	12.328767	5.577299	5.479452	5.185910	6.262231	5.577299	3.522505	5.870841
3176	11.741294	6.268657	6.467662	5.174129	5.174129	5.572139	4.477612	5.870647
3177	12.685828	6.739346	6.342914	5.946482	6.442022	6.045590	4.261645	7.532210
3178	11.976631	5.550146	6.329114	5.160662	6.231743	5.842259	4.479065	6.815969
3179	12.962963	6.530214	5.945419	5.458090	5.945419	5.165692	4.093567	5.847953
3180	11.980198	6.336634	5.346535	5.346535	4.752475	5.247525	3.861386	6.831683
3181	11.374876	6.231454	5.044510	6.231454	6.429278	4.945598	4.154303	6.627102
3182	12.315271	5.517241	5.517241	6.009852	5.812808	5.812808	4.039409	6.798030
3183	11.684518	5.842259	6.329114	5.550146	6.037001	6.134372	4.673807	6.231743
3184	12.536729	6.660137	6.758080	5.484819	6.562194	5.288932	4.603330	6.660137
3185	12.560386	5.700483	6.376812	5.507246	6.859903	6.086957	5.024155	6.183575
3186	12.154150	5.434783	6.324111	5.335968	7.707510	5.237154	4.347826	5.731225
3187	13.407258	5.745968	6.754032	4.737903	6.451613	5.846774	4.838710	5.645161
3188	12.256809	5.544747	6.906615	5.058366	6.225681	6.322957	5.350195	6.809339
3189	11.788212	5.294705	5.894106	4.595405	7.292707	5.294705	3.796204	5.794206
3190	13.948919	6.286837	5.697446	5.697446	5.009823	5.402750	3.536346	6.090373
3191	12.035225	5.381605	5.968689	4.892368	6.164384	5.870841	4.207436	6.262231
3192	14.313346	5.415861	5.899420	5.125725	6.479691	5.705996	4.255319	6.189555
3193	14.778325	5.714286	5.418719	5.320197	4.532020	5.221675	3.743842	5.714286
3194	14.161009	5.043647	6.789525	5.334627	5.916586	6.304559	4.461688	6.013579
3195	11.895161	6.149194	5.745968	4.939516	6.350806	5.342742	5.141129	7.157258
3196	11.277445	5.688623	4.890220	6.487026	5.888224	6.387226	4.091816	6.986028
3197	13.214990	5.621302	5.522682	5.128205	6.508876	6.213018	4.635108	6.508876
3198	11.186770	5.155642	6.420233	6.128405	7.295720	5.933852	3.988327	6.225681
3199	12.881023	5.604720	5.998033	5.604720	7.079646	6.489676	4.326450	6.194690
3200	12.525050	6.112224	5.511022	4.709419	6.813627	6.412826	4.008016	6.212425
3201	12.463486	5.842259	6.815969	4.965920	6.426485	6.134372	3.992210	6.329114
3202	13.163065	6.090373	6.385069	6.090373	7.072692	5.599214	3.929273	6.581532
3203	11.941748	5.728155	6.019417	5.145631	6.213592	5.533981	4.660194	6.796117
3204	12.127237	5.864811	5.069583	5.268390	6.461233	5.666004	3.876740	5.964215
3205	11.718750	4.980469	5.468750	4.687500	6.542969	6.640625	3.710938	7.324219
3206	12.685828	6.243806	6.342914	4.162537	6.144698	6.937562	4.558969	6.937562
3207	11.023622	5.118110	5.708661	6.496063	6.003937	5.905512	4.724409	6.988189
3208	12.413108	5.461768	4.667329	4.965243	6.852036	5.263158	3.872890	6.355511
3209	13.119534	6.608358	5.539359	5.150632	5.928086	5.830904	4.081633	6.316812
3210	11.976631	5.939630	6.329114	5.355404	6.329114	5.355404	3.602726	5.744888
3211	13.013699	6.262231	5.577299	5.772994	6.947162	6.262231	4.305284	5.870841
3212	13.108242	5.660377	5.461768	5.362463	6.554121	5.958292	4.170804	7.050645
3213	14.413519	6.461233	5.566600	4.572565	6.361829	5.666004	3.876740	6.063618
3214	12.019704	5.615764	5.714286	6.600985	5.615764	5.714286	4.236453	6.206897
3215	12.560857	4.868549	6.037001	5.647517	5.939630	5.842259	4.284323	6.037001
3216	13.137255	5.784314	6.470588	5.196078	6.176471	6.568627	4.803922	6.960784
3217	13.796477	5.577299	5.968689	4.696673	7.142857	5.870841	5.283757	6.360078
3218	12.168793	5.691855	5.201178	5.593719	6.575074	6.084396	4.219823	5.495584
3219	11.834320	6.015779	6.114398	5.029586	6.114398	5.917160	4.635108	6.015779
3220	12.389381	5.309735	5.309735	5.408063	7.177974	6.686332	3.638151	6.588004
3221	12.316716	5.865103	5.083089	5.180841	6.647116	5.376344	3.714565	6.940371
3222	13.476562	6.250000	4.687500	5.957031	5.957031	5.273438	4.101562	5.761719
3223	13.877953	5.413386	5.314961	6.003937	6.889764	5.314961	3.838583	6.791339
3224	13.850688	5.599214	6.483301	4.322200	6.483301	6.777996	4.223969	6.090373
3225	12.971926	5.905131	6.195547	4.453049	6.292352	6.582769	4.453049	6.098742
3226	12.774451	5.988024	6.287425	4.990020	6.886228	5.688623	4.590818	5.888224
3227	14.796425	5.461768	5.858987	5.064548	6.852036	5.561072	3.674280	6.752731
3228	13.052012	5.986261	5.986261	5.495584	7.360157	5.888126	4.023553	6.280667
3229	11.451135	5.133268	5.626851	5.824284	7.206318	5.626851	4.343534	6.219151
3230	12.301587	6.150794	6.448413	4.365079	6.646825	6.646825	4.365079	6.746032
3231	11.448141	5.675147	6.653620	5.088063	5.675147	6.164384	4.305284	6.751468
3232	12.747036	5.830040	6.225296	4.940711	6.719368	5.138340	4.841897	6.719368
3233	11.811024	6.003937	5.807087	5.807087	6.496063	5.610236	4.527559	6.791339
3234	12.687313	6.493506	5.994006	4.695305	6.393606	5.894106	5.394605	6.993007
3235	13.438735	5.928854	5.632411	5.533597	6.324111	5.533597	4.249012	6.620553
3236	13.165537	5.905131	6.679574	5.421104	6.776379	6.389158	4.840271	6.389158
3237	12.212212	6.206206	6.506507	4.504505	6.006006	6.606607	4.504505	6.306306
3238	11.988304	5.847953	5.555556	5.360624	6.530214	5.458090	5.165692	6.725146
3239	11.002921	5.550146	5.550146	6.329114	5.452775	5.355404	3.700097	6.329114
3240	13.085938	6.250000	5.761719	5.175781	5.859375	5.566406	5.273438	6.738281
3241	10.810811	5.305305	5.205205	4.704705	7.407407	5.705706	4.704705	6.206206
3242	12.151394	5.378486	5.378486	5.378486	6.872510	6.075697	3.884462	6.673307
3243	12.693798	5.620155	5.910853	5.910853	5.329457	6.879845	4.263566	6.879845
3244	12.975610	5.560976	6.243902	5.073171	6.048780	5.268293	4.292683	7.024390
3245	12.928501	5.582762	6.170421	6.170421	6.758080	5.974535	4.603330	5.876592
3246	12.660732	5.341246	6.132542	5.539070	6.033630	5.736894	4.154303	6.824926
3247	12.925170	6.511176	6.219631	5.247813	6.413994	5.928086	4.470360	6.608358
3248	10.009911	5.252725	5.054509	6.442022	5.946482	6.144698	3.567889	6.442022
3249	12.023460	5.083089	5.278592	4.789834	5.767351	5.278592	4.203324	6.353861
3250	11.254980	5.776892	5.876494	4.880478	6.274900	5.478088	3.984064	6.772908
3251	13.560976	5.951220	6.536585	4.097561	6.634146	5.560976	4.487805	5.951220
3252	11.561265	5.632411	6.422925	6.422925	5.434783	5.731225	3.853755	6.126482
3253	12.242899	5.288932	6.856024	6.268364	4.995103	5.974535	4.309500	7.247796
3254	10.871694	5.582762	5.778648	5.876592	6.660137	5.582762	4.897160	6.464251
3255	12.235067	5.780347	5.876686	5.009634	7.032755	6.069364	3.757225	5.202312
3256	12.707722	5.865103	5.180841	6.158358	6.353861	5.865103	4.007820	6.256109
3257	13.043478	6.763285	6.086957	5.700483	5.700483	6.183575	4.057971	6.570048
3258	13.300000	5.800000	5.200000	4.800000	7.800000	6.800000	5.100000	5.400000
3259	12.195122	5.170732	5.658537	5.365854	5.756098	5.463415	3.902439	6.341463
3260	12.067260	5.835806	5.934718	5.934718	8.011869	5.835806	4.846686	6.726014
3261	11.676647	6.087824	6.187625	5.588822	6.287425	6.487026	4.191617	6.786427
3262	12.800770	6.159769	6.063523	6.159769	5.004812	5.293551	4.234841	5.678537
3263	12.962963	5.263158	6.140351	5.458090	6.237817	6.237817	3.898635	6.140351
3264	12.070658	5.299313	4.808636	4.612365	6.869480	5.103042	3.827282	6.869480
3265	12.233010	6.019417	6.601942	4.271845	6.504854	5.339806	4.174757	6.504854
3266	11.678116	6.084396	7.065751	4.710500	5.593719	6.673209	3.729146	6.476938
3267	11.944719	4.935834	6.317868	4.837117	5.923001	6.219151	4.639684	6.910168
3268	11.835507	4.613842	5.215647	4.714142	7.121364	5.817452	4.212638	7.121364
3269	12.327416	5.719921	5.818540	6.508876	5.818540	5.424063	3.155819	6.213018
3270	12.426614	5.088063	5.675147	5.088063	5.381605	5.675147	5.185910	6.653620
3271	11.793855	5.847374	6.442022	4.856293	8.027750	5.252725	4.063429	6.342914
3272	12.959381	5.512573	5.125725	4.545455	5.996132	5.996132	4.255319	6.963250
3273	10.960233	5.237633	6.110572	5.334627	6.692532	6.304559	3.879728	7.759457
3274	11.614173	6.200787	6.594488	5.610236	5.511811	5.118110	4.232283	7.578740
3275	11.852590	5.876494	5.478088	5.478088	6.474104	5.876494	4.482072	5.976096
3276	12.792969	6.445312	5.859375	5.859375	7.031250	5.468750	4.394531	6.640625
3277	12.075848	5.189621	5.788423	5.389222	6.986028	5.089820	4.491018	6.087824
3278	13.094083	5.916586	5.916586	5.140640	6.013579	5.625606	4.461688	7.080504
3279	13.690476	5.555556	5.357143	4.761905	6.746032	4.365079	5.059524	6.051587
3280	12.426036	6.114398	5.029586	5.818540	5.818540	6.114398	4.437870	6.508876
3281	11.402624	4.641776	5.751766	5.348133	5.953582	5.449041	4.238143	5.650858
3282	10.755814	5.135659	5.717054	4.554264	6.201550	6.104651	4.360465	6.492248
3283	11.753183	5.778648	5.974535	5.093046	5.386876	5.582762	3.917728	6.856024
3284	13.513514	5.405405	6.206206	6.006006	6.806807	6.706707	5.005005	6.806807
3285	11.386139	6.039604	6.732673	4.851485	6.633663	5.940594	4.059406	5.940594
3286	13.307241	5.381605	5.968689	4.794521	7.240705	5.381605	4.696673	6.849315
3287	13.064833	5.697446	6.090373	5.009823	6.188605	6.090373	4.027505	5.402750
3288	11.630219	5.666004	6.063618	4.870775	6.063618	5.864811	4.174950	6.461233
3289	13.222331	5.680705	6.562194	4.603330	7.051910	5.974535	3.917728	6.562194
3290	11.515748	5.610236	5.807087	6.988189	6.791339	5.216535	3.937008	6.496063
3291	11.902439	6.341463	5.560976	4.878049	5.463415	5.853659	4.487805	6.048780
3292	13.463415	5.853659	5.756098	5.658537	6.341463	5.170732	4.097561	7.121951
3293	12.797619	6.547619	5.753968	5.357143	6.448413	5.456349	3.670635	6.746032
3294	12.711023	5.759682	5.858987	4.766634	7.149950	5.958292	4.865938	6.156902
3295	13.631938	5.160662	5.452775	5.063291	6.134372	5.063291	5.550146	7.108082
3296	11.496531	4.856293	5.847374	6.144698	6.937562	5.946482	4.757185	6.739346
3297	12.475050	6.087824	5.189621	7.085828	5.389222	6.287425	4.091816	5.089820
3298	11.274510	6.176471	5.980392	6.274510	7.549020	4.901961	4.215686	6.176471
3299	12.536443	5.344995	5.830904	4.761905	6.122449	6.413994	4.081633	7.774538
3300	13.064833	5.500982	6.188605	6.483301	4.322200	4.911591	5.697446	6.286837
3301	10.876133	4.330312	5.840886	5.538771	6.646526	5.135952	4.733132	5.840886
3302	12.738215	4.513541	5.917753	5.416249	7.422267	6.118355	4.714142	6.419258
3303	12.757605	5.299313	5.888126	5.593719	6.084396	5.888126	4.808636	6.869480
3304	12.233010	5.728155	5.825243	5.145631	5.436893	5.242718	4.271845	7.378641
3305	12.732615	5.876592	6.072478	4.015671	5.680705	5.386876	4.799216	6.953967
3306	11.370262	5.344995	4.956268	5.247813	5.636540	6.025267	4.373178	7.774538
3307	11.209440	6.391347	5.801377	5.014749	5.604720	5.014749	3.736480	6.981318
3308	13.047712	5.939630	6.523856	4.673807	6.231743	6.329114	3.700097	6.134372
3309	12.414467	5.571848	6.549365	5.571848	5.962854	5.474096	4.203324	6.549365
3310	13.022352	5.636540	5.636540	5.636540	6.122449	5.733722	4.470360	6.802721
3311	11.764706	4.885344	5.882353	5.982054	5.284148	5.583250	3.389831	5.782652
3312	14.271457	5.389222	6.387226	4.790419	6.487026	6.586826	3.592814	6.387226
3313	13.132296	5.739300	5.642023	4.766537	5.836576	6.225681	4.377432	5.544747
3314	12.830558	5.582762	5.680705	5.190989	6.072478	5.680705	5.288932	6.170421
3315	13.129319	6.811451	5.626851	6.120434	7.008885	5.429418	4.935834	5.626851
3316	12.438302	6.219151	6.910168	5.923001	5.725568	4.935834	4.540967	5.725568
3317	13.340020	5.917753	5.215647	5.416249	7.622869	5.215647	4.513541	5.215647
3318	12.915851	6.653620	5.675147	4.696673	6.751468	5.675147	4.500978	5.968689
3319	12.115385	5.769231	5.961538	5.576923	7.500000	5.288462	4.038462	7.692308
3320	11.221450	5.958292	6.256207	4.071500	6.951341	5.362463	4.071500	6.454816
3321	12.147716	6.802721	5.830904	6.316812	6.316812	5.442177	4.567541	5.733722
3322	12.948207	5.677291	5.278884	5.079681	6.175299	5.776892	5.079681	6.474104
3323	12.788462	5.384615	5.769231	5.288462	5.961538	6.346154	3.942308	6.250000
3324	12.077295	5.507246	6.763285	5.603865	5.990338	5.893720	5.410628	6.473430
3325	12.487805	5.365854	5.756098	4.585366	6.048780	6.634146	4.390244	6.536585
3326	12.031558	5.917160	6.015779	5.226824	6.508876	5.325444	4.240631	5.818540
3327	12.015889	5.362463	5.660377	5.362463	6.057597	6.057597	4.071500	6.752731
3328	11.383710	6.084396	5.593719	4.808636	7.262022	5.691855	4.219823	6.673209
3329	12.845850	5.830040	5.928854	6.225296	6.225296	6.324111	4.644269	6.126482
3330	12.103175	5.952381	6.547619	4.563492	6.150794	5.952381	3.670635	5.654762
3331	12.953876	5.593719	5.888126	5.593719	7.654563	4.612365	4.710500	5.593719
3332	12.584054	6.436119	5.283381	5.955812	6.340058	6.051873	4.034582	6.628242
3333	12.875121	5.711520	6.292352	6.679574	6.098742	5.905131	5.421104	6.292352
3334	13.170732	5.853659	6.536585	5.170732	6.243902	5.268293	4.585366	7.024390
3335	11.741683	6.262231	5.772994	4.990215	6.164384	5.479452	4.109589	6.164384
3336	13.320274	6.464251	5.680705	5.582762	5.288932	5.288932	4.309500	6.268364
3337	12.036108	5.717151	6.720160	5.717151	6.018054	5.616851	4.312939	7.622869
3338	9.940358	5.566600	5.666004	6.560636	8.250497	5.367793	3.976143	6.660040
3339	13.052012	5.789990	6.280667	5.495584	6.673209	5.789990	4.416094	7.360157
3340	13.069307	5.742574	4.950495	4.950495	5.841584	5.445545	4.653465	6.138614
3341	11.805556	5.257937	5.357143	5.257937	7.043651	4.563492	4.166667	6.349206
3342	11.542192	5.625606	6.401552	5.237633	6.110572	5.237633	4.558681	6.110572
3343	13.043478	6.027668	6.126482	4.940711	6.324111	5.237154	4.743083	7.312253
3344	13.209393	5.675147	6.360078	5.185910	6.164384	5.577299	4.109589	7.338552
3345	10.665362	5.577299	5.381605	5.870841	6.947162	6.360078	4.011742	6.262231
3346	13.170732	6.243902	6.146341	5.756098	6.439024	5.951220	4.000000	6.536585
3347	12.827988	5.928086	5.247813	5.830904	7.385811	5.636540	3.887269	6.899903
3348	11.572700	5.539070	5.934718	5.539070	5.440158	5.736894	3.956479	6.231454
3349	12.331407	5.684008	5.587669	6.262042	5.973025	5.780347	3.949904	6.840077
3350	12.042389	5.587669	5.876686	5.587669	6.069364	6.262042	4.238921	6.743738
3351	11.165524	5.386876	6.464251	5.974535	7.443683	6.366308	4.603330	7.051910
3352	12.600000	5.800000	6.400000	4.400000	6.100000	5.800000	3.900000	5.700000
3353	11.895161	5.141129	5.241935	4.334677	6.250000	6.149194	4.536290	5.645161
3354	12.795276	5.610236	6.889764	4.921260	5.413386	6.003937	4.724409	6.003937
3355	12.291052	5.309735	6.588004	4.621436	6.489676	5.506391	4.424779	6.293019
3356	11.735700	5.424063	5.424063	5.917160	6.114398	5.325444	4.733728	6.114398
3357	11.972522	5.888126	5.986261	7.065751	7.360157	5.397448	4.023553	6.280667
3358	14.215202	5.824284	5.626851	5.330701	6.614018	6.317868	3.849951	7.107601
3359	12.881023	5.703048	6.391347	5.899705	6.882989	5.211406	4.129794	6.686332
3360	12.058824	5.882353	6.274510	6.176471	7.352941	5.098039	4.509804	6.274510
3361	12.884044	5.946482	5.748266	4.261645	6.838454	6.045590	4.757185	5.847374
3362	11.653386	5.378486	6.274900	5.876494	5.478088	5.976096	4.183267	6.374502
3363	11.822660	6.206897	6.699507	5.123153	6.600985	5.517241	4.630542	6.699507
3364	13.060818	5.383848	5.982054	5.682951	7.876371	6.181456	4.386839	7.078764
3365	11.914062	6.640625	5.761719	5.273438	7.128906	5.859375	5.371094	6.640625
3366	13.000978	5.376344	5.865103	6.256109	6.647116	5.571848	4.398827	6.158358
3367	12.712713	6.106106	5.705706	5.105105	6.606607	5.105105	4.704705	5.605606
3368	13.550940	5.736894	6.033630	5.934718	5.736894	5.143422	4.549951	6.429278
3369	13.404050	5.207329	5.400193	5.400193	6.268081	5.882353	3.953713	6.943105
3370	11.379658	4.934542	5.840886	5.337362	6.545821	5.639476	4.128902	6.143001
3371	12.759644	5.637982	5.835806	4.549951	5.539070	5.637982	4.253215	6.033630
3372	13.326752	7.008885	6.021718	6.515301	7.206318	5.330701	4.738401	6.515301
3373	11.634615	5.673077	5.865385	5.673077	6.538462	6.346154	4.230769	6.538462
3374	12.609971	5.278592	6.256109	4.496579	5.962854	5.962854	4.007820	5.865103
3375	11.747573	5.825243	6.213592	6.310680	5.728155	5.145631	4.854369	6.019417
3376	11.565304	6.081755	5.782652	4.985045	4.486540	5.583250	5.084746	6.779661
3377	12.659470	5.201178	5.986261	4.612365	7.556428	5.299313	4.317959	6.771344
3378	12.890625	6.054688	5.664062	5.761719	5.761719	5.664062	4.199219	5.761719
3379	12.586720	5.649158	5.748266	4.063429	6.342914	6.045590	4.261645	6.144698
3380	13.004926	5.320197	5.418719	4.827586	6.206897	6.206897	5.024631	6.206897
3381	13.168317	5.742574	5.445545	4.554455	6.336634	6.039604	4.851485	6.534653
3382	13.043478	5.217391	5.700483	4.734300	5.797101	5.990338	3.478261	6.376812
3383	13.385827	5.905512	5.314961	5.216535	7.283465	6.003937	4.625984	5.511811
3384	13.405088	6.066536	5.870841	6.360078	7.142857	6.262231	4.598826	6.751468
3385	11.976631	5.647517	5.939630	5.842259	5.842259	5.939630	4.479065	6.913340
3386	11.542289	5.273632	6.069652	4.776119	7.462687	6.368159	4.577114	6.169154
3387	11.496531	6.045590	6.045590	5.054509	6.243806	6.243806	4.063429	5.649158
3388	12.363996	6.528190	6.923838	5.341246	7.220574	6.033630	4.549951	6.627102
3389	13.702624	5.539359	6.219631	4.761905	5.733722	6.025267	5.247813	6.511176
3390	13.116371	6.804734	6.114398	5.128205	7.199211	5.818540	4.043393	6.508876
3391	12.500000	5.342742	5.040323	5.342742	7.157258	5.947581	4.536290	5.342742
3392	11.565304	5.583250	5.982054	4.486540	7.876371	5.682951	4.785643	7.278166
3393	12.671906	5.992141	6.385069	5.402750	6.974460	5.795678	3.929273	7.269155
3394	11.275964	5.637982	6.231454	5.934718	5.242334	4.747774	4.352127	6.923838
3395	12.438786	5.974535	5.386876	5.680705	6.464251	4.995103	4.309500	6.758080
3396	13.752456	5.893910	6.286837	5.697446	6.188605	5.697446	4.911591	5.893910
3397	13.111546	4.696673	5.772994	5.675147	7.240705	5.772994	3.913894	7.045010
3398	12.953876	5.593719	6.378803	5.201178	6.476938	5.691855	4.023553	6.967615
3399	14.000000	6.800000	6.500000	5.300000	5.200000	5.200000	4.800000	6.000000
3400	12.512124	5.916586	5.916586	5.237633	5.722599	5.431620	4.170708	6.983511
3401	12.784936	5.054509	5.649158	4.162537	5.847374	6.243806	4.261645	6.739346
3402	12.684366	5.801377	6.686332	4.424779	6.096362	6.096362	4.228122	5.998033
3403	13.300971	6.019417	6.601942	5.242718	6.116505	5.922330	3.786408	6.699029
3404	12.596899	5.813953	5.232558	5.813953	6.686047	4.941860	4.844961	6.686047
3405	14.087302	5.555556	6.746032	4.960317	6.746032	5.952381	4.067460	5.952381
3406	13.640923	5.917753	6.920762	4.613842	6.720160	5.717151	4.513541	6.820461
3407	12.226640	5.566600	5.864811	4.075547	7.753479	5.864811	4.671968	7.256461
3408	12.718447	5.339806	5.728155	4.660194	5.825243	5.631068	4.563107	5.922330
3409	12.340842	5.876592	5.876592	5.386876	6.072478	5.778648	3.917728	6.953967
3410	12.745098	5.196078	5.588235	5.686275	5.588235	5.588235	3.921569	7.058824
3411	13.596914	6.268081	5.496625	4.725169	6.268081	6.460945	4.435873	7.039537
3412	12.890625	5.566406	5.664062	4.589844	7.617188	5.664062	3.613281	5.566406
3413	12.732615	5.974535	5.974535	4.603330	6.464251	5.876592	3.525955	6.464251
3414	11.804878	6.048780	7.121951	4.585366	6.634146	5.365854	4.000000	7.804878
3415	13.300971	5.242718	6.213592	5.436893	6.796117	5.631068	5.339806	6.407767
3416	13.106796	5.728155	5.728155	5.825243	7.378641	6.116505	4.563107	5.631068
3417	12.350598	4.780876	5.378486	4.780876	7.071713	5.577689	5.478088	5.976096
3418	11.253702	6.021718	6.120434	5.034551	6.811451	6.910168	4.244817	5.923001
3419	12.688822	5.740181	5.840886	4.330312	6.747231	6.243706	4.330312	6.042296
3420	12.845850	6.324111	6.620553	5.039526	6.126482	6.916996	3.853755	7.312253
3421	11.781889	5.647517	6.621227	4.965920	6.134372	5.939630	4.673807	6.329114
3422	10.216110	5.599214	5.206287	5.500982	7.563851	5.992141	3.929273	5.893910
3423	11.968348	4.747774	5.637982	6.033630	5.835806	6.231454	3.758655	6.330366
3424	12.812813	5.505506	6.206206	5.005005	6.006006	5.905906	5.305305	7.207207
3425	13.406157	6.156902	5.759682	5.660377	5.362463	6.156902	4.965243	6.852036
3426	13.073171	5.268293	5.463415	6.048780	5.853659	5.170732	4.292683	5.463415
3427	11.660079	5.335968	5.138340	4.940711	6.719368	5.928854	3.952569	7.213439
3428	11.549852	5.429418	5.824284	5.231984	6.614018	6.317868	3.652517	6.120434
3429	12.192724	5.604720	6.194690	5.998033	7.276303	5.604720	5.014749	5.998033
3430	12.079208	5.544554	5.445545	5.148515	7.524752	5.841584	3.960396	6.831683
3431	12.512513	6.306306	5.705706	5.505506	5.205205	5.505506	5.305305	5.605606
3432	12.487611	6.144698	5.748266	5.649158	6.243806	6.838454	4.459861	7.234886
3433	13.056380	5.637982	6.132542	5.143422	6.726014	5.341246	3.956479	7.418398
3434	12.091179	6.045590	6.342914	5.252725	5.649158	5.847374	5.649158	5.550050
3435	11.930165	6.207565	6.498545	4.752667	7.371484	6.983511	4.170708	6.886518
3436	11.602753	5.899705	6.784661	5.408063	5.703048	6.293019	4.228122	6.882989
3437	11.632454	5.669599	6.451613	5.474096	6.842620	5.278592	3.910068	6.256109
3438	12.216749	5.517241	6.009852	4.827586	5.714286	6.305419	3.743842	6.403941
3439	11.918605	5.910853	5.523256	4.360465	5.426357	6.007752	4.360465	6.879845
3440	13.473054	5.588822	6.986028	4.790419	7.185629	6.586826	4.391218	6.287425
3441	10.813492	5.853175	6.646825	5.257937	6.746032	5.654762	3.968254	7.638889
3442	12.707722	5.474096	5.865103	6.060606	7.038123	4.789834	4.203324	7.624633
3443	12.115194	5.660377	5.660377	4.965243	6.057597	5.858987	4.965243	6.256207
3444	12.315271	5.517241	6.403941	5.024631	6.305419	6.009852	4.630542	6.896552
3445	11.770524	6.231454	5.934718	5.242334	6.429278	5.143422	4.055391	6.132542
3446	12.330097	6.116505	5.436893	4.951456	5.825243	6.310680	4.660194	6.213592
3447	11.243781	5.273632	6.069652	6.069652	6.169154	5.373134	3.880597	5.771144
3448	9.959759	5.231388	5.432596	5.231388	7.042254	6.036217	5.130785	6.036217
3449	11.328125	5.859375	5.957031	5.078125	6.542969	5.664062	4.394531	5.761719
3450	10.797175	6.861756	8.274470	5.045409	6.155399	6.559031	4.339051	6.155399
3451	13.823529	5.980392	6.372549	5.392157	6.274510	5.196078	4.607843	6.666667
3452	12.462908	6.033630	5.835806	5.835806	6.923838	5.637982	3.956479	6.429278
3453	12.500000	5.314961	5.807087	4.822835	5.807087	5.807087	4.133858	6.988189
3454	12.987013	5.594406	5.694306	5.294705	6.693307	6.393606	4.795205	6.293706
3455	11.478599	5.544747	5.642023	5.642023	6.809339	5.642023	3.891051	6.031128
3456	13.111546	5.479452	5.870841	4.598826	6.457926	5.088063	5.088063	6.751468
3457	12.988281	5.078125	5.859375	6.054688	5.957031	6.250000	4.003906	7.226562
3458	14.371257	5.788423	6.986028	5.089820	6.187625	5.489022	4.091816	7.085828
3459	11.386139	5.247525	5.544554	5.346535	7.128713	6.138614	4.554455	5.940594
3460	11.122047	6.397638	5.807087	6.299213	6.102362	6.496063	4.330709	6.397638
3461	13.505462	5.958292	5.858987	5.461768	6.653426	5.362463	4.170804	6.852036
3462	13.958126	6.281157	5.882353	4.187438	5.982054	5.483549	4.287139	7.876371
3463	12.937743	5.544747	6.712062	6.128405	6.322957	5.350195	4.377432	7.003891
3464	12.303150	5.905512	6.102362	5.314961	5.807087	6.102362	4.035433	6.003937
3465	12.074002	5.744888	6.621227	6.329114	6.426485	4.965920	4.479065	5.939630
3466	11.833172	5.431620	5.528613	5.819593	6.207565	5.528613	3.782735	7.177498
3467	11.646586	6.425703	6.224900	5.020080	6.124498	5.622490	4.016064	7.429719
3468	11.055777	5.378486	5.079681	5.677291	5.677291	5.079681	4.083665	6.972112
3469	11.284047	5.642023	6.225681	5.058366	6.712062	5.155642	4.863813	6.420233
3470	12.941176	6.274510	5.980392	5.196078	5.588235	5.686275	4.509804	6.274510
3471	12.183236	5.555556	6.237817	6.432749	6.140351	5.750487	5.360624	6.042885
3472	12.721893	5.325444	5.818540	5.818540	6.213018	5.719921	4.832347	6.508876
3473	11.684518	5.744888	6.329114	5.452775	6.621227	6.523856	4.186952	5.744888
3474	11.747573	6.116505	5.922330	6.407767	5.533981	5.339806	3.980583	7.184466
3475	11.605416	6.092843	5.996132	5.609284	5.996132	6.092843	4.352031	6.092843
3476	13.596059	5.714286	5.911330	5.123153	6.403941	5.812808	3.743842	6.403941
3477	12.823062	5.367793	6.163022	4.572565	5.964215	4.970179	4.373757	6.163022
3478	11.892963	5.649158	5.649158	6.144698	6.442022	5.450942	4.261645	6.243806
3479	11.668274	6.364513	5.978785	6.171649	6.171649	5.303761	4.146577	6.846673
3480	12.300000	5.500000	5.000000	5.900000	6.400000	5.600000	4.400000	5.800000
3481	13.216715	5.442177	6.802721	5.636540	6.802721	6.705539	3.692906	7.191448
3482	11.478599	5.642023	6.517510	6.420233	6.420233	5.350195	4.085603	5.933852
3483	13.004032	5.241935	5.645161	5.141129	6.653226	6.451613	3.729839	4.737903
3484	12.561335	5.888126	5.789990	5.397448	6.280667	5.593719	3.631011	6.673209
3485	12.060302	6.030151	6.231156	4.522613	5.829146	6.432161	4.824121	6.432161
3486	11.133005	4.926108	5.221675	5.911330	5.123153	5.911330	3.645320	5.911330
3487	12.211538	5.384615	6.346154	4.807692	5.288462	5.192308	4.519231	6.634615
3488	11.735700	5.719921	5.818540	4.733728	7.396450	4.832347	4.142012	6.311637
3489	10.848126	5.226824	5.719921	5.719921	6.903353	6.903353	4.339250	6.311637
3490	11.886051	6.385069	6.581532	5.500982	5.599214	5.893910	4.322200	6.777996
3491	12.190287	4.955401	5.847374	6.442022	5.946482	6.243806	4.558969	6.144698
3492	12.007874	5.118110	5.708661	4.527559	6.102362	6.200787	4.429134	6.692913
3493	11.210317	4.761905	5.753968	4.960317	6.349206	6.250000	3.769841	6.051587
3494	12.598425	5.807087	5.905512	5.019685	6.594488	5.708661	3.641732	6.692913
3495	12.671906	5.795678	6.581532	4.911591	6.286837	6.286837	4.911591	6.286837
3496	13.274336	5.604720	5.703048	5.408063	6.194690	5.703048	4.818092	5.014749
3497	11.735700	6.213018	6.607495	4.832347	6.508876	5.719921	4.437870	5.325444
3498	12.202381	5.853175	5.853175	5.952381	6.349206	5.555556	5.158730	6.349206
3499	11.717974	5.362463	5.064548	5.064548	6.554121	6.256207	4.270109	6.852036
3500	12.634672	5.778648	6.072478	4.995103	6.856024	5.778648	3.917728	6.660137
3501	12.207031	6.054688	5.859375	4.394531	6.054688	6.054688	3.808594	6.054688
3502	11.033797	5.168986	5.765408	4.771372	6.163022	5.864811	4.075547	6.361829
3503	12.548638	5.933852	6.031128	5.642023	5.642023	6.712062	4.085603	6.614786
3504	12.979351	5.899705	5.998033	5.408063	5.604720	5.408063	3.736480	7.079646
3505	12.818004	5.968689	5.870841	5.772994	7.534247	5.381605	4.696673	6.457926
3506	13.082260	6.640238	6.838454	4.856293	6.342914	6.045590	4.360753	5.748266
3507	11.822660	6.206897	6.206897	5.024631	6.305419	6.009852	3.645320	6.699507
3508	11.078140	6.627102	6.033630	5.736894	6.231454	5.143422	4.253215	6.033630
3509	13.300493	5.615764	6.502463	5.221675	6.502463	5.714286	4.630542	6.798030
3510	13.478692	5.450942	5.946482	4.757185	6.045590	5.351833	4.360753	7.433102
3511	11.445783	5.923695	5.421687	5.220884	6.124498	5.220884	3.714859	6.927711
3512	11.717974	5.958292	5.958292	3.972195	5.958292	6.156902	4.568024	7.348560
3513	11.496531	5.351833	5.153617	4.856293	5.252725	6.045590	4.063429	7.036670
3514	12.751004	5.923695	5.622490	5.823293	6.325301	6.024096	4.919679	6.827309
3515	11.274510	5.000000	6.666667	5.196078	6.372549	6.470588	4.705882	6.372549
3516	12.845850	5.632411	6.521739	6.126482	7.114625	5.928854	4.051383	6.521739
3517	13.069307	5.247525	5.346535	5.445545	5.544554	5.445545	4.356436	6.237624
3518	14.215686	5.392157	6.176471	5.882353	5.686275	5.784314	4.705882	6.372549
3519	13.746370	5.905131	5.711520	5.227493	6.969990	6.389158	5.033882	6.195547
3520	12.673267	6.336634	5.742574	5.148515	4.950495	6.237624	4.158416	6.534653
3521	12.524462	5.577299	6.066536	4.500978	6.262231	6.360078	4.305284	6.164384
3522	13.690476	5.753968	5.753968	5.257937	4.761905	6.448413	3.869048	6.448413
3523	12.425447	5.566600	5.566600	5.566600	6.858847	6.958250	3.876740	6.660040
3524	12.953876	5.495584	5.789990	5.789990	6.084396	5.593719	5.103042	6.575074
3525	12.475050	6.287425	5.788423	4.990020	6.387226	5.289421	4.291417	5.888224
3526	11.717974	6.256207	5.958292	5.163853	5.660377	5.561072	4.270109	6.156902
3527	12.085770	6.432749	5.847953	6.725146	6.042885	5.165692	4.288499	6.920078
3528	12.633625	5.733722	6.122449	4.859086	6.705539	6.122449	4.275996	6.899903
3529	11.595639	4.856293	6.144698	5.450942	6.739346	5.946482	4.162537	6.640238
3530	13.137255	5.490196	7.254902	5.980392	6.568627	5.882353	4.705882	5.882353
3531	11.056751	4.696673	5.675147	4.500978	6.262231	6.360078	4.207436	6.751468
3532	12.957468	4.945598	6.923838	5.637982	6.824926	5.143422	4.055391	5.736894
3533	13.018322	5.785921	5.303761	5.014465	6.653809	6.364513	4.628737	6.750241
3534	11.583012	5.984556	6.177606	6.274131	5.984556	5.212355	4.633205	6.081081
3535	13.222331	6.072478	5.484819	4.309500	5.484819	6.170421	4.113614	7.149853
3536	12.426614	5.968689	5.675147	4.990215	6.360078	5.968689	3.718200	7.045010
3537	11.851126	5.680705	7.247796	5.974535	6.464251	5.778648	4.407444	7.639569
3538	10.223953	6.037001	6.134372	5.063291	7.497566	5.744888	3.700097	6.037001
3539	11.625616	5.714286	6.502463	5.615764	5.418719	5.418719	5.024631	6.699507
3540	13.076923	5.192308	6.057692	5.576923	6.057692	6.057692	4.903846	7.307692
3541	11.207729	5.314010	5.797101	6.570048	5.700483	6.473430	3.768116	7.149758
3542	12.673267	5.544554	5.544554	6.138614	6.831683	5.742574	5.544554	6.138614
3543	12.463199	5.495584	5.397448	5.299313	6.575074	5.495584	4.514230	6.280667
3544	12.537019	5.133268	5.528134	5.034551	5.330701	6.219151	3.849951	7.008885
3545	12.306202	4.941860	5.426357	4.941860	5.620155	6.201550	3.197674	6.782946
3546	12.438302	6.317868	6.515301	5.034551	6.811451	5.231984	4.837117	6.120434
3547	12.236710	5.416249	6.318957	4.914744	6.018054	6.218656	4.613842	7.021063
3548	12.560386	5.990338	5.990338	5.410628	7.053140	5.797101	4.734300	6.859903
3549	12.574257	5.940594	6.930693	5.049505	5.841584	6.237624	3.960396	6.336634
3550	12.035225	5.675147	5.185910	4.109589	6.751468	6.555773	4.011742	6.360078
3551	12.077295	5.024155	7.149758	5.700483	6.473430	5.314010	4.830918	7.053140
3552	12.144956	5.680705	6.758080	5.876592	5.288932	5.484819	4.113614	6.170421
3553	11.949070	5.680705	5.386876	4.309500	6.758080	5.876592	4.701273	5.680705
3554	12.058824	5.392157	6.372549	5.392157	6.960784	5.980392	4.313725	5.980392
3555	13.188976	5.413386	5.019685	5.314961	6.102362	4.724409	4.330709	5.314961
3556	12.192724	5.408063	5.309735	6.293019	6.293019	6.194690	4.523107	6.489676
3557	12.621359	4.660194	6.310680	4.466019	6.699029	6.893204	4.757282	6.990291
3558	12.328767	5.185910	5.870841	4.892368	6.066536	5.381605	4.305284	6.457926
3559	11.730205	5.962854	5.767351	6.060606	6.256109	5.865103	4.692082	5.865103
3560	12.159533	5.155642	5.155642	5.155642	5.252918	6.712062	4.571984	6.128405
3561	13.748764	6.429278	6.528190	4.352127	5.736894	5.341246	3.659743	5.835806
3562	13.194444	5.654762	6.051587	5.059524	5.853175	5.555556	4.365079	7.440476
3563	11.549852	5.725568	5.824284	4.837117	6.910168	5.429418	3.455084	7.403751
3564	11.602753	5.408063	5.703048	5.113078	6.588004	5.703048	3.441495	6.096362
3565	11.776062	4.826255	6.081081	5.405405	6.177606	6.370656	4.054054	7.239382
3566	12.586037	6.096362	5.309735	5.703048	6.784661	5.703048	4.228122	5.408063
3567	10.348259	5.870647	6.368159	5.572139	6.865672	5.472637	4.477612	5.870647
3568	12.635735	6.120434	6.021718	4.738401	6.120434	5.330701	3.356367	6.317868
3569	12.450980	4.901961	5.588235	5.000000	6.764706	6.666667	4.411765	6.568627
3570	14.033366	5.495584	5.888126	5.004907	6.673209	6.084396	4.121688	7.850834
3571	12.019704	5.812808	5.123153	5.615764	5.911330	5.517241	4.532020	6.206897
3572	11.660079	5.335968	6.422925	4.841897	6.027668	6.422925	4.051383	7.312253
3573	12.003872	5.711520	5.517909	5.614714	5.711520	5.905131	3.678606	6.195547
3574	12.887113	5.694306	5.694306	5.894106	6.693307	6.193806	4.395604	4.995005
3575	13.280476	6.144698	5.946482	5.351833	5.748266	6.342914	4.459861	6.144698
3576	11.132623	5.905131	5.421104	6.485963	5.808325	5.711520	4.356244	5.421104
3577	12.451362	5.350195	6.128405	5.155642	5.933852	5.642023	4.669261	6.322957
3578	13.877953	5.708661	6.003937	5.118110	5.905512	5.118110	4.822835	6.397638
3579	12.537613	6.218656	5.516550	4.714142	6.920762	5.516550	4.513541	7.021063
3580	11.969112	5.791506	5.694981	5.019305	6.081081	5.984556	3.957529	6.660232
3581	12.142152	5.725568	5.133268	6.021718	6.515301	5.133268	3.849951	6.120434
3582	11.695906	5.263158	6.237817	6.725146	5.945419	5.750487	4.288499	6.530214
3583	12.328767	5.479452	6.947162	6.262231	7.045010	6.457926	4.990215	6.360078
3584	11.712598	5.314961	5.610236	4.625984	7.185039	6.200787	4.429134	6.692913
3585	14.216634	5.996132	6.479691	5.222437	5.899420	5.512573	5.125725	6.382979
3586	12.658228	5.744888	5.355404	5.550146	5.258033	5.258033	3.992210	6.621227
3587	11.264822	5.533597	5.533597	5.434783	5.335968	5.731225	5.138340	5.928854
3588	11.111111	5.309735	6.489676	6.293019	6.194690	5.211406	3.834808	6.489676
3589	13.478692	5.153617	5.450942	5.252725	5.450942	6.442022	4.360753	6.541130
3590	12.036108	4.613842	5.917753	6.318957	6.318957	6.419258	5.115346	6.419258
3591	13.228036	5.725568	6.317868	5.231984	5.923001	6.021718	4.639684	6.811451
3592	13.069307	5.841584	5.544554	5.643564	5.742574	5.445545	4.356436	6.336634
3593	11.653386	6.175299	5.677291	5.776892	6.274900	5.577689	4.980080	5.776892
3594	11.707317	5.365854	5.463415	6.048780	6.731707	6.146341	3.804878	6.243902
3595	11.890838	5.750487	6.042885	5.847953	6.042885	5.750487	5.653021	6.822612
3596	11.881188	5.841584	5.049505	4.653465	6.138614	6.336634	4.455446	6.336634
3597	13.572854	5.988024	6.686627	3.892216	5.489022	6.786427	3.992016	5.988024
3598	11.485149	5.247525	6.039604	4.554455	5.841584	5.247525	4.950495	7.524752
3599	12.957468	5.637982	5.934718	5.044510	6.033630	5.736894	4.352127	6.033630
3600	11.144279	5.074627	5.970149	5.870647	5.074627	5.273632	3.781095	6.169154
3601	11.764706	6.181456	5.583250	5.184447	7.178465	6.081755	4.386839	6.979063
3602	12.330097	5.631068	7.184466	4.660194	6.116505	5.631068	5.242718	7.087379
3603	12.711023	5.958292	5.858987	4.369414	7.348560	5.362463	4.766634	7.845084
3604	12.035225	5.283757	6.066536	5.870841	5.968689	5.968689	4.109589	7.045010
3605	13.609467	5.522682	5.128205	4.832347	5.522682	4.930966	3.648915	7.001972
3606	12.500000	5.957031	5.761719	4.296875	7.226562	6.542969	4.589844	7.519531
3607	12.900097	4.946654	5.334627	5.916586	5.431620	6.401552	4.267701	6.498545
3608	12.000000	4.780488	7.219512	5.170732	7.317073	5.756098	4.780488	6.536585
3609	12.573674	6.385069	5.304519	5.108055	6.385069	5.500982	4.616896	7.072692
3610	13.654224	5.304519	5.893910	5.795678	5.206287	5.108055	5.009823	6.188605
3611	11.902439	5.853659	6.048780	5.951220	6.243902	5.853659	3.707317	6.341463
3612	13.721619	5.330701	4.837117	6.021718	6.614018	5.429418	4.146101	5.626851
3613	11.326234	6.195547	6.292352	6.582769	6.389158	6.389158	3.775411	6.485963
3614	11.400966	5.410628	5.700483	4.444444	6.473430	6.570048	5.120773	7.536232
3615	11.852590	5.179283	6.474104	5.677291	6.772908	6.274900	4.382470	6.872510
3616	13.513514	6.081081	6.563707	4.826255	5.694981	5.212355	4.150579	5.791506
3617	12.948207	4.980080	5.079681	4.780876	6.573705	6.175299	4.780876	6.872510
3618	13.636364	5.632411	5.731225	5.237154	6.324111	5.928854	3.952569	7.213439
3619	11.467444	5.636540	5.636540	5.442177	5.928086	5.442177	3.790087	7.677357
3620	12.623274	5.325444	5.917160	5.424063	7.100592	5.325444	4.043393	7.100592
3621	14.070352	5.829146	6.331658	4.824121	5.226131	6.733668	4.623116	6.834171
3622	12.782694	5.309735	5.703048	6.096362	6.096362	5.801377	4.424779	6.391347
3623	11.122244	5.210421	5.511022	5.310621	6.412826	5.310621	3.607214	7.114228
3624	13.137255	6.078431	6.274510	5.392157	7.058824	5.196078	4.313725	6.274510
3625	13.030602	5.330701	5.824284	4.738401	6.120434	7.107601	4.837117	7.107601
3626	11.879260	6.329114	5.744888	5.842259	7.497566	6.037001	4.186952	6.134372
3627	11.964981	6.128405	5.058366	5.058366	5.836576	5.155642	3.891051	6.517510
3628	13.043478	5.632411	5.632411	5.533597	5.533597	4.743083	4.051383	6.225296
3629	12.475442	5.599214	6.385069	5.795678	6.777996	5.795678	3.634578	6.974460
3630	12.693798	5.038760	6.298450	5.910853	7.364341	5.620155	4.069767	6.298450
3631	12.536443	5.733722	6.219631	4.664723	6.608358	5.344995	4.567541	6.316812
3632	12.721893	5.621302	5.522682	4.437870	6.114398	5.029586	4.437870	5.917160
3633	12.818004	5.772994	6.262231	4.403131	5.870841	6.262231	4.011742	6.457926
3634	12.055336	5.237154	5.830040	4.644269	6.027668	6.225296	4.051383	6.818182
3635	10.991168	5.888126	6.084396	6.378803	6.084396	6.280667	4.808636	6.575074
3636	12.187812	6.193806	6.193806	5.494505	6.393606	5.794206	4.595405	6.793207
3637	13.614104	5.680705	5.582762	5.093046	6.856024	6.072478	4.015671	6.856024
3638	12.634672	5.778648	5.876592	4.995103	6.562194	5.484819	4.211557	6.660137
3639	11.549852	6.219151	6.317868	6.614018	6.910168	6.120434	4.540967	6.021718
3640	11.560694	6.551060	5.780347	5.491329	6.454721	5.876686	4.335260	6.069364
3641	12.548638	5.642023	6.420233	5.544747	6.420233	6.517510	4.474708	5.642023
3642	15.054835	5.982054	6.181456	4.486540	7.078764	5.982054	3.988036	6.081755
3643	11.549852	5.133268	5.528134	4.837117	6.416584	6.120434	3.652517	6.712734
3644	11.374876	5.440158	5.736894	5.242334	6.528190	5.835806	4.352127	6.330366
3645	13.287402	5.314961	6.200787	5.019685	6.988189	6.692913	4.625984	6.988189
3646	12.685828	6.144698	5.946482	5.054509	6.739346	6.640238	5.054509	6.640238
3647	12.500000	5.413386	5.118110	5.807087	6.397638	5.314961	3.641732	6.692913
3648	12.935323	5.970149	6.268657	4.577114	5.273632	5.671642	4.079602	5.870647
3649	13.111546	6.164384	5.870841	5.283757	7.338552	5.577299	4.207436	6.947162
3650	13.286713	6.093906	6.193806	5.094905	5.994006	5.094905	4.095904	7.192807
3651	14.328358	6.567164	5.771144	4.875622	6.069652	6.169154	5.174129	6.766169
3652	11.322645	5.210421	4.709419	5.010020	7.314629	5.110220	3.607214	7.014028
3653	12.711023	4.667329	5.660377	5.561072	7.050645	5.064548	3.872890	6.256207
3654	12.621359	5.533981	6.019417	6.213592	5.825243	5.145631	4.854369	7.378641
3655	11.852590	5.478088	6.075697	6.075697	5.876494	6.872510	4.681275	6.772908
3656	12.244898	5.830904	5.636540	5.247813	6.608358	5.830904	4.275996	6.316812
3657	12.624254	6.063618	5.467197	5.367793	7.057654	5.268390	4.075547	6.163022
3658	13.017751	6.607495	5.917160	5.029586	5.719921	5.917160	5.424063	6.804734
3659	12.536443	6.316812	6.705539	5.442177	6.025267	5.830904	4.178814	6.316812
3660	12.848606	5.677291	6.175299	5.776892	6.573705	5.577689	4.681275	5.577689
3661	12.749004	5.876494	5.677291	4.880478	5.278884	5.577689	4.880478	5.876494
3662	12.100000	6.300000	5.500000	5.400000	5.800000	6.200000	3.300000	6.600000
3663	11.530815	5.566600	5.964215	5.268390	5.566600	5.467197	4.373757	6.163022
3664	13.704071	5.958292	6.057597	5.759682	5.461768	5.660377	4.568024	5.759682
3665	12.282398	5.222437	4.545455	5.899420	5.996132	6.576402	4.061896	7.350097
3666	13.095238	5.753968	5.456349	4.861111	6.349206	5.059524	4.365079	6.746032
3667	12.415131	5.722599	6.498545	5.334627	6.401552	6.013579	4.364694	6.789525
3668	13.261297	5.697446	6.090373	5.402750	6.876228	5.795678	3.929273	7.367387
3669	11.266201	5.284148	5.882353	5.682951	5.284148	5.284148	3.589232	6.380857
3670	11.512195	6.439024	5.756098	4.390244	5.951220	6.536585	3.902439	6.146341
3671	11.352419	5.626851	4.935834	4.738401	6.614018	5.231984	4.639684	6.910168
3672	11.753183	5.680705	5.484819	5.582762	6.366308	5.288932	5.190989	7.051910
3673	13.068732	5.130687	5.711520	5.324298	5.130687	5.324298	4.743466	6.776379
3674	12.537019	5.626851	5.725568	5.626851	6.021718	5.824284	4.738401	6.021718
3675	11.723447	6.412826	6.212425	4.909820	6.012024	6.112224	4.408818	5.210421
3676	11.557297	5.386876	6.366308	4.995103	5.288932	5.876592	4.309500	5.778648
3677	13.378248	4.716073	5.774783	5.967276	6.641001	6.159769	4.908566	6.737247
3678	11.231527	5.517241	5.221675	5.812808	6.502463	5.911330	4.433498	7.290640
3679	11.752988	6.075697	5.876494	5.478088	6.673307	6.772908	4.382470	5.776892
3680	11.764706	5.882353	6.557377	5.593057	6.750241	5.303761	5.400193	5.785921
3681	12.365064	5.789990	5.593719	5.004907	6.476938	5.986261	4.612365	6.673209
3682	11.274510	5.686275	6.078431	5.980392	6.666667	6.078431	4.117647	6.960784
3683	12.549407	5.830040	6.324111	5.731225	5.632411	5.533597	4.249012	7.015810
3684	11.776251	6.084396	6.280667	5.299313	6.771344	5.888126	5.103042	5.888126
3685	11.491935	5.645161	5.040323	5.544355	6.552419	6.149194	4.435484	6.149194
3686	13.300000	5.700000	5.500000	5.600000	8.200000	6.100000	3.900000	5.700000
3687	13.192346	5.236657	5.941591	5.236657	6.143001	6.042296	4.229607	6.847936
3688	13.502935	5.870841	5.675147	4.892368	6.947162	5.675147	3.522505	6.164384
3689	12.197581	5.846774	5.947581	5.241935	6.149194	5.443548	3.629032	6.552419
3690	12.366115	5.647517	6.037001	5.355404	6.621227	6.134372	5.160662	6.231743
3691	12.318138	5.334627	6.013579	4.946654	7.371484	5.722599	3.976722	6.886518
3692	12.207031	6.152344	5.566406	5.371094	6.640625	6.152344	4.589844	6.250000
3693	11.571842	5.689489	6.653809	6.075217	6.364513	6.075217	4.243009	6.557377
3694	11.684518	6.426485	5.842259	5.647517	6.523856	5.258033	3.310613	6.426485
3695	13.671875	6.347656	5.273438	4.492188	6.250000	5.664062	4.101562	7.226562
3696	10.903733	5.599214	5.697446	5.108055	5.893910	5.599214	4.518664	6.385069
3697	13.833992	5.731225	6.027668	5.632411	6.027668	5.731225	3.952569	6.324111
3698	11.713456	5.905131	5.905131	5.808325	6.292352	5.614714	3.678606	6.969990
3699	14.050388	5.426357	6.492248	4.069767	7.751938	5.426357	4.263566	6.492248
3700	12.130178	5.424063	6.607495	5.522682	6.311637	5.128205	4.536489	6.213018
3701	12.585366	5.365854	6.341463	4.780488	6.243902	6.146341	4.000000	6.926829
3702	12.142152	5.923001	5.725568	5.824284	5.626851	6.021718	3.455084	7.305035
3703	13.233831	5.771144	6.368159	5.273632	6.069652	5.970149	3.681592	6.169154
3704	13.755020	5.823293	5.321285	4.518072	6.425703	6.024096	4.317269	7.128514
3705	12.792969	5.957031	5.957031	5.664062	5.273438	6.152344	4.199219	6.640625
3706	12.757605	6.084396	5.593719	6.084396	5.397448	5.888126	4.121688	5.691855
3707	11.285574	5.888126	6.869480	4.906771	5.691855	5.986261	4.710500	7.065751
3708	13.352546	5.859750	5.859750	4.610951	5.763689	6.532181	4.226705	7.012488
3709	11.055276	5.326633	5.628141	4.522613	7.336683	5.829146	5.427136	5.527638
3710	12.709360	5.517241	6.206897	5.911330	5.221675	5.911330	3.842365	6.009852
3711	13.129319	5.626851	6.219151	5.330701	5.626851	5.923001	4.146101	6.614018
3712	12.154150	5.434783	6.521739	5.731225	5.533597	6.521739	4.347826	6.225296
3713	12.316716	5.767351	6.256109	4.496579	7.233627	4.887586	4.007820	7.135875
3714	13.484252	5.511811	5.413386	4.330709	5.216535	5.413386	3.838583	6.889764
3715	11.964981	5.642023	6.614786	5.252918	7.490272	5.544747	4.766537	6.322957
3716	12.413108	4.965243	6.057597	5.362463	7.249255	6.156902	3.773585	6.355511
3717	11.553398	6.407767	6.019417	5.533981	7.087379	6.116505	3.786408	6.504854
3718	13.102119	6.454721	5.491329	5.202312	6.069364	4.720617	4.046243	6.069364
3719	11.925709	5.669599	6.647116	5.083089	6.353861	6.158358	4.007820	6.940371
3720	12.304688	5.371094	5.566406	5.175781	6.835938	6.347656	4.199219	6.738281
3721	11.984283	5.599214	6.483301	5.108055	5.599214	6.483301	3.831041	6.385069
3722	12.585366	5.951220	6.243902	6.243902	6.146341	5.073171	4.487805	5.951220
3723	11.856171	6.219631	6.413994	5.539359	6.122449	5.442177	3.887269	6.122449
3724	12.023460	5.669599	5.865103	5.180841	7.429130	5.669599	4.398827	7.135875
3725	12.130178	6.015779	6.410256	4.339250	6.706114	5.917160	4.043393	6.114398
3726	13.274336	4.916421	5.899705	5.211406	7.079646	5.801377	3.933137	7.079646
3727	12.500000	5.610236	6.200787	5.118110	7.086614	5.314961	3.641732	6.791339
3728	10.979228	5.835806	6.033630	5.440158	5.539070	5.934718	4.253215	6.231454
3729	12.732615	5.582762	5.974535	4.995103	6.464251	5.288932	4.407444	7.443683
3730	11.741294	5.373134	4.975124	6.368159	5.870647	6.467662	4.278607	5.074627
3731	12.707722	6.451613	5.865103	5.376344	5.962854	5.962854	5.278592	6.451613
3732	13.008937	5.759682	6.156902	5.263158	5.561072	5.561072	4.369414	6.454816
3733	11.724138	6.009852	5.714286	5.615764	8.177340	4.827586	4.137931	6.798030
3734	11.637081	5.917160	5.818540	4.930966	6.311637	5.818540	4.043393	6.311637
3735	12.893701	6.200787	6.496063	5.019685	4.822835	6.102362	5.413386	6.397638
3736	12.138728	5.009634	5.780347	5.587669	7.225434	5.491329	4.624277	6.454721
3737	11.992071	5.550050	6.640238	5.550050	6.838454	6.640238	4.063429	5.450942
3738	11.600000	5.200000	6.700000	5.100000	6.300000	6.300000	4.800000	7.000000
3739	10.876133	5.337362	5.941591	5.840886	6.948640	5.236657	3.826788	5.337362
3740	11.857708	6.126482	5.533597	5.237154	5.335968	5.632411	3.853755	6.324111
3741	11.956522	5.138340	6.027668	5.632411	5.928854	5.928854	5.533597	7.015810
3742	12.637914	5.315948	5.917753	4.814443	6.820461	5.416249	3.911735	7.321966
3743	13.207547	5.858987	5.958292	4.071500	5.858987	6.454816	4.568024	7.149950
3744	12.438302	6.219151	7.107601	4.935834	5.824284	5.824284	4.244817	6.515301
3745	13.715953	6.225681	6.420233	5.642023	6.420233	6.614786	5.252918	6.128405
3746	11.219512	5.560976	6.536585	5.170732	6.634146	6.048780	4.585366	6.243902
3747	12.216749	5.615764	5.911330	4.926108	7.389163	7.093596	4.630542	6.108374
3748	12.645914	5.350195	5.155642	4.863813	6.614786	5.836576	3.988327	6.420233
3749	12.118227	6.206897	5.615764	6.305419	6.502463	6.502463	4.039409	6.896552
3750	12.906404	5.418719	5.517241	5.320197	6.108374	5.221675	4.532020	6.009852
3751	11.587147	5.842259	5.258033	4.576436	6.329114	6.426485	4.284323	6.523856
3752	12.487899	6.098742	5.227493	6.098742	7.260407	5.905131	3.581801	5.614714
3753	11.895551	5.802708	7.059961	4.738878	7.059961	5.899420	4.352031	7.833656
3754	12.600806	4.939516	5.745968	5.040323	6.149194	6.350806	4.637097	6.451613
3755	11.822660	6.403941	6.502463	4.532020	6.305419	5.024631	3.940887	6.896552
3756	12.106299	6.397638	6.988189	5.019685	6.200787	5.118110	4.035433	5.511811
3757	11.572700	5.242334	6.132542	4.648863	7.022750	6.231454	3.758655	6.824926
3758	12.623274	6.607495	5.917160	5.522682	5.917160	4.832347	4.339250	5.522682
3759	11.937378	5.870841	6.066536	5.283757	7.142857	5.283757	3.816047	6.360078
3760	12.549801	6.274900	6.075697	6.075697	5.876494	5.976096	4.083665	5.776892
3761	12.778316	5.033882	6.001936	5.130687	7.163601	5.905131	4.453049	6.195547
3762	13.502935	5.185910	6.262231	4.892368	6.555773	6.457926	4.109589	6.262231
3763	12.291052	5.506391	5.801377	5.211406	5.408063	5.899705	4.818092	7.472960
3764	11.602753	5.899705	5.801377	5.506391	5.703048	5.408063	4.523107	5.703048
3765	11.641791	5.373134	6.169154	5.970149	7.462687	6.069652	4.776119	6.766169
3766	12.376238	6.633663	6.336634	4.455446	5.742574	6.237624	4.356436	6.435644
3767	10.766246	5.237633	5.237633	4.364694	5.625606	5.625606	4.558681	7.177498
3768	12.413108	5.362463	5.362463	6.653426	6.554121	6.057597	4.170804	6.057597
3769	12.562313	5.583250	6.181456	4.187438	5.782652	6.081755	3.589232	6.779661
3770	13.450292	5.945419	5.750487	4.970760	6.432749	6.042885	4.385965	6.530214
3771	12.351779	5.335968	5.533597	4.545455	5.731225	6.027668	3.853755	6.324111
3772	11.467444	6.122449	6.219631	5.733722	6.608358	6.025267	4.373178	6.705539
3773	12.487709	5.998033	6.391347	4.719764	6.981318	5.309735	4.129794	6.784661
3774	13.267327	5.544554	5.148515	5.049505	6.534653	4.950495	4.257426	6.732673
3775	12.772277	5.445545	6.237624	4.356436	7.722772	5.445545	4.059406	6.237624
3776	13.425469	5.034551	6.219151	5.429418	5.231984	6.317868	5.034551	7.502468
3777	12.204724	5.511811	6.496063	4.921260	6.102362	4.822835	3.937008	6.397638
3778	12.549407	4.743083	6.027668	5.335968	6.521739	5.237154	4.743083	6.818182
3779	11.359223	5.825243	6.213592	6.019417	6.407767	5.631068	3.592233	7.184466
3780	12.780488	5.560976	6.146341	6.048780	6.243902	6.341463	5.756098	6.634146
3781	11.676647	5.389222	5.688623	5.089820	5.289421	5.788423	4.890220	5.588822
3782	11.980676	6.086957	5.410628	5.217391	5.893720	6.086957	4.444444	7.246377
3783	13.313313	5.105105	6.506507	5.305305	5.105105	6.406406	4.104104	6.606607
3784	12.827988	6.122449	5.636540	4.761905	6.219631	6.219631	4.664723	6.025267
3785	12.827988	6.122449	6.413994	5.344995	6.122449	5.928086	3.984451	6.899903
3786	11.459354	5.386876	6.268364	6.758080	6.268364	5.778648	4.309500	6.953967
3787	12.820513	6.213018	6.706114	6.213018	5.621302	5.522682	4.832347	6.410256
3788	11.676647	5.389222	5.888224	5.688623	7.584830	6.087824	3.792415	5.888224
3789	11.851126	5.876592	5.876592	6.366308	5.876592	4.799216	4.015671	5.582762
3790	13.591270	5.257937	5.952381	5.456349	6.746032	6.250000	4.464286	6.547619
3791	11.984283	5.795678	6.090373	6.286837	5.992141	5.009823	4.322200	5.500982
3792	12.079208	5.445545	5.643564	5.445545	5.940594	5.742574	4.059406	5.445545
3793	12.221145	5.819593	6.304559	4.655674	6.498545	5.916586	4.073715	7.274491
3794	12.462612	6.380857	5.483549	4.885344	5.882353	5.184447	4.087737	6.580259
3795	12.127237	5.765408	5.666004	5.566600	7.057654	5.467197	4.075547	5.864811
3796	12.390244	5.268293	6.048780	6.146341	6.634146	5.658537	4.195122	6.731707
3797	12.792969	6.250000	5.371094	4.199219	7.226562	5.175781	5.078125	6.347656
3798	13.850688	5.992141	5.500982	5.795678	6.090373	5.599214	4.911591	5.206287
3799	12.019704	5.714286	6.403941	6.305419	6.699507	5.123153	3.940887	6.305419
3800	12.438302	5.626851	5.725568	5.528134	6.614018	5.923001	4.146101	5.824284
3801	10.330993	6.118355	6.519559	5.215647	5.516550	6.118355	4.413240	5.817452
3802	13.200000	5.300000	5.800000	5.000000	6.800000	6.100000	3.800000	5.900000
3803	12.757605	5.888126	6.476938	4.514230	5.691855	5.888126	4.612365	7.458292
3804	13.026445	6.660137	6.268364	6.660137	6.660137	5.778648	4.309500	5.386876
3805	13.152610	6.224900	5.823293	4.718876	6.425703	4.618474	4.618474	5.823293
3806	12.377210	5.402750	5.599214	5.009823	6.581532	6.188605	4.125737	6.679764
3807	12.707722	5.571848	6.060606	6.256109	7.526882	6.353861	5.083089	5.669599
3808	13.333333	5.472637	6.069652	3.681592	6.368159	5.273632	5.074627	6.666667
3809	11.776447	5.988024	5.788423	5.189621	6.586826	5.688623	4.391218	6.986028
3810	11.960784	6.078431	6.470588	4.803922	6.862745	5.686275	4.313725	5.980392
3811	13.267327	6.237624	5.148515	4.752475	6.138614	5.940594	4.455446	6.534653
3812	12.425447	5.367793	5.467197	5.069583	5.864811	5.467197	5.168986	5.566600
3813	13.196481	6.353861	5.865103	5.767351	6.647116	5.962854	4.887586	5.962854
3814	11.055276	5.628141	6.633166	4.723618	6.331658	6.633166	4.020101	7.035176
3815	12.035225	5.479452	5.968689	5.088063	7.338552	5.577299	5.479452	6.751468
3816	11.462451	5.138340	5.237154	4.446640	6.620553	6.324111	3.952569	6.719368
3817	12.966601	5.304519	5.893910	5.697446	6.188605	5.304519	4.223969	6.090373
3818	12.139303	5.970149	6.567164	5.373134	5.373134	5.671642	4.676617	6.169154
3819	12.390244	5.463415	5.560976	4.682927	7.512195	5.463415	3.707317	7.707317
3820	11.534702	5.474096	6.451613	4.789834	7.135875	5.083089	4.985337	6.353861
3821	12.987013	5.194805	6.193806	5.594406	5.594406	5.794206	3.996004	5.694306
3822	13.216715	5.247813	5.733722	6.608358	6.899903	5.928086	3.790087	6.511176
3823	13.789683	5.257937	6.150794	5.555556	6.448413	6.051587	4.960317	6.646825
3824	12.782694	5.604720	5.899705	6.096362	7.276303	5.408063	4.326450	6.293019
3825	12.549020	6.078431	6.862745	5.882353	7.254902	5.392157	3.823529	6.470588
3826	12.843137	6.078431	5.686275	4.901961	5.490196	5.882353	4.509804	6.960784
3827	13.880743	6.256109	5.767351	4.594330	6.353861	5.767351	4.398827	6.353861
3828	12.339585	6.317868	5.824284	4.639684	6.317868	5.923001	4.442251	5.923001
3829	12.097561	6.146341	5.951220	5.658537	6.439024	5.658537	5.756098	6.926829
3830	13.113113	6.506507	6.006006	5.005005	6.706707	6.306306	3.803804	7.207207
3831	10.912698	6.150794	6.051587	4.464286	6.448413	5.853175	4.067460	7.043651
3832	11.952191	5.577689	6.673307	5.776892	6.573705	5.378486	4.083665	6.274900
3833	11.089109	5.445545	5.445545	5.049505	6.831683	5.643564	4.257426	5.841584
3834	11.538462	5.424063	5.128205	5.917160	5.621302	4.930966	4.733728	5.917160
3835	11.849711	5.876686	5.298651	5.876686	7.996146	4.720617	3.853565	5.780347
3836	11.133201	5.268390	5.467197	4.870775	6.262425	5.566600	4.373757	7.057654
3837	12.414467	5.376344	5.865103	5.278592	5.180841	5.865103	4.105572	5.767351
3838	13.086913	6.293706	6.493506	5.094905	6.193806	5.294705	4.495504	6.993007
3839	11.252446	5.283757	6.555773	5.577299	4.794521	6.066536	3.913894	7.534247
3840	12.228797	6.508876	5.621302	4.832347	6.015779	5.226824	3.944773	6.607495
3841	12.070658	5.691855	5.103042	5.986261	6.476938	5.397448	4.121688	5.593719
3842	10.682493	6.231454	6.231454	6.429278	6.132542	5.835806	3.956479	6.726014
3843	11.897738	5.211406	5.703048	4.621436	6.293019	5.211406	3.736480	7.177974
3844	11.852590	6.175299	5.677291	4.880478	6.274900	5.378486	5.478088	6.474104
3845	12.951807	5.823293	5.823293	5.923695	6.927711	5.421687	4.417671	6.425703
3846	13.962635	4.916421	5.998033	5.604720	6.194690	6.588004	4.719764	6.489676
3847	13.255361	5.750487	5.750487	5.555556	5.847953	6.042885	5.165692	6.822612
3848	12.937743	5.447471	5.739300	5.155642	5.739300	5.642023	4.085603	7.198444
3849	10.863240	6.207565	6.304559	5.431620	6.789525	5.916586	4.073715	6.983511
3850	12.807882	5.024631	6.699507	4.532020	5.911330	5.615764	4.137931	7.192118
3851	12.389381	5.703048	6.096362	5.703048	4.916421	5.604720	4.129794	5.899705
3852	11.133400	5.215647	5.917753	5.616851	5.717151	5.215647	4.613842	5.817452
3853	11.066398	5.231388	6.036217	4.828974	5.130785	6.036217	4.426559	6.841046
3854	12.327416	5.226824	5.621302	5.917160	6.410256	6.015779	4.437870	6.804734
3855	13.030888	5.694981	5.694981	5.405405	5.791506	5.115830	3.861004	6.467181
3856	13.978495	5.180841	6.451613	5.767351	5.865103	5.571848	4.594330	6.451613
3857	11.285574	6.084396	5.201178	6.378803	5.888126	6.378803	4.219823	6.771344
3858	11.561265	6.521739	5.830040	5.632411	6.027668	6.719368	4.446640	6.620553
3859	13.022352	5.442177	5.928086	5.539359	6.705539	5.733722	3.692906	6.316812
3860	12.003968	4.861111	5.952381	5.952381	6.349206	6.547619	3.968254	6.250000
3861	13.762376	5.742574	6.633663	5.544554	6.039604	6.039604	3.762376	6.831683
3862	12.475248	5.049505	6.039604	5.544554	6.237624	5.544554	4.653465	7.128713
3863	12.805474	5.962854	7.331378	4.789834	6.744868	5.571848	4.105572	6.744868
3864	10.816126	5.703048	6.293019	5.506391	5.506391	6.981318	4.031465	6.588004
3865	12.925170	5.344995	5.830904	5.636540	7.288630	5.928086	3.984451	6.608358
3866	12.862669	6.092843	5.415861	5.029014	5.319149	6.189555	4.255319	7.059961
3867	11.133005	5.418719	6.009852	6.305419	6.600985	6.206897	3.842365	6.108374
3868	13.346614	5.577689	6.474104	6.175299	6.175299	6.075697	4.581673	5.378486
3869	12.979351	5.506391	5.801377	4.031465	5.604720	5.506391	4.621436	5.998033
3870	12.730807	6.122449	5.442177	6.219631	5.830904	5.636540	4.761905	6.219631
3871	11.730205	5.767351	6.549365	4.594330	7.233627	5.865103	4.692082	6.842620
3872	12.038835	5.825243	6.310680	6.116505	7.087379	5.825243	5.145631	6.893204
3873	11.730205	5.669599	5.767351	4.789834	6.256109	6.647116	4.105572	6.744868
3874	13.366834	6.130653	6.130653	4.422111	7.236181	5.427136	4.723618	6.834171
3875	12.500000	5.610236	6.496063	5.610236	6.791339	6.102362	5.019685	6.200787
3876	12.351779	5.632411	6.422925	5.138340	6.324111	5.731225	4.150198	6.620553
3877	13.233831	5.572139	6.666667	6.666667	5.771144	4.776119	3.880597	5.870647
3878	13.806706	5.325444	6.114398	5.029586	6.508876	6.015779	4.043393	6.607495
3879	12.109375	5.664062	5.273438	6.054688	6.054688	5.175781	4.101562	5.859375
3880	12.070658	5.397448	6.084396	4.612365	7.654563	5.789990	4.710500	5.888126
3881	10.279441	5.588822	5.988024	5.588822	6.487026	5.988024	4.690619	5.289421
3882	11.960784	5.784314	6.666667	5.196078	6.568627	5.980392	5.784314	5.980392
3883	12.780488	6.048780	6.439024	5.756098	4.585366	5.170732	4.292683	6.731707
3884	11.188119	5.643564	6.633663	5.742574	5.940594	6.138614	4.059406	7.029703
3885	11.895551	6.479691	5.705996	5.222437	5.899420	5.899420	3.675048	6.769826
3886	11.758893	5.928854	5.533597	4.743083	6.225296	5.928854	4.545455	6.521739
3887	11.611612	6.006006	6.106106	4.504505	5.805806	6.206206	3.903904	6.106106
3888	11.264822	6.225296	5.138340	5.237154	6.225296	5.237154	4.150198	6.422925
3889	12.500000	6.542969	6.054688	5.957031	6.835938	6.933594	4.003906	6.738281
3890	11.406096	6.096362	5.703048	5.703048	6.686332	5.506391	4.031465	6.194690
3891	12.451362	5.350195	5.447471	5.350195	6.420233	5.836576	4.182879	7.295720
3892	11.928429	6.063618	6.163022	5.566600	6.163022	5.666004	3.677932	6.660040
3893	13.068732	5.808325	6.485963	4.646660	6.389158	7.260407	3.678606	6.776379
3894	11.694747	5.252725	5.847374	5.550050	6.442022	5.748266	4.162537	5.748266
3895	12.414467	5.865103	6.060606	6.060606	6.256109	6.060606	4.985337	6.060606
3896	13.709677	6.048387	5.141129	5.544355	6.854839	5.745968	4.334677	5.443548
3897	12.696850	5.314961	5.708661	5.118110	5.314961	6.200787	3.937008	6.988189
3898	12.087912	5.694306	7.092907	4.595405	5.594406	5.494505	4.295704	6.193806
3899	11.089109	5.445545	5.544554	5.445545	5.940594	5.742574	4.455446	6.138614
3900	11.805556	5.059524	5.555556	6.746032	6.150794	4.761905	4.067460	5.654762
3901	12.133072	5.675147	4.990215	6.457926	5.772994	6.262231	5.088063	6.360078
3902	11.306043	5.458090	6.822612	5.068226	5.263158	5.750487	4.191033	6.237817
3903	12.772277	6.435644	6.732673	5.346535	6.930693	5.940594	3.762376	6.039604
3904	12.647059	5.294118	5.980392	5.588235	6.176471	6.568627	4.117647	6.274510
3905	10.541872	4.926108	5.911330	5.024631	5.320197	5.517241	3.645320	7.389163
3906	13.352827	5.945419	6.627680	5.165692	6.237817	6.432749	5.165692	7.212476
3907	12.328767	5.772994	6.555773	5.675147	6.164384	5.772994	3.913894	6.653620
3908	12.103175	5.555556	5.952381	5.555556	6.944444	6.150794	4.166667	6.845238
3909	11.992071	4.856293	5.847374	5.450942	5.252725	6.342914	4.856293	6.243806
3910	12.238806	6.268657	5.472637	5.273632	6.865672	6.069652	4.975124	6.069652
3911	11.909449	5.511811	5.807087	5.413386	4.527559	6.102362	3.641732	6.299213
3912	12.326044	5.964215	5.566600	5.864811	6.660040	5.367793	4.870775	7.157058
3913	14.494163	6.420233	5.933852	4.766537	6.614786	5.350195	5.155642	6.420233
3914	11.776251	5.888126	5.691855	5.004907	6.182532	6.771344	4.219823	7.163886
3915	11.840796	5.970149	6.169154	5.572139	7.064677	5.472637	4.776119	6.169154
3916	12.192724	5.408063	5.899705	5.801377	5.703048	6.293019	4.719764	6.096362
3917	11.339198	6.256109	6.353861	4.007820	5.669599	5.571848	4.496579	6.940371
3918	13.124388	5.288932	5.876592	5.778648	6.366308	5.876592	4.407444	6.366308
3919	11.568627	5.098039	5.294118	5.784314	7.058824	5.294118	4.019608	6.470588
3920	11.895551	5.609284	6.189555	5.802708	7.446809	5.319149	4.352031	6.769826
3921	13.060429	5.458090	5.750487	5.068226	7.115010	5.165692	4.385965	6.432749
3922	11.952191	5.876494	5.079681	4.880478	6.673307	6.374502	4.980080	5.378486
3923	12.633625	5.636540	5.830904	6.802721	4.761905	5.928086	3.304179	6.997085
3924	12.887113	6.493506	5.594406	4.895105	5.994006	5.994006	4.395604	6.093906
3925	12.950341	6.231743	5.550146	4.965920	6.134372	6.134372	4.771178	5.842259
3926	10.619469	5.604720	5.408063	5.211406	7.472960	5.506391	3.834808	6.096362
3927	14.074803	5.807087	6.692913	5.216535	7.578740	5.807087	4.429134	7.086614
3928	11.242604	5.128205	6.114398	6.508876	6.114398	5.917160	4.536489	6.114398
3929	11.864407	5.682951	5.084746	4.785643	5.782652	6.181456	3.688933	6.580259
3930	13.618677	5.252918	5.933852	4.280156	6.614786	6.906615	4.182879	7.003891
3931	12.070658	5.888126	6.575074	4.219823	5.888126	6.575074	4.710500	6.575074
3932	13.261297	5.500982	5.108055	4.322200	5.697446	6.385069	4.420432	6.483301
3933	11.207729	5.217391	6.183575	5.990338	6.086957	6.183575	4.347826	6.570048
3934	11.968348	5.539070	6.033630	5.440158	6.429278	5.835806	4.352127	6.330366
3935	12.091179	5.252725	6.243806	5.153617	4.955401	6.342914	4.658077	6.144698
3936	12.792969	5.468750	5.371094	5.175781	7.031250	6.054688	4.492188	6.250000
3937	11.944719	5.923001	5.528134	5.528134	6.021718	6.416584	3.849951	7.206318
3938	12.462612	5.982054	5.882353	5.383848	5.882353	5.882353	4.386839	6.480558
3939	12.599206	5.654762	5.753968	4.365079	5.456349	5.555556	4.563492	6.547619
3940	12.051793	5.976096	4.880478	5.776892	6.474104	5.976096	4.581673	6.175299
3941	12.993263	5.871030	5.582291	5.101059	5.678537	5.774783	4.523580	7.122233
3942	12.624254	5.268390	6.361829	6.660040	6.361829	6.560636	4.274354	7.157058
3943	12.315271	5.320197	5.812808	5.517241	6.502463	5.517241	4.926108	6.699507
3944	11.702128	5.125725	5.512573	5.705996	6.286267	6.286267	4.448743	6.769826
3945	12.970297	5.346535	5.643564	4.653465	6.732673	5.445545	5.247525	6.237624
3946	13.116371	5.719921	6.015779	4.733728	4.930966	6.804734	4.635108	6.311637
3947	11.209440	5.211406	6.489676	6.293019	6.981318	5.801377	4.916421	6.293019
3948	14.509804	5.980392	6.176471	4.607843	6.470588	6.274510	4.607843	6.862745
3949	12.723658	5.864811	6.262425	4.771372	6.063618	6.262425	4.870775	7.057654
3950	14.229637	6.280667	5.299313	4.906771	6.182532	5.495584	4.219823	8.341511
3951	12.144956	6.464251	6.660137	5.582762	6.660137	6.366308	4.995103	6.660137
3952	12.437312	5.315948	5.015045	5.917753	6.419258	5.717151	4.212638	6.118355
3953	12.743191	5.642023	5.739300	6.420233	7.003891	5.058366	4.085603	6.906615
3954	12.027158	5.334627	5.722599	5.916586	6.401552	5.625606	4.073715	6.498545
3955	13.165537	6.485963	6.001936	4.840271	6.582769	6.001936	4.259439	6.873185
3956	13.255361	4.970760	5.263158	5.458090	6.042885	6.335283	3.606238	6.530214
3957	10.871694	6.072478	5.190989	5.582762	5.680705	5.974535	4.211557	6.464251
3958	12.277228	5.544554	6.039604	6.237624	5.940594	5.445545	4.356436	5.742574
3959	11.949070	5.876592	5.190989	6.170421	6.660137	5.582762	4.309500	6.170421
3960	12.865497	6.140351	5.653021	4.970760	6.920078	6.140351	4.288499	6.042885
3961	12.374245	5.432596	5.331992	4.627767	6.036217	4.929577	4.728370	6.237425
3962	11.949070	5.680705	5.680705	5.582762	6.366308	6.268364	4.701273	6.464251
3963	12.082515	6.188605	5.697446	4.518664	5.795678	4.715128	4.616896	6.286837
3964	11.630219	5.268390	6.262425	6.063618	5.864811	5.864811	3.976143	5.566600
3965	12.805474	6.256109	6.060606	5.865103	7.038123	5.962854	4.398827	6.158358
3966	13.030602	5.725568	5.330701	5.034551	6.515301	6.416584	4.540967	6.021718
3967	11.420060	5.163853	6.057597	4.369414	6.653426	6.454816	3.972195	6.653426
3968	14.437984	6.007752	6.492248	5.523256	6.492248	5.232558	4.263566	6.589147
3969	11.787819	5.992141	5.893910	5.402750	6.581532	5.599214	4.322200	5.893910
3970	11.859296	6.130653	5.929648	5.226131	5.829146	5.728643	4.522613	6.331658
3971	11.717974	5.263158	6.554121	4.369414	7.050645	5.561072	5.362463	6.057597
3972	12.536162	5.689489	6.075217	4.532305	6.268081	6.268081	4.243009	5.785921
3973	12.586720	6.243806	6.243806	6.243806	7.036670	5.748266	4.856293	6.937562
3974	13.077679	6.096362	5.899705	5.899705	5.998033	5.998033	4.424779	5.604720
3975	11.341223	5.226824	5.719921	5.128205	6.903353	6.114398	4.339250	6.508876
3976	13.659023	6.281157	6.679960	4.685942	6.580259	5.882353	4.985045	6.580259
3977	12.723658	5.864811	6.163022	6.163022	6.063618	5.666004	3.578529	5.566600
3978	12.051793	5.179283	5.378486	4.681275	6.175299	6.175299	4.681275	6.772908
3979	11.534702	5.767351	6.549365	5.474096	5.865103	6.256109	4.105572	5.962854
3980	13.043478	5.533597	5.434783	6.027668	5.533597	5.731225	4.841897	6.225296
3981	12.795276	6.299213	5.807087	5.807087	5.610236	6.003937	4.625984	5.905512
3982	13.425469	5.528134	6.910168	6.021718	6.416584	5.626851	4.146101	5.626851
3983	13.178295	5.620155	5.717054	5.232558	5.910853	6.589147	4.748062	6.395349
3984	13.476562	6.640625	6.640625	5.566406	5.566406	5.859375	4.199219	6.835938
3985	11.462451	5.830040	5.039526	5.237154	5.731225	5.632411	4.545455	6.620553
3986	11.992071	4.955401	5.550050	5.252725	6.045590	6.045590	4.162537	6.739346
3987	12.984496	5.813953	5.038760	6.976744	6.007752	5.910853	4.457364	6.589147
3988	11.648569	5.923001	5.231984	5.626851	5.429418	5.034551	4.244817	6.910168
3989	10.654936	5.474096	6.353861	4.789834	7.038123	5.669599	3.616813	6.744868
3990	12.730807	5.539359	7.094266	5.344995	6.413994	5.928086	3.790087	6.705539
3991	12.500000	6.051587	5.257937	5.158730	6.646825	5.555556	5.059524	6.646825
3992	11.348206	5.528613	5.043647	5.043647	6.207565	5.140640	3.976722	6.498545
3993	12.944664	6.324111	5.434783	5.138340	6.620553	6.324111	3.754941	7.312253
3994	12.548638	5.252918	6.517510	6.128405	6.225681	6.128405	3.891051	6.517510
3995	14.003945	5.424063	5.818540	4.635108	6.706114	6.311637	4.733728	6.311637
3996	12.399194	5.342742	5.846774	5.141129	6.048387	5.342742	3.830645	6.754032
3997	12.192724	7.079646	5.998033	5.113078	6.194690	5.899705	4.818092	7.571288
3998	12.962963	5.653021	5.555556	4.483431	6.335283	6.140351	4.385965	5.263158
3999	11.996067	5.703048	5.801377	5.408063	5.998033	5.309735	4.326450	7.472960
4000	13.268293	5.951220	6.536585	4.878049	6.439024	5.951220	4.000000	6.731707
4001	12.250996	5.278884	5.876494	5.776892	6.573705	6.474104	3.784861	5.577689
4002	11.386139	5.148515	6.633663	5.841584	5.346535	6.633663	4.950495	6.336634
4003	12.413793	5.320197	6.108374	4.827586	6.699507	6.305419	3.743842	7.290640
4004	12.463199	4.808636	5.201178	5.201178	7.163886	5.986261	4.121688	7.163886
4005	12.263210	5.682951	6.380857	5.284148	5.383848	6.879362	4.785643	6.281157
4006	11.833172	5.043647	6.110572	5.528613	6.304559	5.043647	3.879728	7.177498
4007	11.614173	6.003937	5.708661	4.625984	6.102362	6.594488	3.248031	6.692913
4008	11.011905	5.456349	5.853175	5.158730	7.539683	6.150794	3.769841	6.547619
4009	11.402624	6.357215	5.852674	6.155399	6.861756	5.852674	4.238143	5.449041
4010	12.238806	5.771144	5.373134	5.174129	6.069652	5.870647	4.378109	6.666667
4011	12.218964	5.180841	5.669599	5.571848	7.135875	6.060606	4.105572	6.940371
4012	12.772277	6.930693	5.544554	5.544554	6.237624	5.742574	4.059406	5.643564
4013	12.776177	4.899135	5.859750	5.283381	5.475504	5.571566	4.130644	6.243996
4014	12.574257	5.742574	5.247525	5.049505	5.544554	5.247525	4.059406	7.029703
4015	12.635735	5.330701	6.219151	5.231984	5.923001	5.528134	4.343534	6.614018
4016	11.678116	5.495584	6.280667	4.514230	6.378803	5.397448	4.906771	7.262022
4017	12.238806	5.870647	5.373134	5.074627	5.174129	6.169154	4.278607	6.268657
4018	11.799410	5.506391	5.899705	5.309735	7.472960	5.899705	3.146509	6.096362
4019	13.752456	5.893910	5.500982	5.697446	6.876228	6.483301	4.420432	6.876228
4020	11.707317	5.268293	6.341463	5.170732	7.121951	5.951220	4.097561	6.829268
4021	12.151394	5.378486	6.474104	5.079681	7.071713	5.378486	4.681275	6.274900
4022	12.265084	6.033630	6.627102	6.231454	7.715134	5.242334	4.352127	6.627102
4023	10.019646	6.188605	5.206287	6.188605	6.385069	5.500982	4.223969	5.599214
4024	13.614104	6.366308	6.072478	6.072478	6.366308	5.190989	4.897160	5.778648
4025	11.857708	5.434783	5.928854	5.434783	6.916996	6.521739	4.051383	6.422925
4026	12.843137	5.882353	5.588235	5.686275	6.372549	4.705882	4.215686	6.274510
4027	11.334002	5.717151	5.817452	6.318957	5.917753	5.917753	4.212638	6.018054
4028	12.115194	6.156902	5.561072	4.865938	6.256207	6.752731	4.369414	5.858987
4029	13.419483	4.970179	5.069583	4.671968	5.864811	6.063618	4.671968	5.964215
4030	12.331407	5.684008	6.647399	5.009634	6.454721	5.876686	4.913295	6.358382
4031	12.807882	5.615764	6.502463	5.221675	5.517241	6.009852	4.137931	6.403941
4032	13.013013	5.205205	5.905906	5.105105	6.706707	5.305305	3.903904	6.106106
4033	12.180747	6.090373	6.777996	4.911591	6.385069	6.286837	3.732809	7.367387
4034	13.326653	6.713427	5.511022	4.809619	6.813627	6.613226	4.308617	7.014028
4035	11.811024	5.118110	5.511811	6.299213	5.314961	4.921260	4.232283	6.692913
4036	11.918605	6.298450	5.910853	5.523256	6.007752	6.104651	4.941860	6.201550
4037	13.861386	6.039604	5.841584	5.346535	5.742574	6.237624	5.247525	5.247525
4038	12.277228	6.534653	6.732673	5.940594	6.732673	6.237624	4.554455	7.029703
4039	13.261297	5.992141	6.385069	5.206287	6.286837	5.599214	4.616896	5.992141
4040	12.173913	6.183575	5.507246	5.603865	5.893720	5.603865	3.478261	6.280193
4041	12.035225	5.479452	5.968689	5.088063	6.653620	6.164384	4.990215	6.457926
4042	11.827957	6.060606	5.865103	4.985337	6.451613	6.451613	4.496579	5.571848
4043	12.425447	5.765408	5.864811	5.367793	6.262425	5.467197	4.970179	6.461233
4044	13.119534	5.344995	5.344995	4.664723	6.219631	5.636540	4.275996	6.608358
4045	12.868369	5.893910	6.090373	5.402750	6.483301	5.992141	4.223969	7.269155
4046	12.007874	6.397638	5.413386	5.314961	6.889764	5.314961	4.625984	6.102362
4047	12.200000	5.700000	6.600000	4.600000	5.900000	6.100000	4.400000	6.600000
4048	13.004926	6.009852	5.320197	6.009852	6.798030	5.320197	4.729064	6.403941
4049	12.997090	5.431620	5.237633	5.334627	6.498545	5.237633	4.170708	6.401552
4050	12.268744	5.842259	6.329114	6.329114	5.550146	5.939630	3.700097	6.037001
4051	12.662014	5.782652	6.679960	5.882353	6.679960	5.682951	4.785643	7.178465
4052	11.940299	5.671642	5.671642	5.373134	6.368159	5.771144	4.378109	6.169154
4053	12.537613	5.817452	6.118355	5.115346	6.920762	6.820461	3.610832	5.616851
4054	12.574257	5.247525	5.148515	6.039604	6.435644	5.445545	3.762376	6.930693
4055	13.247012	5.776892	4.780876	4.980080	5.976096	5.677291	3.685259	6.573705
4056	12.623274	5.325444	6.015779	6.213018	6.015779	5.719921	4.536489	7.593688
4057	11.422846	5.210421	6.012024	5.511022	7.014028	6.012024	3.306613	6.112224
4058	13.060818	5.782652	7.278166	5.383848	6.679960	5.682951	3.988036	6.380857
4059	13.073171	5.170732	5.560976	5.951220	6.731707	5.658537	4.487805	6.243902
4060	12.623274	6.410256	6.213018	5.621302	6.410256	6.804734	3.846154	6.607495
4061	12.716763	5.876686	6.165703	5.202312	6.069364	6.262042	4.624277	7.225434
4062	11.992263	6.382979	6.576402	4.545455	6.382979	5.802708	4.835590	5.996132
4063	11.133005	5.911330	6.108374	5.812808	6.305419	5.615764	4.236453	5.418719
4064	12.858556	5.637982	6.033630	5.143422	5.044510	5.341246	3.956479	6.429278
4065	12.596899	5.523256	5.426357	4.651163	7.073643	5.910853	4.748062	5.426357
4066	13.022352	5.636540	5.830904	5.344995	6.899903	6.413994	4.664723	6.802721
4067	11.969112	5.598456	5.984556	5.308880	5.791506	4.150579	3.957529	6.660232
4068	12.660732	4.945598	6.231454	4.549951	6.824926	6.132542	4.451039	7.022750
4069	12.692308	5.673077	6.250000	5.480769	7.403846	5.769231	4.615385	6.250000
4070	12.377210	5.795678	6.483301	4.420432	6.974460	6.876228	4.616896	6.090373
4071	11.811812	5.405405	6.406406	5.905906	6.406406	5.405405	3.903904	6.206206
4072	13.446215	5.776892	5.876494	5.478088	7.270916	5.478088	4.482072	6.972112
4073	11.844660	4.854369	6.310680	5.339806	6.990291	6.019417	3.689320	7.572816
4074	12.438786	5.582762	5.778648	5.680705	5.484819	6.953967	4.505387	6.464251
4075	13.776016	5.748266	6.045590	5.351833	7.036670	6.144698	4.955401	5.748266
4076	12.139303	5.970149	6.567164	5.472637	6.368159	5.870647	4.378109	6.069652
4077	11.481845	5.495584	5.789990	5.789990	6.084396	5.593719	4.317959	6.378803
4078	11.688312	5.594406	5.394605	4.295704	6.393606	6.293706	4.295704	5.894106
4079	11.867704	5.058366	5.933852	4.766537	5.350195	5.447471	4.571984	7.782101
4080	11.298315	6.045590	5.649158	5.054509	5.351833	6.144698	4.360753	6.937562
4081	12.931885	6.120434	5.231984	5.824284	5.528134	5.330701	4.244817	6.910168
4082	11.165049	4.854369	6.310680	5.631068	5.533981	5.339806	4.174757	6.504854
4083	13.214990	5.917160	5.424063	4.832347	6.706114	6.508876	3.747535	5.917160
4084	10.640394	5.320197	6.009852	5.418719	6.009852	6.403941	4.137931	6.305419
4085	12.487512	5.894106	5.994006	5.094905	5.794206	4.695305	4.495504	5.294705
4086	12.378168	6.042885	6.627680	5.263158	6.627680	6.335283	4.483431	7.115010
4087	11.907067	5.227493	5.033882	5.227493	6.001936	5.905131	4.065828	6.776379
4088	13.213213	5.105105	5.605606	4.504505	7.707708	5.505506	4.504505	7.007007
4089	12.074002	5.842259	5.647517	6.231743	5.744888	6.134372	4.284323	5.744888
4090	13.378248	5.678537	6.256015	5.678537	5.389798	5.197305	4.234841	6.063523
4091	11.569416	5.231388	4.728370	5.835010	6.438632	6.639839	4.024145	5.633803
4092	13.339825	5.842259	6.523856	4.965920	6.426485	6.913340	3.894839	6.621227
4093	11.862745	5.490196	5.000000	5.490196	6.568627	5.490196	4.607843	5.294118
4094	12.792969	5.664062	5.957031	5.566406	5.957031	6.250000	4.199219	6.347656
4095	11.764706	5.490196	6.568627	6.372549	6.372549	6.568627	3.431373	5.784314
4096	10.891089	5.742574	5.940594	4.851485	6.237624	5.346535	4.059406	5.643564
4097	12.463199	5.201178	6.084396	4.612365	5.495584	5.593719	5.004907	6.182532
4098	13.359528	5.992141	6.679764	4.715128	7.269155	5.893910	5.009823	7.465619
4099	12.038835	5.533981	5.922330	4.563107	6.699029	6.019417	4.174757	6.310680
4100	11.914062	5.664062	5.371094	5.761719	6.152344	5.371094	3.906250	6.933594
4101	13.194444	5.654762	5.456349	4.365079	6.746032	5.059524	4.861111	7.837302
4102	13.008937	6.355511	6.355511	6.752731	6.057597	5.561072	4.270109	6.057597
4103	12.425447	5.467197	5.964215	4.473161	6.660040	7.157058	4.274354	6.759443
4104	13.186813	6.093906	5.694306	5.194805	5.994006	5.894106	4.295704	5.694306
4105	12.524462	5.870841	5.675147	5.381605	7.534247	5.283757	4.696673	6.653620
4106	13.313609	5.522682	5.522682	5.226824	8.185404	5.818540	4.536489	7.495069
4107	12.700000	6.500000	6.100000	5.100000	5.600000	6.900000	4.300000	5.600000
4108	13.339825	5.258033	6.134372	5.063291	5.939630	6.329114	4.576436	6.037001
4109	11.100099	5.351833	5.450942	5.351833	5.946482	5.847374	4.261645	5.748266
4110	12.166172	5.637982	5.835806	4.846686	6.528190	5.440158	4.154303	7.121662
4111	12.351779	5.533597	6.620553	4.347826	6.422925	6.225296	4.150198	7.015810
4112	12.254902	5.294118	6.568627	4.803922	7.058824	5.980392	4.803922	6.666667
4113	12.142152	6.021718	6.219151	5.429418	7.206318	5.528134	4.540967	6.712734
4114	12.450980	5.784314	6.372549	5.686275	5.392157	6.274510	3.921569	6.274510
4115	13.532338	5.273632	6.169154	4.477612	6.467662	5.970149	4.776119	5.273632
4116	13.391137	5.298651	6.454721	5.684008	6.262042	5.684008	4.624277	7.129094
4117	11.392405	5.452775	5.258033	5.258033	6.231743	6.426485	3.407984	6.815969
4118	12.734452	6.021718	5.725568	5.923001	5.923001	5.429418	3.849951	5.923001
4119	10.483871	4.939516	5.544355	5.241935	5.947581	6.552419	4.737903	6.754032
4120	11.683168	5.247525	6.039604	6.039604	6.732673	6.435644	3.861386	6.534653
4121	12.957468	5.242334	5.044510	4.154303	5.835806	5.242334	4.451039	6.231454
4122	12.413108	5.362463	6.355511	5.064548	7.149950	6.752731	4.568024	6.355511
4123	13.419483	6.163022	5.864811	4.373757	7.157058	6.759443	4.274354	7.256461
4124	11.689587	5.304519	5.206287	4.518664	7.367387	6.286837	4.027505	7.465619
4125	12.192724	5.998033	6.096362	5.211406	6.784661	6.096362	4.326450	7.964602
4126	12.401575	5.610236	6.102362	5.216535	6.102362	5.610236	4.133858	6.397638
4127	13.100000	5.400000	5.600000	4.900000	6.700000	5.100000	3.900000	6.700000
4128	13.021869	5.864811	6.461233	6.262425	5.964215	5.964215	4.174950	5.566600
4129	11.918605	5.620155	6.201550	5.717054	5.135659	6.201550	4.941860	6.686047
4130	13.431373	5.882353	5.490196	5.196078	6.666667	5.882353	4.019608	6.274510
4131	14.158416	5.940594	5.841584	4.752475	5.742574	5.841584	4.455446	6.435644
4132	12.759644	5.341246	5.143422	5.341246	6.033630	5.835806	4.648863	5.440158
4133	11.976631	5.258033	5.842259	6.037001	5.939630	5.939630	4.089581	6.523856
4134	13.935231	6.182532	6.280667	5.004907	6.084396	5.789990	5.201178	6.967615
4135	12.291052	5.309735	6.489676	4.719764	6.686332	6.293019	3.933137	7.472960
4136	12.698413	6.051587	6.646825	5.555556	5.654762	5.753968	4.464286	6.250000
4137	12.118227	5.123153	6.305419	4.433498	6.502463	6.206897	4.827586	6.600985
4138	12.000000	6.341463	6.243902	5.951220	7.707317	5.658537	4.975610	6.146341
4139	12.115194	6.355511	5.660377	4.568024	5.660377	5.660377	4.865938	7.050645
4140	13.064833	5.697446	5.500982	5.402750	5.402750	5.599214	4.813360	6.777996
4141	12.439261	5.539359	6.413994	5.830904	7.094266	5.247813	4.275996	6.608358
4142	10.845771	5.671642	5.174129	4.577114	5.273632	6.368159	5.174129	6.169154
4143	13.875124	5.946482	6.045590	5.252725	6.045590	5.550050	4.955401	5.450942
4144	12.732615	5.582762	5.778648	5.680705	6.072478	5.093046	4.505387	6.758080
4145	11.932939	5.522682	5.621302	4.930966	6.114398	5.621302	3.944773	6.607495
4146	12.190287	5.946482	6.045590	5.748266	6.045590	6.045590	3.964321	6.937562
4147	14.397649	5.093046	6.953967	5.484819	6.562194	6.268364	5.190989	6.660137
4148	12.352941	5.490196	6.470588	6.078431	6.764706	5.000000	4.411765	6.372549
4149	11.209440	4.916421	6.588004	5.014749	6.882989	6.293019	4.129794	6.686332
4150	13.077679	5.703048	5.113078	5.211406	6.784661	5.408063	4.228122	5.998033
4151	12.449799	5.923695	5.321285	5.622490	5.722892	4.718876	3.915663	5.220884
4152	13.137255	5.490196	5.392157	5.686275	7.745098	5.980392	3.725490	8.137255
4153	11.976631	6.426485	6.037001	5.452775	6.134372	5.647517	4.284323	6.621227
4154	12.195122	5.560976	6.048780	5.268293	5.853659	5.463415	5.073171	6.439024
4155	12.378168	6.140351	5.653021	5.653021	5.263158	5.165692	4.288499	7.602339
4156	13.437196	6.037001	6.815969	5.550146	5.160662	6.037001	3.602726	6.426485
4157	13.214990	5.522682	5.818540	4.930966	7.593688	6.015779	4.240631	5.522682
4158	13.392857	5.853175	6.646825	5.257937	7.837302	5.952381	4.365079	6.250000
4159	12.199808	6.243996	5.763689	5.475504	6.340058	5.955812	4.130644	6.916427
4160	12.173038	5.231388	5.935614	4.627767	7.344064	5.432596	4.426559	7.344064
4161	13.442940	6.382979	6.382979	5.125725	8.027079	5.125725	4.061896	5.609284
4162	12.971926	5.711520	6.389158	5.517909	6.582769	6.001936	4.549855	6.485963
4163	14.229637	5.986261	5.986261	5.397448	6.084396	6.084396	4.514230	6.869480
4164	12.512315	6.995074	6.108374	5.123153	5.911330	5.221675	4.433498	7.093596
4165	12.173913	5.990338	6.570048	5.507246	6.280193	6.086957	4.347826	7.053140
4166	11.473788	5.934718	5.341246	6.429278	6.923838	5.242334	4.352127	5.835806
4167	12.761715	6.181456	5.682951	5.483549	6.480558	5.782652	4.087737	5.682951
4168	12.648221	5.731225	5.632411	5.928854	7.608696	5.928854	4.347826	7.015810
4169	10.867398	5.483549	6.281157	5.084746	5.583250	6.081755	3.489531	7.178465
4170	13.254204	6.132542	5.835806	5.044510	6.627102	5.341246	4.451039	7.022750
4171	12.402344	5.273438	6.152344	5.566406	6.054688	6.152344	4.882812	5.664062
4172	13.412229	5.522682	6.508876	4.832347	5.818540	5.226824	4.437870	7.593688
4173	12.063809	5.483549	6.081755	5.084746	6.580259	6.580259	3.688933	7.477567
4174	13.207547	5.561072	6.554121	4.766634	6.256207	7.149950	4.468719	7.149950
4175	12.897016	5.774783	5.582291	5.582291	6.448508	6.256015	3.946102	5.774783
4176	13.681102	5.905512	6.692913	5.511811	6.889764	6.397638	5.314961	6.889764
4177	13.282002	5.582291	5.486044	4.716073	6.448508	5.486044	4.331088	7.122233
4178	13.000978	4.985337	5.376344	6.060606	5.083089	4.887586	4.301075	6.060606
4179	13.254204	6.330366	5.736894	5.637982	7.418398	5.341246	5.440158	5.242334
4180	11.833172	5.916586	5.625606	4.849661	6.595538	5.043647	4.558681	7.468477
4181	12.845850	5.928854	6.719368	5.731225	6.422925	6.126482	4.644269	5.632411
4182	11.252446	5.479452	5.381605	5.088063	6.066536	6.555773	4.109589	6.262231
4183	12.827988	5.636540	6.705539	5.247813	5.928086	5.928086	4.664723	6.025267
4184	12.437811	5.373134	6.666667	4.378109	6.567164	6.368159	4.378109	6.368159
4185	13.745020	5.179283	5.378486	5.478088	5.278884	4.880478	4.681275	6.274900
4186	12.226640	5.467197	5.964215	5.367793	6.163022	6.063618	4.274354	5.566600
4187	13.106796	5.145631	6.213592	5.436893	6.796117	5.048544	4.077670	6.990291
4188	12.881023	5.506391	5.998033	5.506391	5.604720	5.408063	3.343166	6.489676
4189	12.695312	5.566406	5.371094	5.468750	6.640625	5.566406	4.980469	7.031250
4190	12.256809	6.031128	6.031128	5.933852	7.392996	6.128405	4.182879	6.322957
4191	12.287712	5.694306	5.394605	5.494505	7.492507	5.894106	5.194805	6.293706
4192	12.340842	5.484819	6.072478	6.660137	6.072478	5.876592	4.113614	6.366308
4193	12.236710	4.613842	4.814443	5.616851	6.218656	5.516550	4.714142	5.516550
4194	12.599206	6.547619	5.952381	4.960317	5.952381	6.349206	3.769841	6.349206
4195	12.512219	5.180841	5.865103	5.767351	5.962854	5.571848	3.616813	8.308895
4196	12.130178	6.114398	5.917160	5.818540	5.424063	6.706114	4.437870	6.804734
4197	12.723658	5.566600	5.467197	4.771372	6.163022	5.964215	3.876740	6.063618
4198	11.417323	5.610236	6.397638	4.822835	6.594488	6.889764	4.724409	6.003937
4199	12.115194	6.355511	5.660377	5.660377	6.057597	5.660377	4.270109	6.554121
4200	12.660732	5.736894	5.637982	5.934718	6.132542	5.835806	4.451039	6.033630
4201	13.545817	5.776892	6.772908	4.482072	5.976096	4.980080	3.884462	7.171315
4202	12.252964	5.335968	5.533597	5.533597	7.114625	5.434783	4.545455	6.422925
4203	12.195122	5.951220	6.341463	4.975610	7.024390	6.146341	4.000000	6.439024
4204	11.718750	5.078125	5.859375	4.296875	6.152344	7.031250	4.296875	6.738281
4205	13.500482	5.689489	5.593057	5.978785	6.171649	5.785921	4.628737	6.075217
4206	12.637914	5.416249	5.917753	4.914744	7.622869	5.616851	4.212638	7.121364
4207	12.292683	6.146341	5.756098	5.170732	6.536585	7.121951	4.097561	6.439024
4208	12.212212	5.905906	5.205205	5.405405	6.506507	5.605606	4.004004	5.705706
4209	13.604767	5.858987	6.256207	3.674280	5.759682	6.653426	3.872890	6.156902
4210	9.863281	6.152344	5.468750	5.371094	5.859375	5.664062	4.980469	5.957031
4211	12.072435	6.136821	5.633803	4.828974	5.633803	5.935614	5.130785	6.841046
4212	12.684366	5.113078	6.194690	4.818092	6.194690	5.604720	4.719764	5.899705
4213	12.660732	4.846686	6.923838	5.539070	5.934718	6.330366	5.044510	5.341246
4214	11.862745	6.078431	6.176471	6.176471	7.549020	6.274510	4.215686	6.372549
4215	12.242899	5.974535	6.660137	5.484819	7.443683	5.288932	5.288932	6.562194
4216	13.478692	5.748266	6.739346	5.351833	6.442022	5.550050	4.360753	6.640238
4217	11.666667	5.784314	6.176471	5.588235	6.568627	5.882353	4.019608	6.274510
4218	12.438302	5.824284	6.219151	5.034551	6.614018	5.824284	5.429418	6.515301
4219	11.143984	5.818540	6.706114	4.733728	6.015779	5.917160	4.832347	5.917160
4220	12.608277	6.448508	5.389798	5.389798	6.352262	5.389798	3.849856	6.159769
4221	12.450980	6.372549	6.568627	4.901961	6.078431	5.882353	4.411765	6.568627
4222	12.316716	5.571848	6.158358	4.496579	6.744868	5.376344	5.278592	6.647116
4223	11.186114	5.496625	6.653809	5.400193	7.039537	5.496625	5.110897	7.328833
4224	11.782178	6.039604	5.742574	4.851485	6.534653	4.752475	5.643564	6.435644
4225	12.818004	5.675147	5.381605	4.892368	6.262231	5.283757	4.696673	7.045010
4226	12.326044	4.671968	5.864811	4.870775	5.964215	6.163022	4.473161	6.262425
4227	12.925170	5.247813	6.122449	6.122449	6.899903	4.373178	5.636540	6.025267
4228	13.391984	5.474096	6.158358	4.789834	6.158358	5.474096	5.083089	6.940371
4229	13.742690	6.042885	6.042885	4.288499	7.115010	4.970760	3.996101	5.750487
4230	12.992126	5.708661	5.610236	4.724409	6.003937	5.314961	4.429134	6.791339
4231	11.500975	5.458090	5.653021	5.750487	6.335283	5.653021	3.411306	7.309942
4232	12.946860	5.603865	5.797101	5.700483	5.700483	5.797101	5.024155	6.473430
4233	12.623274	6.311637	5.325444	5.325444	6.114398	5.226824	4.930966	6.706114
4234	13.098729	6.353861	5.376344	5.278592	6.647116	6.060606	4.301075	7.135875
4235	13.254204	5.539070	5.242334	4.747774	6.132542	5.736894	4.154303	6.429278
4236	13.300971	6.407767	6.310680	5.533981	5.922330	6.407767	4.854369	5.728155
4237	13.094083	5.237633	5.625606	5.237633	6.789525	6.207565	4.461688	7.274491
4238	13.288070	5.140640	5.625606	5.625606	6.595538	6.013579	4.461688	6.692532
4239	12.597656	5.371094	5.175781	4.101562	7.421875	6.445312	4.296875	6.738281
4240	12.896825	5.555556	6.746032	5.555556	6.944444	5.753968	4.861111	6.746032
4241	10.934394	6.262425	5.069583	4.473161	4.970179	6.361829	4.572565	6.660040
4242	12.195122	6.536585	5.756098	5.853659	7.414634	6.146341	5.268293	6.341463
4243	11.701082	5.309735	6.096362	5.703048	5.014749	5.703048	4.621436	7.079646
4244	13.600783	5.870841	6.262231	5.088063	5.968689	6.555773	5.577299	6.262231
4245	14.173228	5.610236	6.003937	5.708661	5.708661	6.003937	4.527559	6.594488
4246	12.079208	6.732673	5.445545	5.544554	7.326733	4.950495	4.554455	7.425743
4247	14.341463	5.853659	6.243902	4.878049	6.536585	5.951220	4.097561	6.048780
4248	12.303150	6.594488	5.807087	5.216535	6.200787	6.102362	4.527559	6.889764
4249	11.356784	5.728643	5.929648	5.829146	6.231156	6.331658	4.623116	6.733668
4250	12.720157	5.772994	5.577299	5.772994	6.555773	4.892368	5.185910	5.870841
4251	10.039761	4.970179	5.864811	4.671968	7.057654	6.262425	4.075547	7.753479
4252	14.060964	5.998033	5.506391	4.818092	6.882989	6.784661	4.621436	6.981318
4253	11.862745	5.490196	5.686275	5.000000	6.176471	7.058824	4.215686	6.176471
4254	12.330097	5.728155	5.922330	5.048544	7.572816	5.533981	5.436893	6.601942
4255	12.175649	5.489022	4.790419	5.988024	6.187625	4.491018	5.189621	6.387226
4256	12.878049	5.756098	6.634146	5.853659	5.463415	5.756098	4.000000	6.731707
4257	12.996032	5.456349	5.853175	4.662698	6.150794	6.349206	5.158730	6.845238
4258	13.137255	5.098039	6.568627	5.784314	6.372549	5.784314	5.000000	5.490196
4259	12.922465	5.666004	5.268390	4.572565	7.256461	5.467197	3.976143	6.063618
4260	12.975610	5.560976	5.658537	4.487805	6.048780	6.146341	4.585366	5.853659
4261	11.849711	6.454721	5.973025	4.527938	5.684008	5.394990	5.298651	6.454721
4262	11.263467	5.288932	5.484819	6.268364	6.758080	5.974535	3.623898	5.974535
4263	13.552759	5.905131	6.485963	4.937076	6.389158	5.808325	4.646660	7.260407
4264	11.914062	5.664062	6.933594	5.371094	6.835938	5.468750	3.613281	6.250000
4265	12.765957	5.705996	5.802708	5.319149	6.382979	5.415861	4.158607	5.705996
4266	12.254902	5.196078	6.176471	5.392157	6.862745	5.686275	4.607843	6.764706
4267	11.035818	5.130687	5.711520	5.227493	6.582769	5.711520	3.872217	6.679574
4268	12.962963	5.555556	6.335283	4.970760	7.017544	5.360624	3.898635	6.042885
4269	12.118227	5.714286	6.798030	5.418719	5.418719	5.714286	3.743842	6.108374
4270	12.401575	5.708661	5.807087	5.610236	7.185039	5.610236	4.232283	6.791339
4271	12.896825	6.150794	5.753968	5.059524	6.746032	5.753968	5.059524	6.150794
4272	12.328767	5.088063	6.164384	5.675147	5.381605	5.088063	3.718200	5.772994
4273	12.753623	5.700483	6.280193	4.830918	6.666667	5.797101	4.541063	6.473430
4274	11.496531	5.153617	5.847374	5.450942	7.333994	6.144698	3.766105	5.450942
4275	11.187439	5.888126	5.103042	5.299313	7.360157	5.789990	3.925417	7.654563
4276	13.659023	5.682951	5.583250	5.284148	6.181456	6.879362	4.885344	6.779661
4277	13.320274	5.680705	6.072478	5.386876	5.386876	5.680705	4.211557	6.170421
4278	13.116371	5.522682	5.325444	6.015779	6.607495	5.719921	3.944773	6.114398
4279	12.674651	5.289421	6.187625	5.489022	6.387226	6.287425	3.792415	5.788423
4280	12.524655	5.621302	5.917160	4.437870	6.114398	5.128205	4.930966	6.508876
4281	12.082515	5.206287	5.795678	5.795678	5.304519	5.697446	3.634578	7.367387
4282	12.909441	5.973025	6.069364	5.009634	5.298651	6.454721	4.142582	8.285164
4283	10.848126	5.029586	5.424063	5.917160	6.706114	5.128205	3.747535	6.508876
4284	12.843137	5.294118	5.980392	5.294118	7.058824	5.784314	3.921569	6.078431
4285	12.807882	5.221675	6.206897	5.812808	6.206897	6.009852	4.532020	6.403941
4286	13.978495	5.278592	5.865103	5.376344	7.429130	4.887586	4.203324	7.233627
4287	12.027158	5.528613	5.722599	6.207565	6.013579	6.207565	4.073715	6.498545
4288	11.776251	5.103042	6.182532	5.888126	7.065751	5.201178	4.317959	6.869480
4289	11.111111	5.945419	5.945419	6.042885	4.970760	6.237817	4.288499	6.530214
4290	12.055336	5.731225	5.731225	5.928854	6.422925	5.335968	4.940711	6.126482
4291	12.536443	5.928086	5.928086	5.053450	6.413994	4.567541	5.053450	6.802721
4292	11.473788	5.341246	6.726014	5.044510	6.923838	5.637982	4.451039	6.231454
4293	12.303150	5.905512	5.511811	5.314961	6.102362	6.102362	3.740157	6.397638
4294	13.267327	5.049505	6.138614	5.049505	4.851485	5.544554	4.752475	7.425743
4295	11.968348	5.044510	5.934718	4.451039	5.934718	5.637982	4.055391	6.528190
4296	11.219512	5.170732	5.658537	4.390244	7.219512	5.853659	4.585366	6.439024
4297	12.745098	5.980392	5.882353	5.882353	5.980392	6.470588	4.117647	6.764706
4298	12.549801	5.278884	6.175299	4.681275	6.972112	5.278884	4.482072	6.374502
4299	12.887113	4.795205	5.994006	5.894106	7.092907	5.694306	4.195804	6.293706
4300	12.391094	5.517909	5.614714	5.227493	6.776379	5.324298	5.227493	6.389158
4301	13.545817	5.776892	6.274900	4.681275	7.569721	5.577689	4.681275	6.175299
4302	12.984496	6.298450	6.686047	5.329457	6.492248	5.135659	4.166667	6.492248
4303	11.776251	5.986261	6.084396	5.593719	6.182532	5.495584	3.925417	6.378803
4304	13.085938	5.761719	6.347656	5.078125	6.152344	5.859375	4.492188	6.445312
4305	11.515748	5.511811	6.397638	5.216535	5.118110	6.200787	4.625984	6.791339
4306	11.634615	5.480769	5.961538	6.250000	5.769231	5.961538	4.326923	6.634615
4307	13.586414	6.393606	5.994006	5.094905	5.294705	4.795205	5.694306	5.594406
4308	12.745098	5.000000	6.666667	5.000000	7.450980	5.784314	3.921569	6.176471
4309	12.147716	4.761905	5.539359	5.928086	5.733722	5.539359	4.275996	6.122449
4310	11.275964	5.539070	5.539070	4.846686	6.330366	5.143422	4.451039	7.121662
4311	12.074002	5.452775	5.355404	6.523856	6.037001	5.939630	4.186952	6.718598
4312	13.155292	5.341246	5.736894	4.352127	5.242334	6.429278	4.253215	6.627102
4313	11.844660	6.116505	5.533981	4.951456	5.922330	6.504854	4.951456	6.116505
4314	12.065637	5.694981	6.177606	5.308880	6.949807	5.694981	4.536680	7.335907
4315	11.561265	5.434783	6.126482	5.237154	6.324111	6.225296	4.743083	6.719368
4316	11.916584	4.965243	6.256207	6.454816	5.759682	5.958292	4.270109	6.752731
4317	11.764706	5.982054	6.181456	5.184447	6.979063	6.081755	3.988036	6.081755
4318	12.862669	6.092843	6.286267	5.802708	6.092843	5.996132	4.255319	6.963250
4319	14.201183	5.719921	5.522682	5.029586	7.396450	6.311637	4.339250	5.917160
4320	13.326653	5.511022	6.513026	4.208417	7.314629	5.811623	5.010020	7.314629
4321	12.487709	5.506391	5.604720	4.719764	5.506391	6.293019	4.424779	6.293019
4322	11.968348	5.143422	6.132542	4.648863	6.231454	5.835806	3.560831	7.418398
4323	12.159533	6.225681	6.128405	5.155642	6.614786	5.933852	4.571984	5.933852
4324	12.896825	6.150794	6.448413	4.861111	6.250000	5.158730	4.464286	5.952381
4325	12.289395	5.550050	6.144698	5.550050	7.234886	6.640238	4.658077	6.144698
4326	11.034483	6.305419	5.418719	6.206897	6.009852	6.699507	4.039409	6.699507
4327	11.736178	5.625606	6.498545	5.237633	5.237633	5.916586	4.073715	6.207565
4328	11.867704	5.933852	5.836576	5.739300	6.322957	4.669261	3.988327	7.295720
4329	12.144956	5.876592	5.386876	5.288932	6.366308	5.484819	5.190989	6.072478
4330	12.676056	6.136821	6.136821	6.136821	5.130785	5.633803	5.533199	5.633803
4331	13.600783	5.772994	6.164384	5.381605	6.947162	6.457926	3.718200	7.045010
4332	12.240869	5.330701	6.021718	5.528134	6.219151	5.725568	4.146101	6.021718
4333	12.192724	5.309735	6.194690	5.211406	5.899705	6.588004	5.014749	7.571288
4334	12.903226	5.865103	4.985337	5.767351	6.353861	5.083089	3.812317	6.451613
4335	11.538462	5.818540	6.706114	5.128205	6.607495	6.015779	5.128205	7.297830
4336	13.320463	6.370656	6.853282	6.467181	6.370656	6.467181	4.922780	6.949807
4337	12.721893	6.015779	6.213018	5.128205	6.311637	5.522682	4.536489	6.213018
4338	13.326653	5.911824	7.114228	4.609218	6.212425	6.112224	4.108216	7.014028
4339	13.150147	5.201178	6.182532	5.495584	5.888126	6.673209	4.710500	6.869480
4340	11.423040	5.614714	6.098742	5.130687	6.195547	5.614714	4.162633	5.711520
4341	12.011719	4.589844	7.324219	4.980469	5.468750	6.445312	4.785156	6.542969
4342	12.426614	5.283757	7.240705	5.283757	7.436399	5.968689	4.598826	5.968689
4343	13.729309	6.037001	6.621227	5.452775	6.913340	5.842259	4.284323	6.523856
4344	11.953353	6.219631	5.830904	5.247813	7.094266	5.344995	4.275996	6.802721
4345	12.700000	5.900000	5.900000	4.900000	6.300000	6.000000	4.500000	6.400000
4346	12.693798	5.620155	6.395349	4.941860	5.717054	5.426357	4.457364	5.910853
4347	11.916584	6.256207	5.064548	4.568024	5.759682	6.256207	4.766634	6.752731
4348	12.051793	5.478088	5.079681	5.179283	5.278884	6.175299	4.581673	6.573705
4349	13.073852	5.189621	5.688623	6.087824	6.187625	4.790419	4.391218	6.387226
4350	12.979351	5.899705	5.506391	5.014749	6.981318	5.604720	4.129794	5.998033
4351	12.966601	5.795678	6.188605	5.599214	6.483301	6.483301	4.322200	6.090373
4352	13.527054	4.909820	6.012024	5.511022	5.210421	5.511022	4.308617	6.212425
4353	12.780488	5.853659	6.536585	4.682927	5.463415	5.463415	4.780488	6.341463
4354	11.089303	5.495584	5.397448	5.397448	6.673209	5.201178	3.729146	6.378803
4355	12.868369	5.402750	5.893910	4.616896	7.465619	5.893910	4.616896	6.679764
4356	11.356784	5.326633	5.226131	5.125628	6.331658	5.829146	3.618090	6.432161
4357	13.721619	5.429418	5.528134	4.935834	6.021718	5.626851	4.146101	5.626851
4358	11.968348	4.747774	5.736894	5.736894	4.747774	4.945598	4.055391	7.715134
4359	12.031558	6.706114	6.213018	6.213018	6.213018	6.114398	4.536489	5.621302
4360	13.194444	5.952381	6.250000	5.555556	5.456349	5.654762	5.059524	6.250000
4361	12.855741	5.691855	6.280667	5.593719	6.575074	5.888126	4.514230	7.654563
4362	11.591356	6.286837	6.090373	5.108055	6.188605	6.385069	4.322200	7.662083
4363	12.574257	6.237624	6.237624	5.445545	7.029703	5.643564	4.851485	5.940594
4364	14.077670	6.116505	6.019417	5.825243	6.699029	6.116505	4.368932	6.796117
4365	12.761715	5.682951	4.586241	5.184447	5.284148	6.480558	3.888335	6.281157
4366	12.388503	6.144698	5.748266	5.748266	5.946482	5.450942	4.360753	6.442022
4367	12.338308	6.169154	6.368159	5.174129	6.368159	5.572139	4.975124	5.970149
4368	11.717974	5.561072	5.163853	5.759682	6.554121	6.256207	4.369414	6.256207
4369	11.949070	5.974535	6.170421	5.876592	5.484819	6.072478	4.015671	6.268364
4370	12.500000	5.664062	5.957031	6.445312	6.835938	5.957031	3.808594	7.226562
4371	13.073171	5.951220	5.756098	5.365854	5.756098	5.853659	4.487805	7.707317
4372	12.512219	5.767351	5.865103	5.767351	6.060606	6.158358	4.789834	6.060606
4373	12.367150	6.086957	6.763285	5.120773	6.763285	5.024155	5.024155	6.376812
4374	12.797619	6.448413	5.456349	5.952381	5.853175	5.257937	4.563492	5.753968
4375	11.122145	5.263158	6.256207	5.660377	6.156902	6.057597	4.170804	6.355511
4376	13.996139	7.046332	6.177606	5.405405	6.370656	5.984556	4.150579	7.046332
4377	11.634905	6.519559	6.018054	4.914744	5.917753	6.118355	4.012036	5.717151
4378	12.462612	5.682951	5.184447	7.377866	6.879362	5.483549	4.087737	6.779661
4379	12.277228	5.940594	5.247525	5.346535	5.049505	6.237624	4.554455	5.841584
4380	12.996032	5.555556	5.158730	4.761905	6.349206	6.547619	4.861111	6.250000
4381	13.228036	5.528134	6.120434	5.330701	6.515301	5.626851	4.442251	6.219151
4382	12.124248	6.513026	5.611222	4.208417	7.014028	5.511022	4.509018	6.012024
4383	11.132812	5.566406	6.152344	5.664062	6.738281	5.761719	4.101562	6.152344
4384	12.187812	4.995005	5.894106	4.495504	6.893107	6.893107	4.795205	5.994006
4385	11.661808	5.053450	5.247813	5.928086	7.385811	4.761905	4.373178	6.025267
4386	12.707722	5.962854	5.865103	5.180841	5.962854	5.962854	4.007820	7.135875
4387	12.562313	5.882353	6.181456	5.084746	6.081755	6.580259	4.885344	6.879362
4388	12.475442	6.090373	5.500982	5.304519	5.697446	5.402750	3.732809	7.170923
4389	12.635735	6.416584	5.824284	5.528134	6.021718	5.725568	4.738401	6.712734
4390	13.559322	6.480558	6.480558	5.084746	5.483549	5.483549	3.988036	6.281157
4391	11.542192	5.431620	6.207565	5.625606	6.692532	5.625606	3.782735	6.692532
4392	12.596899	5.910853	5.717054	4.748062	7.364341	5.813953	4.263566	6.104651
4393	13.111546	6.262231	5.870841	4.892368	6.653620	6.066536	4.500978	6.262231
4394	12.549020	6.274510	6.568627	4.901961	6.764706	5.686275	4.313725	7.352941
4395	13.497537	6.108374	5.615764	5.024631	4.926108	6.206897	3.842365	7.487685
4396	13.320080	5.864811	5.964215	5.168986	5.367793	6.361829	4.373757	7.256461
4397	12.363996	6.132542	6.033630	4.451039	7.121662	5.044510	4.451039	6.726014
4398	11.890838	5.068226	5.458090	5.945419	5.847953	6.237817	4.483431	7.115010
4399	13.129319	5.330701	6.317868	5.133268	6.811451	5.528134	4.837117	7.206318
4400	12.561820	5.440158	5.835806	5.934718	5.242334	5.341246	4.549951	6.132542
4401	12.475050	5.788423	6.387226	5.289421	6.487026	5.688623	4.890220	5.888224
4402	11.564626	5.053450	6.219631	4.859086	7.774538	5.636540	4.567541	5.928086
4403	11.946050	5.876686	5.780347	5.587669	7.321773	5.587669	3.564547	7.129094
4404	12.246866	5.882353	5.593057	5.882353	6.653809	4.918033	4.243009	5.978785
4405	12.830558	5.288932	5.288932	4.897160	6.366308	5.680705	4.995103	6.366308
4406	11.523438	6.445312	5.761719	6.250000	6.933594	5.859375	4.492188	6.640625
4407	11.730205	5.278592	5.962854	5.865103	7.917889	6.256109	4.203324	7.722385
4408	11.900000	5.400000	6.400000	5.700000	6.000000	6.000000	4.200000	6.100000
4409	13.426854	5.511022	5.811623	5.410822	7.114228	5.511022	4.408818	6.412826
4410	11.306043	6.042885	5.458090	5.847953	5.750487	5.847953	4.288499	6.530214
4411	13.636364	5.434783	5.335968	6.916996	7.114625	5.434783	4.051383	5.632411
4412	11.793372	5.750487	5.360624	5.263158	6.335283	6.237817	4.093567	6.140351
4413	10.594059	5.445545	5.445545	5.940594	6.336634	5.643564	4.851485	5.346535
4414	12.187812	5.394605	6.193806	4.795205	5.994006	5.594406	5.094905	5.494505
4415	13.574219	5.468750	6.152344	5.273438	7.226562	5.468750	3.613281	7.617188
4416	13.140097	5.990338	6.570048	5.700483	6.280193	5.700483	4.154589	5.893720
4417	11.851126	5.974535	6.170421	4.113614	6.660137	5.190989	4.015671	7.051910
4418	11.693548	6.149194	5.342742	5.846774	6.451613	5.645161	4.133065	6.149194
4419	12.190287	4.856293	6.144698	5.153617	7.036670	4.955401	4.261645	5.946482
4420	13.085938	5.664062	5.761719	5.859375	5.566406	5.957031	3.906250	6.152344
4421	13.564356	5.247525	5.544554	4.950495	6.039604	5.445545	4.851485	5.940594
4422	13.366337	6.336634	5.841584	5.247525	6.732673	4.752475	3.762376	6.138614
4423	12.797619	5.654762	5.456349	5.158730	6.944444	5.158730	3.968254	6.150794
4424	12.743191	5.739300	6.322957	4.182879	6.225681	5.933852	4.377432	7.782101
4425	13.339921	6.027668	5.830040	6.027668	6.521739	4.940711	4.743083	7.509881
4426	12.681510	4.840271	5.614714	5.227493	7.066796	6.582769	4.162633	6.292352
4427	11.972522	6.084396	5.888126	5.593719	7.262022	5.201178	3.925417	6.967615
4428	11.100000	5.800000	5.500000	4.600000	6.100000	6.500000	3.800000	7.400000
4429	13.424125	5.155642	5.836576	4.766537	6.031128	6.225681	4.766537	5.836576
4430	12.658228	5.452775	6.523856	5.744888	5.939630	5.744888	4.479065	7.692308
4431	11.357074	5.389798	7.122233	5.101059	7.410972	5.774783	4.523580	6.737247
4432	13.124388	6.366308	6.072478	5.582762	5.974535	5.876592	4.211557	7.051910
4433	12.015889	6.454816	5.163853	4.865938	5.561072	4.965243	4.170804	5.958292
4434	11.921182	5.615764	6.798030	5.418719	5.123153	6.108374	3.940887	6.305419
4435	12.549407	6.126482	5.928854	4.841897	6.521739	6.027668	4.150198	6.225296
4436	12.096774	5.947581	6.451613	5.745968	5.645161	5.745968	4.536290	7.157258
4437	12.138728	6.262042	5.876686	4.816956	6.358382	6.358382	4.720617	6.647399
4438	11.630219	6.461233	5.864811	4.771372	6.660040	6.560636	4.174950	5.964215
4439	12.712713	5.205205	5.405405	5.305305	5.805806	6.406406	4.604605	6.706707
4440	11.337209	5.717054	6.589147	5.329457	5.813953	5.813953	4.166667	6.589147
4441	14.059406	5.247525	5.148515	5.544554	6.138614	6.237624	4.653465	7.227723
4442	12.770138	6.286837	6.090373	6.090373	5.304519	6.385069	4.322200	6.876228
4443	13.411079	6.122449	5.539359	5.053450	5.442177	4.761905	4.664723	6.802721
4444	12.772277	5.841584	6.435644	5.445545	6.039604	5.940594	4.455446	5.841584
4445	12.349398	5.823293	6.425703	5.120482	5.522088	6.425703	5.120482	6.726908
4446	13.919052	6.416584	5.626851	4.738401	6.120434	5.231984	3.356367	6.712734
4447	12.487899	5.808325	6.389158	5.130687	7.454017	5.711520	3.969022	6.485963
4448	11.538462	6.311637	6.015779	5.029586	5.719921	6.311637	2.859961	7.495069
4449	10.479042	4.890220	5.588822	4.291417	6.586826	5.489022	3.493014	7.185629
4450	11.542289	5.771144	5.771144	5.074627	6.069652	5.273632	3.880597	5.771144
4451	13.060818	5.383848	6.281157	5.383848	7.477567	5.383848	4.386839	7.078764
4452	12.915851	5.577299	5.577299	4.794521	6.849315	6.457926	4.109589	6.653620
4453	13.178295	6.007752	6.104651	5.523256	5.620155	5.620155	4.263566	6.007752
4454	10.898083	6.458123	5.146317	4.238143	5.348133	6.155399	4.641776	6.155399
4455	13.043478	6.521739	6.422925	4.841897	6.620553	5.533597	4.644269	5.830040
4456	12.415131	6.110572	5.431620	5.334627	5.625606	5.528613	3.491756	6.498545
4457	12.874251	6.487026	5.988024	4.690619	6.287425	6.487026	4.790419	7.085828
4458	11.594203	5.410628	6.956522	4.637681	6.086957	5.410628	3.574879	6.473430
4459	13.281250	6.054688	6.347656	4.785156	6.835938	5.859375	4.199219	6.835938
4460	11.758989	6.025267	5.539359	5.053450	4.956268	5.539359	4.275996	6.413994
4461	12.800770	5.389798	6.159769	5.293551	6.641001	5.197305	4.427334	6.448508
4462	12.922465	5.467197	5.467197	4.274354	6.163022	5.964215	5.168986	6.759443
4463	12.178218	5.346535	5.940594	5.841584	6.633663	5.643564	4.554455	5.247525
4464	11.122047	5.708661	6.003937	5.118110	6.889764	5.216535	4.429134	6.102362
4465	11.849711	5.876686	5.973025	5.394990	6.551060	5.298651	4.046243	6.165703
4466	13.086913	5.294705	6.093906	5.494505	6.593407	5.394605	4.795205	6.293706
4467	11.660079	6.027668	5.434783	4.446640	8.102767	5.434783	4.644269	7.114625
4468	12.634672	5.778648	5.778648	4.701273	7.639569	5.288932	4.995103	6.953967
4469	11.822660	5.911330	5.517241	5.024631	7.290640	6.305419	3.743842	7.093596
4470	14.285714	6.502463	5.517241	4.827586	6.995074	5.714286	4.236453	6.403941
4471	13.833992	5.830040	6.126482	6.027668	5.632411	5.928854	4.841897	7.312253
4472	11.911623	5.667627	5.859750	5.091258	5.763689	5.091258	4.514890	6.820365
4473	12.524851	5.864811	6.163022	5.467197	5.964215	5.069583	4.373757	6.361829
4474	13.103448	5.418719	5.812808	4.334975	6.206897	6.305419	4.729064	6.305419
4475	11.023622	4.921260	4.527559	5.708661	6.299213	5.216535	3.838583	5.905512
4476	11.133201	5.467197	5.964215	4.970179	6.660040	4.771372	3.976143	7.057654
4477	13.111546	5.577299	5.577299	5.968689	6.947162	6.164384	5.088063	6.849315
4478	12.055336	5.335968	6.422925	6.324111	5.039526	6.324111	4.940711	6.324111
4479	10.991168	6.575074	5.593719	4.219823	5.495584	6.771344	4.612365	7.654563
4480	11.980198	5.742574	5.544554	5.742574	6.534653	6.039604	4.950495	7.029703
4481	11.907164	4.742684	5.650858	5.852674	6.659939	5.549950	4.540868	7.063572
4482	12.200000	5.800000	5.600000	5.600000	5.700000	6.000000	4.500000	5.600000
4483	13.262343	5.421104	5.905131	4.937076	7.454017	5.227493	4.259439	6.485963
4484	13.137255	5.490196	6.372549	5.000000	6.470588	5.588235	4.313725	7.058824
4485	12.536443	5.442177	6.511176	4.761905	5.733722	5.733722	4.470360	7.288630
4486	12.500000	6.054688	6.152344	4.980469	6.738281	5.371094	3.808594	5.859375
4487	11.122047	5.807087	6.299213	5.905512	5.807087	5.314961	4.527559	7.185039
4488	13.474495	5.774783	5.774783	5.101059	6.737247	5.004812	4.523580	6.448508
4489	11.023622	4.921260	5.413386	4.921260	6.003937	6.200787	4.133858	6.496063
4490	12.770138	6.090373	5.599214	5.697446	5.697446	6.090373	4.125737	6.581532
4491	12.027833	5.467197	5.765408	4.174950	5.964215	4.870775	4.870775	7.057654
4492	11.869436	5.835806	6.033630	5.242334	5.835806	5.637982	3.560831	5.835806
4493	11.013645	4.970760	5.555556	5.165692	6.140351	5.750487	4.483431	7.602339
4494	13.220676	5.864811	5.864811	5.566600	5.467197	5.964215	4.870775	6.361829
4495	11.736178	6.110572	5.625606	4.849661	5.819593	6.692532	3.685742	6.692532
4496	13.082260	5.550050	6.243806	5.351833	7.333994	5.748266	3.766105	6.144698
4497	12.881023	5.703048	5.998033	4.916421	6.194690	4.621436	4.621436	6.489676
4498	12.327416	4.930966	5.719921	5.522682	7.001972	6.114398	4.437870	7.199211
4499	11.386139	6.336634	5.742574	5.049505	6.930693	5.841584	3.861386	7.128713
4500	12.992126	5.216535	6.200787	5.216535	6.594488	5.905512	5.019685	6.299213
4501	12.922465	5.467197	5.367793	5.467197	6.660040	6.262425	4.473161	7.753479
4502	12.168793	5.201178	5.201178	5.593719	7.163886	5.986261	4.219823	6.869480
4503	12.365064	5.691855	6.182532	5.495584	6.378803	5.691855	4.514230	5.888126
4504	12.252964	5.434783	6.126482	5.632411	6.126482	5.830040	4.249012	6.126482
4505	12.845850	5.335968	6.027668	5.533597	6.126482	5.533597	4.249012	6.620553
4506	12.327416	5.917160	5.818540	4.437870	5.621302	6.508876	4.240631	5.917160
4507	13.183594	5.371094	6.738281	5.468750	5.371094	6.054688	4.492188	6.933594
4508	12.536443	5.539359	6.316812	5.830904	7.094266	5.928086	4.373178	6.802721
4509	12.772277	5.445545	6.138614	4.752475	5.643564	7.029703	4.455446	6.534653
4510	13.960396	5.247525	5.049505	6.732673	7.227723	5.445545	4.356436	5.841584
4511	13.124388	5.484819	5.288932	4.897160	6.072478	6.170421	5.093046	6.366308
4512	12.238806	5.472637	5.970149	4.975124	6.766169	5.771144	4.378109	6.965174
4513	12.512413	5.163853	5.858987	6.256207	6.355511	5.858987	4.369414	5.858987
4514	11.221450	5.362463	6.355511	4.667329	5.163853	6.852036	4.369414	6.355511
4515	12.287712	5.394605	5.794206	4.695305	6.093906	5.394605	4.695305	7.092907
4516	11.588412	5.394605	5.394605	4.795205	6.293706	5.694306	4.195804	6.193806
4517	11.372549	5.098039	5.980392	6.372549	5.784314	5.980392	4.509804	6.960784
4518	12.574257	4.752475	5.940594	5.049505	6.435644	5.841584	4.851485	6.831683
4519	13.069307	5.247525	5.247525	5.940594	6.831683	6.138614	4.158416	6.633663
4520	12.807882	6.108374	6.206897	6.305419	6.305419	6.009852	3.743842	7.192118
4521	12.919132	5.818540	5.621302	5.128205	6.114398	5.917160	4.930966	6.706114
4522	11.711712	5.705706	6.606607	5.105105	5.905906	5.505506	4.404404	6.006006
4523	12.524851	5.765408	5.069583	4.373757	5.964215	5.566600	4.473161	5.964215
4524	13.910506	6.322957	6.031128	4.863813	6.322957	5.933852	4.182879	7.003891
4525	12.850242	5.700483	6.376812	5.024155	5.120773	5.893720	4.347826	6.570048
4526	11.534702	5.767351	6.744868	5.180841	6.451613	6.060606	5.376344	7.526882
4527	13.228036	5.133268	6.021718	5.528134	5.725568	5.231984	3.849951	6.219151
4528	11.377246	5.389222	5.988024	5.089820	7.385230	5.489022	4.291417	6.986028
4529	11.764706	6.281157	5.782652	5.782652	5.782652	5.583250	4.685942	6.181456
4530	12.645914	6.128405	5.447471	5.836576	4.961089	5.252918	4.571984	6.225681
4531	12.055336	5.928854	6.027668	5.434783	6.818182	5.335968	3.853755	6.916996
4532	11.886051	6.090373	6.483301	4.813360	5.893910	5.402750	4.322200	5.795678
4533	12.896825	5.952381	6.448413	5.357143	6.150794	5.654762	4.761905	6.250000
4534	11.953353	5.830904	6.025267	4.956268	7.094266	6.705539	4.275996	7.774538
4535	12.000000	5.500000	5.800000	5.500000	6.700000	6.100000	4.000000	5.200000
4536	13.412229	6.015779	5.917160	4.733728	7.396450	5.522682	4.043393	5.424063
4537	12.168793	5.789990	6.084396	4.416094	6.280667	5.888126	4.612365	7.065751
4538	13.017751	5.818540	6.213018	5.226824	6.607495	5.621302	4.043393	6.804734
4539	13.108242	6.554121	6.057597	4.965243	6.454816	5.461768	4.568024	6.951341
4540	12.840467	5.933852	5.739300	5.739300	6.225681	6.128405	4.571984	6.322957
4541	11.736178	5.140640	6.401552	4.946654	6.401552	5.722599	4.461688	6.886518
4542	12.549020	6.078431	5.784314	4.117647	7.254902	5.784314	3.921569	7.156863
4543	12.961117	5.982054	6.181456	5.682951	5.882353	4.985045	4.486540	5.483549
4544	13.806706	5.424063	6.213018	4.635108	6.508876	5.621302	4.832347	6.311637
4545	12.659470	5.299313	6.378803	5.004907	6.673209	6.378803	4.514230	6.084396
4546	11.623246	5.210421	5.210421	6.012024	5.911824	5.511022	3.807615	6.713427
4547	11.250000	5.480769	6.153846	5.384615	6.250000	5.673077	4.423077	6.923077
4548	12.202381	5.753968	5.853175	5.257937	7.242063	6.051587	3.670635	5.257937
4549	12.389381	6.293019	6.096362	5.211406	6.981318	5.703048	4.031465	6.194690
4550	11.591356	4.715128	5.893910	5.500982	5.893910	5.893910	3.732809	6.286837
4551	11.992263	5.125725	6.382979	6.092843	7.059961	5.512573	5.415861	6.286267
4552	11.275964	5.637982	5.736894	5.440158	6.726014	5.440158	4.352127	6.726014
4553	13.254204	5.934718	4.747774	5.440158	6.132542	6.033630	4.549951	6.132542
4554	12.663317	5.226131	6.331658	5.427136	6.934673	5.326633	4.623116	5.728643
4555	12.634672	5.974535	5.974535	5.386876	5.288932	6.562194	4.603330	7.345739
4556	13.463415	5.756098	5.365854	4.975610	7.414634	5.268293	3.707317	6.048780
4557	12.782694	5.801377	5.113078	6.588004	8.259587	5.604720	4.523107	5.899705
4558	11.485149	6.336634	5.742574	4.257426	6.237624	6.732673	5.148515	6.039604
4559	11.648569	5.330701	5.626851	6.219151	6.120434	5.626851	4.540967	5.824284
4560	13.124388	5.974535	5.680705	6.366308	6.072478	5.484819	4.799216	7.149853
4561	13.000978	5.669599	6.353861	4.105572	7.526882	5.767351	4.594330	7.331378
4562	12.413793	6.206897	5.615764	5.517241	5.911330	6.206897	4.827586	6.600985
4563	12.313803	6.057597	5.958292	5.163853	6.256207	6.156902	3.773585	6.852036
4564	13.631841	5.771144	4.975124	5.870647	7.761194	6.268657	3.980100	5.671642
4565	12.621359	5.242718	5.242718	5.631068	6.116505	5.339806	4.466019	7.087379
4566	12.730807	5.053450	4.859086	4.567541	6.413994	5.928086	4.275996	6.705539
4567	12.868369	5.697446	5.795678	6.090373	7.563851	5.206287	4.518664	6.385069
4568	12.893701	5.610236	6.200787	5.708661	6.791339	6.299213	4.527559	6.102362
4569	11.531008	5.813953	5.426357	5.813953	8.042636	5.620155	4.166667	5.813953
4570	12.218964	5.767351	5.278592	5.278592	6.451613	5.376344	4.301075	6.451613
4571	12.192724	6.391347	5.801377	4.326450	6.194690	5.604720	5.211406	5.801377
4572	12.810328	5.759682	5.759682	5.263158	6.156902	5.660377	4.568024	6.057597
4573	12.922465	5.566600	6.461233	5.467197	6.660040	6.163022	4.274354	5.566600
4574	13.176008	6.391347	5.604720	5.113078	5.998033	5.113078	5.408063	6.882989
4575	12.168793	5.691855	6.084396	5.495584	5.888126	5.691855	3.827282	6.771344
4576	12.755599	6.621227	6.037001	6.037001	5.355404	5.744888	4.186952	5.647517
4577	12.757605	5.397448	5.103042	6.182532	5.789990	6.476938	3.729146	5.888126
4578	12.072435	5.533199	6.539235	4.929577	5.734406	5.935614	4.325956	5.331992
4579	11.377246	5.289421	4.590818	5.389222	7.185629	4.690619	4.191617	5.489022
4580	14.285714	6.849315	7.729941	4.794521	5.577299	5.675147	4.598826	6.262231
4581	11.177052	5.539070	5.835806	6.330366	5.539070	5.143422	4.549951	6.627102
4582	13.663366	6.237624	6.336634	4.554455	5.940594	6.039604	5.643564	6.732673
4583	12.303150	5.708661	5.019685	4.921260	5.807087	4.921260	4.133858	6.397638
4584	11.425781	5.566406	6.347656	6.250000	6.054688	6.250000	4.199219	5.761719
4585	13.108242	5.461768	5.759682	5.858987	5.461768	5.660377	4.667329	7.050645
4586	12.573674	5.697446	6.188605	4.616896	7.170923	4.911591	4.518664	6.188605
4587	11.804878	5.853659	6.243902	5.365854	6.731707	5.853659	3.902439	6.243902
4588	12.091179	5.946482	5.450942	6.045590	5.847374	5.153617	4.360753	6.144698
4589	11.512195	5.951220	6.048780	5.073171	6.146341	5.658537	4.292683	6.439024
4590	11.386139	5.742574	5.544554	6.534653	6.237624	5.742574	3.366337	6.039604
4591	12.500000	5.443548	6.048387	5.342742	6.350806	5.947581	4.435484	7.056452
4592	12.224449	6.613226	6.212425	5.511022	6.713427	6.212425	4.108216	6.012024
4593	11.496531	6.243806	6.045590	5.351833	6.045590	6.045590	3.865213	6.442022
4594	12.560857	5.842259	5.647517	5.160662	5.550146	6.134372	4.381694	6.231743
4595	12.204724	5.314961	6.889764	6.102362	6.889764	6.003937	3.838583	6.988189
4596	12.438302	5.330701	5.626851	5.626851	5.626851	6.021718	4.639684	6.416584
4597	12.957468	6.429278	5.934718	5.341246	6.824926	6.132542	3.857567	5.637982
4598	13.157895	5.555556	5.750487	4.678363	5.750487	5.068226	4.385965	5.555556
4599	13.391984	6.060606	5.767351	4.985337	5.767351	5.571848	4.692082	6.256109
4600	12.426614	6.066536	5.675147	5.283757	6.262231	5.185910	5.381605	6.849315
4601	11.956522	5.731225	5.731225	5.928854	6.422925	6.027668	3.952569	7.509881
4602	12.765957	5.125725	6.286267	5.319149	7.930368	6.092843	4.255319	6.479691
4603	12.003872	5.711520	6.292352	4.840271	5.324298	6.292352	4.840271	7.066796
4604	11.545988	6.164384	5.772994	5.185910	5.675147	5.870841	3.913894	7.338552
4605	12.303150	5.610236	6.102362	6.003937	7.677165	5.905512	4.429134	5.314961
4606	11.928429	6.163022	6.163022	6.361829	6.958250	5.765408	4.473161	6.958250
4607	11.504425	5.604720	6.489676	5.604720	5.113078	6.391347	4.031465	6.096362
4608	11.538462	5.719921	6.311637	4.930966	6.508876	5.818540	4.536489	7.396450
4609	12.585366	4.878049	6.341463	6.243902	6.048780	6.439024	4.878049	6.048780
4610	12.840467	6.225681	5.642023	5.739300	5.447471	6.128405	4.571984	6.420233
4611	12.413793	5.221675	6.502463	5.221675	7.093596	6.600985	4.236453	6.403941
4612	13.091641	5.840886	6.143001	5.135952	6.445116	5.135952	4.632427	4.733132
4613	11.365902	5.383848	5.383848	4.885344	5.284148	5.483549	5.383848	6.281157
4614	12.450980	5.000000	5.784314	6.176471	5.392157	5.196078	4.411765	6.372549
4615	12.304688	5.957031	5.957031	4.589844	6.347656	6.738281	4.101562	7.031250
4616	13.476562	5.664062	5.664062	5.957031	7.226562	5.273438	4.296875	7.128906
4617	11.188119	5.346535	5.445545	5.346535	7.722772	5.841584	3.960396	6.435644
4618	12.043435	5.725568	5.923001	4.935834	5.626851	5.824284	4.244817	6.416584
4619	11.275964	5.539070	5.341246	4.549951	6.033630	6.923838	3.659743	7.517310
4620	13.094083	6.207565	5.819593	5.140640	6.207565	6.110572	4.655674	5.625606
4621	13.022352	4.761905	6.025267	6.122449	5.247813	5.344995	3.692906	6.608358
4622	12.992126	5.413386	5.118110	5.314961	6.889764	5.610236	4.527559	6.299213
4623	11.584158	5.247525	6.039604	6.633663	6.930693	5.346535	4.554455	6.237624
4624	12.561820	6.033630	6.132542	6.330366	6.132542	5.835806	4.648863	6.033630
4625	12.450199	6.175299	5.876494	5.079681	6.374502	5.976096	3.585657	6.274900
4626	12.585366	5.560976	5.756098	4.780488	6.536585	5.073171	4.292683	5.463415
4627	12.912621	5.631068	5.436893	4.951456	6.699029	6.213592	3.689320	6.699029
4628	12.438786	5.974535	6.170421	5.582762	6.366308	6.268364	4.015671	5.974535
4629	11.627907	5.910853	5.620155	4.651163	6.395349	5.910853	4.166667	6.395349
4630	12.265084	5.440158	6.033630	4.055391	6.627102	5.835806	4.352127	7.319486
4631	12.600000	5.300000	5.700000	4.900000	6.300000	6.700000	4.500000	6.300000
4632	12.772277	5.940594	5.346535	6.732673	6.138614	5.247525	3.663366	6.237624
4633	11.839530	4.990215	6.360078	4.500978	7.534247	6.457926	4.794521	6.653620
4634	14.356436	5.049505	6.039604	5.346535	6.633663	5.445545	4.356436	6.138614
4635	11.356784	5.125628	6.130653	5.427136	6.834171	6.532663	4.120603	6.331658
4636	12.845850	5.830040	5.434783	5.434783	5.434783	6.126482	3.853755	6.818182
4637	11.420060	6.256207	5.660377	5.858987	6.454816	4.667329	4.568024	6.355511
4638	12.812813	6.106106	6.406406	5.405405	6.406406	5.905906	4.404404	6.906907
4639	12.462908	5.736894	5.934718	4.846686	5.539070	6.132542	3.560831	6.330366
4640	11.671612	6.033630	5.440158	4.549951	6.429278	5.736894	4.747774	6.726014
4641	11.493124	5.795678	6.188605	5.009823	6.286837	5.697446	4.223969	7.072692
4642	11.240310	5.717054	6.104651	4.651163	7.073643	5.426357	4.166667	6.395349
4643	12.133072	6.457926	6.360078	5.479452	5.185910	5.381605	4.696673	6.164384
4644	11.343284	6.368159	6.965174	4.776119	6.865672	5.174129	4.179104	5.970149
4645	14.257228	5.982054	5.782652	4.885344	7.178465	4.985045	3.688933	6.979063
4646	12.475248	5.940594	6.831683	6.039604	6.435644	6.138614	5.445545	5.742574
4647	12.399194	5.846774	5.645161	5.443548	5.947581	5.645161	3.629032	5.947581
4648	12.698413	5.456349	5.753968	5.257937	6.845238	5.257937	3.373016	6.150794
4649	13.047809	6.573705	6.374502	5.478088	6.075697	5.876494	4.780876	6.374502
4650	12.695312	5.664062	5.664062	4.785156	7.617188	6.054688	4.589844	6.250000
4651	12.795276	6.791339	6.397638	4.921260	6.791339	4.822835	4.035433	6.988189
4652	13.043478	5.830040	6.126482	5.731225	6.126482	5.928854	4.644269	5.434783
4653	13.742690	4.970760	6.237817	5.555556	6.140351	6.140351	4.483431	6.822612
4654	10.619469	4.916421	6.784661	5.998033	4.818092	5.998033	4.424779	6.882989
4655	13.789683	6.349206	6.250000	4.861111	5.952381	5.753968	4.166667	6.646825
4656	11.817279	5.759682	5.660377	5.064548	6.951341	6.156902	3.773585	6.156902
4657	12.623274	6.311637	6.311637	4.930966	5.818540	5.522682	3.944773	7.199211
4658	11.307768	5.113078	5.703048	5.506391	6.489676	4.621436	4.228122	6.293019
4659	12.820513	6.706114	5.917160	4.635108	5.719921	5.325444	3.944773	6.114398
4660	11.881188	5.643564	5.148515	5.247525	4.851485	6.039604	4.653465	6.435644
4661	10.869565	5.731225	6.027668	4.644269	6.916996	5.928854	5.039526	6.521739
4662	12.252964	4.644269	5.237154	4.644269	6.719368	5.928854	4.940711	6.324111
4663	12.896825	6.051587	5.952381	4.563492	5.555556	5.952381	4.861111	7.539683
4664	12.820513	5.325444	6.607495	5.128205	5.818540	6.410256	4.536489	5.818540
4665	11.834320	6.015779	5.621302	6.311637	5.917160	5.719921	4.240631	6.114398
4666	13.372665	5.703048	6.194690	4.818092	6.784661	5.113078	4.031465	5.408063
4667	11.937378	5.381605	6.457926	4.892368	6.164384	5.283757	4.598826	6.653620
4668	13.830846	5.771144	6.069652	5.074627	7.462687	6.666667	4.477612	6.268657
4669	13.486513	5.894106	5.994006	5.294705	6.393606	6.593407	4.595405	7.392607
4670	12.352941	5.098039	5.000000	6.176471	6.470588	6.372549	4.019608	7.156863
4671	11.561265	5.632411	5.731225	5.533597	5.632411	5.335968	5.138340	5.731225
4672	12.218964	5.278592	5.669599	4.203324	6.353861	6.158358	4.398827	7.526882
4673	11.782178	6.039604	5.049505	4.455446	6.336634	5.841584	4.158416	6.138614
4674	12.700000	6.400000	5.700000	4.300000	6.500000	5.700000	3.700000	6.100000
4675	13.157895	6.042885	6.042885	5.068226	6.725146	6.140351	4.873294	6.822612
4676	11.572700	5.637982	5.736894	5.242334	6.231454	5.242334	4.253215	6.429278
4677	13.247012	5.776892	5.577689	5.278884	6.274900	5.378486	4.282869	5.478088
4678	12.776177	5.667627	6.051873	4.610951	6.147935	4.995197	4.418828	6.820365
4679	13.604767	4.766634	5.461768	5.461768	6.852036	6.057597	4.369414	6.256207
4680	13.300971	5.631068	6.213592	5.631068	6.310680	5.728155	4.077670	7.378641
4681	10.490196	5.294118	5.000000	5.098039	6.274510	5.588235	3.529412	7.156863
4682	12.391094	5.421104	5.711520	5.517909	6.485963	5.808325	3.097773	6.582769
4683	13.313609	5.424063	5.325444	6.410256	5.522682	5.719921	4.536489	5.621302
4684	12.387612	5.994006	6.293706	5.994006	6.893107	5.994006	4.395604	6.193806
4685	13.492063	5.357143	5.555556	4.365079	5.952381	5.654762	3.968254	6.944444
4686	11.464355	6.358382	5.491329	6.358382	6.936416	5.298651	4.720617	6.647399
4687	12.240869	5.034551	5.429418	5.231984	6.120434	6.515301	4.442251	6.416584
4688	13.907933	5.974535	6.268364	5.484819	5.093046	6.072478	4.407444	6.758080
4689	12.015889	5.660377	5.858987	5.858987	7.348560	6.256207	5.263158	6.852036
4690	13.508260	5.150632	5.830904	5.053450	6.122449	6.025267	4.567541	5.733722
4691	13.000978	5.669599	5.571848	5.767351	6.842620	5.571848	4.692082	6.647116
4692	12.130178	6.114398	5.424063	5.719921	6.311637	5.522682	4.437870	5.818540
4693	12.660732	6.033630	5.835806	4.945598	6.627102	6.132542	4.549951	6.923838
4694	13.432836	6.567164	6.368159	5.572139	5.671642	5.771144	4.378109	6.368159
4695	11.684518	5.550146	6.231743	4.673807	5.355404	6.426485	3.700097	6.815969
4696	13.207547	5.958292	6.355511	4.468719	7.249255	5.064548	4.170804	5.759682
4697	12.402344	5.957031	6.054688	5.273438	7.031250	6.250000	4.199219	8.300781
4698	10.700000	6.100000	5.900000	5.400000	5.700000	5.500000	4.400000	6.100000
4699	12.277228	5.049505	5.940594	5.742574	5.940594	6.435644	3.960396	6.138614
4700	11.839530	5.968689	5.088063	5.968689	6.849315	5.283757	3.913894	6.751468
4701	15.088757	6.114398	5.917160	4.832347	6.706114	6.607495	4.142012	4.635108
4702	12.027833	5.268390	5.765408	5.168986	5.765408	5.367793	4.174950	5.666004
4703	12.412412	5.205205	5.105105	5.305305	5.805806	6.406406	3.303303	6.506507
4704	12.315271	6.403941	6.699507	4.926108	5.812808	6.108374	5.123153	7.093596
4705	11.838306	5.967276	6.063523	5.871030	6.448508	5.774783	4.138595	7.025987
4706	11.187439	5.004907	5.201178	5.888126	6.378803	5.789990	4.906771	6.182532
4707	12.623274	5.917160	5.325444	6.015779	6.311637	5.029586	4.635108	7.100592
4708	12.024048	6.112224	6.012024	5.110220	6.312625	5.010020	4.609218	6.513026
4709	13.170732	6.243902	6.243902	4.975610	6.048780	4.390244	4.097561	6.243902
4710	12.770138	5.500982	5.992141	4.616896	6.581532	5.893910	4.223969	6.876228
4711	13.352827	6.042885	5.750487	4.970760	6.140351	6.042885	4.775828	6.725146
4712	14.186508	5.357143	4.861111	4.761905	6.250000	5.753968	4.761905	5.357143
4713	11.614173	6.496063	6.692913	5.511811	7.972441	6.003937	4.133858	6.496063
4714	12.265084	5.044510	6.231454	5.539070	6.231454	5.835806	3.560831	6.330366
4715	13.147410	5.179283	5.478088	4.880478	6.175299	5.677291	4.282869	6.772908
4716	11.972522	6.084396	5.888126	5.299313	6.476938	5.888126	4.416094	6.575074
4717	12.584705	6.098742	6.195547	6.679574	6.485963	5.421104	3.969022	6.873185
4718	11.383710	6.378803	6.771344	4.808636	5.986261	5.888126	3.532875	5.789990
4719	13.844622	5.577689	6.772908	4.183267	5.577689	6.274900	4.482072	6.274900
4720	12.327416	5.029586	5.226824	6.015779	6.114398	5.917160	3.846154	6.015779
4721	13.591270	5.952381	6.051587	4.761905	7.142857	5.357143	4.365079	7.043651
4722	11.701082	5.309735	5.998033	5.408063	6.588004	5.998033	4.031465	6.194690
4723	15.154536	5.782652	6.081755	4.885344	6.380857	5.782652	4.287139	6.081755
4724	12.941176	5.588235	6.470588	5.098039	6.568627	5.784314	4.117647	6.960784
4725	12.660732	6.033630	5.637982	5.143422	6.231454	6.429278	4.451039	7.121662
4726	13.300493	5.714286	6.305419	5.123153	6.896552	5.615764	4.334975	6.108374
4727	12.871287	6.039604	5.940594	5.445545	6.633663	6.237624	4.158416	6.633663
4728	10.721248	6.432749	5.360624	4.775828	5.263158	5.458090	4.093567	7.212476
4729	12.780488	5.463415	6.634146	5.658537	7.414634	5.560976	4.975610	7.121951
4730	13.064833	5.500982	7.072692	4.420432	7.170923	6.385069	5.009823	7.662083
4731	12.611718	5.958292	6.156902	4.766634	6.554121	6.554121	4.667329	7.249255
4732	11.941748	5.728155	5.631068	5.533981	6.601942	5.436893	4.174757	7.475728
4733	12.207031	6.250000	6.347656	5.468750	6.250000	5.859375	4.980469	6.835938
4734	11.579980	5.986261	5.691855	5.004907	6.771344	5.495584	4.219823	6.378803
4735	13.400000	6.600000	5.700000	5.600000	6.300000	6.200000	4.000000	6.800000
4736	12.772277	6.138614	6.336634	5.049505	6.930693	6.534653	4.257426	6.138614
4737	11.339198	5.278592	5.865103	5.669599	5.278592	6.353861	4.301075	7.233627
4738	11.706349	5.654762	6.845238	6.250000	6.845238	6.051587	5.158730	6.250000
4739	13.106796	6.213592	6.116505	5.048544	6.407767	5.533981	4.077670	6.601942
4740	11.332008	6.262425	5.864811	7.157058	5.467197	6.163022	4.274354	6.063618
4741	13.413413	6.606607	5.905906	6.406406	6.806807	5.105105	3.903904	6.406406
4742	12.462908	6.132542	6.429278	5.341246	6.231454	6.033630	5.539070	6.330366
4743	12.934363	6.081081	6.370656	5.212355	6.274131	5.984556	4.150579	6.274131
4744	13.663366	6.039604	6.039604	4.752475	6.039604	7.623762	5.148515	7.326733
4745	11.284047	5.252918	6.225681	4.961089	6.225681	5.642023	4.766537	6.614786
4746	12.848606	5.079681	6.175299	4.681275	6.673307	5.179283	3.685259	6.175299
4747	12.318138	6.304559	6.498545	5.334627	6.207565	6.110572	3.976722	6.789525
4748	11.770524	5.934718	6.132542	4.648863	5.440158	5.440158	4.451039	6.330366
4749	13.267327	5.148515	6.039604	4.851485	5.940594	5.742574	4.554455	6.534653
4750	12.896825	6.746032	6.051587	4.761905	6.349206	5.257937	3.769841	7.142857
4751	12.707722	5.571848	5.865103	5.083089	7.038123	5.962854	4.496579	5.962854
4752	11.976631	5.647517	5.160662	5.355404	7.400195	5.842259	4.479065	6.134372
4753	12.878049	6.536585	6.048780	5.463415	6.146341	5.560976	4.878049	6.731707
4754	12.400794	5.555556	6.150794	5.853175	6.646825	5.059524	3.869048	7.043651
4755	12.207031	5.664062	6.250000	4.980469	6.054688	5.468750	4.101562	6.542969
4756	13.047809	5.776892	5.776892	5.278884	5.776892	6.274900	4.083665	7.171315
4757	12.363996	5.440158	5.934718	5.143422	5.637982	6.231454	4.352127	6.627102
4758	11.992071	6.243806	6.541130	4.955401	6.640238	5.450942	3.964321	6.838454
4759	11.914062	5.175781	6.347656	6.250000	6.445312	5.664062	4.785156	6.347656
4760	12.062257	5.933852	5.739300	5.350195	5.836576	5.544747	4.280156	6.712062
4761	11.925709	5.865103	6.744868	4.789834	6.353861	5.669599	4.203324	6.842620
4762	12.597656	5.859375	6.445312	4.785156	6.835938	5.957031	5.175781	5.957031
4763	10.714286	4.960317	6.547619	5.853175	5.456349	5.158730	3.968254	6.646825
4764	12.388503	6.045590	6.442022	4.261645	5.649158	5.550050	4.856293	5.252725
4765	12.723658	5.964215	6.262425	5.367793	6.461233	6.361829	5.069583	6.560636
4766	11.671612	5.637982	5.736894	5.835806	6.330366	6.033630	3.560831	6.726014
4767	11.111111	5.847953	5.750487	5.653021	6.335283	5.750487	4.385965	7.407407
4768	12.388503	5.946482	5.252725	4.658077	5.946482	5.748266	4.558969	6.243806
4769	13.339825	5.939630	6.426485	5.939630	6.718598	6.037001	4.479065	5.939630
4770	12.761715	5.982054	5.882353	4.586241	6.879362	5.284148	4.386839	6.779661
4771	12.712713	5.905906	6.106106	5.105105	6.506507	5.705706	4.004004	6.006006
4772	11.394892	6.385069	6.286837	5.402750	6.090373	5.402750	4.518664	6.876228
4773	12.549801	5.278884	6.274900	4.681275	5.976096	5.577689	4.980080	5.577689
4774	12.536443	5.928086	6.025267	5.928086	6.219631	5.928086	5.442177	6.316812
4775	12.365064	5.495584	5.986261	5.299313	5.103042	5.299313	3.827282	5.691855
4776	12.647059	6.764706	6.470588	5.000000	6.176471	5.588235	4.019608	6.666667
4777	12.015889	5.958292	5.561072	5.163853	6.057597	5.660377	4.667329	6.852036
4778	13.313609	6.311637	6.311637	5.029586	4.832347	5.325444	4.240631	7.001972
4779	11.729622	5.168986	5.864811	6.163022	6.759443	6.461233	4.174950	7.057654
4780	12.807882	5.714286	6.995074	5.911330	5.714286	6.009852	4.827586	6.699507
4781	11.689587	5.893910	6.385069	5.992141	6.385069	5.992141	5.009823	6.385069
4782	12.896825	5.555556	6.250000	4.761905	5.456349	5.654762	4.265873	6.547619
4783	11.614173	5.807087	7.086614	5.314961	6.594488	5.511811	5.118110	7.086614
4784	13.958126	6.181456	6.081755	5.483549	5.483549	5.583250	4.785643	6.979063
4785	12.209302	5.717054	5.813953	5.329457	6.395349	6.686047	4.263566	6.395349
4786	13.060818	5.682951	6.281157	5.084746	6.181456	6.480558	4.586241	7.078764
4787	12.401575	5.610236	5.019685	4.429134	6.692913	6.200787	4.921260	6.594488
4788	12.597656	6.250000	6.250000	4.492188	5.468750	5.957031	4.101562	7.324219
4789	13.254204	5.637982	5.736894	6.726014	5.835806	5.143422	3.956479	6.528190
4790	11.822660	5.517241	5.615764	5.123153	7.093596	5.320197	4.334975	6.502463
4791	12.326044	5.367793	6.063618	5.268390	6.461233	6.063618	3.677932	6.461233
4792	12.047013	5.484819	5.680705	6.268364	7.443683	5.386876	4.701273	6.562194
4793	12.944664	5.731225	5.039526	5.138340	8.399209	5.731225	4.644269	5.335968
4794	13.579049	6.013579	5.140640	5.916586	7.274491	6.110572	4.170708	6.789525
4795	12.268744	6.231743	6.426485	5.647517	6.815969	5.063291	4.576436	6.329114
4796	11.560694	5.491329	6.165703	5.684008	6.069364	5.009634	3.468208	5.394990
4797	13.137255	6.372549	6.372549	5.686275	6.372549	6.274510	4.313725	6.568627
4798	12.216749	6.108374	5.911330	4.827586	5.714286	5.418719	4.729064	6.009852
4799	14.088670	6.206897	6.108374	4.827586	7.389163	5.911330	4.334975	5.615764
4800	12.451362	4.766537	5.933852	5.350195	5.739300	5.447471	4.669261	6.614786
4801	12.027833	5.765408	5.864811	5.467197	6.461233	5.566600	3.876740	6.560636
4802	11.886051	6.090373	5.893910	5.599214	6.679764	5.009823	3.634578	5.697446
4803	13.406157	6.256207	7.050645	4.865938	6.752731	5.858987	4.568024	5.461768
4804	11.587147	5.355404	6.913340	6.329114	6.426485	6.329114	3.700097	6.718598
4805	11.374876	5.637982	5.736894	6.627102	6.231454	5.539070	3.956479	6.627102
4806	11.307768	5.703048	7.079646	5.703048	6.784661	6.096362	4.228122	6.686332
4807	11.614173	6.003937	5.118110	4.822835	6.003937	5.610236	4.133858	5.511811
4808	12.586037	6.096362	6.096362	5.801377	6.489676	5.309735	4.916421	5.703048
4809	12.598425	6.003937	5.511811	5.511811	6.003937	6.200787	4.429134	7.775591
4810	12.611718	5.263158	6.156902	5.263158	5.660377	5.362463	3.872890	7.249255
4811	11.712598	4.724409	5.905512	5.118110	5.019685	6.791339	4.330709	7.086614
4812	11.867704	6.225681	5.836576	4.474708	6.128405	5.933852	4.669261	6.906615
4813	13.426854	6.112224	5.410822	5.110220	6.012024	5.711423	4.809619	6.913828
4814	11.770524	6.033630	6.231454	5.143422	7.022750	5.044510	4.055391	6.033630
4815	12.070658	5.691855	5.201178	5.004907	5.691855	6.280667	4.514230	6.280667
4816	13.235294	5.882353	6.078431	5.294118	5.686275	5.686275	4.509804	6.568627
4817	11.588412	5.894106	5.394605	5.194805	6.793207	7.292707	4.095904	6.393606
4818	13.484252	5.807087	5.905512	4.822835	6.594488	5.708661	4.035433	6.889764
4819	10.912698	5.853175	4.960317	5.158730	4.761905	5.456349	4.464286	6.051587
4820	12.475442	5.992141	6.385069	5.500982	6.286837	6.286837	4.911591	6.581532
4821	12.938816	6.018054	5.917753	4.914744	6.419258	6.720160	4.714142	6.619860
4822	12.903226	5.767351	6.549365	5.083089	5.767351	6.060606	4.301075	6.353861
4823	12.156863	5.588235	5.686275	5.392157	5.784314	4.901961	3.529412	6.764706
4824	13.765978	6.489676	6.194690	5.014749	6.686332	5.899705	4.031465	6.784661
4825	12.671906	6.777996	5.206287	4.813360	6.777996	6.385069	4.420432	5.795678
4826	13.365854	5.658537	5.463415	5.463415	6.536585	6.634146	4.292683	6.341463
4827	11.724138	5.320197	5.714286	5.123153	6.108374	6.108374	3.743842	6.108374
4828	12.214499	5.461768	6.256207	5.263158	6.057597	5.163853	3.872890	7.547170
4829	13.260219	5.982054	6.281157	5.782652	6.580259	4.985045	4.386839	6.580259
4830	13.248283	5.495584	5.691855	5.397448	8.145240	5.495584	5.004907	6.084396
4831	13.379584	4.955401	5.550050	5.252725	7.234886	6.045590	3.468781	6.640238
4832	12.977867	5.231388	6.136821	4.627767	6.438632	5.935614	5.030181	6.539235
4833	12.561335	6.084396	5.593719	5.103042	5.201178	6.182532	4.023553	6.869480
4834	12.270531	5.314010	5.797101	6.086957	6.666667	5.507246	4.251208	6.473430
4835	12.878049	5.658537	5.756098	5.073171	6.829268	5.756098	4.487805	6.341463
4836	12.837838	5.791506	6.370656	5.888031	6.949807	5.598456	3.957529	5.984556
4837	11.984283	5.697446	6.286837	5.009823	6.090373	5.992141	3.732809	6.286837
4838	12.265084	5.934718	6.033630	5.835806	6.528190	5.539070	5.242334	7.022750
4839	12.400794	5.158730	5.753968	5.952381	6.051587	5.753968	4.563492	6.646825
4840	12.893701	5.610236	6.299213	5.708661	5.511811	5.413386	4.625984	6.102362
4841	11.988304	5.068226	5.653021	6.042885	6.432749	5.165692	4.191033	6.822612
4842	12.597656	5.566406	5.957031	5.664062	6.152344	5.566406	4.199219	6.933594
4843	12.185687	6.189555	5.996132	4.738878	6.576402	5.899420	4.255319	6.189555
4844	12.367150	6.183575	5.700483	4.927536	6.570048	5.700483	4.154589	6.086957
4845	12.075848	5.788423	5.489022	4.191617	7.285429	5.988024	4.491018	6.686627
4846	11.392405	4.868549	5.258033	6.329114	6.329114	5.160662	4.381694	6.426485
4847	12.402344	5.566406	5.566406	4.589844	6.640625	5.761719	5.468750	6.640625
4848	12.067260	6.231454	5.242334	6.132542	5.539070	6.330366	4.352127	5.341246
4849	13.622902	5.429418	5.626851	5.725568	5.923001	5.528134	3.849951	6.910168
4850	11.488511	5.294705	5.894106	6.493506	7.392607	4.695305	4.495504	5.894106
4851	12.389381	5.408063	6.686332	5.899705	6.588004	5.998033	3.736480	7.177974
4852	12.097561	5.756098	5.853659	4.585366	8.097561	6.341463	5.170732	6.439024
4853	13.157895	6.530214	6.725146	4.873294	5.847953	6.237817	5.068226	7.212476
4854	12.286002	5.236657	5.135952	5.337362	5.639476	5.135952	3.927492	5.236657
4855	12.139303	6.268657	5.373134	4.577114	7.064677	6.567164	3.681592	5.771144
4856	12.734452	5.133268	6.712734	5.034551	6.317868	6.317868	4.442251	6.416584
4857	12.743191	5.933852	6.906615	5.836576	4.863813	6.906615	4.085603	6.906615
4858	11.914062	5.859375	5.664062	4.492188	5.664062	5.957031	4.492188	6.445312
4859	12.648221	5.731225	5.434783	5.731225	6.126482	5.237154	4.841897	7.806324
4860	11.646586	5.120482	5.220884	4.718876	4.819277	6.425703	4.016064	5.220884
4861	11.921182	4.926108	5.320197	5.418719	5.615764	5.320197	5.123153	6.896552
4862	12.268744	6.329114	5.939630	4.965920	5.939630	5.550146	4.771178	7.400195
4863	11.343284	5.970149	5.572139	5.771144	6.268657	4.577114	5.074627	6.567164
4864	12.015889	5.561072	4.766634	6.653426	7.249255	5.461768	4.766634	6.256207
4865	12.487611	5.450942	4.658077	5.550050	5.847374	5.252725	4.558969	5.946482
4866	12.970297	5.742574	5.148515	5.544554	6.039604	4.554455	4.059406	6.435644
4867	13.772455	5.588822	5.389222	5.189621	6.686627	5.688623	4.590818	5.489022
4868	13.534567	5.452775	5.647517	5.160662	6.134372	6.231743	4.186952	6.231743
4869	11.811024	5.708661	5.807087	6.003937	5.216535	5.216535	4.133858	5.905512
4870	12.304688	6.054688	6.445312	4.882812	5.859375	6.738281	4.589844	6.445312
4871	12.042389	5.587669	6.165703	5.105973	6.936416	6.165703	4.624277	6.069364
4872	12.439730	7.039537	6.846673	5.978785	6.460945	6.075217	5.303761	6.460945
4873	12.946860	5.217391	6.183575	5.603865	5.797101	6.280193	4.444444	6.376812
4874	15.799804	5.103042	5.495584	5.986261	6.084396	5.201178	4.416094	6.967615
4875	11.306043	5.653021	5.360624	5.847953	6.237817	5.360624	4.288499	6.530214
4876	12.585366	5.756098	5.756098	5.268293	5.951220	4.975610	4.780488	6.341463
4877	12.303150	5.019685	6.102362	4.921260	6.003937	5.610236	4.429134	6.299213
4878	13.467337	6.532663	5.929648	5.527638	5.326633	5.628141	4.221106	6.231156
4879	11.462451	6.225296	6.126482	5.632411	5.632411	5.830040	3.656126	6.916996
4880	10.946746	4.930966	6.015779	4.930966	6.706114	5.128205	5.424063	6.508876
4881	12.142152	5.626851	6.811451	5.034551	5.923001	6.021718	4.047384	7.403751
4882	12.339585	6.416584	5.824284	5.626851	6.120434	5.528134	4.146101	6.120434
4883	12.230920	5.577299	5.675147	5.479452	7.240705	5.283757	4.305284	6.849315
4884	14.471058	5.888224	6.886228	5.089820	5.788423	6.087824	4.291417	6.686627
4885	12.047013	5.386876	5.582762	5.484819	5.778648	5.974535	3.819785	6.758080
4886	12.377210	5.893910	5.402750	5.304519	6.188605	5.500982	3.929273	7.170923
4887	10.604559	5.054509	6.640238	4.856293	6.442022	6.739346	4.360753	7.234886
4888	13.937622	5.847953	5.945419	6.432749	6.140351	5.360624	4.970760	7.309942
4889	12.190287	5.847374	5.649158	5.252725	6.144698	4.757185	4.459861	6.541130
4890	12.121212	5.474096	6.940371	4.985337	6.940371	6.451613	4.594330	6.256109
4891	11.208577	5.165692	5.165692	5.360624	5.360624	6.140351	4.873294	6.237817
4892	12.709360	5.911330	5.024631	6.305419	6.009852	5.123153	4.433498	5.911330
4893	13.944223	5.677291	5.776892	4.780876	5.577689	5.876494	4.581673	7.470120
4894	12.599206	5.952381	7.142857	5.753968	6.250000	5.952381	4.067460	7.539683
4895	12.695312	6.152344	6.250000	5.175781	6.933594	5.761719	5.468750	6.250000
4896	13.340020	5.115346	5.516550	5.516550	6.318957	5.817452	4.012036	6.419258
4897	11.764706	5.882353	5.784314	5.588235	5.588235	5.392157	3.921569	6.078431
4898	10.281280	5.140640	5.916586	5.722599	6.983511	6.595538	4.849661	5.819593
4899	12.673267	6.237624	5.643564	6.633663	6.732673	5.247525	4.059406	6.534653
4900	11.143411	5.813953	5.523256	4.457364	6.686047	5.813953	4.748062	6.782946
4901	11.941748	5.145631	5.631068	6.310680	6.407767	5.145631	3.689320	6.504854
4902	12.351779	5.335968	7.015810	5.039526	6.422925	5.434783	4.545455	6.719368
4903	12.763819	6.633166	6.633166	5.326633	6.633166	6.030151	4.824121	6.331658
4904	12.909633	5.561072	4.766634	5.958292	7.447865	5.858987	4.071500	6.156902
4905	13.574219	5.566406	5.957031	5.664062	6.347656	5.468750	3.613281	6.347656
4906	13.313609	5.226824	5.818540	6.015779	5.128205	4.832347	4.142012	6.311637
4907	12.634672	5.093046	6.072478	6.366308	7.443683	6.856024	3.819785	7.149853
4908	11.250000	5.000000	5.769231	4.711538	6.634615	5.673077	3.173077	7.307692
4909	11.583012	5.598456	5.888031	5.598456	7.432432	5.791506	4.440154	5.888031
4910	11.741683	5.185910	5.675147	5.185910	5.283757	6.360078	4.500978	5.870841
4911	12.896825	6.150794	5.753968	4.166667	7.341270	6.349206	4.563492	7.043651
4912	13.203883	6.601942	6.310680	4.951456	5.242718	6.699029	3.689320	7.184466
4913	10.979228	6.132542	5.440158	5.736894	5.934718	5.242334	3.956479	5.736894
4914	12.238806	5.572139	5.472637	4.179104	5.671642	6.965174	4.378109	6.965174
4915	12.094395	5.703048	5.506391	5.801377	6.981318	5.801377	4.424779	7.767945
4916	12.118227	6.305419	6.403941	4.433498	6.699507	5.714286	3.645320	6.896552
4917	13.609467	6.607495	5.917160	4.733728	5.522682	6.213018	4.043393	6.311637
4918	12.315271	5.714286	5.911330	5.517241	5.615764	6.108374	4.039409	6.995074
4919	11.309524	5.952381	6.646825	5.059524	5.952381	5.456349	4.563492	5.853175
4920	12.147716	6.316812	6.608358	5.247813	7.677357	6.025267	4.567541	6.802721
4921	11.459354	5.386876	5.680705	4.211557	7.051910	6.660137	3.525955	7.835455
4922	11.846002	5.429418	5.923001	6.219151	6.120434	5.725568	4.047384	6.219151
4923	12.376238	6.336634	6.138614	4.455446	5.940594	6.039604	5.049505	6.237624
4924	12.282398	5.319149	5.996132	4.932302	6.479691	5.609284	3.675048	6.963250
4925	12.674651	6.187625	6.287425	4.990020	5.788423	6.087824	4.291417	6.087824
4926	11.930165	5.431620	5.043647	5.625606	5.431620	6.110572	4.461688	6.789525
4927	12.154150	5.434783	5.731225	4.743083	6.521739	5.138340	4.347826	5.830040
4928	11.356784	6.231156	5.427136	4.623116	6.934673	6.231156	4.522613	6.432161
4929	11.897738	5.801377	6.096362	6.096362	7.964602	5.998033	4.621436	6.981318
4930	12.462312	5.628141	5.929648	4.824121	6.231156	5.326633	4.221106	6.130653
4931	11.921182	5.418719	6.009852	5.615764	6.600985	6.502463	5.221675	6.896552
4932	13.081395	6.104651	7.073643	4.651163	6.492248	5.232558	3.875969	6.201550
4933	12.524655	5.818540	5.719921	4.733728	5.719921	5.424063	3.747535	6.706114
4934	12.015889	5.958292	5.163853	5.660377	5.958292	6.454816	4.170804	5.660377
4935	11.758989	5.733722	5.247813	5.636540	5.733722	6.219631	4.761905	7.482993
4936	11.089303	5.397448	5.593719	5.103042	7.065751	5.691855	4.023553	5.691855
4937	12.912913	5.805806	5.605606	5.305305	5.405405	5.905906	3.603604	6.306306
4938	12.328767	5.381605	6.555773	4.598826	8.512720	6.849315	3.522505	7.142857
4939	14.612326	6.063618	5.964215	4.970179	5.864811	6.361829	4.572565	6.461233
4940	12.250996	5.378486	5.179283	5.179283	5.776892	5.478088	4.083665	5.976096
4941	11.386139	5.742574	6.138614	5.643564	6.138614	5.940594	4.356436	5.940594
4942	12.315271	5.320197	5.714286	5.221675	5.911330	5.615764	3.743842	7.389163
4943	11.862745	5.784314	6.078431	5.882353	6.078431	6.274510	4.019608	6.372549
4944	11.632454	4.692082	5.571848	5.865103	6.647116	7.038123	4.203324	6.940371
4945	11.359223	5.728155	6.116505	5.436893	6.407767	6.116505	5.145631	6.407767
4946	13.173077	6.442308	5.673077	4.903846	5.769231	5.576923	4.519231	7.307692
4947	11.960784	5.098039	6.764706	5.098039	7.254902	5.686275	4.215686	6.862745
4948	12.058824	5.882353	6.176471	5.392157	5.392157	5.392157	4.215686	7.156863
4949	12.734452	5.429418	6.021718	4.935834	7.008885	5.429418	3.948667	7.403751
4950	13.569322	5.604720	6.784661	5.113078	6.489676	5.506391	4.031465	6.391347
4951	12.695312	5.957031	5.175781	6.542969	5.566406	5.175781	3.515625	5.175781
4952	13.459621	5.682951	5.084746	5.483549	7.976072	5.284148	4.486540	6.480558
4953	12.055336	5.335968	5.335968	6.225296	5.533597	5.335968	3.754941	5.039526
4954	12.426036	4.930966	6.804734	4.635108	7.001972	5.719921	5.719921	6.607495
4955	11.872587	5.694981	5.984556	4.729730	5.791506	5.694981	4.536680	7.046332
4956	11.980198	5.841584	6.336634	4.554455	6.336634	6.138614	4.455446	7.029703
4957	13.268293	4.878049	6.341463	5.463415	6.634146	5.853659	4.585366	6.536585
4958	11.758893	5.434783	6.521739	6.126482	6.225296	5.928854	4.051383	7.707510
4959	12.303150	5.511811	5.610236	6.102362	6.889764	5.216535	3.937008	5.610236
4960	12.402344	5.859375	5.957031	5.468750	5.957031	5.957031	5.078125	7.617188
4961	11.909449	5.511811	5.413386	5.610236	5.610236	5.314961	4.429134	6.988189
4962	13.013699	6.066536	5.675147	5.283757	7.240705	5.577299	4.990215	5.772994
4963	11.252446	6.262231	5.283757	4.794521	6.947162	6.457926	4.011742	6.751468
4964	12.425447	5.765408	5.367793	6.361829	5.467197	5.566600	3.578529	6.858847
4965	14.133591	6.485963	6.195547	5.517909	6.195547	4.743466	4.937076	6.873185
4966	12.688822	5.740181	5.740181	7.049345	6.545821	5.035247	4.128902	5.840886
4967	12.097561	5.951220	5.658537	5.853659	6.731707	6.146341	4.097561	5.658537
4968	13.502935	5.381605	5.381605	5.675147	6.751468	5.283757	4.696673	6.751468
4969	13.201970	5.812808	6.206897	4.926108	5.615764	5.812808	4.827586	6.206897
4970	13.207547	5.858987	6.057597	5.461768	5.759682	5.759682	3.773585	5.759682
4971	11.285574	5.299313	5.397448	4.808636	6.378803	5.495584	4.710500	6.182532
4972	11.489776	6.134372	5.647517	5.355404	6.037001	6.037001	4.965920	6.815969
4973	13.150147	5.691855	5.103042	5.004907	6.378803	5.201178	4.808636	7.458292
4974	11.925709	5.865103	6.549365	4.594330	6.256109	5.669599	4.007820	6.842620
4975	11.475410	5.593057	6.750241	7.521697	6.268081	5.593057	4.050145	5.303761
4976	12.301587	6.349206	6.646825	6.547619	6.349206	6.051587	4.861111	6.944444
4977	14.441147	4.549951	5.934718	6.330366	6.429278	5.143422	3.857567	6.923838
4978	11.883182	6.545821	4.833837	4.431017	6.545821	4.733132	3.927492	7.150050
4979	13.618677	5.447471	5.058366	5.252918	5.350195	6.420233	4.474708	7.198444
4980	12.142152	5.824284	5.626851	4.738401	6.614018	5.231984	3.652517	6.712734
4981	12.720157	6.164384	6.653620	5.479452	5.675147	4.892368	3.718200	6.457926
4982	12.413793	5.714286	6.108374	5.320197	6.206897	6.206897	4.433498	7.093596
4983	13.574219	5.468750	6.054688	4.785156	6.152344	5.859375	4.687500	6.054688
4984	12.795276	5.118110	6.299213	5.314961	6.496063	5.019685	4.429134	6.594488
4985	11.653386	6.175299	5.876494	4.183267	7.270916	6.374502	4.282869	6.374502
4986	13.129319	4.738401	5.923001	5.231984	5.626851	6.416584	4.837117	6.021718
4987	12.709360	6.009852	6.403941	4.827586	5.517241	5.911330	4.236453	6.699507
4988	12.338308	6.069652	5.472637	5.273632	6.368159	6.567164	4.577114	6.467662
4989	12.716763	5.876686	6.358382	4.913295	5.587669	5.684008	4.335260	7.032755
4990	11.561265	5.928854	6.422925	5.335968	5.928854	5.928854	4.347826	6.916996
4991	12.388503	5.252725	6.640238	4.558969	7.433102	6.243806	4.162537	6.838454
4992	12.375250	6.886228	5.089820	4.890220	6.087824	6.686627	3.892216	5.688623
4993	12.636816	5.572139	6.169154	4.875622	6.865672	6.368159	3.781095	5.273632
4994	12.166172	5.044510	5.835806	4.549951	6.330366	5.736894	5.143422	6.132542
4995	12.315271	6.206897	5.812808	4.630542	8.177340	6.009852	4.236453	7.192118
4996	10.891089	5.742574	5.445545	6.039604	6.237624	6.336634	4.059406	6.039604
4997	12.330097	5.533981	5.533981	4.563107	6.407767	5.728155	4.368932	7.669903
4998	13.085938	5.859375	4.980469	7.031250	5.273438	5.566406	4.882812	6.738281
4999	13.708087	5.719921	6.213018	4.437870	7.593688	5.719921	4.339250	6.213018
5000	13.663366	6.435644	5.346535	5.247525	4.653465	6.138614	4.851485	7.227723
5001	10.568295	5.682951	5.682951	4.885344	6.979063	6.380857	4.287139	6.081755
5002	12.749004	5.478088	5.079681	5.677291	6.573705	6.175299	3.884462	6.573705
5003	12.525050	5.410822	6.312625	5.611222	5.611222	5.611222	4.408818	5.511022
5004	11.587147	5.842259	6.329114	4.868549	6.134372	6.426485	3.992210	5.452775
5005	13.326653	5.310621	5.611222	5.811623	5.010020	5.711423	4.609218	6.212425
5006	12.450593	6.027668	5.138340	5.138340	5.039526	6.126482	4.249012	6.916996
5007	14.425908	5.789990	6.084396	5.495584	7.556428	5.495584	4.219823	6.869480
5008	13.574219	5.371094	6.152344	4.394531	6.835938	6.152344	4.882812	6.640625
5009	12.327416	5.719921	5.917160	5.621302	6.213018	4.437870	4.339250	6.410256
5010	11.787819	6.286837	6.385069	5.992141	6.286837	5.893910	3.929273	7.072692
5011	11.988012	5.594406	5.594406	5.594406	6.493506	5.494505	4.195804	6.393606
5012	12.759644	5.341246	5.341246	5.539070	6.330366	5.341246	4.451039	7.022750
5013	12.598425	5.708661	6.003937	5.807087	6.692913	5.807087	4.232283	6.397638
5014	13.352827	5.945419	6.042885	5.847953	5.068226	5.945419	3.996101	6.530214
5015	12.438786	5.876592	6.562194	4.995103	5.974535	6.268364	4.799216	7.149853
5016	11.507937	5.555556	6.150794	4.960317	6.448413	6.250000	3.769841	6.944444
5017	12.549020	5.784314	6.176471	5.784314	6.862745	6.372549	3.823529	7.450980
5018	12.055336	5.731225	5.830040	5.731225	6.225296	5.928854	4.545455	7.015810
5019	11.408730	6.250000	6.448413	6.746032	6.250000	5.357143	4.960317	6.845238
5020	12.858556	5.934718	6.033630	4.747774	6.132542	6.033630	4.154303	6.231454
5021	12.115194	6.057597	6.852036	5.064548	6.653426	6.057597	4.865938	6.752731
5022	12.922465	4.870775	5.765408	4.771372	6.759443	5.168986	3.578529	6.660040
5023	12.463486	5.744888	6.523856	5.355404	6.329114	5.939630	4.771178	7.010711
5024	11.834320	5.917160	6.114398	4.733728	4.930966	5.621302	3.155819	7.100592
5025	11.557297	5.680705	5.582762	4.603330	7.149853	5.778648	5.288932	6.366308
5026	11.846002	5.626851	5.528134	5.231984	6.614018	4.837117	4.244817	5.923001
5027	11.972522	6.378803	6.378803	6.280667	6.280667	6.280667	4.317959	5.888126
5028	12.438786	5.680705	5.484819	4.505387	4.701273	5.288932	4.995103	6.072478
5029	11.788212	5.494505	5.494505	4.695305	7.192807	5.994006	4.895105	5.594406
5030	11.921182	5.812808	5.812808	5.714286	6.699507	5.714286	4.729064	7.192118
5031	13.487476	5.298651	6.551060	5.202312	6.069364	5.780347	3.949904	5.876686
5032	10.843373	5.823293	5.923695	5.120482	5.923695	5.321285	4.317269	6.626506
5033	11.122047	4.921260	4.921260	5.216535	5.807087	5.216535	3.838583	6.496063
5034	13.333333	5.893720	6.473430	5.314010	6.473430	6.570048	4.637681	7.246377
5035	12.512219	5.376344	6.060606	6.940371	5.474096	4.985337	5.083089	6.353861
5036	14.112903	5.745968	5.645161	5.544355	5.443548	6.653226	4.838710	6.451613
5037	13.013699	6.164384	6.555773	4.598826	7.045010	5.772994	4.598826	7.827789
5038	11.595639	5.847374	5.847374	4.955401	5.748266	5.946482	4.856293	6.144698
5039	13.992172	5.088063	5.772994	4.598826	6.653620	6.849315	4.403131	6.849315
5040	11.827957	6.060606	6.353861	5.474096	6.158358	5.962854	4.105572	5.767351
5041	9.782609	5.830040	5.237154	5.731225	6.422925	5.632411	3.952569	5.830040
5042	13.140097	5.797101	5.700483	4.927536	7.149758	6.183575	5.120773	6.956522
5043	12.168793	5.004907	5.986261	4.612365	6.476938	6.182532	4.219823	6.182532
5044	12.180747	6.581532	6.286837	5.795678	6.581532	6.188605	3.732809	6.777996
5045	12.273642	6.438632	6.036217	5.533199	6.438632	6.136821	4.225352	5.533199
5046	12.173913	5.990338	6.376812	5.700483	6.570048	5.120773	5.024155	6.763285
5047	13.326653	5.911824	6.112224	4.509018	5.911824	6.613226	4.408818	6.913828
5048	12.830558	6.072478	5.778648	5.974535	7.443683	4.995103	4.211557	5.778648
5049	12.403846	5.769231	6.346154	5.769231	6.153846	4.326923	4.134615	5.865385
5050	12.015889	6.057597	5.958292	3.872890	7.547170	5.263158	3.773585	6.156902
5051	12.807882	6.305419	6.699507	5.123153	6.108374	5.418719	4.827586	6.206897
5052	12.185687	6.286267	5.705996	4.835590	5.319149	6.092843	4.158607	6.286267
5053	13.391984	5.474096	5.571848	6.060606	6.158358	6.842620	4.398827	7.526882
5054	12.671906	5.893910	6.286837	5.304519	5.304519	5.599214	4.223969	6.286837
5055	11.383710	5.888126	5.397448	6.084396	7.948970	6.182532	4.317959	6.673209
5056	12.524655	6.114398	6.213018	6.311637	6.213018	6.213018	3.747535	6.114398
5057	12.112112	5.605606	5.305305	6.106106	7.307307	5.105105	4.304304	5.705706
5058	13.412229	6.213018	6.804734	4.437870	6.114398	5.818540	4.930966	6.607495
5059	12.548638	6.031128	5.933852	5.252918	7.101167	5.739300	5.058366	6.712062
5060	12.091179	5.153617	6.937562	5.748266	7.036670	5.351833	4.459861	6.342914
5061	12.625251	6.012024	5.310621	5.811623	7.014028	5.611222	3.306613	6.513026
5062	11.500975	5.653021	5.360624	5.458090	6.432749	5.847953	4.288499	6.432749
5063	13.555992	6.188605	6.876228	4.223969	6.385069	6.090373	5.599214	6.483301
5064	14.106280	6.376812	5.507246	5.990338	7.053140	6.473430	4.444444	6.763285
5065	11.591356	4.911591	5.697446	5.893910	5.992141	5.304519	4.518664	5.206287
5066	12.139303	6.169154	5.771144	5.273632	7.462687	5.771144	3.880597	6.268657
5067	12.848606	5.876494	5.278884	6.075697	7.270916	5.876494	4.282869	6.075697
5068	11.046512	6.007752	6.492248	5.523256	5.910853	6.976744	5.523256	6.492248
5069	12.352941	5.588235	6.176471	4.803922	6.862745	5.882353	4.117647	7.058824
5070	13.627451	5.392157	5.784314	5.098039	7.058824	5.196078	4.607843	6.470588
5071	10.029499	5.604720	5.506391	4.326450	6.882989	5.801377	3.638151	6.784661
5072	11.758893	6.126482	6.324111	6.027668	7.114625	6.126482	4.841897	5.632411
5073	13.776016	5.946482	6.243806	4.558969	5.847374	6.739346	4.856293	6.838454
5074	12.662014	5.782652	5.782652	5.583250	7.178465	7.278166	4.087737	6.580259
5075	11.782178	6.633663	5.742574	5.148515	7.623762	6.237624	4.059406	5.643564
5076	12.121212	5.767351	5.376344	5.376344	6.060606	5.962854	4.203324	7.233627
5077	12.183236	5.263158	5.750487	4.775828	6.530214	5.360624	3.898635	7.894737
5078	11.886051	5.599214	5.697446	4.911591	6.876228	5.795678	4.911591	6.385069
5079	11.747285	5.725568	5.725568	4.244817	6.614018	7.008885	4.442251	6.021718
5080	11.816406	5.566406	6.054688	6.445312	5.859375	5.273438	4.296875	6.347656
5081	12.218964	5.767351	5.180841	5.865103	6.842620	6.451613	5.083089	6.842620
5082	13.372665	5.998033	6.096362	5.014749	6.096362	5.506391	4.129794	6.882989
5083	13.446215	5.876494	5.876494	5.677291	6.772908	5.776892	4.581673	6.772908
5084	10.976838	6.143001	6.646526	4.531722	6.445116	5.337362	4.431017	6.948640
5085	12.928501	5.288932	6.366308	4.799216	5.680705	6.268364	4.603330	7.541626
5086	12.562313	5.583250	5.184447	5.882353	5.284148	5.782652	4.785643	6.480558
5087	13.222331	5.582762	5.093046	5.680705	7.051910	5.093046	4.211557	7.247796
5088	13.170732	6.146341	7.121951	4.487805	5.658537	5.560976	4.975610	6.731707
5089	11.403509	5.458090	6.140351	6.140351	6.530214	5.458090	3.996101	5.945419
5090	12.560857	5.550146	6.231743	5.744888	6.718598	5.744888	4.576436	6.523856
5091	13.119534	5.636540	6.511176	4.859086	5.928086	5.442177	4.081633	6.997085
5092	11.957570	5.496625	5.882353	6.268081	5.978785	5.303761	5.110897	6.750241
5093	12.391094	5.614714	5.517909	4.646660	7.357212	5.421104	4.259439	7.260407
5094	10.646766	5.771144	5.174129	4.975124	6.169154	5.273632	4.975124	6.766169
5095	12.659470	5.593719	5.789990	4.906771	6.084396	6.084396	4.612365	6.280667
5096	13.004926	6.798030	5.418719	5.320197	6.108374	4.729064	4.137931	5.812808
5097	12.207031	5.468750	5.371094	5.566406	6.250000	6.933594	4.687500	6.640625
5098	11.512195	6.926829	5.756098	5.170732	5.853659	5.658537	4.780488	7.121951
5099	11.464355	4.913295	5.587669	5.684008	7.129094	5.587669	3.853565	6.262042
5100	12.277228	5.841584	6.336634	4.950495	7.029703	5.346535	4.158416	6.138614
5101	11.363636	5.632411	5.434783	4.841897	6.225296	5.533597	4.743083	7.213439
5102	11.553398	5.339806	6.407767	5.436893	6.310680	6.504854	4.563107	6.407767
5103	12.622309	4.990215	6.360078	5.088063	6.849315	6.653620	4.305284	6.262231
5104	11.197663	4.965920	5.939630	5.063291	5.647517	6.231743	4.284323	5.939630
5105	11.844660	6.116505	6.504854	5.242718	6.213592	5.728155	4.660194	5.728155
5106	13.078471	5.734406	5.533199	5.331992	6.639839	5.432596	4.728370	6.639839
5107	12.825651	6.112224	6.012024	4.609218	4.809619	6.012024	4.408818	6.513026
5108	11.557297	6.072478	6.758080	5.974535	6.268364	5.876592	3.917728	7.639569
5109	13.196481	5.669599	5.669599	6.353861	6.353861	5.669599	4.789834	6.256109
5110	12.878049	6.536585	5.853659	4.878049	5.853659	5.756098	4.390244	6.341463
5111	12.050534	4.956268	5.830904	5.830904	6.413994	6.025267	4.567541	6.997085
5112	11.467444	5.442177	6.511176	5.150632	6.025267	5.539359	4.956268	6.219631
5113	12.183236	5.555556	5.653021	4.873294	6.530214	4.775828	4.385965	6.140351
5114	13.418217	5.386876	6.268364	6.464251	6.366308	5.680705	4.015671	5.974535
5115	11.519364	6.156902	6.057597	5.759682	6.752731	5.362463	4.170804	6.653426
5116	11.507937	5.158730	5.853175	4.563492	6.051587	5.456349	4.861111	6.150794
5117	12.252964	5.632411	6.126482	5.237154	6.422925	5.533597	3.754941	6.324111
5118	11.881188	5.247525	5.841584	5.643564	5.643564	5.841584	4.554455	6.435644
5119	12.403101	5.135659	5.717054	5.426357	6.879845	5.523256	5.523256	6.104651
5120	11.425781	5.273438	6.347656	6.054688	6.933594	5.566406	4.199219	6.250000
5121	12.027833	5.964215	5.964215	5.765408	6.262425	5.666004	3.976143	6.560636
5122	11.941748	5.728155	6.310680	6.116505	6.310680	5.339806	3.398058	6.116505
5123	11.045365	5.719921	5.621302	4.930966	5.917160	6.311637	4.930966	6.508876
5124	13.095238	5.753968	6.448413	4.861111	6.250000	5.952381	5.357143	6.547619
5125	11.827957	5.180841	5.865103	5.180841	7.233627	5.474096	3.812317	7.429130
5126	11.277445	5.489022	6.187625	4.790419	6.487026	4.990020	4.091816	6.487026
5127	12.586037	5.899705	5.506391	5.014749	6.784661	6.293019	5.309735	6.588004
5128	10.854271	5.728643	5.527638	6.231156	6.532663	6.331658	4.120603	6.733668
5129	11.602753	5.014749	6.686332	6.489676	6.686332	5.408063	4.719764	5.899705
5130	13.425469	6.120434	6.021718	5.528134	7.502468	6.120434	5.231984	6.416584
5131	12.657005	6.086957	5.797101	5.120773	5.507246	5.410628	4.927536	6.376812
5132	12.843137	6.078431	6.176471	5.000000	6.274510	5.196078	3.823529	6.470588
5133	13.261297	5.992141	5.304519	5.500982	6.777996	5.599214	4.616896	6.581532
5134	11.403509	5.165692	6.432749	4.970760	5.360624	6.432749	4.093567	6.627680
5135	11.741683	6.164384	7.240705	5.479452	6.751468	5.968689	4.696673	7.240705
5136	12.000000	5.400000	5.700000	5.700000	6.100000	5.400000	4.500000	5.500000
5137	12.636816	5.572139	5.472637	5.273632	6.069652	5.273632	3.781095	7.263682
5138	11.671612	6.132542	6.330366	4.352127	6.033630	5.539070	4.451039	6.824926
5139	12.512315	5.714286	6.305419	5.517241	7.093596	6.108374	3.448276	6.502463
5140	12.682927	5.560976	6.341463	5.756098	5.756098	5.756098	4.000000	5.658537
5141	11.538462	5.226824	5.029586	5.325444	6.508876	6.508876	4.536489	6.804734
5142	12.861416	6.679960	5.982054	4.685942	6.480558	5.184447	3.688933	6.281157
5143	12.211538	5.769231	6.538462	4.615385	6.538462	5.384615	4.423077	6.250000
5144	13.209393	5.577299	6.066536	4.403131	6.653620	6.457926	3.816047	6.653620
5145	13.385827	5.807087	6.102362	5.413386	5.413386	6.102362	4.232283	5.905512
5146	13.951220	5.853659	6.048780	5.560976	6.634146	5.756098	4.000000	6.341463
5147	12.067260	5.637982	6.330366	4.846686	6.033630	5.242334	4.352127	6.528190
5148	11.907067	5.130687	6.098742	4.840271	6.873185	4.840271	4.453049	7.066796
5149	11.984283	5.893910	6.581532	5.304519	5.795678	6.286837	4.420432	6.385069
5150	11.143695	5.278592	6.353861	4.398827	5.865103	5.571848	3.519062	7.135875
5151	13.165537	5.711520	6.485963	6.195547	7.454017	6.001936	5.130687	6.969990
5152	10.314342	5.599214	5.304519	5.599214	7.170923	5.500982	4.125737	6.483301
5153	12.250996	5.976096	5.577689	5.677291	5.577689	5.976096	4.282869	5.677291
5154	12.941176	5.490196	6.176471	4.607843	5.882353	7.058824	4.901961	5.882353
5155	12.676056	5.432596	6.136821	4.325956	6.639839	5.432596	4.325956	6.136821
5156	12.277228	5.841584	5.940594	4.653465	6.435644	5.544554	3.960396	6.435644
5157	12.270531	5.507246	6.086957	5.410628	5.120773	6.473430	5.024155	6.763285
5158	13.524186	5.626851	6.515301	5.626851	5.133268	6.021718	4.442251	7.601185
5159	12.327416	5.719921	5.917160	4.930966	6.903353	6.607495	3.550296	6.311637
5160	12.723658	5.268390	5.268390	4.771372	6.361829	5.765408	4.671968	5.467197
5161	11.776251	4.906771	5.593719	5.495584	5.986261	5.691855	4.317959	6.869480
5162	12.789527	5.337362	5.438066	4.632427	7.452165	5.840886	4.632427	5.337362
5163	12.659470	5.986261	6.182532	5.495584	5.986261	4.906771	4.317959	6.575074
5164	12.500000	5.645161	5.544355	5.645161	5.745968	5.241935	5.040323	6.149194
5165	13.438735	5.830040	5.335968	5.039526	7.608696	5.237154	3.853755	6.324111
5166	13.098729	5.962854	6.353861	5.767351	5.865103	5.962854	4.301075	7.038123
5167	11.100292	5.452775	6.329114	5.744888	5.452775	5.550146	5.258033	6.621227
5168	11.787440	6.086957	5.893720	5.603865	6.376812	5.217391	4.830918	6.570048
5169	11.515748	5.807087	5.610236	5.216535	6.791339	5.610236	4.822835	6.397638
5170	10.789981	4.913295	6.551060	5.780347	7.321773	5.491329	4.142582	6.743738
5171	12.252964	5.335968	6.027668	4.841897	6.422925	6.521739	4.150198	7.509881
5172	13.529412	5.882353	6.078431	5.196078	6.960784	5.980392	4.901961	5.784314
5173	10.856574	5.677291	5.478088	4.681275	7.171315	4.780876	3.784861	6.075697
5174	11.428571	5.615764	6.699507	5.418719	6.600985	6.699507	4.236453	6.502463
5175	12.790698	5.620155	6.298450	4.651163	5.426357	6.395349	4.069767	6.879845
5176	12.031558	5.424063	5.029586	6.311637	5.424063	5.917160	4.043393	6.607495
5177	12.475248	5.247525	5.940594	4.950495	6.237624	5.544554	3.663366	7.326733
5178	12.612613	4.804805	5.905906	4.204204	7.007007	6.006006	4.004004	7.007007
5179	12.242899	5.582762	5.778648	6.268364	5.484819	5.288932	4.211557	6.464251
5180	12.524851	5.666004	6.361829	4.970179	6.958250	5.566600	3.677932	7.355865
5181	12.872238	5.091258	5.667627	5.379443	6.628242	5.859750	4.995197	6.820365
5182	12.094395	5.703048	6.293019	5.211406	5.998033	6.096362	4.228122	6.293019
5183	12.711023	5.858987	6.156902	4.568024	6.156902	5.163853	4.369414	6.057597
5184	12.768031	5.165692	5.555556	5.165692	6.920078	5.458090	3.996101	7.407407
5185	11.902439	5.170732	5.756098	4.585366	6.048780	5.853659	4.000000	5.853659
5186	12.451737	6.563707	5.791506	5.694981	4.536680	5.888031	4.054054	6.081081
5187	12.673267	6.633663	6.237624	5.742574	6.237624	5.940594	4.950495	5.841584
5188	13.565891	5.910853	5.523256	5.426357	7.267442	5.620155	4.554264	6.976744
5189	12.019704	6.502463	6.009852	5.418719	7.192118	6.403941	5.024631	6.403941
5190	13.721619	4.837117	5.034551	6.317868	6.219151	5.626851	3.751234	4.738401
5191	12.893701	5.019685	6.102362	5.216535	6.692913	4.921260	5.019685	6.496063
5192	12.797619	5.654762	5.853175	4.861111	5.456349	5.357143	3.670635	6.845238
5193	11.584158	5.841584	5.544554	5.049505	6.138614	6.237624	3.366337	6.831683
5194	11.839530	6.360078	4.990215	4.403131	6.555773	4.598826	4.109589	6.555773
5195	13.004926	5.517241	5.812808	4.729064	6.305419	5.418719	3.546798	7.684729
5196	11.414634	6.048780	5.268293	5.268293	7.024390	5.560976	3.609756	6.439024
5197	12.709360	5.123153	5.517241	5.812808	6.896552	5.418719	4.236453	6.108374
5198	11.144279	6.169154	5.273632	5.572139	7.263682	5.970149	4.179104	6.467662
5199	12.103175	5.853175	6.250000	5.654762	5.456349	6.845238	4.662698	7.242063
5200	13.287402	5.511811	5.610236	5.610236	5.413386	5.216535	4.330709	6.988189
5201	13.796477	5.675147	6.947162	5.185910	6.164384	5.968689	4.207436	6.751468
5202	13.969849	6.231156	5.829146	5.226131	6.633166	5.226131	4.321608	5.527638
5203	11.968348	6.033630	6.033630	4.549951	5.934718	5.736894	3.560831	6.726014
5204	11.665005	5.583250	6.181456	5.982054	6.879362	5.882353	4.586241	5.084746
5205	11.747573	5.048544	6.213592	4.466019	6.796117	5.922330	4.174757	6.213592
5206	13.690476	5.456349	6.349206	5.555556	6.646825	5.952381	4.861111	5.456349
5207	13.132296	6.031128	5.447471	5.058366	5.544747	5.642023	4.182879	6.128405
5208	13.658537	5.463415	6.731707	4.585366	6.731707	5.756098	4.292683	6.634146
5209	12.349398	6.024096	6.425703	5.522088	5.722892	5.923695	3.915663	6.425703
5210	13.021869	6.262425	5.566600	5.268390	6.858847	6.163022	4.174950	6.660040
5211	12.402344	4.785156	5.468750	4.882812	5.761719	6.250000	5.078125	6.054688
5212	12.312312	5.405405	5.905906	6.306306	7.007007	5.405405	3.803804	6.106106
5213	13.056093	5.319149	5.899420	5.512573	5.512573	6.189555	4.255319	7.253385
5214	12.812813	5.305305	5.505506	4.404404	5.805806	6.006006	3.803804	6.606607
5215	11.500975	5.458090	5.750487	5.165692	6.042885	5.458090	3.703704	5.945419
5216	11.343284	6.467662	5.373134	4.477612	5.870647	5.174129	3.880597	7.363184
5217	10.850440	5.180841	6.451613	5.083089	6.060606	6.060606	5.083089	6.744868
5218	12.660732	4.945598	5.242334	6.033630	6.132542	5.341246	3.956479	6.231454
5219	13.346418	5.495584	5.789990	5.103042	5.691855	5.593719	4.023553	5.789990
5220	14.157527	5.682951	6.081755	5.084746	7.178465	5.682951	4.685942	5.882353
5221	12.224449	5.711423	5.611222	4.809619	7.214429	5.410822	3.406814	5.911824
5222	11.519364	5.858987	5.858987	5.263158	6.156902	5.163853	4.170804	5.759682
5223	11.953353	5.636540	6.997085	4.859086	7.094266	5.636540	3.887269	6.705539
5224	12.598425	5.905512	5.216535	6.003937	6.594488	6.003937	5.413386	6.889764
5225	13.452028	5.637982	5.143422	5.242334	5.736894	4.846686	4.253215	6.528190
5226	12.573674	5.893910	5.992141	6.188605	5.795678	5.697446	4.322200	6.483301
5227	11.000991	5.550050	6.243806	5.351833	6.541130	5.847374	4.459861	6.243806
5228	13.163065	5.992141	6.188605	4.027505	5.992141	5.697446	4.223969	6.483301
5229	11.822660	5.221675	4.926108	4.236453	5.517241	5.123153	5.123153	6.896552
5230	11.507937	5.952381	5.456349	5.753968	5.753968	4.960317	3.670635	7.242063
5231	12.988281	5.078125	6.738281	6.933594	5.957031	5.761719	3.906250	7.031250
5232	12.438786	6.562194	6.170421	4.505387	6.464251	5.093046	4.505387	6.366308
5233	13.235294	6.764706	5.588235	5.980392	6.568627	6.176471	3.921569	5.980392
5234	12.304688	5.175781	6.445312	5.468750	6.933594	5.957031	4.492188	7.324219
5235	12.872238	5.571566	6.436119	6.532181	7.012488	5.571566	3.842459	6.051873
5236	12.173913	6.183575	6.183575	5.507246	6.086957	5.700483	4.541063	6.473430
5237	11.723447	5.511022	6.513026	5.711423	6.412826	6.012024	4.609218	6.813627
5238	11.707317	5.560976	5.658537	5.170732	6.731707	6.048780	4.487805	6.731707
5239	12.743191	5.350195	6.031128	5.739300	7.101167	6.225681	4.669261	6.517510
5240	11.711712	6.606607	6.506507	5.805806	6.206206	6.106106	4.404404	6.506507
5241	11.252446	5.968689	5.968689	5.283757	7.142857	5.381605	4.892368	6.653620
5242	11.678116	5.004907	5.888126	5.495584	6.280667	5.888126	5.299313	6.476938
5243	11.318898	5.807087	5.118110	5.216535	6.299213	6.496063	4.035433	6.003937
5244	11.747285	5.626851	6.120434	4.935834	7.403751	5.725568	4.837117	6.120434
5245	11.668274	5.303761	5.496625	6.075217	6.557377	4.725169	4.435873	6.460945
5246	13.378248	6.256015	6.544755	5.389798	6.352262	6.544755	4.331088	6.833494
5247	12.881023	6.096362	5.998033	5.014749	6.588004	5.703048	4.621436	4.818092
5248	12.376238	5.940594	5.643564	5.445545	6.732673	5.940594	4.554455	6.732673
5249	11.653386	6.374502	6.972112	5.079681	6.673307	5.179283	4.681275	6.474104
5250	12.190287	4.955401	4.757185	6.342914	5.450942	5.748266	3.865213	5.847374
5251	11.810261	5.227493	6.389158	5.517909	5.808325	6.195547	4.646660	7.066796
5252	12.185687	5.802708	5.222437	5.996132	6.382979	5.415861	4.061896	7.350097
5253	12.050534	6.122449	5.539359	6.413994	7.968902	5.928086	3.692906	6.802721
5254	12.067260	5.835806	6.132542	5.242334	6.330366	6.231454	3.659743	6.528190
5255	12.877264	5.734406	6.438632	5.231388	6.136821	5.633803	4.225352	7.243461
5256	11.684518	6.134372	6.329114	6.037001	5.744888	5.939630	4.673807	6.231743
5257	13.132296	5.544747	6.031128	5.836576	6.225681	5.058366	4.571984	6.712062
5258	13.082260	6.442022	6.144698	4.856293	6.937562	5.748266	4.856293	6.144698
5259	13.830846	5.572139	5.273632	4.975124	5.273632	6.666667	4.776119	6.865672
5260	11.811812	5.505506	6.106106	5.605606	6.206206	5.605606	3.803804	6.106106
5261	12.462908	5.341246	5.637982	5.044510	6.923838	5.143422	3.758655	7.418398
5262	12.810328	5.263158	5.362463	4.965243	5.561072	6.355511	3.773585	6.951341
5263	12.154150	5.138340	5.731225	5.335968	7.114625	5.039526	3.754941	6.521739
5264	11.370262	5.733722	6.511176	5.344995	6.219631	5.539359	5.053450	6.705539
5265	12.865497	5.360624	7.115010	4.191033	7.017544	6.432749	5.068226	6.140351
5266	12.103175	5.753968	5.753968	5.257937	7.242063	5.952381	4.365079	6.448413
5267	11.969112	5.984556	5.598456	5.598456	5.115830	6.563707	3.667954	6.081081
5268	12.597656	5.273438	5.468750	5.664062	5.761719	5.859375	3.515625	6.738281
5269	12.256809	5.350195	5.544747	5.544747	6.322957	6.420233	5.252918	6.712062
5270	12.426614	4.990215	6.164384	6.360078	6.262231	6.262231	4.990215	6.262231
5271	12.085770	4.970760	5.750487	5.847953	6.042885	6.530214	3.898635	6.627680
5272	12.209302	6.298450	6.298450	5.232558	6.395349	5.426357	4.069767	6.589147
5273	12.463768	5.797101	5.893720	5.797101	5.507246	5.990338	3.381643	6.859903
5274	12.074002	5.160662	5.258033	5.744888	5.744888	6.231743	4.771178	6.329114
5275	11.932939	5.226824	5.917160	5.226824	6.015779	6.114398	5.128205	7.100592
5276	13.090551	5.708661	6.594488	4.625984	6.102362	6.496063	4.625984	7.381890
5277	12.082515	6.286837	6.483301	5.500982	7.269155	5.402750	3.929273	6.581532
5278	13.043478	5.632411	4.841897	5.731225	6.521739	6.027668	4.644269	6.027668
5279	12.792969	5.761719	5.957031	5.175781	6.054688	6.152344	4.003906	7.128906
5280	11.752988	5.976096	6.175299	5.577689	6.972112	6.175299	4.482072	6.972112
5281	11.886051	5.500982	5.500982	4.715128	6.777996	5.402750	3.732809	7.269155
5282	14.048780	6.048780	6.341463	5.560976	7.512195	6.146341	3.707317	6.926829
5283	11.706349	6.250000	6.646825	5.158730	6.845238	5.158730	3.869048	6.051587
5284	11.712598	4.921260	4.921260	5.905512	5.610236	6.102362	4.429134	5.708661
5285	12.133072	5.870841	6.164384	5.283757	6.555773	6.066536	3.913894	6.849315
5286	13.955823	6.325301	5.923695	4.518072	7.429719	5.823293	3.915663	6.325301
5287	12.803104	5.916586	5.916586	4.849661	6.110572	5.625606	5.140640	6.983511
5288	12.922465	5.268390	6.759443	5.864811	5.367793	5.268390	5.168986	4.970179
5289	13.542689	6.084396	6.771344	5.691855	5.789990	5.789990	4.808636	5.789990
5290	12.154150	5.731225	5.928854	5.731225	5.039526	6.225296	5.138340	6.916996
5291	12.301587	5.654762	6.051587	4.960317	6.051587	6.349206	4.166667	6.250000
5292	12.957468	5.736894	6.033630	4.648863	7.121662	5.835806	4.055391	6.627102
5293	12.780488	5.756098	5.853659	5.756098	5.756098	6.243902	4.195122	5.951220
5294	12.301587	4.464286	5.753968	5.952381	7.043651	6.448413	4.960317	6.547619
5295	12.130178	5.917160	6.311637	5.719921	6.410256	5.522682	3.648915	6.508876
5296	11.045943	6.158358	6.256109	6.256109	7.038123	5.278592	4.887586	6.647116
5297	12.088975	5.415861	6.092843	5.222437	5.899420	5.802708	4.255319	7.350097
5298	13.470993	5.899705	5.211406	5.998033	6.784661	6.489676	3.343166	6.686332
5299	12.303150	5.807087	5.708661	4.921260	7.480315	5.216535	5.118110	6.988189
5300	11.816406	5.273438	5.468750	5.468750	6.250000	6.054688	4.199219	5.468750
5301	11.661808	5.830904	5.733722	5.928086	7.968902	6.413994	4.956268	6.316812
5302	13.009709	5.339806	6.116505	4.660194	6.796117	5.728155	4.563107	6.310680
5303	11.595639	5.847374	6.243806	5.153617	6.243806	6.045590	4.261645	6.640238
5304	12.970297	5.643564	6.336634	5.346535	7.227723	5.247525	4.455446	6.435644
5305	13.030602	5.725568	5.528134	6.021718	7.699901	5.231984	4.146101	6.416584
5306	13.516161	5.876592	5.680705	5.288932	7.051910	5.876592	4.505387	6.366308
5307	11.835507	5.917753	6.519559	5.416249	7.021063	5.817452	3.811434	6.018054
5308	12.015889	5.759682	5.263158	5.858987	6.653426	5.263158	4.965243	6.256207
5309	13.946588	6.033630	6.033630	5.044510	6.726014	5.440158	4.352127	7.121662
5310	11.530815	5.566600	5.566600	5.069583	5.964215	5.666004	5.467197	7.057654
5311	12.103175	5.853175	5.158730	4.960317	6.845238	6.150794	3.869048	6.051587
5312	13.064833	5.304519	5.009823	5.108055	5.992141	5.500982	4.420432	6.679764
5313	12.500000	5.523256	6.201550	5.135659	5.620155	5.910853	4.844961	6.589147
5314	11.287129	5.247525	5.544554	4.851485	6.534653	5.643564	4.059406	6.039604
5315	13.248283	5.103042	5.789990	4.317959	6.575074	5.789990	4.317959	6.869480
5316	12.549020	5.686275	5.686275	5.686275	5.098039	6.470588	3.725490	6.666667
5317	13.262343	5.421104	6.485963	4.646660	6.969990	6.485963	4.065828	6.195547
5318	11.928429	5.666004	5.864811	5.367793	6.560636	5.367793	5.168986	6.560636
5319	12.751004	5.321285	5.321285	5.722892	5.823293	5.120482	5.120482	5.220884
5320	12.833169	5.626851	5.528134	6.120434	5.429418	6.120434	4.146101	6.120434
5321	12.159533	5.447471	6.322957	5.058366	6.322957	6.031128	4.961089	7.003891
5322	13.473054	5.489022	6.187625	4.191617	5.888224	6.387226	3.992016	6.187625
5323	11.964981	5.836576	5.933852	4.571984	7.392996	5.544747	4.571984	6.712062
5324	13.247012	6.175299	5.976096	4.880478	6.474104	6.175299	4.581673	7.171315
5325	12.609117	6.013579	6.304559	5.237633	5.140640	6.110572	4.170708	6.595538
5326	13.333333	5.392157	6.274510	4.901961	6.960784	5.882353	5.098039	7.450980
5327	11.992263	5.705996	5.319149	5.512573	6.479691	5.899420	3.868472	6.769826
5328	10.541586	5.705996	4.835590	4.545455	6.382979	5.512573	4.932302	5.996132
5329	12.500000	5.654762	6.944444	5.555556	6.250000	6.845238	5.158730	6.845238
5330	12.338308	5.870647	6.069652	5.771144	5.671642	6.368159	4.079602	6.766169
5331	11.964981	5.642023	6.031128	4.961089	6.031128	5.739300	4.669261	6.517510
5332	13.365385	6.250000	6.250000	5.000000	5.576923	5.096154	4.038462	7.692308
5333	12.599206	6.051587	5.357143	4.563492	6.845238	5.952381	4.265873	7.043651
5334	11.827957	5.767351	5.767351	4.985337	6.549365	5.474096	4.203324	6.549365
5335	13.618677	6.322957	6.225681	5.544747	7.782101	6.128405	4.085603	6.420233
5336	13.378906	4.492188	6.054688	5.371094	6.933594	6.152344	3.808594	6.738281
5337	13.583815	6.358382	6.358382	4.527938	5.780347	6.358382	4.720617	7.129094
5338	13.229572	6.322957	4.863813	5.933852	6.809339	5.252918	4.377432	5.739300
5339	12.900000	5.200000	6.200000	5.300000	6.500000	6.500000	4.100000	6.400000
5340	12.823062	5.168986	6.361829	5.268390	5.566600	5.964215	4.970179	5.467197
5341	11.980198	6.336634	5.841584	5.940594	6.534653	5.742574	4.257426	6.435644
5342	12.738215	6.018054	5.917753	5.015045	5.516550	6.318957	4.814443	5.717151
5343	11.209440	5.408063	7.079646	5.506391	5.506391	5.604720	3.933137	5.899705
5344	12.097561	5.756098	6.048780	5.853659	6.731707	5.951220	4.000000	6.634146
5345	11.776251	5.691855	5.299313	4.514230	5.691855	6.084396	4.023553	7.458292
5346	11.890838	6.335283	5.945419	6.140351	6.042885	5.263158	4.775828	7.017544
5347	12.584054	5.667627	5.571566	5.187320	5.955812	5.955812	4.610951	6.532181
5348	13.102119	5.298651	5.684008	5.491329	6.358382	5.684008	5.009634	6.358382
5349	10.989011	5.694306	5.694306	5.794206	6.593407	5.594406	4.095904	5.894106
5350	13.168317	5.643564	5.940594	4.950495	5.742574	5.643564	4.554455	6.633663
5351	12.884044	4.955401	5.748266	5.351833	5.946482	5.748266	4.063429	6.342914
5352	13.729309	5.939630	6.815969	5.063291	6.329114	5.744888	3.894839	6.815969
5353	11.602753	6.096362	4.916421	4.523107	7.866273	6.489676	4.326450	6.293019
5354	12.043435	6.120434	6.219151	5.725568	6.021718	5.725568	4.540967	5.824284
5355	12.097561	5.853659	4.975610	5.756098	6.146341	5.853659	4.585366	5.951220
5356	11.579980	5.397448	4.906771	5.986261	7.360157	5.888126	4.612365	6.771344
5357	12.688822	5.740181	5.740181	5.538771	6.545821	6.143001	4.330312	5.840886
5358	12.613522	5.449041	6.659939	4.439960	5.751766	6.559031	4.540868	7.265388
5359	12.906404	5.418719	6.108374	4.630542	6.600985	5.911330	4.926108	6.403941
5360	13.431373	6.274510	5.882353	4.509804	6.274510	5.196078	4.313725	5.784314
5361	11.359223	5.631068	6.019417	5.242718	6.893204	4.660194	4.174757	5.922330
5362	12.610837	5.320197	5.812808	4.433498	5.714286	6.502463	3.940887	6.108374
5363	13.000978	5.865103	6.256109	5.571848	5.865103	5.571848	3.910068	6.451613
5364	14.019608	5.784314	6.666667	6.862745	6.078431	5.784314	5.000000	6.176471
5365	12.732615	6.170421	6.170421	5.386876	6.170421	4.995103	4.113614	7.247796
5366	13.077679	5.703048	6.784661	5.703048	7.472960	5.899705	4.818092	6.882989
5367	11.519845	5.517909	5.421104	4.646660	6.389158	5.517909	4.840271	6.292352
5368	12.265084	5.440158	6.231454	5.539070	7.418398	6.132542	4.549951	6.923838
5369	12.031558	5.818540	6.213018	4.832347	6.706114	5.719921	4.240631	7.396450
5370	12.837838	6.177606	5.019305	5.694981	5.598456	6.370656	3.957529	6.177606
5371	12.770138	5.992141	4.911591	4.911591	5.697446	5.893910	4.616896	5.893910
5372	12.887113	7.192807	5.794206	4.495504	6.393606	5.894106	4.495504	6.393606
5373	12.401575	5.511811	6.496063	4.921260	6.397638	5.610236	4.232283	7.086614
5374	13.495146	5.728155	4.854369	5.145631	6.699029	5.922330	4.466019	6.310680
5375	12.195122	5.560976	6.146341	5.268293	5.951220	6.146341	4.195122	6.536585
5376	13.478692	5.450942	6.640238	6.045590	6.342914	6.342914	4.955401	6.342914
5377	11.689587	5.500982	6.188605	4.813360	6.581532	6.090373	4.518664	7.269155
5378	10.682493	5.143422	5.637982	6.330366	7.220574	5.637982	4.451039	6.033630
5379	11.473788	5.539070	5.440158	5.637982	5.440158	5.539070	3.857567	6.330366
5380	12.301587	5.357143	6.250000	5.257937	6.646825	6.646825	4.464286	7.043651
5381	13.261297	5.304519	6.090373	5.108055	6.777996	5.402750	4.125737	6.777996
5382	12.931885	5.034551	5.824284	5.528134	7.403751	5.626851	4.047384	6.712734
5383	11.266201	6.181456	6.380857	5.682951	5.882353	5.383848	4.087737	6.081755
5384	14.186508	5.753968	5.753968	4.662698	5.456349	5.654762	4.563492	6.845238
5385	12.950341	4.965920	5.355404	6.231743	5.744888	5.744888	3.505355	6.231743
5386	11.523046	5.210421	6.112224	4.308617	8.016032	5.711423	5.210421	6.412826
5387	13.837095	5.691855	5.397448	5.201178	6.280667	5.691855	3.827282	6.771344
5388	10.889111	6.393606	6.193806	5.594406	5.894106	6.493506	3.596404	6.793207
5389	12.087912	5.894106	5.694306	4.895105	6.393606	6.193806	4.095904	6.893107
5390	12.931885	6.317868	5.231984	6.317868	5.528134	5.330701	5.133268	5.923001
5391	13.018322	6.460945	5.207329	5.110897	5.593057	5.303761	4.146577	6.268081
5392	13.942308	6.346154	6.442308	5.288462	6.730769	6.346154	4.326923	7.307692
5393	11.354582	6.474104	4.980080	6.772908	5.478088	6.075697	3.984064	6.175299
5394	12.561820	6.231454	5.539070	5.934718	6.726014	5.044510	4.253215	6.231454
5395	11.770428	5.544747	6.128405	5.836576	7.003891	5.933852	4.280156	6.614786
5396	12.610837	5.221675	5.517241	4.334975	7.192118	5.911330	4.236453	6.305419
5397	13.145083	6.037001	5.842259	5.452775	5.258033	6.134372	4.965920	6.329114
5398	14.115308	5.765408	5.666004	5.666004	6.063618	5.964215	4.671968	7.455268
5399	13.229572	6.128405	6.420233	4.863813	5.836576	5.058366	4.766537	5.544747
5400	11.143984	5.325444	4.832347	5.325444	7.001972	5.029586	4.142012	5.917160
5401	13.179074	5.533199	5.835010	4.929577	5.432596	6.338028	4.929577	7.042254
5402	13.000978	6.353861	5.376344	5.083089	6.451613	5.767351	4.301075	6.647116
5403	12.326044	5.964215	6.063618	4.671968	6.759443	6.063618	5.069583	6.063618
5404	12.647059	5.686275	6.274510	5.882353	6.470588	6.078431	5.196078	7.254902
5405	11.914062	5.468750	6.152344	4.785156	5.175781	5.859375	4.589844	6.445312
5406	11.352419	4.738401	5.824284	5.528134	7.107601	5.626851	4.738401	6.712734
5407	12.915851	6.066536	6.066536	5.675147	5.088063	4.990215	4.500978	7.045010
5408	12.166172	5.934718	6.330366	5.440158	7.121662	5.637982	4.648863	6.726014
5409	13.026052	6.513026	6.112224	5.010020	6.613226	5.611222	4.208417	6.012024
5410	12.658228	5.744888	6.329114	5.063291	5.744888	5.452775	3.992210	5.744888
5411	13.569322	5.899705	5.604720	6.391347	5.506391	5.506391	4.031465	6.194690
5412	11.741683	5.968689	6.360078	4.892368	5.968689	5.968689	5.283757	6.849315
5413	12.327416	6.114398	5.621302	5.522682	5.226824	5.424063	4.142012	6.213018
5414	12.412412	5.705706	6.206206	5.405405	6.406406	6.206206	4.104104	7.007007
5415	12.244898	6.316812	6.122449	5.053450	5.539359	5.053450	4.081633	6.511176
5416	12.974052	6.187625	5.489022	4.790419	5.888224	5.888224	4.391218	6.387226
5417	13.268293	6.048780	5.365854	4.975610	5.853659	5.658537	4.390244	6.243902
5418	13.275194	6.686047	6.007752	5.620155	6.782946	6.686047	4.069767	5.523256
5419	13.769531	6.738281	6.640625	6.542969	6.445312	6.152344	4.687500	7.324219
5420	13.455954	5.711520	6.389158	5.227493	7.163601	5.033882	5.227493	7.066796
5421	12.462908	5.440158	5.637982	5.934718	5.539070	5.044510	4.451039	6.429278
5422	11.799410	5.998033	5.604720	5.211406	8.259587	5.506391	4.228122	7.079646
5423	12.286002	4.833837	5.236657	4.733132	5.337362	6.143001	4.229607	7.250755
5424	12.280702	6.335283	5.750487	5.458090	6.432749	5.263158	4.775828	6.140351
5425	12.204724	5.118110	5.314961	6.003937	6.496063	6.200787	4.232283	7.874016
5426	12.609971	5.376344	6.158358	5.083089	5.278592	6.060606	4.398827	6.647116
5427	12.027158	5.722599	5.625606	5.819593	5.334627	5.916586	3.588749	6.692532
5428	13.140097	5.603865	5.217391	5.797101	6.183575	6.086957	4.637681	6.280193
5429	11.811024	5.807087	6.200787	5.413386	6.200787	5.610236	4.822835	6.692913
5430	11.643836	5.577299	5.968689	5.088063	5.577299	5.577299	4.305284	6.457926
5431	13.489736	5.669599	6.451613	5.278592	5.767351	5.669599	4.692082	7.135875
5432	12.058824	6.666667	5.490196	4.411765	6.372549	5.294118	4.313725	5.882353
5433	12.848606	5.179283	5.577689	4.980080	6.374502	5.976096	4.282869	5.776892
5434	12.587413	6.193806	6.393606	4.795205	6.093906	5.094905	3.496503	5.594406
5435	12.537019	6.120434	5.824284	5.330701	6.416584	5.231984	4.442251	6.021718
5436	12.402344	5.859375	5.859375	5.468750	6.640625	5.371094	4.296875	5.664062
5437	12.707722	5.180841	6.060606	4.789834	7.233627	6.647116	4.594330	6.744868
5438	11.707317	6.243902	6.048780	5.463415	5.853659	4.878049	4.292683	6.439024
5439	12.682927	6.243902	6.146341	5.073171	6.829268	5.268293	4.975610	5.853659
5440	13.026445	5.876592	5.974535	4.309500	5.680705	5.093046	4.407444	6.758080
5441	12.082515	5.992141	6.385069	6.090373	6.385069	6.090373	4.420432	5.992141
5442	13.306852	5.958292	6.355511	5.561072	4.766634	5.660377	3.972195	6.156902
5443	10.990099	4.752475	4.752475	6.039604	5.544554	5.940594	3.762376	5.544554
5444	12.304688	5.859375	6.250000	5.371094	5.664062	6.640625	4.199219	6.835938
5445	12.782694	6.489676	5.309735	4.818092	5.703048	5.604720	5.211406	6.686332
5446	12.852970	5.939630	5.550146	6.037001	6.426485	5.647517	4.089581	5.452775
5447	12.944664	4.644269	6.126482	5.632411	6.521739	4.841897	3.853755	6.521739
5448	12.830558	5.190989	5.876592	5.288932	6.660137	5.484819	4.701273	5.974535
5449	13.228036	6.219151	6.515301	5.429418	7.403751	6.317868	4.540967	5.824284
5450	13.500000	5.100000	5.700000	5.400000	7.400000	6.300000	4.100000	6.400000
5451	10.770751	5.237154	5.731225	5.830040	6.422925	6.620553	4.644269	5.434783
5452	13.235294	5.784314	6.176471	5.686275	5.196078	6.470588	4.705882	6.470588
5453	14.201183	5.424063	5.719921	5.226824	5.029586	6.213018	4.733728	6.607495
5454	10.770751	4.841897	5.830040	5.928854	5.731225	6.818182	4.545455	7.509881
5455	12.301587	6.150794	6.448413	5.456349	6.250000	5.456349	4.563492	6.547619
5456	12.450593	5.237154	5.632411	5.533597	6.324111	6.225296	4.347826	5.632411
5457	11.932939	5.325444	6.607495	6.410256	6.410256	5.818540	4.043393	6.114398
5458	12.843137	5.392157	6.078431	4.705882	6.176471	5.882353	4.509804	6.862745
5459	12.890625	5.468750	6.054688	4.980469	6.738281	6.347656	5.078125	7.324219
5460	10.843373	5.120482	5.220884	5.421687	6.425703	6.224900	4.317269	5.923695
5461	12.413793	5.812808	5.615764	4.926108	5.812808	6.009852	4.137931	6.896552
5462	11.243781	5.671642	6.268657	4.676617	7.064677	5.373134	3.880597	6.368159
5463	12.872238	6.532181	6.532181	5.283381	6.147935	5.667627	3.842459	6.243996
5464	11.584158	5.841584	5.445545	5.148515	5.940594	4.950495	4.455446	6.633663
5465	12.990937	5.740181	6.143001	5.236657	6.042296	5.538771	4.229607	7.150050
5466	13.806706	6.114398	6.213018	5.226824	5.719921	6.015779	4.536489	6.410256
5467	13.700000	5.600000	6.100000	5.900000	6.700000	5.900000	4.300000	5.900000
5468	11.707317	5.268293	5.560976	4.487805	5.463415	5.756098	4.487805	6.634146
5469	12.108981	5.146317	5.953582	4.339051	5.650858	6.962664	4.137235	6.256307
5470	12.833169	5.923001	5.330701	4.837117	5.824284	5.824284	3.553801	6.712734
5471	13.108242	4.965243	5.064548	5.759682	6.256207	5.561072	4.667329	6.752731
5472	11.799410	5.113078	6.784661	6.293019	5.899705	5.604720	3.933137	6.882989
5473	11.968348	5.341246	5.539070	5.637982	5.736894	6.033630	3.956479	6.429278
5474	11.337209	6.298450	4.844961	4.844961	6.686047	5.813953	4.554264	6.201550
5475	12.233010	5.922330	5.436893	5.631068	6.796117	4.854369	4.466019	6.601942
5476	11.078717	6.316812	5.636540	5.539359	6.705539	5.539359	4.470360	6.219631
5477	12.753623	5.893720	5.797101	6.280193	6.763285	5.700483	4.927536	6.473430
5478	13.444553	5.986261	5.888126	4.416094	6.378803	6.967615	4.121688	6.869480
5479	12.868369	6.679764	5.304519	4.813360	5.992141	5.893910	4.125737	5.992141
5480	12.387612	5.294705	6.893107	5.194805	5.294705	5.094905	4.895105	7.092907
5481	12.574850	5.489022	6.387226	5.089820	5.189621	5.788423	4.491018	6.786427
5482	11.770428	5.642023	5.739300	6.712062	6.322957	5.350195	4.182879	6.322957
5483	13.704071	5.561072	6.156902	4.468719	6.355511	5.263158	4.071500	6.951341
5484	11.736178	5.140640	6.401552	5.431620	8.244423	5.722599	4.655674	7.080504
5485	12.280702	6.237817	5.555556	5.165692	6.627680	6.042885	3.801170	6.725146
5486	12.560386	6.183575	5.797101	4.927536	6.183575	4.830918	4.927536	6.666667
5487	12.586037	5.899705	5.801377	5.703048	6.489676	5.703048	5.113078	7.079646
5488	13.618677	5.252918	6.420233	4.571984	6.322957	7.879377	3.599222	7.101167
5489	12.156863	5.392157	6.274510	5.000000	6.764706	5.294118	4.117647	7.156863
5490	12.657005	6.183575	6.183575	5.410628	5.603865	5.603865	4.444444	6.473430
5491	11.263467	5.484819	5.680705	4.897160	6.562194	5.778648	4.113614	7.639569
5492	12.988281	5.664062	5.859375	5.273438	7.031250	5.468750	4.101562	7.226562
5493	12.450593	5.928854	6.027668	4.347826	6.422925	6.126482	4.347826	5.830040
5494	12.997090	5.722599	5.819593	5.334627	6.789525	5.431620	4.170708	6.595538
5495	12.996032	5.654762	6.250000	5.456349	6.845238	5.853175	4.861111	6.150794
5496	12.180747	5.795678	6.483301	5.795678	5.893910	5.697446	4.813360	6.286837
5497	13.524186	5.626851	5.231984	5.330701	5.824284	5.626851	4.146101	5.923001
5498	10.816126	5.998033	6.588004	5.703048	6.489676	5.998033	4.818092	6.096362
5499	13.064833	5.206287	5.795678	5.893910	5.992141	5.500982	3.634578	5.992141
5500	11.658291	6.030151	5.527638	5.025126	4.824121	6.231156	3.216080	6.231156
5501	12.282398	5.222437	5.609284	5.029014	5.319149	6.769826	3.868472	6.963250
5502	12.682927	5.463415	5.268293	5.951220	7.024390	6.048780	4.487805	6.243902
5503	11.822660	5.221675	5.911330	4.532020	6.206897	6.206897	4.334975	7.093596
5504	11.445783	5.722892	5.220884	6.124498	5.522088	6.526104	3.714859	5.522088
5505	11.230469	5.761719	6.054688	5.078125	7.226562	6.445312	4.785156	6.445312
5506	12.082515	5.500982	6.286837	4.518664	6.483301	5.009823	4.616896	6.876228
5507	11.810261	5.421104	5.711520	4.743466	6.679574	5.227493	3.872217	6.582769
5508	13.425469	5.725568	6.219151	4.738401	6.712734	6.811451	4.935834	4.738401
5509	13.209393	5.870841	5.675147	5.283757	6.849315	5.479452	3.913894	6.849315
5510	13.765978	5.899705	5.899705	5.113078	6.588004	6.293019	4.621436	6.391347
5511	13.026445	5.190989	5.680705	4.505387	5.093046	5.778648	4.505387	6.366308
5512	11.746988	5.522088	6.726908	5.321285	6.024096	6.224900	4.216867	6.224900
5513	11.902439	4.975610	5.756098	5.560976	5.951220	6.439024	3.804878	7.219512
5514	12.782694	5.309735	5.506391	6.489676	5.014749	4.916421	4.818092	6.194690
5515	13.654224	6.483301	4.911591	4.813360	6.679764	5.893910	5.304519	5.893910
5516	12.427746	5.394990	6.262042	5.394990	6.262042	5.684008	4.431599	7.032755
5517	11.210317	5.753968	5.158730	5.158730	6.448413	5.158730	4.365079	6.845238
5518	12.928501	5.484819	5.386876	5.093046	6.464251	6.268364	3.721841	7.835455
5519	12.413793	5.517241	5.320197	4.827586	6.798030	4.334975	3.546798	7.093596
5520	12.147716	6.511176	6.219631	4.470360	6.413994	5.539359	4.275996	6.997085
5521	13.596059	5.812808	6.403941	6.206897	6.699507	6.305419	4.630542	5.911330
5522	11.770524	5.242334	5.539070	4.648863	5.835806	5.440158	4.451039	6.033630
5523	12.608277	5.389798	6.833494	5.293551	6.352262	6.063523	4.523580	6.641001
5524	11.439842	5.621302	5.522682	5.719921	7.790927	5.029586	4.142012	6.015779
5525	10.848126	5.818540	5.917160	4.733728	5.128205	5.621302	3.648915	5.818540
5526	11.320755	5.858987	5.858987	5.163853	5.958292	5.263158	4.965243	6.355511
5527	12.011719	6.152344	6.250000	5.371094	6.054688	5.371094	3.515625	6.445312
5528	13.119534	5.539359	6.316812	4.373178	6.997085	5.247813	4.275996	6.219631
5529	13.518887	6.063618	6.163022	4.373757	6.262425	5.964215	4.771372	6.361829
5530	11.538462	5.917160	5.917160	5.226824	6.508876	5.917160	4.930966	6.607495
5531	11.829026	5.765408	6.063618	5.864811	6.163022	5.765408	4.075547	5.566600
5532	12.698413	6.547619	5.158730	6.051587	6.547619	5.952381	5.158730	6.746032
5533	11.996067	5.014749	5.014749	5.801377	5.309735	5.113078	5.113078	6.391347
5534	12.650602	5.421687	5.722892	4.718876	5.923695	6.526104	4.718876	6.927711
5535	12.413108	5.660377	5.362463	5.362463	7.447865	5.561072	4.965243	5.858987
5536	12.843137	5.000000	5.882353	4.803922	6.470588	5.686275	4.019608	5.980392
5537	12.326044	6.560636	6.361829	6.262425	5.765408	5.964215	4.174950	6.560636
5538	12.094395	6.194690	6.293019	5.113078	6.391347	5.998033	4.424779	6.293019
5539	13.326848	5.836576	5.739300	5.836576	7.490272	5.155642	4.280156	6.225681
5540	11.829026	5.864811	5.964215	6.461233	6.262425	5.467197	4.373757	6.858847
5541	11.186770	5.058366	6.517510	4.961089	6.128405	6.420233	3.696498	6.614786
5542	12.992126	4.724409	6.102362	5.905512	6.397638	6.102362	4.133858	6.594488
5543	10.980392	5.000000	5.490196	6.176471	5.196078	4.901961	4.411765	6.568627
5544	12.352941	5.882353	6.078431	6.568627	5.392157	5.392157	4.117647	6.372549
5545	13.406157	5.163853	6.454816	5.163853	6.653426	5.759682	4.766634	5.660377
5546	13.320080	6.163022	6.660040	5.467197	6.361829	6.660040	4.274354	6.660040
5547	11.078140	5.044510	5.440158	5.835806	8.308605	5.637982	4.253215	6.330366
5548	12.109375	6.152344	5.273438	4.882812	6.250000	5.664062	4.589844	7.031250
5549	12.377210	5.500982	5.992141	5.009823	7.072692	5.500982	4.518664	6.581532
5550	12.475442	5.402750	6.188605	4.518664	5.304519	6.286837	4.616896	6.286837
5551	12.761715	6.380857	6.081755	5.084746	5.184447	6.380857	5.184447	6.081755
5552	12.500000	5.761719	6.054688	5.761719	7.421875	6.054688	4.980469	6.250000
5553	13.207547	5.958292	7.050645	5.163853	7.050645	5.858987	4.369414	5.958292
5554	12.893701	5.807087	6.496063	4.822835	7.283465	6.200787	4.035433	6.594488
5555	12.207031	5.859375	5.957031	5.761719	6.152344	4.785156	3.515625	7.421875
5556	11.066800	5.383848	5.682951	4.486540	6.879362	5.982054	3.988036	6.580259
5557	13.300493	5.418719	6.403941	4.926108	6.896552	5.615764	4.630542	6.995074
5558	12.624254	5.765408	5.367793	5.467197	6.560636	6.262425	4.274354	6.560636
5559	12.537019	5.330701	6.219151	5.133268	6.416584	6.219151	4.935834	7.107601
5560	12.100000	5.700000	6.300000	6.200000	5.400000	5.400000	4.300000	6.300000
5561	11.210317	6.349206	4.960317	4.464286	6.547619	5.654762	4.365079	7.242063
5562	13.542689	5.004907	6.280667	5.299313	5.495584	5.397448	4.710500	6.771344
5563	13.082260	5.946482	6.739346	5.153617	6.442022	5.450942	4.459861	6.342914
5564	11.806256	5.247225	5.852674	5.549950	6.962664	6.054490	4.439960	6.559031
5565	10.829268	5.951220	6.243902	5.756098	5.756098	6.536585	4.000000	6.829268
5566	11.164581	6.159769	5.967276	5.678537	5.871030	5.678537	5.004812	6.352262
5567	12.424850	5.811623	6.312625	5.010020	6.312625	6.513026	4.308617	6.513026
5568	12.770138	5.697446	5.697446	5.500982	5.697446	6.286837	4.125737	6.876228
5569	11.553785	6.274900	6.772908	5.378486	5.478088	5.278884	5.378486	6.274900
5570	11.576846	5.788423	5.988024	5.788423	5.588822	5.688623	4.191617	6.487026
5571	11.869436	5.835806	6.231454	4.945598	6.726014	5.341246	4.352127	6.033630
5572	13.406157	5.561072	6.951341	5.263158	6.156902	6.057597	4.667329	6.355511
5573	13.353414	5.622490	6.325301	4.417671	6.224900	6.626506	5.020080	6.224900
5574	12.635735	5.034551	5.626851	5.923001	6.317868	6.614018	3.751234	6.712734
5575	11.840796	5.870647	7.064677	4.875622	4.875622	6.965174	5.074627	7.263682
5576	10.521141	5.408063	5.408063	5.703048	6.293019	5.408063	4.523107	6.882989
5577	11.811024	6.003937	5.708661	6.200787	6.200787	6.397638	3.838583	6.200787
5578	12.635735	5.330701	4.935834	5.824284	7.502468	5.231984	4.146101	6.811451
5579	10.696762	5.397448	6.084396	6.575074	6.673209	5.201178	3.925417	6.476938
5580	12.757605	5.299313	6.378803	4.612365	7.163886	5.986261	5.201178	6.673209
5581	11.811024	6.299213	5.905512	5.019685	7.283465	5.610236	4.232283	6.397638
5582	13.293051	6.545821	5.740181	5.236657	4.431017	5.538771	4.632427	5.840886
5583	12.695312	5.371094	6.152344	6.542969	6.152344	5.566406	4.199219	7.128906
5584	12.536729	5.778648	6.366308	5.386876	6.170421	5.876592	3.721841	6.268364
5585	13.847676	5.637982	6.231454	6.528190	5.637982	6.132542	4.253215	6.429278
5586	11.046512	5.523256	6.104651	5.232558	5.813953	5.620155	4.263566	7.073643
5587	12.124151	6.207565	5.528613	4.752667	5.819593	6.401552	4.267701	6.207565
5588	12.180747	5.108055	5.402750	6.286837	6.090373	5.992141	5.108055	6.188605
5589	13.333333	5.373134	5.472637	5.174129	5.970149	5.174129	4.577114	6.666667
5590	11.431412	5.864811	6.560636	5.566600	6.262425	5.666004	3.578529	5.666004
5591	12.075848	5.189621	6.187625	3.892216	5.988024	5.888224	4.191617	6.087824
5592	12.919132	4.733728	6.114398	4.437870	7.495069	7.100592	4.240631	7.495069
5593	11.598441	5.945419	6.042885	5.263158	6.335283	6.432749	4.191033	6.725146
5594	12.807882	5.123153	7.290640	5.911330	6.798030	6.206897	4.729064	6.206897
5595	12.800000	5.500000	5.500000	5.600000	5.500000	5.900000	4.800000	5.700000
5596	12.003968	4.761905	5.555556	5.555556	6.746032	6.250000	4.166667	5.357143
5597	12.745098	5.196078	5.294118	5.196078	6.176471	5.686275	4.019608	6.764706
5598	12.512124	5.625606	6.013579	4.946654	7.371484	6.498545	4.170708	6.692532
5599	11.805556	5.357143	5.357143	5.059524	5.753968	5.158730	3.968254	5.456349
5600	12.103175	6.150794	5.257937	5.257937	6.646825	5.555556	3.670635	5.853175
5601	13.178295	5.910853	6.298450	4.941860	6.589147	5.038760	4.263566	6.686047
5602	11.964108	5.184447	6.580259	5.982054	6.679960	5.982054	4.985045	7.676969
5603	12.156863	6.176471	5.686275	6.176471	5.784314	5.294118	4.313725	5.882353
5604	13.339921	5.237154	5.830040	4.841897	6.818182	5.039526	3.952569	7.213439
5605	12.027833	5.268390	5.069583	5.367793	7.256461	5.069583	4.373757	5.666004
5606	12.228797	5.621302	6.311637	5.226824	5.128205	5.719921	4.142012	5.226824
5607	12.537019	5.330701	6.515301	5.429418	5.923001	4.738401	3.455084	6.712734
5608	12.730807	5.733722	6.219631	5.539359	6.705539	4.859086	4.761905	6.219631
5609	12.720157	5.479452	5.968689	4.892368	7.534247	5.772994	4.500978	6.457926
5610	12.893701	5.511811	6.102362	5.216535	6.003937	5.708661	4.527559	5.216535
5611	11.869436	5.637982	5.835806	5.440158	4.846686	5.637982	4.055391	6.429278
5612	12.144956	5.288932	6.758080	5.778648	5.386876	5.778648	3.134182	6.268364
5613	12.159533	5.642023	6.031128	6.420233	5.350195	5.155642	4.474708	6.322957
5614	12.657005	6.183575	6.763285	4.251208	7.053140	6.280193	3.961353	6.666667
5615	13.213213	5.805806	6.306306	5.605606	5.805806	5.505506	4.404404	6.706707
5616	12.622309	5.381605	5.772994	4.500978	6.262231	5.968689	4.500978	6.164384
5617	12.475442	5.795678	5.500982	5.893910	6.974460	5.206287	4.223969	5.697446
5618	12.266928	5.397448	5.397448	5.103042	5.789990	5.397448	4.710500	6.084396
5619	12.599206	5.952381	6.051587	4.861111	5.853175	5.456349	4.662698	7.837302
5620	12.121212	5.669599	5.962854	6.158358	7.233627	5.571848	6.060606	5.669599
5621	11.587147	5.160662	5.258033	6.426485	7.010711	4.186952	4.479065	5.744888
5622	12.151394	5.776892	6.374502	4.880478	5.378486	6.075697	4.581673	6.075697
5623	12.202381	5.257937	6.051587	4.265873	6.150794	6.448413	3.869048	5.952381
5624	12.042389	5.394990	5.298651	5.202312	6.840077	5.876686	4.720617	6.165703
5625	11.897738	5.801377	5.506391	6.588004	5.998033	5.801377	4.228122	6.686332
5626	11.976048	5.688623	7.085828	6.287425	6.487026	4.690619	3.692615	5.489022
5627	12.413793	5.812808	4.827586	5.517241	4.729064	6.600985	4.532020	7.487685
5628	13.366337	5.445545	5.544554	5.148515	6.435644	5.742574	4.257426	5.742574
5629	12.487805	5.853659	5.658537	5.853659	7.512195	5.853659	3.512195	6.829268
5630	12.190287	5.054509	5.054509	4.757185	6.640238	5.252725	4.856293	5.748266
5631	11.952191	5.776892	5.079681	5.577689	8.266932	5.976096	4.083665	7.171315
5632	12.087912	5.294705	5.794206	4.495504	6.793207	5.794206	4.295704	6.493506
5633	12.228797	5.325444	6.508876	5.424063	5.621302	6.903353	4.930966	7.593688
5634	13.129319	6.021718	5.133268	5.034551	5.725568	5.528134	3.948667	7.008885
5635	11.805556	5.456349	5.853175	5.257937	6.250000	5.059524	3.769841	6.150794
5636	12.792969	5.273438	5.957031	5.664062	5.957031	6.347656	4.003906	7.128906
5637	12.586720	5.252725	6.640238	4.658077	6.243806	7.036670	4.658077	6.541130
5638	12.463768	5.507246	5.700483	5.314010	5.893720	5.797101	4.637681	6.859903
5639	12.935323	5.174129	6.865672	4.577114	5.771144	7.363184	4.875622	6.368159
5640	12.864322	6.231156	6.733668	4.422111	5.829146	6.432161	4.321608	7.236181
5641	11.557297	5.876592	6.268364	6.366308	5.680705	5.484819	4.015671	7.051910
5642	12.720157	5.772994	5.772994	5.283757	5.088063	5.283757	4.207436	5.870841
5643	11.949070	5.484819	5.974535	4.407444	6.660137	6.072478	4.603330	6.170421
5644	12.185297	5.639476	6.344411	5.035247	5.840886	6.243706	5.135952	5.337362
5645	11.892963	5.450942	6.640238	4.658077	6.541130	6.442022	4.856293	6.045590
5646	12.893701	5.708661	5.807087	5.905512	6.791339	5.610236	4.429134	5.708661
5647	12.536443	5.247813	5.636540	5.636540	5.539359	5.247813	4.859086	6.025267
5648	12.610837	5.812808	5.812808	5.221675	7.389163	5.615764	4.729064	5.911330
5649	11.781889	5.452775	5.842259	6.231743	5.258033	5.647517	4.381694	6.913340
5650	11.569416	4.728370	6.036217	4.828974	7.042254	5.432596	4.527163	5.231388
5651	12.135922	5.825243	6.310680	6.504854	6.796117	5.533981	3.592233	6.213592
5652	12.818004	6.262231	5.577299	5.185910	6.262231	5.479452	4.011742	6.751468
5653	12.797619	5.257937	5.456349	5.753968	6.646825	6.051587	4.761905	6.646825
5654	13.065327	5.628141	4.824121	4.723618	7.336683	6.331658	4.120603	6.934673
5655	10.873786	5.145631	6.699029	5.145631	6.407767	6.407767	3.786408	7.087379
5656	12.015889	5.461768	5.858987	5.958292	6.057597	6.454816	3.674280	6.554121
5657	12.278978	5.697446	5.108055	5.500982	7.858546	5.599214	4.420432	7.760314
5658	11.614173	6.397638	6.299213	5.413386	6.791339	6.102362	4.625984	6.692913
5659	12.162162	6.274131	6.563707	6.177606	7.528958	5.405405	5.212355	6.370656
5660	12.784936	5.649158	6.838454	4.459861	5.351833	6.640238	4.558969	8.027750
5661	11.688312	5.594406	5.594406	4.995005	5.694306	6.193806	3.696304	6.293706
5662	12.250996	5.478088	5.876494	5.278884	5.378486	5.378486	4.083665	5.478088
5663	12.154150	5.928854	5.533597	6.521739	5.533597	6.027668	5.039526	6.126482
5664	14.356436	5.742574	6.732673	5.544554	5.643564	5.148515	4.950495	6.534653
5665	12.561820	6.231454	6.429278	4.451039	7.220574	5.835806	4.253215	6.627102
5666	12.127045	5.871030	5.486044	4.619827	6.256015	4.908566	4.812320	6.833494
5667	12.015889	5.858987	5.561072	6.156902	4.965243	5.263158	3.674280	5.958292
5668	12.512124	5.528613	6.207565	4.558681	6.498545	5.625606	3.685742	6.692532
5669	12.163509	5.583250	6.480558	5.782652	6.580259	5.682951	4.087737	6.380857
5670	11.892963	4.955401	5.351833	6.541130	5.351833	6.045590	4.063429	6.541130
5671	12.342080	6.219631	6.219631	4.761905	6.899903	4.956268	4.081633	6.997085
5672	11.867704	6.128405	6.420233	5.252918	6.225681	5.252918	3.891051	7.198444
5673	13.273453	5.888224	6.586826	5.489022	4.890220	6.886228	4.690619	5.289421
5674	13.188976	5.413386	5.807087	5.216535	6.200787	5.905512	5.118110	6.692913
5675	13.399015	6.108374	5.517241	5.221675	6.600985	5.615764	4.630542	6.305419
5676	11.935807	5.917753	5.616851	5.215647	6.118355	6.619860	4.513541	6.318957
5677	13.468992	6.298450	6.007752	5.329457	6.201550	6.298450	4.651163	7.073643
5678	11.817279	5.858987	5.362463	4.170804	6.156902	5.958292	4.667329	6.852036
5679	12.233010	5.242718	5.145631	5.145631	5.631068	5.145631	3.883495	6.601942
5680	11.862745	5.392157	5.980392	5.000000	6.666667	6.274510	4.313725	7.450980
5681	12.301587	6.349206	6.646825	5.357143	5.257937	5.555556	3.670635	7.043651
5682	11.122145	5.858987	5.362463	5.362463	6.454816	6.355511	4.468719	5.759682
5683	11.701082	5.801377	6.391347	6.194690	5.506391	5.604720	4.228122	5.899705
5684	12.818004	6.360078	6.360078	4.598826	5.772994	5.675147	5.088063	6.653620
5685	13.399015	5.418719	5.714286	4.926108	6.009852	6.108374	5.714286	6.699507
5686	12.950341	5.744888	5.452775	5.452775	6.426485	5.258033	4.965920	7.205453
5687	13.905325	5.818540	6.706114	6.213018	4.832347	5.818540	4.043393	6.015779
5688	12.682927	5.658537	5.268293	6.829268	5.658537	7.317073	3.121951	6.536585
5689	12.881023	6.391347	6.588004	4.916421	5.506391	5.801377	5.014749	5.998033
5690	11.937378	5.577299	5.870841	5.479452	6.849315	6.262231	4.696673	6.262231
5691	11.995968	5.141129	5.846774	5.947581	6.552419	6.250000	3.830645	6.149194
5692	12.426036	5.917160	6.114398	4.733728	7.495069	5.522682	4.536489	7.396450
5693	12.415784	5.389798	6.448508	5.486044	5.678537	6.256015	5.197305	7.025987
5694	13.618677	4.961089	5.252918	5.058366	5.642023	5.252918	3.793774	6.614786
5695	12.681510	4.937076	5.227493	5.614714	6.001936	6.582769	4.356244	6.582769
5696	11.220472	6.496063	5.807087	5.511811	5.905512	6.791339	4.625984	6.299213
5697	12.085770	5.653021	6.140351	6.237817	6.627680	5.360624	3.703704	5.360624
5698	12.709360	5.418719	5.615764	5.123153	6.403941	5.517241	4.433498	5.911330
5699	12.670565	5.750487	6.432749	4.288499	7.017544	5.263158	4.483431	6.237817
5700	14.146341	6.146341	5.463415	6.146341	7.707317	6.048780	5.756098	5.853659
5701	11.242604	5.719921	6.706114	5.325444	6.410256	5.621302	4.733728	6.804734
5702	12.720157	5.968689	6.164384	4.990215	6.555773	6.457926	4.109589	6.751468
5703	11.454183	5.577689	5.577689	5.278884	6.274900	6.474104	4.482072	6.474104
5704	13.333333	6.368159	6.268657	6.069652	6.567164	6.467662	4.676617	6.567164
5705	13.181368	5.450942	6.045590	5.649158	6.442022	6.640238	4.162537	7.333994
5706	12.377210	5.402750	5.500982	4.715128	7.072692	6.090373	4.420432	7.563851
5707	12.848606	6.374502	5.079681	6.175299	6.374502	5.677291	4.083665	6.772908
5708	13.411079	5.442177	6.511176	5.928086	5.636540	6.025267	4.761905	7.094266
5709	13.124388	6.072478	6.562194	5.386876	5.288932	5.974535	4.407444	5.778648
5710	12.048193	5.823293	6.224900	5.321285	5.020080	5.823293	4.919679	5.923695
5711	12.400794	6.051587	5.059524	6.051587	7.043651	4.761905	4.265873	6.746032
5712	12.988281	6.445312	5.859375	4.980469	6.542969	5.273438	4.296875	6.347656
5713	12.524655	6.114398	5.325444	5.226824	6.311637	6.410256	3.648915	7.396450
5714	12.797619	5.555556	6.150794	5.952381	6.944444	5.952381	4.960317	7.043651
5715	12.833169	5.429418	5.429418	4.540967	6.021718	6.219151	4.837117	6.317868
5716	12.707722	5.669599	6.353861	5.571848	6.158358	6.158358	3.616813	7.038123
5717	13.056380	5.835806	6.231454	4.945598	5.835806	6.132542	4.549951	6.429278
5718	11.132812	5.957031	6.445312	4.785156	6.738281	5.957031	4.003906	6.347656
5719	12.925170	5.344995	6.025267	5.247813	5.928086	6.608358	4.081633	6.997085
5720	12.706111	6.110572	5.528613	4.849661	6.110572	6.207565	3.782735	6.207565
5721	12.962963	6.140351	5.750487	4.483431	5.847953	5.653021	4.093567	6.822612
5722	11.694747	4.856293	5.450942	5.351833	6.739346	5.252725	3.865213	6.045590
5723	12.216749	4.433498	6.600985	5.911330	6.600985	6.108374	4.433498	6.206897
5724	11.776251	5.495584	6.378803	4.906771	5.789990	5.495584	5.593719	7.065751
5725	11.089109	6.039604	5.940594	6.138614	5.544554	5.940594	4.851485	6.732673
5726	13.108242	5.362463	6.355511	5.759682	5.958292	6.057597	4.270109	6.256207
5727	11.339198	5.474096	6.256109	5.180841	6.158358	6.842620	3.714565	7.038123
5728	12.820513	5.522682	5.226824	4.635108	6.706114	5.621302	4.930966	6.508876
5729	13.786214	5.194805	6.193806	6.793207	5.994006	6.193806	4.995005	6.093906
5730	11.359223	5.242718	6.699029	4.757282	6.213592	5.631068	4.563107	6.407767
5731	11.572700	5.539070	6.726014	4.747774	6.528190	6.330366	4.451039	8.110781
5732	11.431412	5.765408	5.367793	4.671968	7.852883	6.858847	4.870775	6.560636
5733	12.674651	5.089820	6.187625	5.289421	7.185629	5.788423	4.790419	7.185629
5734	11.805556	6.250000	5.753968	5.654762	5.952381	5.257937	4.563492	6.646825
5735	11.770524	5.934718	6.132542	4.747774	6.330366	5.044510	4.253215	6.429278
5736	11.822660	6.502463	5.615764	5.714286	5.615764	6.896552	4.630542	6.108374
5737	11.507937	6.051587	5.158730	5.158730	6.646825	5.555556	4.166667	6.845238
5738	13.847676	5.341246	6.528190	5.440158	6.923838	5.539070	4.352127	5.440158
5739	12.388503	6.541130	7.036670	4.856293	6.342914	5.252725	3.766105	6.342914
5740	11.916584	5.958292	6.156902	5.263158	5.660377	6.156902	4.369414	6.752731
5741	12.133072	5.479452	6.164384	4.892368	8.317025	5.185910	4.109589	6.262231
5742	12.389381	4.916421	6.293019	5.211406	5.998033	5.998033	4.129794	7.177974
5743	11.846002	6.120434	6.515301	5.231984	6.120434	5.725568	4.540967	6.515301
5744	11.337209	5.620155	5.813953	6.007752	6.298450	5.910853	4.263566	6.104651
5745	11.350294	4.696673	5.772994	5.185910	7.240705	5.577299	4.207436	6.653620
5746	13.261297	5.599214	5.009823	5.992141	5.795678	6.090373	3.438114	6.581532
5747	11.311311	5.305305	5.805806	5.505506	5.205205	6.106106	3.703704	6.306306
5748	11.781889	5.550146	5.939630	6.134372	5.550146	5.550146	5.063291	5.939630
5749	12.388503	5.649158	6.342914	5.351833	7.036670	5.153617	4.162537	5.649158
5750	10.728346	5.413386	5.905512	7.086614	6.594488	5.216535	4.625984	6.299213
5751	11.907067	5.421104	5.905131	4.453049	5.227493	6.292352	5.517909	7.260407
5752	12.261307	5.628141	5.427136	5.326633	6.331658	4.924623	4.723618	5.929648
5753	12.204724	5.807087	5.610236	4.822835	6.200787	6.102362	5.019685	6.397638
5754	11.309524	5.952381	6.051587	4.563492	5.853175	5.555556	3.968254	6.944444
5755	12.414467	5.669599	5.767351	5.278592	6.158358	5.083089	3.519062	6.353861
5756	12.585366	5.853659	5.463415	5.951220	5.658537	5.951220	3.317073	5.560976
5757	12.130178	5.029586	5.818540	4.733728	6.706114	5.818540	3.944773	6.903353
5758	12.549407	5.335968	5.533597	5.434783	6.126482	6.126482	3.853755	7.213439
5759	11.653386	5.876494	5.876494	5.278884	6.474104	6.374502	4.183267	6.075697
5760	12.450593	5.731225	6.027668	5.434783	5.533597	5.533597	4.051383	5.632411
5761	12.437312	6.118355	6.218656	5.315948	7.723170	5.315948	4.413240	6.018054
5762	11.817279	4.965243	5.362463	5.461768	5.461768	6.156902	4.369414	5.858987
5763	11.735700	6.607495	5.621302	5.325444	5.522682	5.424063	4.142012	6.804734
5764	12.633625	6.608358	5.636540	5.053450	6.316812	6.219631	4.373178	6.705539
5765	12.597656	5.859375	5.957031	6.347656	5.175781	5.761719	4.589844	7.031250
5766	12.082515	5.402750	5.500982	5.795678	5.599214	6.188605	5.009823	6.483301
5767	13.134328	5.671642	6.467662	5.970149	6.268657	5.373134	4.179104	6.865672
5768	13.196481	6.158358	5.278592	4.203324	8.308895	5.278592	3.616813	5.767351
5769	12.536162	5.978785	6.075217	4.821601	6.943105	5.207329	4.532305	6.846673
5770	13.793103	5.911330	5.517241	4.630542	5.615764	6.896552	4.729064	7.389163
5771	13.116371	5.917160	5.621302	5.029586	7.001972	5.818540	4.142012	6.213018
5772	13.487476	5.780347	6.069364	4.624277	5.587669	5.684008	4.142582	6.743738
5773	13.132296	6.128405	6.031128	3.891051	6.712062	5.447471	4.085603	7.101167
5774	12.693798	5.329457	6.686047	5.426357	8.042636	6.104651	3.972868	7.170543
5775	12.286002	5.740181	5.035247	5.236657	7.150050	6.143001	4.128902	7.150050
5776	13.009709	5.922330	6.116505	4.854369	6.699029	5.048544	4.660194	6.990291
5777	12.587413	5.694306	5.394605	5.294705	6.693307	5.894106	3.496503	5.594406
5778	13.194444	5.753968	5.456349	4.861111	5.555556	6.448413	4.067460	6.051587
5779	13.704071	5.858987	5.759682	6.454816	6.156902	6.057597	4.865938	5.362463
5780	11.034483	6.009852	5.714286	5.123153	5.320197	5.812808	4.433498	6.896552
5781	12.893701	5.610236	6.397638	5.019685	5.905512	6.692913	4.625984	6.200787
5782	11.400000	5.400000	5.200000	5.500000	6.300000	5.800000	4.600000	6.400000
5783	13.500482	6.171649	6.075217	5.496625	6.943105	6.364513	4.146577	5.689489
5784	13.181368	5.946482	5.252725	5.153617	6.144698	5.252725	5.153617	6.739346
5785	10.724926	5.759682	5.660377	5.660377	5.958292	5.064548	4.170804	6.355511
5786	10.934394	6.461233	5.168986	4.870775	7.654076	5.467197	3.876740	6.461233
5787	12.192724	6.096362	5.801377	6.293019	5.604720	5.899705	4.523107	6.096362
5788	13.645418	5.278884	5.378486	6.374502	5.677291	5.876494	4.681275	5.478088
5789	11.400000	5.000000	6.200000	6.100000	5.600000	5.900000	3.500000	7.500000
5790	11.925709	5.865103	5.278592	5.083089	7.038123	5.865103	3.910068	6.256109
5791	12.512219	5.180841	5.865103	4.398827	5.376344	6.353861	4.594330	6.256109
5792	13.320080	6.361829	6.560636	5.566600	5.964215	5.964215	4.174950	6.958250
5793	10.233918	6.237817	5.750487	4.970760	6.335283	5.263158	4.678363	6.920078
5794	12.254902	6.078431	6.176471	5.000000	6.568627	5.588235	3.823529	7.450980
5795	11.937378	5.479452	6.164384	5.675147	5.577299	6.751468	5.185910	6.066536
5796	11.602753	5.998033	6.588004	4.228122	6.784661	6.391347	3.834808	7.669617
5797	11.022840	5.561072	6.057597	4.568024	6.554121	6.454816	4.568024	7.447865
5798	12.250996	5.378486	5.478088	4.980080	5.976096	5.179283	3.884462	6.075697
5799	11.753183	6.170421	5.974535	5.974535	5.974535	6.170421	4.211557	5.974535
5800	13.207547	5.461768	6.156902	4.568024	6.156902	5.362463	4.965243	6.057597
5801	12.768031	5.653021	5.555556	4.873294	6.725146	5.847953	3.801170	5.555556
5802	12.884044	5.450942	6.243806	4.955401	6.144698	5.649158	3.964321	6.541130
5803	13.600783	6.066536	6.066536	5.577299	6.066536	5.772994	4.011742	6.262231
5804	12.598425	6.200787	5.905512	5.019685	6.102362	5.216535	4.035433	6.692913
5805	12.277228	5.544554	5.445545	5.346535	5.940594	5.544554	4.158416	6.138614
5806	12.611718	6.057597	6.554121	5.064548	6.156902	6.256207	4.568024	6.454816
5807	13.200000	5.700000	6.500000	5.900000	6.800000	6.200000	3.600000	6.300000
5808	11.822660	5.615764	5.517241	5.812808	6.403941	5.517241	4.236453	7.192118
5809	14.257812	6.738281	6.347656	5.175781	6.640625	6.640625	5.371094	6.835938
5810	13.207547	5.958292	6.355511	5.561072	6.951341	6.355511	4.965243	6.752731
5811	11.155378	5.179283	5.478088	4.980080	7.669323	6.075697	3.486056	6.075697
5812	12.881023	6.194690	5.703048	5.998033	7.374631	5.604720	4.916421	6.686332
5813	12.536443	5.539359	6.219631	5.636540	6.122449	5.928086	5.636540	6.025267
5814	13.196481	5.767351	6.451613	5.180841	6.060606	6.353861	4.496579	7.722385
5815	12.707722	6.647116	5.865103	6.158358	5.865103	5.376344	4.301075	6.744868
5816	11.493124	5.304519	6.188605	5.599214	6.974460	6.090373	4.027505	7.367387
5817	11.320755	5.759682	5.561072	5.660377	5.660377	5.561072	3.674280	6.156902
5818	10.610611	5.405405	5.405405	6.706707	6.706707	5.105105	4.004004	6.206206
5819	11.712598	5.610236	6.692913	4.625984	5.610236	5.610236	4.133858	6.496063
5820	11.668274	5.593057	5.400193	5.014465	6.750241	5.207329	4.532305	7.135969
5821	11.089109	5.940594	6.633663	6.336634	6.633663	5.643564	4.059406	7.227723
5822	13.858425	6.779661	6.281157	5.084746	6.779661	6.181456	4.885344	6.779661
5823	13.640824	6.575074	7.163886	5.201178	5.691855	6.378803	4.416094	6.476938
5824	12.266928	5.691855	5.888126	5.789990	6.771344	6.771344	4.121688	6.771344
5825	11.817279	5.263158	5.858987	5.163853	7.149950	6.156902	4.369414	6.454816
5826	12.957468	5.440158	5.637982	6.429278	6.627102	5.143422	5.637982	6.627102
5827	12.757605	5.201178	5.888126	5.004907	5.593719	5.986261	4.317959	6.084396
5828	11.337209	5.523256	6.395349	6.201550	6.007752	5.523256	4.844961	6.589147
5829	12.437811	5.771144	6.069652	5.074627	6.965174	6.368159	4.577114	5.870647
5830	12.185687	5.415861	5.512573	5.512573	6.092843	6.769826	4.545455	6.189555
5831	12.178218	5.742574	6.138614	5.940594	6.237624	5.445545	3.366337	7.722772
5832	12.723658	5.765408	5.765408	4.671968	7.355865	6.063618	5.168986	5.666004
5833	12.221145	5.431620	6.498545	5.140640	6.789525	6.401552	4.170708	6.983511
5834	10.420842	5.611222	4.809619	5.110220	5.811623	5.310621	4.709419	5.811623
5835	12.133072	5.772994	6.262231	5.675147	5.381605	5.283757	4.403131	6.751468
5836	13.448607	5.283381	6.724304	5.475504	5.283381	5.955812	4.130644	6.436119
5837	12.993263	6.063523	5.582291	5.004812	6.641001	5.967276	4.812320	6.929740
5838	11.971831	5.231388	6.438632	6.438632	4.527163	5.734406	4.024145	6.740443
5839	12.810328	5.958292	6.752731	4.667329	6.653426	6.057597	5.163853	6.951341
5840	13.248283	5.103042	5.986261	6.771344	5.495584	6.575074	4.710500	6.378803
5841	12.277228	4.653465	5.742574	5.346535	6.237624	4.653465	4.752475	5.940594
5842	13.756098	6.146341	6.048780	4.682927	5.853659	6.926829	5.170732	7.902439
5843	12.084592	5.438066	4.833837	5.135952	5.135952	5.740181	3.927492	6.344411
5844	13.373253	5.588822	5.888224	5.489022	6.786427	6.187625	3.692615	6.786427
5845	12.755599	6.523856	6.815969	6.037001	6.426485	5.063291	4.186952	6.231743
5846	12.003968	5.753968	5.753968	4.464286	5.952381	4.861111	3.571429	6.349206
5847	11.840796	5.273632	5.472637	5.870647	5.771144	5.572139	3.980100	6.865672
5848	12.757605	5.691855	5.691855	5.201178	6.575074	5.789990	4.612365	6.869480
5849	12.704524	5.389798	5.293551	5.582291	7.699711	5.678537	4.812320	5.101059
5850	12.402344	6.835938	6.054688	5.566406	6.347656	5.371094	4.394531	7.617188
5851	13.013699	6.555773	6.066536	4.696673	5.675147	5.577299	3.913894	6.457926
5852	11.538462	5.818540	5.719921	5.128205	5.818540	5.226824	4.240631	6.410256
5853	12.350598	5.976096	4.980080	5.478088	5.976096	5.776892	3.486056	6.972112
5854	12.118227	5.714286	5.911330	4.334975	5.418719	5.418719	3.842365	6.896552
5855	11.817279	5.461768	5.858987	5.858987	6.951341	5.163853	4.766634	6.951341
5856	11.568627	5.784314	6.372549	5.490196	6.764706	5.686275	5.294118	8.039216
5857	12.500000	5.468750	5.859375	5.468750	5.761719	5.273438	4.687500	5.761719
5858	13.366834	5.427136	5.829146	5.025126	6.130653	6.130653	4.321608	5.427136
5859	12.980769	6.346154	6.250000	5.769231	7.692308	6.346154	5.288462	6.923077
5860	12.970297	5.841584	6.534653	5.544554	5.940594	6.237624	4.455446	7.029703
5861	13.294233	6.256109	6.158358	4.594330	6.647116	5.278592	3.812317	6.451613
5862	12.361809	5.427136	5.326633	5.728643	6.130653	5.025126	4.221106	6.934673
5863	12.621359	5.728155	5.339806	5.825243	6.893204	5.728155	4.271845	6.407767
5864	12.833169	5.429418	6.219151	4.540967	6.219151	5.231984	5.133268	6.515301
5865	12.574850	5.688623	6.487026	4.990020	6.686627	5.588822	4.391218	6.487026
5866	12.852970	6.426485	6.231743	5.647517	5.258033	5.744888	3.700097	6.426485
5867	12.265084	5.242334	6.330366	5.637982	6.528190	5.637982	4.253215	5.440158
5868	11.099899	6.054490	6.659939	5.650858	6.155399	6.861756	4.339051	6.054490
5869	12.597656	5.273438	6.640625	5.664062	6.542969	5.859375	4.003906	5.859375
5870	13.486513	5.194805	6.993007	5.494505	6.193806	5.394605	4.795205	6.593407
5871	11.660079	5.533597	6.126482	5.237154	6.225296	5.335968	4.150198	7.015810
5872	12.050534	5.247813	6.899903	4.373178	5.636540	5.442177	4.081633	6.608358
5873	12.784936	5.649158	5.946482	4.658077	7.036670	5.351833	4.757185	6.342914
5874	12.937743	5.544747	5.933852	5.350195	6.322957	6.517510	5.252918	6.420233
5875	12.079208	5.148515	6.237624	4.653465	6.732673	5.940594	4.752475	5.643564
5876	12.782694	5.998033	5.604720	5.309735	7.276303	6.391347	4.326450	6.096362
5877	12.437811	5.074627	5.472637	5.273632	5.870647	6.368159	4.278607	6.965174
5878	12.524655	5.424063	6.114398	5.325444	7.001972	5.818540	4.536489	6.706114
5879	13.346228	4.932302	5.609284	4.158607	6.479691	5.609284	5.319149	6.479691
5880	10.991168	5.201178	6.378803	5.986261	6.967615	6.182532	3.729146	6.869480
5881	12.328767	4.990215	4.598826	4.990215	6.262231	6.751468	4.696673	7.338552
5882	11.176471	5.588235	6.470588	5.098039	5.490196	4.803922	4.019608	6.274510
5883	11.439842	5.029586	6.015779	4.339250	6.213018	5.621302	3.451677	6.015779
5884	11.787440	5.603865	6.280193	6.086957	5.507246	5.990338	4.444444	7.053140
5885	11.892963	5.946482	5.847374	5.252725	5.649158	5.946482	4.459861	6.442022
5886	11.846002	5.824284	5.626851	4.244817	6.219151	6.614018	3.948667	6.219151
5887	11.306043	5.653021	5.458090	5.847953	5.263158	5.458090	4.093567	6.432749
5888	12.928501	4.995103	6.464251	5.190989	5.876592	6.953967	4.309500	6.856024
5889	12.953876	6.280667	7.360157	5.495584	7.163886	5.495584	4.514230	6.673209
5890	12.462908	5.736894	6.330366	5.143422	6.923838	5.736894	3.560831	5.934718
5891	13.346418	5.397448	4.808636	5.201178	5.593719	5.986261	3.925417	6.771344
5892	12.354086	6.031128	5.836576	5.350195	6.420233	5.544747	4.669261	6.225681
5893	12.106299	5.511811	6.299213	5.019685	6.299213	5.708661	4.527559	6.692913
5894	11.776062	5.115830	6.467181	5.405405	6.081081	5.405405	4.247104	7.142857
5895	13.155292	6.132542	5.242334	4.945598	6.923838	5.637982	4.352127	6.528190
5896	12.254902	6.372549	6.176471	5.784314	6.470588	6.078431	4.705882	6.666667
5897	11.519364	5.759682	5.362463	3.872890	6.454816	5.561072	4.965243	6.057597
5898	12.759644	5.835806	5.637982	5.143422	6.033630	5.044510	3.857567	6.726014
5899	12.265084	6.033630	6.033630	4.451039	6.528190	4.945598	4.352127	6.429278
5900	13.030602	5.725568	6.219151	6.120434	5.133268	6.120434	4.738401	7.008885
5901	12.983152	5.252725	6.442022	5.550050	6.838454	5.450942	4.955401	5.946482
5902	11.867704	6.517510	5.058366	4.863813	6.322957	5.642023	4.377432	6.614786
5903	12.058824	5.686275	5.294118	4.901961	6.176471	6.666667	4.411765	6.862745
5904	12.574257	4.851485	5.445545	5.247525	6.237624	5.544554	4.950495	6.831683
5905	13.756098	5.951220	5.951220	5.170732	6.048780	5.365854	3.902439	7.317073
5906	11.660079	5.434783	5.434783	4.841897	6.916996	4.841897	4.743083	7.114625
5907	12.730807	5.247813	6.025267	5.830904	6.802721	6.122449	4.081633	6.413994
5908	12.749004	5.079681	5.577689	5.079681	6.772908	5.478088	4.780876	6.075697
5909	11.793372	6.042885	5.945419	6.140351	6.335283	5.458090	4.970760	6.920078
5910	11.881188	7.029703	5.445545	5.049505	5.742574	5.049505	4.257426	6.435644
5911	12.011719	5.664062	6.445312	5.468750	5.859375	6.152344	3.808594	6.250000
5912	11.285574	5.299313	5.986261	5.495584	6.673209	5.004907	3.631011	7.065751
5913	12.192724	6.096362	6.489676	5.703048	5.703048	5.211406	4.031465	6.588004
5914	13.419483	5.367793	5.765408	4.274354	5.666004	5.566600	4.274354	6.759443
5915	13.352827	5.847953	5.555556	5.653021	6.335283	4.873294	4.678363	5.945419
5916	13.470993	5.998033	5.998033	5.998033	6.194690	5.899705	5.604720	5.899705
5917	10.674723	5.337362	5.337362	4.733132	6.847936	6.243706	4.431017	7.351460
5918	13.095238	5.555556	5.654762	5.952381	6.646825	6.150794	5.158730	6.646825
5919	11.895551	4.835590	5.512573	5.705996	5.802708	6.189555	3.191489	6.673114
5920	12.718447	5.533981	6.601942	5.533981	6.310680	6.019417	4.077670	6.796117
5921	12.300000	5.100000	5.600000	5.200000	6.600000	6.300000	3.900000	6.000000
5922	12.388503	5.946482	5.054509	5.847374	7.036670	5.153617	4.757185	6.640238
5923	11.862745	5.882353	6.078431	4.705882	6.568627	5.196078	4.117647	6.078431
5924	11.702128	5.802708	5.899420	6.092843	6.286267	5.609284	4.932302	6.479691
5925	11.497585	5.893720	6.086957	5.314010	6.666667	5.893720	3.864734	6.763285
5926	12.438302	5.824284	6.120434	5.231984	5.923001	5.429418	4.442251	6.219151
5927	11.782178	6.237624	6.336634	4.455446	6.138614	6.138614	4.059406	6.831683
5928	12.663317	6.331658	5.226131	4.522613	6.030151	4.824121	4.422111	6.331658
5929	11.688312	5.494505	5.094905	5.294705	7.192807	5.694306	4.895105	5.994006
5930	13.592233	5.242718	6.601942	5.825243	6.893204	5.922330	4.660194	5.728155
5931	11.408730	5.753968	5.654762	4.861111	6.746032	5.853175	4.662698	7.043651
5932	12.156863	6.176471	5.588235	5.686275	6.372549	5.490196	3.627451	6.470588
5933	12.548638	6.128405	4.961089	6.517510	6.031128	5.836576	4.474708	6.906615
5934	12.439261	5.247813	5.442177	6.025267	6.316812	5.733722	4.275996	6.899903
5935	13.163065	5.795678	5.500982	5.206287	7.170923	5.992141	5.599214	6.581532
5936	12.256809	5.350195	5.739300	5.350195	5.642023	5.642023	4.474708	6.322957
5937	11.695906	5.555556	6.237817	5.068226	6.725146	6.042885	3.703704	5.945419
5938	12.011719	5.761719	5.664062	5.273438	5.273438	5.957031	3.417969	6.542969
5939	12.401575	5.708661	5.708661	5.413386	6.102362	5.019685	4.035433	6.791339
5940	14.003945	6.903353	6.114398	5.128205	6.410256	6.015779	4.437870	5.719921
5941	11.666667	5.196078	5.098039	5.588235	6.176471	5.392157	4.117647	5.588235
5942	11.431412	5.168986	6.063618	5.566600	5.765408	5.765408	3.777336	7.256461
5943	11.921182	5.517241	5.911330	5.418719	5.812808	5.024631	4.729064	7.192118
5944	13.165829	5.728643	5.628141	6.231156	7.035176	5.326633	4.221106	5.125628
5945	12.738215	5.717151	6.218656	5.115346	6.820461	5.717151	4.212638	7.121364
5946	12.077295	5.893720	6.376812	5.314010	5.700483	5.507246	4.251208	6.376812
5947	13.102119	5.684008	6.069364	4.527938	6.165703	6.358382	4.816956	6.069364
5948	12.168793	5.103042	6.084396	5.789990	5.986261	6.084396	4.906771	6.378803
5949	11.666667	5.196078	5.098039	4.901961	6.176471	6.666667	4.313725	6.372549
5950	12.195122	6.439024	6.439024	4.878049	6.439024	6.048780	3.902439	5.560976
5951	12.362911	5.084746	6.480558	5.184447	5.383848	5.882353	4.685942	5.782652
5952	12.878049	5.463415	5.365854	5.560976	7.414634	5.268293	4.682927	7.414634
5953	12.684366	5.899705	5.703048	5.998033	5.899705	6.194690	3.834808	6.489676
5954	12.475634	6.237817	6.042885	5.847953	6.432749	5.068226	4.093567	6.627680
5955	12.328767	5.381605	5.479452	5.577299	5.772994	5.381605	4.109589	5.870841
5956	11.673152	6.128405	5.836576	5.350195	6.809339	5.252918	4.669261	6.420233
5957	12.636816	6.169154	5.373134	6.169154	6.666667	5.870647	4.577114	6.268657
5958	11.718750	5.761719	5.957031	4.785156	5.468750	5.664062	4.394531	6.445312
5959	12.438302	6.120434	5.133268	5.330701	6.317868	5.725568	4.639684	6.120434
5960	12.238806	5.671642	6.666667	5.373134	5.970149	5.472637	3.980100	6.666667
5961	11.100099	5.054509	5.847374	4.459861	6.045590	6.442022	4.459861	7.135778
5962	13.467337	5.326633	6.030151	4.321608	6.130653	5.829146	3.819095	5.728643
5963	12.235067	5.009634	6.454721	4.913295	5.491329	5.876686	4.624277	6.936416
5964	12.047013	7.051910	5.778648	5.484819	5.778648	6.170421	4.113614	7.541626
5965	11.253702	5.034551	5.824284	5.330701	6.712734	7.403751	4.639684	6.910168
5966	13.359920	6.580259	6.281157	5.084746	6.081755	6.380857	4.386839	5.583250
5967	12.512315	5.418719	5.517241	4.630542	6.206897	5.221675	4.926108	6.798030
5968	13.248283	5.789990	5.888126	5.397448	5.691855	5.789990	3.827282	7.163886
5969	11.100196	5.992141	5.697446	4.420432	6.090373	5.795678	4.420432	5.992141
5970	14.045500	5.440158	6.231454	5.934718	7.121662	5.440158	4.747774	6.429278
5971	11.549852	5.330701	5.923001	5.330701	7.305035	5.429418	4.244817	6.219151
5972	12.318138	5.431620	6.401552	6.110572	7.177498	5.916586	4.655674	6.886518
5973	13.326848	5.739300	5.836576	4.669261	6.614786	6.225681	4.571984	6.420233
5974	12.500000	5.952381	6.250000	4.365079	6.051587	6.547619	3.968254	6.150794
5975	11.363636	5.533597	6.027668	4.940711	5.928854	5.731225	4.347826	5.731225
5976	12.645914	5.836576	6.517510	5.350195	6.225681	6.420233	4.085603	7.198444
5977	12.426036	6.311637	5.719921	5.128205	5.522682	4.832347	4.043393	6.410256
5978	14.033366	5.888126	5.986261	4.906771	7.262022	6.673209	4.121688	6.378803
5979	11.904762	5.257937	5.059524	5.555556	6.150794	5.753968	5.555556	6.250000
5980	12.142152	6.120434	6.317868	6.219151	7.305035	4.935834	4.244817	5.330701
5981	11.849711	5.298651	5.876686	5.202312	7.225434	5.394990	3.660886	6.647399
5982	12.747036	6.324111	5.039526	5.138340	6.324111	5.928854	4.051383	6.620553
5983	11.470588	5.098039	6.274510	5.784314	5.882353	5.294118	4.803922	6.764706
5984	12.487611	5.847374	7.135778	5.054509	5.748266	5.847374	4.757185	7.631318
5985	12.792969	5.273438	5.761719	6.347656	6.933594	6.542969	4.394531	6.640625
5986	11.420060	5.958292	6.057597	4.865938	6.852036	5.759682	4.568024	6.752731
5987	12.388503	6.342914	6.342914	4.955401	6.442022	4.757185	3.766105	7.333994
5988	11.857708	5.533597	6.324111	5.632411	6.719368	5.434783	3.853755	6.225296
5989	11.534604	5.917753	4.714142	5.717151	5.215647	5.315948	4.312939	5.917753
5990	12.180747	5.992141	5.795678	5.500982	5.893910	5.009823	4.715128	5.599214
5991	12.909633	5.660377	6.156902	4.766634	6.057597	6.852036	4.369414	6.653426
5992	12.252964	5.632411	5.335968	4.940711	6.324111	6.126482	4.150198	6.620553
5993	13.992172	5.577299	6.066536	5.577299	6.555773	5.577299	5.283757	6.555773
5994	12.180747	6.679764	6.090373	5.599214	7.072692	6.876228	5.108055	7.170923
5995	13.004926	5.812808	5.812808	5.320197	7.980296	4.926108	3.842365	5.517241
5996	11.538462	5.226824	5.719921	5.424063	6.706114	5.621302	4.043393	7.199211
5997	12.151394	5.876494	6.474104	5.278884	6.772908	6.673307	4.581673	6.274900
5998	11.530815	5.765408	4.771372	4.671968	6.560636	7.057654	3.578529	6.759443
5999	12.266928	6.476938	6.280667	5.397448	5.397448	5.789990	5.888126	5.789990
6000	12.659470	5.299313	5.789990	5.004907	6.869480	5.789990	3.925417	6.084396
6001	12.874251	6.187625	5.089820	5.788423	5.788423	6.586826	4.990020	7.385230
6002	13.671875	5.957031	6.445312	5.175781	6.933594	5.664062	5.078125	5.859375
6003	10.829268	5.170732	5.560976	5.560976	5.560976	5.268293	3.512195	6.243902
6004	12.315271	5.517241	6.206897	5.320197	6.600985	5.024631	3.743842	6.502463
6005	12.975610	6.048780	5.951220	4.975610	5.951220	6.146341	4.682927	7.024390
6006	12.500000	5.273438	6.445312	4.589844	6.835938	5.468750	4.492188	6.542969
6007	12.550201	5.321285	6.425703	5.622490	5.522088	5.522088	4.417671	5.522088
6008	12.047013	5.484819	5.484819	4.603330	6.268364	5.386876	4.407444	6.366308
6009	13.742690	5.360624	6.432749	4.678363	5.653021	5.653021	3.703704	6.432749
6010	12.992126	6.003937	6.397638	5.610236	5.413386	5.610236	3.937008	6.889764
6011	12.207031	5.273438	6.054688	6.542969	6.445312	5.957031	4.003906	6.152344
6012	13.896987	5.733722	5.733722	5.247813	5.247813	7.191448	3.984451	7.288630
6013	13.147410	6.673307	5.776892	4.980080	7.470120	5.179283	5.079681	7.071713
6014	12.903226	6.250000	6.451613	4.133065	5.846774	5.947581	4.233871	6.955645
6015	12.376238	5.643564	6.138614	5.445545	6.138614	5.940594	4.554455	6.732673
6016	12.611718	6.951341	6.156902	5.362463	6.852036	5.163853	4.766634	6.752731
6017	12.855741	5.691855	6.673209	6.084396	5.789990	5.593719	2.845927	6.476938
6018	12.709360	5.812808	6.896552	4.729064	5.812808	5.320197	5.024631	6.995074
6019	12.884615	6.153846	5.865385	5.576923	5.961538	5.961538	4.423077	6.346154
6020	12.682927	6.146341	4.780488	6.341463	5.463415	5.951220	4.292683	6.926829
6021	12.162162	6.081081	5.115830	5.888031	6.177606	4.729730	4.440154	5.984556
6022	12.644788	5.115830	5.212355	5.694981	5.694981	5.598456	4.633205	6.370656
6023	13.782991	5.669599	5.474096	5.180841	7.038123	6.158358	4.692082	5.962854
6024	12.115194	5.163853	5.958292	5.263158	6.355511	4.965243	3.674280	6.852036
6025	13.287402	6.003937	5.413386	6.102362	5.413386	5.708661	5.019685	5.807087
6026	12.216749	6.502463	6.699507	4.532020	7.192118	6.108374	4.433498	7.783251
6027	13.326848	6.517510	6.322957	5.252918	6.128405	5.252918	4.280156	7.101167
6028	12.450199	4.780876	6.075697	5.079681	5.876494	5.278884	3.884462	6.374502
6029	11.684518	5.647517	6.329114	5.647517	5.355404	5.550146	4.479065	6.231743
6030	12.979351	5.801377	5.801377	4.719764	7.079646	6.489676	3.933137	5.998033
6031	11.542192	5.043647	6.692532	4.849661	6.013579	5.528613	3.879728	7.177498
6032	11.298315	5.252725	5.649158	4.757185	6.342914	5.748266	4.658077	6.045590
6033	13.654224	5.304519	6.679764	5.500982	6.188605	5.009823	4.911591	5.697446
6034	12.437811	5.771144	5.174129	5.572139	5.373134	5.373134	4.577114	6.965174
6035	12.720157	5.772994	5.772994	5.283757	6.262231	6.066536	4.011742	6.066536
6036	12.815534	5.922330	5.631068	4.854369	6.601942	6.504854	4.563107	6.310680
6037	13.145083	5.550146	5.452775	5.744888	6.037001	5.063291	4.576436	6.523856
6038	12.903226	5.767351	6.060606	5.865103	5.669599	6.256109	4.496579	7.038123
6039	13.082260	5.847374	5.550050	4.955401	5.748266	5.450942	4.063429	6.342914
6040	12.094395	5.211406	5.703048	6.489676	5.801377	5.604720	4.719764	5.309735
6041	12.561820	5.341246	6.528190	4.747774	7.220574	6.033630	3.758655	6.330366
6042	12.190287	5.351833	5.550050	5.351833	6.144698	5.054509	4.459861	6.442022
6043	11.648569	6.021718	5.824284	4.837117	7.206318	6.317868	4.540967	6.712734
6044	13.353414	5.923695	5.120482	6.325301	6.526104	5.522088	4.417671	5.923695
6045	11.267606	5.130785	5.432596	4.024145	5.734406	5.935614	4.527163	5.835010
6046	11.650485	6.019417	6.116505	6.116505	5.339806	5.533981	4.077670	6.893204
6047	11.175899	5.539359	6.122449	5.928086	5.636540	5.928086	4.275996	7.385811
6048	12.658228	5.258033	6.037001	6.523856	5.744888	5.063291	3.894839	5.647517
6049	11.576846	5.988024	5.588822	5.189621	6.187625	5.988024	5.089820	5.888224
6050	13.686314	5.994006	5.994006	5.794206	5.994006	5.494505	4.495504	7.792208
6051	12.254902	6.078431	5.784314	4.705882	5.980392	6.568627	4.313725	6.764706
6052	12.695312	5.761719	6.250000	6.152344	5.273438	5.664062	4.589844	6.347656
6053	11.625616	5.615764	5.320197	5.123153	6.896552	6.995074	4.137931	6.502463
6054	13.216715	5.344995	5.442177	5.733722	6.608358	5.539359	4.081633	6.511176
6055	11.862745	5.490196	6.372549	4.215686	7.352941	5.490196	4.411765	6.372549
6056	12.266928	6.182532	6.575074	6.182532	6.280667	5.691855	3.631011	6.476938
6057	11.758989	5.733722	6.511176	5.539359	5.928086	5.636540	4.373178	6.413994
6058	14.014014	5.405405	5.805806	5.405405	5.305305	5.705706	3.803804	6.806807
6059	11.735700	5.719921	6.508876	4.536489	5.719921	5.621302	4.142012	6.804734
6060	13.645418	4.980080	6.175299	5.478088	6.175299	5.976096	3.685259	5.677291
6061	13.178295	5.038760	7.170543	5.329457	6.395349	5.620155	3.972868	6.492248
6062	12.363996	5.736894	5.539070	5.341246	6.528190	6.033630	4.846686	5.835806
6063	12.843137	5.588235	6.176471	5.294118	5.882353	5.980392	4.019608	6.666667
6064	11.650485	6.019417	6.699029	5.631068	7.184466	5.825243	4.077670	6.990291
6065	13.034826	6.268657	5.174129	5.273632	5.572139	6.567164	4.278607	6.666667
6066	12.000000	5.300000	5.800000	5.200000	7.800000	5.800000	4.800000	5.700000
6067	12.721893	5.424063	4.930966	6.311637	7.297830	5.522682	4.339250	7.001972
6068	11.572700	4.747774	5.934718	5.835806	6.330366	5.934718	4.451039	6.923838
6069	12.192724	5.899705	6.096362	5.506391	5.998033	5.604720	4.326450	6.194690
6070	11.846002	6.219151	6.515301	6.120434	7.206318	5.725568	4.540967	7.206318
6071	13.030602	5.626851	6.120434	5.528134	5.528134	5.824284	4.146101	6.120434
6072	11.793855	5.351833	4.856293	4.658077	5.351833	6.045590	4.162537	6.243806
6073	12.350598	5.079681	5.577689	6.175299	6.673307	6.772908	5.179283	5.876494
6074	12.139303	6.467662	5.572139	5.870647	6.268657	6.368159	4.577114	6.368159
6075	14.413519	5.367793	5.765408	4.970179	6.262425	5.268390	4.671968	7.057654
6076	10.969638	6.268364	6.758080	5.386876	7.443683	5.974535	4.309500	6.856024
6077	12.221145	5.043647	5.916586	5.237633	6.498545	5.625606	3.782735	7.080504
6078	12.214499	4.369414	5.163853	4.965243	6.852036	5.362463	5.064548	6.554121
6079	13.894325	5.870841	6.751468	5.870841	6.262231	5.577299	4.207436	6.653620
6080	12.761715	5.682951	5.583250	4.586241	5.782652	6.480558	4.785643	6.879362
6081	13.373253	4.990020	6.287425	4.890220	7.285429	6.586826	5.089820	6.187625
6082	11.921182	5.418719	6.206897	5.221675	6.600985	5.911330	4.137931	6.600985
6083	12.414467	6.256109	6.158358	5.767351	5.180841	6.256109	4.887586	5.571848
6084	11.481845	5.691855	5.888126	5.201178	6.378803	5.495584	5.593719	6.673209
6085	12.400000	5.400000	5.600000	4.600000	5.900000	5.900000	4.400000	5.500000
6086	13.467337	5.125628	5.326633	4.723618	6.331658	5.527638	4.020101	6.532663
6087	12.996032	6.250000	5.853175	5.853175	7.142857	5.158730	4.563492	5.952381
6088	12.975610	6.146341	5.853659	6.536585	7.219512	6.634146	4.097561	6.048780
6089	11.306043	6.140351	5.750487	6.140351	6.725146	6.237817	4.678363	7.602339
6090	12.019704	5.221675	6.600985	5.320197	6.699507	5.714286	4.039409	6.798030
6091	12.795276	6.397638	6.889764	6.397638	5.610236	6.200787	4.724409	6.003937
6092	12.909633	5.958292	6.156902	5.958292	4.965243	5.362463	4.270109	6.752731
6093	13.346614	5.776892	7.370518	5.079681	6.474104	6.673307	4.581673	6.772908
6094	11.856171	5.053450	5.830904	5.053450	6.608358	5.636540	4.081633	7.677357
6095	11.356784	5.326633	5.829146	4.824121	6.934673	5.025126	4.321608	5.829146
6096	12.962963	6.335283	6.725146	5.165692	5.263158	5.750487	4.678363	6.140351
6097	11.817279	5.660377	5.461768	4.270109	6.752731	5.958292	4.468719	6.852036
6098	12.906404	5.812808	6.403941	4.926108	6.600985	5.615764	4.630542	6.206897
6099	12.988281	6.152344	5.859375	5.371094	6.347656	4.882812	4.003906	5.468750
6100	12.919132	6.015779	5.719921	6.015779	6.804734	6.015779	4.930966	5.719921
6101	12.993263	6.063523	5.967276	4.716073	6.256015	6.063523	3.272377	6.544755
6102	12.139303	5.671642	5.373134	6.467662	7.761194	4.676617	4.378109	6.666667
6103	11.328125	4.980469	5.664062	4.980469	6.640625	5.761719	4.003906	7.128906
6104	13.267327	6.039604	5.940594	4.851485	6.138614	4.653465	4.653465	6.237624
6105	12.741313	5.405405	5.791506	4.536680	6.177606	6.177606	3.571429	6.949807
6106	12.585366	5.560976	5.756098	5.463415	5.560976	5.951220	4.292683	6.829268
6107	12.365064	6.280667	5.691855	5.201178	4.906771	5.691855	4.514230	7.163886
6108	13.809990	6.072478	5.876592	5.386876	5.680705	5.386876	4.505387	5.582762
6109	13.000978	5.962854	5.571848	5.376344	6.647116	5.083089	4.594330	6.060606
6110	11.984283	6.090373	5.992141	5.108055	7.858546	5.206287	5.304519	6.581532
6111	11.473788	5.736894	6.627102	4.747774	5.539070	5.934718	4.451039	7.418398
6112	12.450199	6.175299	5.577689	5.577689	6.972112	5.378486	5.378486	7.071713
6113	13.654224	6.188605	5.893910	4.518664	6.777996	5.402750	4.223969	5.992141
6114	11.964981	5.544747	5.252918	5.350195	6.712062	6.712062	3.988327	6.712062
6115	13.178295	4.844961	5.620155	5.135659	5.910853	5.426357	4.651163	6.298450
6116	13.168317	5.940594	5.544554	5.445545	6.138614	5.445545	3.960396	5.544554
6117	12.988281	5.468750	6.347656	5.371094	5.957031	5.664062	4.296875	6.445312
6118	12.890232	5.538771	6.344411	6.143001	6.847936	6.344411	4.531722	6.445116
6119	12.909633	4.965243	5.759682	5.561072	6.554121	5.263158	5.362463	6.554121
6120	12.402344	5.761719	6.640625	6.347656	6.445312	5.078125	5.371094	6.445312
6121	12.500000	6.152344	6.445312	5.468750	5.957031	6.445312	4.003906	6.054688
6122	11.391129	6.250000	6.350806	5.241935	7.560484	5.241935	4.435484	6.754032
6123	12.634672	4.995103	6.366308	4.505387	6.268364	5.484819	4.211557	7.933399
6124	11.695906	5.555556	6.140351	5.360624	5.945419	6.140351	3.898635	6.140351
6125	12.216749	5.320197	5.812808	4.630542	6.502463	6.403941	4.532020	7.192118
6126	12.342080	5.636540	5.830904	5.830904	6.899903	5.539359	3.692906	6.511176
6127	12.463768	5.893720	5.507246	5.797101	6.570048	5.797101	4.444444	6.666667
6128	12.000000	5.951220	6.048780	6.048780	5.658537	6.829268	4.585366	5.951220
6129	11.805556	5.853175	6.547619	5.456349	6.051587	5.654762	4.960317	6.646825
6130	12.301587	7.043651	5.952381	5.059524	4.662698	5.853175	4.365079	6.150794
6131	12.079208	4.950495	5.247525	5.445545	8.118812	5.742574	4.257426	7.722772
6132	13.829787	5.609284	6.286267	5.029014	5.705996	6.673114	5.125725	6.189555
6133	13.663366	6.237624	5.643564	5.544554	6.930693	6.336634	5.049505	6.534653
6134	12.761715	4.685942	5.782652	4.885344	6.480558	5.782652	4.785643	6.181456
6135	11.143695	4.887586	6.060606	4.301075	6.256109	6.842620	3.910068	6.744868
6136	10.746269	5.074627	5.771144	5.970149	7.164179	5.373134	4.179104	6.169154
6137	12.660732	6.033630	5.044510	5.539070	7.022750	5.242334	5.143422	5.934718
6138	12.051793	5.776892	5.577689	5.179283	6.075697	5.079681	4.780876	7.171315
6139	12.855741	5.789990	6.182532	3.827282	6.967615	4.514230	4.023553	6.869480
6140	13.000000	5.200000	6.200000	6.100000	6.000000	5.600000	5.300000	5.200000
6141	11.219512	5.463415	5.073171	4.487805	6.926829	6.048780	3.707317	6.439024
6142	13.919052	5.824284	5.923001	4.935834	5.429418	6.416584	3.849951	7.107601
6143	11.723447	5.410822	5.811623	5.410822	6.312625	6.312625	4.609218	6.012024
6144	12.487709	6.489676	6.096362	5.309735	5.506391	6.588004	4.129794	6.293019
6145	12.377210	5.697446	6.385069	6.483301	7.367387	6.286837	4.813360	7.760314
6146	11.940299	5.373134	5.970149	5.472637	5.671642	5.671642	5.174129	6.169154
6147	12.426614	6.066536	5.772994	5.968689	6.555773	5.870841	4.598826	6.947162
6148	12.221145	5.043647	5.237633	5.043647	5.722599	5.722599	3.782735	7.371484
6149	11.753183	5.386876	6.562194	6.562194	5.288932	6.072478	4.603330	6.660137
6150	12.720157	5.968689	5.479452	6.457926	7.142857	5.283757	3.620352	6.457926
6151	12.451362	5.252918	6.031128	5.544747	5.252918	5.836576	5.058366	6.322957
6152	12.953876	5.397448	6.084396	5.201178	5.397448	5.986261	4.416094	6.575074
6153	12.413108	5.958292	5.362463	5.561072	6.156902	6.454816	3.773585	5.660377
6154	12.450593	5.731225	6.422925	4.743083	6.422925	5.335968	4.150198	6.225296
6155	11.239193	5.283381	5.283381	5.091258	7.492795	5.763689	3.938521	6.532181
6156	11.431412	5.666004	6.163022	5.367793	5.666004	5.268390	3.479125	6.759443
6157	12.903226	5.865103	6.060606	5.865103	5.767351	5.865103	3.910068	6.744868
6158	12.500000	6.692913	6.299213	5.118110	6.496063	6.102362	4.822835	6.791339
6159	12.585366	6.243902	5.560976	5.463415	6.048780	5.658537	4.975610	7.219512
6160	12.094395	5.408063	4.916421	5.211406	6.293019	5.801377	5.309735	7.079646
6161	12.463199	6.182532	5.789990	4.906771	6.280667	6.084396	4.612365	6.869480
6162	11.099899	5.247225	6.458123	4.238143	7.568113	5.045409	4.339051	6.155399
6163	12.792969	5.566406	5.761719	5.078125	6.250000	6.054688	4.394531	6.250000
6164	12.278978	5.992141	6.188605	6.188605	5.697446	6.974460	4.322200	5.893910
6165	14.454277	5.703048	6.194690	5.408063	6.882989	5.703048	4.719764	6.882989
6166	14.062500	6.054688	6.445312	4.589844	6.054688	5.859375	4.687500	7.226562
6167	11.902439	6.634146	5.756098	4.097561	6.536585	5.756098	4.975610	6.829268
6168	12.250996	5.378486	6.474104	4.482072	6.075697	5.278884	5.577689	6.872510
6169	14.214712	5.467197	5.367793	4.572565	5.168986	5.765408	4.373757	6.262425
6170	12.827988	5.344995	5.830904	5.053450	7.385811	6.025267	4.178814	6.608358
6171	12.094395	6.293019	6.588004	4.818092	6.293019	5.899705	4.523107	6.096362
6172	13.013013	4.504505	6.606607	4.704705	7.707708	6.106106	4.604605	6.306306
6173	12.067260	6.231454	5.143422	6.330366	5.934718	5.440158	3.857567	6.330366
6174	12.500000	5.800000	6.100000	5.200000	5.900000	5.000000	5.800000	6.600000
6175	11.584158	5.346535	5.643564	5.742574	5.643564	5.643564	4.851485	6.435644
6176	12.620424	5.973025	5.298651	5.009634	5.973025	5.876686	4.527938	5.780347
6177	11.188119	6.039604	5.544554	4.752475	5.841584	5.940594	4.950495	7.227723
6178	13.452028	5.440158	5.044510	6.132542	6.231454	5.736894	4.451039	7.121662
6179	11.383710	5.201178	6.673209	5.299313	7.360157	6.575074	4.906771	6.280667
6180	11.822660	5.221675	5.911330	6.699507	5.714286	5.812808	4.433498	6.305419
6181	12.682927	6.146341	5.658537	5.463415	7.121951	5.756098	4.878049	6.439024
6182	13.129319	5.528134	6.416584	5.133268	6.811451	5.824284	4.540967	5.923001
6183	13.438735	5.731225	5.830040	4.545455	6.324111	6.324111	4.940711	7.015810
6184	12.187812	6.193806	6.093906	5.094905	5.194805	5.594406	3.996004	6.493506
6185	13.082260	6.144698	5.550050	5.649158	6.838454	5.450942	4.757185	6.144698
6186	12.845850	5.434783	5.731225	5.533597	7.312253	5.731225	3.952569	7.015810
6187	13.119534	5.442177	5.442177	4.567541	5.733722	5.539359	3.692906	7.094266
6188	12.118227	5.221675	6.403941	5.320197	6.995074	5.517241	3.645320	5.615764
6189	11.892963	5.351833	5.351833	5.054509	6.243806	5.847374	4.658077	5.351833
6190	13.765978	5.998033	6.686332	4.228122	6.489676	5.113078	4.424779	6.882989
6191	12.792969	6.445312	6.640625	5.468750	6.542969	5.761719	4.492188	7.519531
6192	12.233010	4.660194	6.019417	5.728155	5.825243	5.922330	4.174757	6.601942
6193	12.634672	5.582762	5.778648	5.974535	5.288932	6.268364	4.897160	6.758080
6194	14.116486	5.330701	5.923001	5.824284	7.206318	7.008885	4.343534	7.403751
6195	12.156863	6.666667	6.372549	4.019608	6.666667	5.490196	4.509804	6.764706
6196	11.976048	5.189621	5.988024	5.588822	6.786427	5.888224	4.091816	5.189621
6197	11.724138	5.123153	5.714286	4.827586	5.714286	5.517241	4.433498	6.798030
6198	11.904762	5.158730	6.646825	5.257937	5.555556	7.341270	4.365079	6.944444
6199	12.964824	5.226131	6.231156	5.226131	6.331658	5.628141	4.221106	6.331658
6200	11.188811	5.794206	5.694306	4.995005	6.993007	5.794206	4.695305	6.893107
6201	12.500000	5.523256	5.426357	5.232558	6.492248	5.329457	4.748062	5.910853
6202	13.168317	5.940594	6.039604	4.554455	6.930693	6.138614	3.861386	6.138614
6203	12.328767	5.479452	5.675147	4.500978	6.066536	5.772994	4.990215	8.121331
6204	12.031558	5.621302	6.311637	5.226824	6.114398	5.226824	4.635108	6.311637
6205	12.830558	5.680705	6.856024	5.582762	6.562194	6.268364	4.701273	7.051910
6206	13.419483	5.168986	5.268390	5.069583	5.268390	4.970179	4.671968	6.560636
6207	12.106299	6.200787	5.905512	4.822835	6.003937	5.314961	4.035433	6.397638
6208	11.618669	5.064548	5.362463	5.064548	5.858987	5.660377	3.574975	7.547170
6209	11.345382	5.421687	5.923695	5.020080	5.923695	6.827309	4.016064	7.429719
6210	13.077679	5.998033	6.096362	5.211406	6.784661	6.194690	4.031465	6.686332
6211	12.537613	5.315948	6.118355	5.616851	4.714142	5.817452	5.015045	6.318957
6212	12.548638	5.058366	6.225681	4.863813	6.128405	5.350195	4.377432	6.906615
6213	11.871227	5.231388	4.828974	5.130785	7.545272	5.533199	4.929577	5.533199
6214	11.735700	5.128205	5.818540	6.015779	7.790927	4.733728	4.536489	5.424063
6215	13.035019	5.642023	6.031128	6.225681	6.225681	5.252918	4.571984	5.933852
6216	12.426614	5.772994	6.947162	4.892368	7.729941	5.283757	4.892368	5.675147
6217	10.967099	5.184447	6.779661	4.985045	6.081755	6.281157	4.087737	5.982054
6218	11.758893	5.830040	5.731225	4.150198	6.126482	6.422925	4.446640	6.719368
6219	10.893032	5.789990	6.084396	4.612365	6.378803	4.906771	4.317959	6.084396
6220	13.694581	5.714286	6.305419	4.827586	6.305419	6.699507	5.024631	6.502463
6221	11.379658	5.236657	6.344411	5.538771	6.545821	5.438066	3.726083	6.545821
6222	12.659470	5.789990	6.771344	5.495584	5.888126	5.103042	4.121688	6.280667
6223	13.116371	5.226824	5.029586	5.719921	6.410256	4.733728	4.240631	6.804734
6224	12.051793	5.776892	6.274900	5.278884	6.474104	4.980080	3.784861	7.370518
6225	10.967099	5.782652	5.682951	6.380857	5.682951	6.380857	3.888335	5.483549
6226	10.654936	5.865103	5.962854	6.451613	6.549365	4.887586	4.007820	7.135875
6227	12.003872	5.033882	5.517909	5.711520	5.711520	6.195547	4.937076	7.841239
6228	13.405088	5.772994	5.479452	5.381605	6.653620	5.577299	4.305284	7.142857
6229	13.542689	5.397448	6.378803	5.201178	6.280667	5.495584	4.612365	7.163886
6230	12.426614	5.675147	4.990215	5.185910	6.849315	4.990215	4.598826	6.066536
6231	12.597656	5.859375	6.542969	4.980469	7.128906	6.152344	4.394531	7.128906
6232	12.166172	5.242334	5.736894	5.637982	5.736894	5.835806	3.758655	6.923838
6233	12.855741	5.495584	6.378803	4.808636	7.262022	5.201178	4.023553	6.378803
6234	14.619883	5.360624	6.725146	5.263158	6.140351	5.653021	4.385965	6.627680
6235	12.992126	5.905512	5.905512	4.724409	6.003937	5.511811	4.035433	7.381890
6236	12.524462	5.870841	6.164384	4.696673	6.947162	6.262231	3.816047	5.968689
6237	13.411079	5.539359	5.928086	5.150632	5.636540	5.344995	3.887269	7.094266
6238	12.988281	5.566406	6.250000	5.371094	5.859375	6.152344	3.613281	6.835938
6239	12.298387	5.947581	6.250000	5.544355	6.250000	6.048387	4.536290	5.645161
6240	12.984496	6.104651	5.717054	6.007752	7.073643	5.620155	3.972868	7.170543
6241	13.030602	5.034551	5.824284	5.824284	6.317868	6.120434	3.455084	5.824284
6242	11.078431	6.274510	6.176471	5.098039	6.764706	5.686275	4.509804	6.274510
6243	11.641791	6.268657	5.771144	4.278607	6.368159	5.074627	4.875622	7.462687
6244	12.185687	5.609284	6.673114	6.189555	6.479691	5.705996	4.061896	5.996132
6245	11.660079	5.039526	4.940711	5.928854	7.509881	5.731225	4.249012	6.719368
6246	12.537613	5.215647	5.315948	4.714142	6.318957	5.917753	4.012036	6.619860
6247	11.099899	5.146317	6.054490	4.339051	5.247225	6.054490	4.439960	6.458123
6248	13.366834	5.929648	5.628141	5.326633	6.231156	5.628141	4.221106	6.432161
6249	11.504425	5.899705	6.293019	5.408063	6.293019	6.293019	4.719764	6.293019
6250	13.789683	5.853175	5.853175	5.059524	5.555556	6.845238	4.861111	6.150794
6251	11.804878	6.146341	5.560976	4.195122	6.048780	6.634146	4.682927	6.536585
6252	13.095238	5.059524	6.051587	5.257937	5.753968	6.150794	4.861111	7.043651
6253	12.893701	6.102362	5.708661	5.216535	6.496063	5.807087	4.232283	6.397638
6254	13.529412	6.274510	5.784314	5.392157	6.274510	5.882353	4.509804	6.176471
6255	11.909449	5.905512	6.102362	5.905512	6.200787	6.594488	4.527559	6.692913
6256	12.524655	5.325444	6.114398	5.029586	5.325444	5.719921	4.635108	6.706114
6257	13.596059	6.403941	5.812808	4.630542	6.009852	5.320197	5.221675	7.783251
6258	10.882353	5.588235	7.058824	5.392157	5.980392	6.078431	5.294118	6.372549
6259	12.391931	5.955812	5.187320	4.803074	7.108549	5.187320	4.707012	6.724304
6260	10.039761	5.367793	5.069583	6.163022	6.560636	6.063618	4.572565	6.262425
6261	12.400794	6.646825	5.555556	5.158730	5.853175	6.250000	4.067460	7.440476
6262	13.098729	5.865103	6.256109	4.985337	7.135875	5.669599	4.398827	6.451613
6263	11.871227	4.627767	5.331992	4.728370	5.533199	5.130785	3.822938	6.237425
6264	12.588117	5.236657	5.438066	5.236657	6.948640	6.243706	4.833837	7.955690
6265	11.306043	5.653021	5.847953	4.873294	6.627680	5.263158	5.263158	5.847953
6266	13.532338	5.373134	5.472637	5.970149	5.174129	6.169154	4.577114	6.567164
6267	13.222331	5.484819	7.345739	4.505387	5.778648	6.464251	4.701273	7.247796
6268	13.068732	5.808325	6.195547	4.646660	6.098742	5.905131	3.775411	6.679574
6269	13.150147	5.004907	5.986261	5.397448	7.360157	6.182532	4.710500	6.771344
6270	11.077844	6.586826	5.788423	4.990020	5.888224	5.389222	4.291417	6.786427
6271	12.291052	6.489676	5.113078	5.211406	6.293019	5.801377	4.129794	6.686332
6272	11.798839	5.415861	5.705996	4.835590	5.802708	6.769826	4.738878	6.576402
6273	13.333333	5.074627	5.174129	5.870647	7.263682	5.572139	4.079602	5.771144
6274	11.425781	5.957031	6.054688	6.152344	8.203125	5.664062	4.003906	7.421875
6275	12.154150	5.335968	5.533597	5.138340	6.422925	6.225296	5.039526	6.225296
6276	12.252964	5.830040	6.324111	5.237154	7.213439	5.928854	3.853755	6.916996
6277	12.745098	5.490196	5.294118	5.392157	6.764706	5.784314	5.294118	6.470588
6278	12.622309	6.457926	5.577299	6.066536	6.360078	5.381605	4.403131	6.457926
6279	12.687313	5.894106	6.393606	5.794206	5.494505	5.494505	3.896104	7.092907
6280	13.021869	6.163022	6.560636	4.870775	6.063618	7.256461	4.671968	7.554672
6281	14.042126	5.215647	5.917753	5.315948	6.118355	5.516550	4.613842	6.820461
6282	10.914454	4.719764	6.489676	4.818092	7.374631	7.374631	5.309735	5.899705
6283	11.332008	5.864811	5.666004	6.361829	6.163022	5.666004	4.572565	6.560636
6284	12.662014	5.483549	5.982054	5.583250	6.480558	6.580259	3.589232	6.580259
6285	12.224449	5.410822	6.012024	4.709419	6.613226	6.312625	4.509018	6.312625
6286	11.776251	5.888126	5.789990	5.691855	5.299313	5.789990	3.631011	7.360157
6287	11.489776	5.842259	6.913340	5.258033	6.815969	4.868549	3.992210	6.426485
6288	12.512315	5.517241	5.123153	5.221675	7.093596	5.517241	4.433498	7.192118
6289	12.820513	5.522682	6.311637	5.226824	6.213018	5.818540	3.550296	6.804734
6290	13.287402	5.708661	6.102362	4.527559	6.200787	5.216535	3.838583	6.003937
6291	11.553785	5.079681	5.478088	5.577689	7.569721	5.776892	4.083665	6.872510
6292	12.931885	5.725568	5.429418	5.034551	5.725568	5.923001	4.442251	8.094768
6293	11.992071	5.351833	5.550050	6.442022	6.342914	5.946482	3.964321	6.243806
6294	11.980198	6.237624	6.138614	5.247525	6.039604	5.148515	4.158416	6.831683
6295	14.424951	5.555556	6.237817	4.678363	5.653021	5.750487	4.191033	7.017544
6296	12.087912	5.194805	5.694306	5.694306	6.493506	5.594406	4.395604	6.593407
6297	13.837095	6.182532	5.495584	4.808636	6.476938	5.397448	5.004907	6.673209
6298	12.085770	5.068226	6.140351	5.165692	7.017544	5.263158	4.288499	6.335283
6299	13.102119	6.454721	5.973025	6.069364	5.491329	6.262042	4.816956	6.743738
6300	11.968348	4.549951	5.736894	6.033630	6.033630	4.846686	4.549951	6.824926
6301	11.240310	6.104651	5.426357	4.651163	6.007752	5.426357	4.263566	6.007752
6302	11.688312	5.594406	5.394605	5.794206	6.393606	6.393606	3.896104	5.394605
6303	12.112403	5.910853	6.007752	4.844961	6.492248	6.492248	3.972868	5.910853
6304	10.552268	5.424063	5.424063	5.029586	5.719921	6.508876	3.648915	6.508876
6305	11.595639	6.442022	5.946482	5.153617	7.532210	5.351833	3.964321	6.243806
6306	11.718750	5.175781	6.054688	5.957031	6.542969	5.566406	4.394531	6.738281
6307	10.079051	5.237154	6.027668	5.434783	5.335968	5.533597	4.150198	7.213439
6308	13.406157	5.660377	6.057597	5.064548	5.759682	6.454816	4.766634	6.752731
6309	12.403846	5.769231	6.442308	5.480769	7.788462	6.250000	4.903846	6.923077
6310	14.965986	5.247813	5.539359	5.830904	5.442177	5.053450	4.664723	5.830904
6311	10.663984	5.835010	5.835010	4.828974	5.935614	5.835010	4.426559	5.734406
6312	13.853659	4.975610	5.463415	6.243902	6.536585	6.146341	4.780488	5.365854
6313	12.622309	5.185910	5.479452	4.403131	6.066536	5.772994	4.990215	6.849315
6314	11.417323	5.314961	5.413386	5.019685	5.511811	5.511811	4.429134	6.692913
6315	12.133072	5.479452	6.164384	4.794521	7.045010	5.968689	4.109589	6.849315
6316	13.098729	5.376344	5.083089	4.985337	5.571848	5.669599	4.301075	6.549365
6317	13.098729	6.060606	6.060606	5.962854	7.331378	5.962854	4.692082	6.060606
6318	13.034826	5.970149	6.069652	5.572139	6.467662	6.069652	4.477612	6.368159
6319	12.054002	5.978785	6.171649	4.532305	6.750241	6.364513	5.014465	6.557377
6320	11.741683	4.892368	5.772994	6.164384	6.164384	5.185910	4.011742	6.457926
6321	13.008937	5.759682	5.958292	4.865938	5.958292	5.362463	3.574975	6.852036
6322	12.042389	5.780347	6.069364	6.165703	5.491329	5.587669	4.046243	7.418112
6323	11.468813	5.331992	6.438632	5.030181	5.935614	7.142857	5.432596	6.740443
6324	11.888112	4.995005	5.794206	4.995005	6.093906	5.794206	4.295704	7.192807
6325	12.150434	5.689489	6.171649	5.689489	5.882353	5.882353	4.532305	6.750241
6326	13.425469	5.429418	6.712734	4.837117	6.219151	6.416584	4.146101	6.712734
6327	12.865497	5.458090	5.653021	5.750487	6.920078	5.458090	4.483431	6.920078
6328	13.132296	6.322957	5.252918	5.252918	6.712062	5.544747	3.988327	6.031128
6329	12.818004	5.870841	5.283757	5.479452	5.968689	7.045010	5.968689	6.751468
6330	12.681510	5.808325	7.066796	5.421104	6.195547	5.905131	3.484995	7.260407
6331	9.970385	5.725568	6.416584	4.935834	5.133268	5.824284	4.244817	6.120434
6332	12.291052	5.506391	5.604720	5.998033	7.472960	5.703048	5.211406	6.686332
6333	13.095238	5.753968	5.456349	5.654762	6.448413	6.944444	4.563492	7.043651
6334	12.487709	5.899705	6.293019	4.818092	5.211406	5.899705	4.523107	7.472960
6335	13.008937	5.461768	5.858987	5.759682	6.355511	6.057597	4.667329	6.554121
6336	12.085770	5.653021	6.627680	5.165692	6.627680	5.555556	3.996101	7.115010
6337	12.621359	6.213592	5.339806	5.728155	6.310680	5.436893	4.466019	6.601942
6338	13.596059	5.123153	5.911330	5.024631	6.305419	5.714286	5.024631	6.600985
6339	12.687313	6.593407	5.594406	4.495504	5.894106	5.394605	4.595405	7.092907
6340	11.425781	5.664062	5.468750	5.078125	5.664062	5.371094	4.296875	6.738281
6341	11.320755	5.064548	5.858987	5.362463	6.752731	5.561072	4.071500	5.561072
6342	11.166008	5.138340	5.731225	5.039526	6.521739	6.126482	4.940711	7.114625
6343	12.720157	5.968689	5.577299	5.577299	6.653620	5.381605	4.892368	5.870841
6344	12.082515	5.206287	5.599214	4.715128	5.304519	5.108055	4.027505	7.170923
6345	13.955823	5.923695	6.224900	4.718876	6.827309	5.020080	3.915663	6.024096
6346	13.030602	5.330701	5.725568	5.231984	5.725568	4.837117	4.244817	6.712734
6347	11.500975	5.653021	5.847953	5.360624	5.165692	5.555556	3.508772	6.822612
6348	11.132623	5.421104	6.195547	5.614714	5.711520	5.711520	4.162633	6.969990
6349	12.463486	5.939630	6.037001	5.842259	6.913340	5.355404	3.894839	5.842259
6350	11.361410	5.778648	5.680705	4.701273	6.758080	5.778648	3.917728	6.464251
6351	12.884044	4.955401	5.946482	4.658077	5.946482	5.649158	3.865213	6.342914
6352	13.550940	5.341246	5.242334	5.143422	5.934718	4.648863	5.341246	6.429278
6353	12.326044	5.765408	6.063618	4.174950	5.666004	6.958250	3.876740	6.958250
6354	11.968348	5.341246	5.440158	6.923838	6.330366	5.143422	4.945598	6.231454
6355	11.273081	6.122449	6.608358	5.636540	5.150632	5.150632	4.859086	6.511176
6356	12.673267	6.633663	5.643564	4.950495	6.138614	5.643564	4.851485	6.138614
6357	13.229572	5.739300	7.101167	5.252918	6.712062	5.642023	3.891051	7.101167
6358	12.524462	4.990215	5.185910	5.772994	5.772994	5.381605	3.913894	5.870841
6359	11.045365	5.226824	5.325444	4.930966	6.311637	4.733728	4.339250	6.410256
6360	11.770428	5.155642	5.933852	5.642023	7.003891	4.961089	3.891051	5.836576
6361	12.878049	5.951220	6.341463	4.390244	5.170732	5.463415	3.804878	6.536585
6362	11.980198	5.940594	6.138614	5.841584	6.732673	5.940594	3.960396	5.841584
6363	13.412229	6.015779	5.522682	4.832347	6.213018	5.621302	3.747535	6.015779
6364	12.671906	6.188605	5.893910	4.616896	6.385069	5.992141	4.420432	6.483301
6365	12.549020	6.372549	6.372549	5.882353	5.980392	5.882353	4.901961	5.588235
6366	13.000978	6.060606	5.865103	4.398827	5.962854	6.060606	4.398827	7.331378
6367	12.922465	5.566600	5.566600	5.566600	6.858847	5.168986	4.473161	5.069583
6368	13.035019	5.739300	6.128405	5.058366	5.933852	4.961089	4.571984	6.225681
6369	12.784936	6.045590	6.739346	4.360753	7.036670	5.450942	4.558969	6.045590
6370	12.011719	5.859375	5.859375	5.468750	6.445312	6.054688	4.199219	5.957031
6371	11.874387	5.397448	5.201178	6.378803	5.986261	5.495584	4.219823	5.495584
6372	12.352941	5.686275	6.078431	4.411765	5.784314	5.588235	4.607843	7.254902
6373	12.463486	6.037001	5.160662	5.939630	6.718598	5.452775	4.186952	7.302824
6374	13.425469	6.219151	6.219151	5.429418	6.515301	5.923001	3.652517	7.206318
6375	13.600783	5.381605	5.185910	5.185910	5.088063	6.457926	5.283757	6.555773
6376	11.534702	4.692082	6.353861	6.549365	5.278592	5.571848	3.616813	6.256109
6377	10.818713	5.847953	6.140351	5.750487	6.335283	5.653021	4.775828	6.822612
6378	12.782694	6.588004	5.506391	5.604720	5.604720	5.309735	4.228122	7.177974
6379	12.139303	5.472637	6.169154	6.069652	5.671642	5.870647	4.179104	7.064677
6380	13.649852	5.440158	5.934718	6.132542	5.736894	5.934718	5.143422	6.033630
6381	13.111546	5.870841	5.968689	5.283757	6.849315	6.653620	4.990215	6.360078
6382	13.254204	5.736894	6.330366	4.846686	7.121662	5.242334	4.352127	6.627102
6383	13.875124	5.946482	5.351833	4.360753	6.937562	5.748266	4.757185	6.838454
6384	11.787819	5.500982	5.893910	4.813360	5.795678	5.304519	4.518664	5.893910
6385	10.980392	5.588235	5.196078	4.901961	6.862745	5.882353	4.509804	6.274510
6386	12.500000	5.807087	5.807087	5.118110	7.185039	6.299213	4.625984	6.003937
6387	11.378978	5.496625	5.882353	4.532305	6.364513	6.653809	3.953713	7.232401
6388	12.772277	5.049505	5.346535	5.544554	7.227723	5.841584	4.356436	6.039604
6389	13.440321	5.717151	6.018054	5.616851	6.218656	5.717151	4.714142	6.419258
6390	12.623274	6.114398	5.818540	5.029586	7.297830	6.114398	3.846154	7.396450
6391	11.876248	6.187625	5.489022	4.590818	7.584830	5.389222	4.391218	6.886228
6392	12.192724	5.998033	6.489676	4.818092	6.588004	5.998033	4.424779	6.588004
6393	12.475822	5.996132	5.996132	6.769826	6.189555	4.835590	3.868472	6.576402
6394	12.401575	5.610236	5.807087	6.200787	5.807087	5.413386	4.330709	5.511811
6395	12.561335	5.299313	6.182532	5.593719	5.201178	7.065751	3.925417	6.869480
6396	10.970874	5.048544	5.242718	5.242718	6.990291	5.631068	4.466019	6.796117
6397	12.048193	4.919679	6.124498	5.923695	6.526104	5.823293	4.417671	7.128514
6398	12.573674	5.697446	5.697446	5.206287	5.304519	5.108055	4.322200	7.072692
6399	11.339198	4.985337	5.962854	5.767351	6.549365	5.083089	3.910068	7.624633
6400	13.320080	5.467197	6.063618	4.671968	5.566600	4.970179	4.274354	5.964215
6401	12.250996	5.876494	6.374502	4.681275	5.677291	6.772908	4.482072	6.474104
6402	12.211538	5.288462	5.384615	3.750000	6.634615	5.865385	4.326923	7.211538
6403	11.233701	5.315948	5.717151	5.516550	5.015045	5.215647	3.811434	5.616851
6404	12.254902	5.784314	5.882353	5.784314	5.000000	5.686275	4.019608	7.745098
6405	12.730807	5.636540	6.122449	4.859086	7.288630	5.539359	3.692906	7.288630
6406	11.770524	6.231454	5.736894	4.549951	6.923838	5.341246	3.659743	6.923838
6407	12.734452	5.626851	5.725568	5.429418	6.021718	6.712734	3.948667	7.897335
6408	10.327706	6.355511	5.064548	5.958292	6.554121	6.355511	3.475670	5.958292
6409	12.852970	5.842259	6.426485	4.868549	7.108082	5.744888	4.868549	6.815969
6410	12.795276	6.397638	6.102362	6.102362	6.397638	5.905512	4.724409	7.086614
6411	12.524272	6.310680	6.796117	4.854369	7.087379	6.116505	4.660194	7.572816
6412	11.056751	5.479452	5.479452	6.164384	6.066536	5.185910	4.696673	5.968689
6413	12.549407	5.237154	6.027668	4.644269	6.225296	5.731225	5.138340	6.324111
6414	11.852590	5.876494	6.573705	4.780876	5.577689	5.577689	4.681275	6.972112
6415	13.226453	6.913828	6.513026	5.511022	6.513026	5.210421	4.108216	6.012024
6416	13.366337	5.742574	6.138614	6.138614	5.841584	5.049505	5.049505	7.425743
6417	12.975610	4.878049	5.560976	6.048780	6.048780	5.365854	4.585366	6.731707
6418	13.293051	5.840886	5.035247	4.330312	7.552870	6.042296	4.934542	7.150050
6419	13.090551	5.708661	5.610236	5.216535	6.003937	5.019685	5.118110	7.086614
6420	12.391931	6.436119	6.340058	5.571566	6.051873	6.147935	4.995197	6.628242
6421	13.052012	5.986261	5.593719	5.593719	5.986261	6.673209	4.808636	6.182532
6422	12.091179	4.658077	6.045590	4.360753	6.838454	6.342914	4.459861	6.937562
6423	13.178295	5.813953	5.813953	5.329457	5.426357	6.298450	4.263566	6.104651
6424	12.425447	5.566600	5.864811	4.473161	5.765408	6.958250	5.069583	6.163022
6425	12.745098	5.686275	5.686275	4.607843	6.470588	5.686275	5.490196	6.470588
6426	12.946860	5.893720	5.217391	6.570048	6.183575	5.507246	3.768116	7.342995
6427	11.874387	5.691855	5.495584	5.103042	6.084396	6.084396	4.514230	6.280667
6428	10.981535	6.413994	5.928086	4.664723	5.733722	4.567541	3.790087	7.482993
6429	13.268293	6.146341	6.146341	5.170732	7.121951	6.146341	4.975610	6.634146
6430	13.955823	6.224900	6.927711	6.325301	6.526104	5.923695	5.020080	6.927711
6431	13.654618	5.923695	5.622490	4.819277	6.325301	5.923695	4.718876	6.526104
6432	11.879260	5.550146	5.550146	5.160662	5.258033	5.550146	4.576436	5.744888
6433	11.067961	6.213592	5.145631	6.893204	5.436893	5.048544	4.174757	6.990291
6434	12.674651	5.688623	5.688623	5.289421	6.387226	4.990020	4.590818	6.087824
6435	12.415131	5.431620	5.431620	5.334627	6.110572	5.916586	4.364694	6.498545
6436	11.857708	5.237154	7.015810	5.039526	6.225296	6.027668	3.557312	7.312253
6437	12.277228	5.940594	4.752475	5.445545	6.138614	6.039604	3.663366	7.128713
6438	13.047712	5.842259	6.621227	4.381694	6.037001	6.231743	4.576436	6.621227
6439	12.635735	5.231984	6.317868	5.725568	6.416584	5.528134	4.540967	5.923001
6440	12.130178	6.114398	6.410256	5.621302	5.818540	4.930966	3.846154	6.903353
6441	13.073171	5.756098	6.439024	5.560976	6.829268	5.658537	4.390244	5.756098
6442	12.019704	6.206897	5.911330	6.305419	6.108374	5.024631	5.418719	6.403941
6443	12.390244	5.268293	6.243902	5.756098	5.951220	5.853659	3.707317	6.243902
6444	12.709360	5.517241	5.517241	6.108374	6.502463	5.911330	4.630542	6.009852
6445	13.137255	6.176471	6.274510	5.000000	6.568627	5.294118	4.607843	5.882353
6446	12.663317	5.628141	5.728643	6.331658	5.728643	5.427136	3.417085	6.532663
6447	13.372665	5.014749	5.703048	5.014749	6.686332	5.604720	4.818092	6.686332
6448	13.569322	5.899705	5.211406	5.113078	6.489676	5.211406	4.031465	7.079646
6449	12.587413	5.394605	6.493506	5.494505	5.994006	7.192807	4.095904	6.593407
6450	11.735700	5.226824	5.522682	5.325444	4.930966	5.719921	4.339250	6.114398
6451	13.921569	6.078431	5.784314	4.509804	7.450980	6.078431	4.705882	5.882353
6452	12.216749	5.812808	6.699507	4.433498	5.812808	6.502463	4.236453	5.517241
6453	13.026445	6.170421	6.366308	5.093046	7.149853	5.778648	4.799216	7.541626
6454	11.591356	5.893910	5.893910	5.500982	5.697446	5.697446	4.223969	6.777996
6455	11.330049	6.206897	5.615764	5.221675	6.206897	5.911330	4.039409	6.403941
6456	11.408730	4.761905	4.960317	5.456349	6.448413	5.654762	3.769841	6.150794
6457	12.596899	5.813953	5.329457	6.298450	6.589147	6.395349	4.941860	6.201550
6458	10.861057	5.283757	6.555773	6.164384	5.870841	5.479452	3.718200	6.751468
6459	12.401575	4.625984	6.003937	5.610236	6.791339	6.003937	3.740157	6.200787
6460	13.516161	5.680705	6.268364	4.603330	5.778648	5.680705	3.819785	6.856024
6461	12.512315	5.911330	6.403941	4.532020	6.896552	5.418719	4.926108	7.389163
6462	12.597656	5.664062	6.542969	6.152344	6.640625	5.761719	4.101562	6.738281
6463	14.001986	5.958292	5.660377	5.660377	5.858987	6.156902	3.972195	6.057597
6464	11.888112	5.594406	5.094905	5.894106	7.592408	5.794206	4.195804	6.293706
6465	12.830558	5.778648	5.484819	5.386876	5.680705	6.464251	4.113614	6.856024
6466	12.162162	5.888031	5.888031	5.694981	6.756757	5.694981	3.764479	5.212355
6467	13.160518	4.586241	6.181456	5.583250	6.779661	6.181456	3.489531	5.782652
6468	12.953876	5.789990	5.495584	5.888126	5.789990	5.593719	4.514230	6.378803
6469	12.787213	5.894106	5.594406	4.995005	5.894106	6.193806	4.295704	6.593407
6470	12.426036	5.029586	6.508876	4.536489	6.213018	5.719921	4.832347	6.508876
6471	13.069307	6.237624	5.049505	5.544554	7.029703	5.544554	3.861386	6.237624
6472	12.855741	5.593719	5.888126	5.495584	7.360157	6.476938	4.906771	7.556428
6473	12.294288	5.614714	5.227493	5.421104	6.873185	6.485963	4.356244	6.776379
6474	12.720157	5.283757	6.653620	4.794521	4.990215	5.772994	4.598826	6.555773
6475	11.557297	5.190989	6.268364	4.799216	6.464251	5.680705	4.603330	7.345739
6476	12.173913	5.217391	5.893720	5.024155	5.797101	6.376812	3.574879	7.729469
6477	10.871694	5.288932	5.190989	6.072478	7.051910	4.995103	4.701273	7.247796
6478	13.267327	5.445545	5.643564	5.346535	6.831683	5.643564	4.356436	6.930693
6479	12.097561	5.463415	6.243902	4.585366	5.756098	6.829268	3.902439	6.341463
6480	11.352419	5.133268	6.416584	5.330701	5.626851	5.725568	3.849951	6.219151
6481	12.761715	6.181456	6.879362	5.184447	5.782652	5.483549	4.187438	6.380857
6482	12.278978	6.090373	6.581532	4.322200	6.090373	5.795678	4.223969	6.679764
6483	11.646586	6.124498	5.923695	5.923695	6.325301	6.024096	4.919679	6.927711
6484	12.363996	6.132542	6.726014	4.451039	6.231454	6.033630	5.044510	6.429278
6485	13.505462	6.156902	5.660377	5.163853	5.958292	5.163853	3.972195	6.454816
6486	13.964844	5.761719	6.835938	4.687500	6.054688	5.957031	4.394531	6.347656
6487	12.512413	6.454816	5.759682	5.362463	5.958292	5.561072	4.071500	6.355511
6488	11.531008	5.038760	6.201550	4.748062	6.492248	5.620155	4.844961	6.104651
6489	12.438302	5.330701	6.021718	4.935834	6.811451	5.429418	4.935834	6.120434
6490	14.045500	5.637982	6.330366	6.033630	7.220574	6.132542	3.956479	7.319486
6491	11.634905	5.917753	5.115346	5.416249	7.021063	5.917753	4.112337	6.419258
6492	12.549020	5.784314	5.980392	6.274510	5.392157	5.490196	4.509804	7.058824
6493	12.156863	4.901961	5.980392	4.901961	5.000000	6.764706	4.509804	6.470588
6494	11.588412	4.995005	5.694306	5.594406	6.593407	6.093906	4.295704	5.694306
6495	12.815338	5.348133	5.852674	4.540868	6.861756	5.449041	4.742684	6.962664
6496	13.671875	6.152344	5.761719	4.589844	6.054688	6.738281	3.613281	6.542969
6497	12.524462	5.088063	5.870841	5.577299	6.164384	6.360078	3.718200	5.870841
6498	13.919052	5.923001	6.219151	5.824284	5.231984	6.219151	4.244817	6.317868
6499	11.968348	5.835806	6.132542	5.143422	6.033630	5.044510	4.451039	6.231454
6500	12.401575	5.807087	5.511811	5.314961	5.511811	6.003937	5.118110	6.791339
6501	13.411079	6.122449	6.316812	6.413994	6.219631	5.733722	5.830904	6.997085
6502	12.714430	6.357215	6.357215	4.137235	5.549950	5.953582	4.742684	6.054490
6503	12.698413	5.753968	5.059524	4.563492	6.448413	5.654762	4.067460	7.142857
6504	13.034826	5.870647	5.970149	5.472637	7.860697	6.069652	4.577114	6.766169
6505	12.647059	5.588235	5.196078	5.294118	7.352941	4.803922	3.627451	6.862745
6506	12.772277	5.841584	6.633663	4.752475	6.237624	5.643564	4.752475	6.930693
6507	12.304688	5.371094	5.175781	4.785156	6.542969	5.078125	4.296875	7.031250
6508	12.550201	5.321285	5.421687	4.216867	6.726908	5.321285	4.317269	6.325301
6509	11.317073	5.756098	6.146341	5.560976	4.878049	5.853659	3.804878	6.829268
6510	10.693069	5.247525	5.049505	5.544554	7.029703	5.544554	4.851485	7.128713
6511	12.349398	6.124498	5.220884	6.626506	5.722892	5.923695	4.116466	7.429719
6512	12.957468	6.330366	6.824926	4.846686	5.440158	6.231454	4.451039	6.824926
6513	10.667996	5.982054	5.184447	6.081755	6.281157	5.682951	3.988036	6.679960
6514	12.487805	5.268293	5.756098	6.243902	6.634146	6.146341	3.707317	7.414634
6515	13.484252	6.102362	5.610236	5.708661	5.708661	5.807087	5.118110	6.200787
6516	14.543631	5.215647	7.121364	4.914744	5.315948	6.419258	3.911735	5.917753
6517	11.683168	6.138614	5.940594	5.346535	6.534653	6.633663	4.158416	6.336634
6518	12.162162	6.370656	5.694981	5.212355	7.528958	5.791506	3.764479	6.660232
6519	12.207031	4.980469	5.859375	5.859375	6.640625	5.273438	5.468750	7.031250
6520	12.187812	5.794206	5.794206	5.494505	5.894106	5.294705	3.796204	7.492507
6521	13.905325	5.226824	5.917160	5.917160	5.917160	5.719921	3.648915	6.015779
6522	11.220472	5.413386	6.299213	5.216535	6.791339	5.413386	3.444882	5.314961
6523	11.253702	5.824284	5.528134	6.021718	6.021718	5.330701	4.540967	6.021718
6524	13.242454	5.647517	6.037001	4.868549	6.329114	6.134372	4.771178	7.010711
6525	11.944719	6.120434	5.429418	5.133268	5.824284	5.626851	4.146101	6.712734
6526	12.669246	4.932302	6.092843	5.415861	6.576402	5.802708	4.352031	7.350097
6527	13.186813	5.794206	6.493506	4.295704	6.793207	5.994006	4.695305	6.193806
6528	11.388611	5.394605	5.494505	5.494505	5.294705	5.694306	3.896104	5.694306
6529	12.550201	5.923695	6.325301	3.915663	6.024096	5.923695	4.518072	6.827309
6530	12.130178	6.114398	5.128205	4.437870	7.889546	5.818540	4.635108	6.903353
6531	13.444553	5.103042	5.299313	5.004907	7.065751	6.476938	4.808636	6.280667
6532	12.291052	5.309735	6.391347	4.424779	6.686332	5.899705	3.736480	6.882989
6533	11.736178	5.334627	6.789525	5.916586	6.304559	6.110572	3.976722	5.916586
6534	13.098729	5.571848	5.376344	5.278592	6.549365	5.865103	4.301075	6.940371
6535	13.030602	5.626851	5.923001	4.738401	6.120434	6.416584	4.244817	6.614018
6536	12.300000	5.700000	6.100000	5.500000	6.400000	6.200000	4.200000	6.100000
6537	13.085938	5.761719	6.250000	4.882812	5.761719	5.664062	4.980469	6.640625
6538	12.537019	5.824284	5.824284	5.528134	7.008885	5.528134	4.837117	6.120434
6539	12.375250	5.389222	5.988024	5.489022	7.285429	5.389222	5.189621	5.788423
6540	11.976048	5.688623	5.588822	5.289421	6.586826	5.588822	4.291417	5.289421
6541	11.200000	5.200000	5.800000	5.300000	5.600000	6.200000	4.000000	6.700000
6542	13.378906	5.957031	6.152344	4.003906	6.835938	4.785156	4.492188	7.421875
6543	11.014493	5.410628	6.956522	5.410628	5.797101	5.507246	3.478261	6.086957
6544	12.759644	6.132542	5.242334	5.242334	6.231454	5.736894	5.341246	5.934718
6545	12.007874	5.708661	6.102362	5.413386	5.905512	6.692913	4.724409	6.692913
6546	13.518887	6.361829	7.057654	4.870775	6.063618	5.566600	4.473161	5.864811
6547	13.962635	5.408063	6.391347	4.719764	6.588004	6.489676	4.719764	6.588004
6548	13.294233	6.158358	5.376344	4.887586	6.940371	5.474096	4.007820	6.353861
6549	11.916584	5.362463	6.454816	4.965243	5.660377	5.759682	3.972195	6.057597
6550	13.694581	5.517241	5.024631	5.418719	7.290640	6.009852	5.221675	6.305419
6551	12.636816	5.970149	6.268657	4.975124	6.169154	5.472637	4.378109	6.965174
6552	10.810811	5.405405	6.606607	6.606607	7.107107	5.505506	3.403403	5.605606
6553	11.188811	5.794206	5.494505	5.294705	7.192807	6.293706	3.996004	6.993007
6554	12.658228	6.231743	5.355404	4.965920	6.913340	6.913340	3.992210	6.037001
6555	12.671906	5.108055	5.500982	5.206287	6.974460	5.795678	3.634578	5.992141
6556	11.996067	5.309735	5.408063	4.818092	6.096362	5.211406	4.818092	6.882989
6557	12.402344	5.859375	5.957031	5.371094	6.933594	5.859375	4.296875	6.347656
6558	11.481845	5.397448	5.888126	4.416094	6.182532	5.691855	4.710500	6.182532
6559	13.715953	6.031128	6.517510	4.669261	6.031128	5.058366	4.280156	6.809339
6560	12.475248	5.940594	6.534653	6.534653	6.237624	5.841584	4.059406	5.742574
6561	12.840467	6.225681	5.447471	5.155642	7.003891	5.155642	4.182879	6.809339
6562	11.679537	5.984556	5.308880	5.405405	5.984556	5.694981	4.150579	6.853282
6563	11.694747	5.550050	6.144698	4.459861	7.333994	5.946482	4.757185	8.225966
6564	13.413413	6.506507	5.405405	4.804805	5.505506	6.406406	4.404404	6.506507
6565	13.727455	5.711423	5.611222	5.010020	6.012024	6.112224	4.108216	7.314629
6566	12.966601	5.992141	5.402750	4.616896	6.483301	5.795678	5.108055	6.286837
6567	13.572854	6.087824	6.187625	5.588822	7.385230	6.087824	4.391218	7.684631
6568	12.896825	5.952381	6.250000	4.960317	5.952381	5.853175	4.365079	7.142857
6569	13.113113	6.506507	7.007007	4.004004	7.007007	6.106106	4.004004	6.706707
6570	13.176008	5.801377	5.014749	6.588004	7.374631	5.801377	4.719764	6.391347
6571	11.660079	6.324111	5.731225	5.632411	5.928854	5.039526	4.249012	6.521739
6572	12.035225	5.675147	6.653620	4.696673	5.381605	6.653620	4.305284	7.045010
6573	12.874251	6.187625	6.087824	4.291417	7.085828	4.990020	5.489022	6.786427
6574	11.352419	5.330701	5.725568	5.824284	7.601185	6.120434	4.343534	6.515301
6575	12.019704	6.009852	6.798030	4.729064	6.206897	5.812808	5.615764	7.290640
6576	12.948207	5.776892	6.673307	5.278884	6.474104	5.278884	4.681275	7.270916
6577	12.226640	5.367793	6.262425	4.870775	5.069583	6.361829	4.075547	6.063618
6578	12.221145	5.722599	5.916586	5.043647	6.886518	5.528613	3.782735	7.080504
6579	12.301587	5.654762	5.555556	5.654762	7.043651	6.051587	4.365079	6.051587
6580	13.056093	5.512573	6.092843	5.996132	6.382979	6.866538	5.319149	5.996132
6581	13.060429	5.847953	6.627680	4.678363	5.653021	5.653021	4.483431	6.627680
6582	11.976048	5.489022	5.788423	5.588822	6.986028	5.688623	3.692615	5.688623
6583	12.094395	5.408063	5.408063	4.818092	5.801377	5.604720	3.441495	6.588004
6584	13.294233	6.158358	5.767351	5.571848	6.647116	6.451613	3.519062	7.331378
6585	12.695312	4.980469	5.664062	4.687500	5.566406	5.371094	4.296875	6.542969
6586	13.803376	5.759682	6.454816	4.865938	6.355511	6.355511	4.071500	6.554121
6587	13.069307	4.653465	5.940594	4.851485	7.029703	5.247525	4.356436	7.722772
6588	13.073852	5.788423	5.688623	5.489022	6.287425	6.287425	4.091816	6.187625
6589	13.756098	6.341463	5.951220	5.073171	5.658537	6.731707	4.000000	6.634146
6590	12.426614	5.577299	5.968689	4.598826	5.381605	6.360078	4.305284	7.142857
6591	12.366115	5.939630	5.744888	5.160662	5.550146	5.355404	4.479065	6.718598
6592	11.992263	5.512573	6.479691	4.835590	6.866538	6.382979	4.932302	6.866538
6593	12.091179	5.550050	5.450942	5.054509	5.153617	4.955401	4.856293	5.748266
6594	12.524655	6.114398	6.410256	6.114398	6.508876	5.621302	5.029586	6.213018
6595	12.909633	5.759682	5.163853	5.263158	6.057597	6.057597	4.369414	6.454816
6596	11.330049	5.320197	5.812808	5.517241	7.487685	5.911330	4.039409	6.995074
6597	11.414634	5.756098	6.048780	4.682927	6.536585	5.853659	3.609756	6.634146
6598	11.897738	5.604720	6.489676	4.326450	6.882989	6.686332	4.424779	8.062930
6599	12.192724	5.899705	5.211406	5.408063	7.177974	5.899705	4.228122	6.882989
6600	13.542689	5.397448	6.378803	5.103042	6.869480	5.888126	4.416094	6.378803
6601	12.512315	6.206897	6.305419	5.320197	6.896552	6.009852	5.024631	7.290640
6602	12.007874	5.807087	5.413386	6.003937	5.807087	5.905512	4.330709	6.496063
6603	14.614615	5.605606	5.905906	4.904905	6.206206	6.306306	4.204204	6.506507
6604	13.192346	6.646526	6.847936	5.135952	6.445116	5.236657	5.135952	5.236657
6605	12.950341	6.037001	5.647517	4.965920	7.594937	5.160662	4.089581	7.302824
6606	13.255361	6.237817	6.432749	5.555556	6.920078	5.945419	4.970760	6.432749
6607	13.690476	5.257937	5.853175	5.158730	6.646825	5.357143	4.464286	5.654762
6608	12.254902	6.176471	5.980392	4.705882	5.588235	6.176471	4.411765	6.568627
6609	11.591356	6.286837	6.974460	4.911591	6.090373	4.813360	4.027505	5.893910
6610	12.843137	5.882353	6.176471	4.607843	6.176471	5.882353	4.411765	6.764706
6611	12.500000	5.708661	6.496063	5.511811	6.594488	5.216535	4.330709	6.889764
6612	15.643564	6.633663	5.247525	4.752475	6.237624	6.435644	4.257426	6.831683
6613	11.895161	5.645161	6.653226	4.435484	6.451613	5.846774	4.334677	6.048387
6614	11.439842	5.128205	5.719921	6.508876	6.804734	6.508876	4.536489	5.226824
6615	12.175649	5.688623	6.087824	4.091816	5.888224	6.087824	4.590818	6.187625
6616	11.862745	5.980392	6.176471	5.392157	6.470588	5.686275	4.509804	6.568627
6617	12.209889	5.852674	5.852674	4.944501	4.944501	5.045409	4.036327	5.449041
6618	12.375250	6.287425	4.990020	4.590818	6.586826	5.289421	4.391218	6.686627
6619	11.056269	5.133268	5.626851	5.429418	7.008885	5.330701	3.948667	6.120434
6620	11.507937	5.257937	5.654762	5.555556	7.440476	5.853175	4.761905	6.349206
6621	12.803104	5.334627	6.110572	4.946654	7.274491	5.237633	4.558681	6.498545
6622	12.992126	6.496063	6.003937	5.511811	6.791339	4.822835	4.035433	7.578740
6623	12.027833	5.566600	5.864811	5.964215	6.063618	5.268390	5.069583	5.367793
6624	12.112403	5.523256	6.395349	6.298450	6.201550	6.201550	3.972868	6.782946
6625	11.758989	5.344995	6.316812	6.219631	6.219631	5.830904	5.053450	6.705539
6626	13.034826	6.467662	5.373134	4.875622	7.661692	6.069652	4.179104	5.970149
6627	11.288711	5.794206	5.894106	6.393606	5.794206	6.693307	3.896104	5.294705
6628	13.086913	5.694306	5.994006	5.094905	5.394605	5.094905	5.294705	6.993007
6629	9.500000	4.900000	5.500000	5.000000	7.400000	5.600000	4.000000	6.200000
6630	13.614104	5.484819	6.366308	5.093046	6.562194	5.974535	4.309500	7.051910
6631	12.147716	5.636540	6.413994	4.956268	6.219631	5.442177	4.664723	6.608358
6632	12.768031	6.140351	6.140351	6.335283	6.725146	5.847953	4.288499	6.335283
6633	13.365385	5.961538	5.288462	4.326923	6.634615	5.673077	5.384615	6.346154
6634	11.956522	5.928854	5.335968	5.632411	7.312253	5.830040	4.446640	7.114625
6635	12.462908	5.835806	5.242334	4.253215	6.132542	5.341246	4.253215	5.835806
6636	12.988281	5.761719	6.250000	4.882812	6.542969	4.785156	4.296875	6.542969
6637	13.274336	6.096362	5.309735	5.604720	5.998033	6.489676	4.129794	6.882989
6638	13.085938	5.468750	6.250000	5.468750	7.128906	5.175781	4.296875	6.542969
6639	12.077295	5.410628	6.183575	5.990338	5.990338	4.734300	4.154589	6.956522
6640	12.852970	6.231743	6.815969	4.965920	6.037001	5.647517	4.673807	6.621227
6641	13.708087	5.719921	6.114398	5.029586	6.410256	6.015779	3.846154	6.508876
6642	13.359148	4.840271	6.485963	4.840271	6.679574	6.195547	3.872217	7.163601
6643	12.133072	5.772994	5.870841	5.185910	6.849315	6.066536	4.500978	7.534247
6644	12.770138	6.581532	5.009823	5.795678	6.679764	5.500982	4.027505	6.974460
6645	12.597656	5.664062	5.468750	5.468750	6.347656	5.761719	4.394531	6.054688
6646	11.695906	5.750487	5.653021	5.360624	5.945419	5.555556	4.385965	6.530214
6647	13.236715	6.473430	5.893720	5.024155	6.086957	5.797101	3.091787	6.086957
6648	12.588117	6.042296	6.747231	5.538771	5.236657	5.639476	3.927492	6.042296
6649	12.931885	5.824284	5.133268	4.540967	7.403751	5.923001	4.343534	6.614018
6650	13.009709	5.825243	5.533981	6.213592	6.990291	5.436893	4.757282	6.893204
6651	11.747285	5.330701	5.429418	5.231984	6.219151	6.317868	4.540967	5.231984
6652	12.019704	5.615764	5.615764	4.532020	7.389163	5.221675	5.123153	7.389163
6653	13.392857	5.654762	5.555556	5.357143	6.051587	6.349206	5.456349	6.051587
6654	12.623274	5.621302	5.424063	5.128205	6.114398	4.930966	4.832347	5.719921
6655	13.147410	6.872510	6.772908	4.880478	6.872510	5.976096	5.079681	6.872510
6656	12.684366	6.489676	6.194690	4.326450	6.096362	6.588004	4.031465	6.194690
6657	12.079208	6.039604	5.346535	5.049505	5.049505	5.247525	5.049505	6.039604
6658	11.639185	6.013579	5.722599	5.625606	6.013579	5.334627	4.073715	6.013579
6659	11.035156	5.664062	6.054688	6.445312	6.835938	5.957031	4.589844	6.347656
6660	11.078140	5.440158	5.539070	6.132542	4.846686	5.637982	4.451039	7.022750
6661	11.363636	6.027668	6.324111	4.249012	6.916996	6.225296	3.853755	6.818182
6662	14.143426	5.976096	5.677291	5.278884	6.772908	5.079681	4.880478	6.374502
6663	12.586037	5.899705	6.391347	4.031465	6.882989	6.293019	4.523107	6.882989
6664	11.564626	5.636540	6.122449	4.956268	5.733722	5.733722	4.859086	5.539359
6665	12.054002	5.207329	6.171649	4.918033	6.750241	6.557377	4.532305	7.135969
6666	12.695312	6.054688	5.566406	6.445312	6.933594	5.859375	5.078125	5.957031
6667	13.695871	5.438066	5.639476	4.733132	5.941591	6.243706	4.229607	6.545821
6668	12.214499	5.858987	6.256207	5.263158	5.461768	6.454816	4.965243	6.653426
6669	12.524655	6.213018	5.818540	5.917160	6.015779	5.917160	4.832347	5.917160
6670	12.273642	5.231388	5.331992	5.633803	6.036217	6.036217	4.124748	6.338028
6671	13.614104	6.464251	5.974535	5.778648	6.170421	6.464251	4.309500	6.464251
6672	13.060818	6.281157	5.682951	4.187438	6.081755	5.882353	4.287139	5.782652
6673	12.437312	5.315948	5.516550	6.018054	7.021063	5.115346	4.413240	5.917753
6674	13.280476	5.649158	6.045590	5.153617	5.847374	5.550050	4.757185	7.135778
6675	12.696850	6.200787	5.807087	6.200787	6.200787	6.692913	4.035433	7.086614
6676	13.856589	5.910853	6.201550	5.135659	6.686047	5.717054	4.651163	6.492248
6677	13.457760	5.992141	6.483301	5.304519	5.795678	6.188605	4.420432	6.286837
6678	11.655240	4.897160	5.582762	6.170421	6.170421	6.366308	4.407444	5.974535
6679	12.339585	5.725568	6.416584	4.343534	6.910168	5.231984	4.244817	6.219151
6680	11.442786	5.373134	6.169154	4.577114	6.268657	6.567164	4.278607	7.263682
6681	12.598425	5.807087	5.610236	5.216535	6.889764	5.807087	4.625984	6.496063
6682	12.091179	5.748266	6.937562	6.045590	6.243806	5.946482	5.054509	6.937562
6683	13.181368	5.252725	6.739346	6.045590	7.333994	6.045590	5.153617	6.541130
6684	13.560976	4.975610	5.951220	4.780488	6.634146	5.951220	4.390244	7.024390
6685	13.411079	6.219631	5.442177	5.344995	6.802721	6.122449	3.304179	6.511176
6686	12.365064	5.691855	6.182532	5.789990	6.869480	5.201178	3.925417	5.986261
6687	11.439842	6.015779	5.917160	6.114398	6.410256	6.311637	4.437870	6.607495
6688	12.463199	5.201178	6.673209	5.103042	5.888126	6.476938	4.219823	6.967615
6689	13.547758	5.945419	5.847953	5.165692	6.432749	6.432749	4.288499	5.653021
6690	11.822660	5.123153	6.502463	4.236453	6.995074	6.699507	4.532020	5.911330
6691	12.704524	5.582291	5.486044	4.716073	6.063523	6.063523	4.812320	7.410972
6692	13.320274	5.680705	6.170421	5.386876	7.149853	5.484819	4.603330	6.758080
6693	11.949070	5.582762	5.680705	5.190989	6.953967	6.268364	4.211557	6.072478
6694	11.414634	6.146341	6.243902	5.463415	6.243902	6.439024	4.097561	5.853659
6695	11.701082	5.703048	5.801377	4.621436	6.194690	6.096362	4.621436	6.981318
6696	12.983152	5.450942	5.649158	5.450942	5.649158	5.847374	5.054509	5.649158
6697	13.555992	5.304519	6.090373	5.108055	5.992141	5.992141	4.223969	6.679764
6698	13.645418	5.079681	5.776892	4.780876	6.274900	4.980080	4.482072	6.872510
6699	12.843137	6.568627	6.176471	5.686275	5.784314	5.196078	3.921569	6.568627
6700	11.969112	5.888031	5.501931	5.791506	7.335907	5.212355	4.826255	6.563707
6701	12.265084	5.440158	6.231454	4.549951	5.143422	5.835806	4.945598	6.132542
6702	13.564356	5.049505	6.138614	5.841584	6.732673	5.940594	4.455446	7.227723
6703	12.537019	5.725568	6.416584	4.639684	5.330701	6.910168	4.343534	7.008885
6704	13.786214	5.594406	6.693307	5.794206	5.794206	5.194805	4.995005	5.694306
6705	12.833169	5.923001	6.120434	5.923001	6.614018	6.021718	4.146101	6.416584
6706	12.903226	6.451613	5.669599	6.158358	7.038123	5.669599	4.789834	7.135875
6707	12.088975	4.835590	6.866538	4.932302	6.189555	6.673114	5.222437	6.866538
6708	11.888112	5.594406	5.994006	6.293706	5.394605	5.094905	3.896104	6.793207
6709	12.645914	6.809339	5.739300	5.350195	5.836576	5.544747	4.961089	6.517510
6710	11.934552	5.582291	5.678537	5.197305	5.967276	5.486044	4.042348	6.544755
6711	13.198459	5.202312	5.876686	6.262042	5.684008	6.262042	4.913295	5.876686
6712	12.252964	6.027668	6.324111	5.928854	5.533597	5.138340	3.557312	6.126482
6713	13.137255	5.490196	5.490196	6.568627	6.078431	4.607843	3.823529	6.176471
6714	12.438786	5.778648	5.974535	5.680705	6.562194	5.288932	3.819785	6.856024
6715	12.881023	6.096362	5.998033	4.916421	5.703048	6.686332	3.933137	6.882989
6716	11.609756	5.658537	5.560976	5.756098	6.536585	5.951220	5.268293	6.439024
6717	12.611718	5.958292	5.362463	4.667329	6.454816	5.858987	5.064548	6.454816
6718	12.315271	5.615764	5.714286	5.911330	5.812808	5.812808	5.221675	5.418719
6719	10.945274	6.467662	5.771144	4.776119	6.268657	5.771144	4.875622	6.169154
6720	11.712598	5.413386	5.314961	5.216535	5.216535	5.118110	3.740157	6.397638
6721	12.038835	5.436893	5.922330	6.310680	6.407767	5.339806	4.271845	6.310680
6722	11.504425	5.604720	6.194690	4.916421	6.391347	5.998033	4.031465	6.686332
6723	13.708087	6.213018	6.213018	6.607495	5.128205	6.114398	4.043393	6.311637
6724	11.776251	5.691855	5.103042	5.103042	5.986261	5.397448	3.532875	6.084396
6725	13.165537	5.711520	6.389158	5.517909	6.969990	4.840271	4.549855	7.550823
6726	11.694747	6.442022	5.946482	4.856293	5.946482	6.342914	3.964321	6.243806
6727	12.624254	5.168986	5.566600	5.666004	5.765408	5.765408	4.870775	7.554672
6728	12.837838	5.888031	6.081081	5.019305	6.467181	7.046332	4.536680	5.984556
6729	11.730769	6.346154	5.480769	5.480769	5.384615	5.576923	4.326923	7.115385
6730	13.419483	5.666004	5.566600	4.572565	6.361829	5.765408	4.373757	6.560636
6731	14.186508	5.952381	6.051587	5.654762	5.753968	5.753968	4.761905	6.746032
6732	12.687313	5.094905	4.995005	5.394605	5.494505	5.494505	3.896104	7.492507
6733	13.508260	5.539359	5.344995	5.247813	7.677357	5.733722	3.692906	6.316812
6734	11.980676	5.990338	5.893720	5.314010	6.473430	5.990338	4.637681	6.666667
6735	12.693798	5.329457	5.620155	5.620155	6.976744	5.329457	5.523256	6.395349
6736	11.045943	5.278592	6.256109	5.278592	6.451613	5.571848	4.985337	6.940371
6737	11.542192	5.528613	6.401552	5.237633	5.916586	5.819593	4.558681	6.013579
6738	11.712598	5.216535	5.708661	5.511811	6.496063	5.511811	4.724409	7.381890
6739	13.043478	5.632411	5.039526	4.841897	6.818182	6.324111	5.731225	6.225296
6740	11.953353	5.636540	5.636540	5.053450	6.413994	5.247813	3.984451	6.316812
6741	12.426036	5.226824	5.522682	5.226824	6.607495	6.311637	4.832347	6.607495
6742	13.745020	5.378486	7.171315	5.577689	6.175299	5.677291	4.780876	6.274900
6743	11.500975	5.165692	6.042885	5.360624	6.627680	5.750487	5.847953	6.627680
6744	13.671875	6.347656	5.371094	6.542969	6.835938	4.882812	3.906250	5.859375
6745	11.907067	5.227493	5.808325	5.905131	6.389158	6.679574	4.065828	7.163601
6746	13.043478	5.632411	6.126482	5.830040	7.015810	5.731225	3.458498	5.928854
6747	12.732615	5.190989	5.680705	5.582762	6.660137	6.660137	5.093046	6.366308
6748	12.144956	5.876592	5.876592	6.758080	8.031342	5.582762	4.309500	6.562194
6749	13.557692	5.480769	6.730769	5.000000	6.442308	5.865385	4.423077	5.865385
6750	12.100678	5.517909	5.711520	5.905131	6.098742	5.808325	4.065828	6.098742
6751	12.312312	6.606607	6.106106	5.305305	6.506507	5.905906	4.004004	6.006006
6752	12.823062	5.268390	6.560636	5.168986	5.765408	5.467197	3.976143	6.461233
6753	11.254980	4.880478	6.772908	4.581673	6.772908	5.577689	3.386454	7.669323
6754	12.830558	5.484819	5.680705	5.582762	5.093046	6.464251	4.309500	6.856024
6755	12.252964	4.940711	5.830040	6.027668	5.434783	5.138340	3.754941	5.533597
6756	13.060818	5.882353	5.284148	4.785643	6.281157	5.184447	4.386839	6.181456
6757	11.932939	5.621302	6.114398	6.114398	5.128205	5.818540	4.635108	5.128205
6758	12.067260	5.341246	5.736894	4.945598	5.934718	5.934718	4.846686	7.121662
6759	11.187439	6.673209	6.084396	5.397448	5.691855	6.673209	4.808636	6.378803
6760	12.351779	5.830040	6.620553	4.644269	5.335968	6.225296	3.952569	6.719368
6761	11.290323	5.645161	5.645161	4.637097	6.250000	6.048387	4.334677	5.443548
6762	13.300493	5.812808	6.009852	5.024631	6.206897	6.305419	4.729064	6.995074
6763	11.688312	5.594406	5.694306	5.894106	6.493506	5.794206	4.295704	6.893107
6764	12.313803	4.766634	5.660377	6.355511	6.752731	5.858987	4.568024	6.156902
6765	12.238806	5.572139	5.572139	4.776119	6.268657	5.572139	4.278607	6.268657
6766	13.894325	5.772994	5.185910	5.577299	6.751468	5.185910	4.892368	6.360078
6767	11.976631	5.744888	5.550146	6.231743	6.913340	5.160662	5.160662	6.134372
6768	11.262136	4.951456	6.019417	5.242718	6.796117	6.796117	3.980583	6.310680
6769	12.487512	5.294705	5.994006	5.394605	5.394605	5.394605	4.495504	5.594406
6770	13.861386	5.445545	5.445545	5.148515	6.138614	5.742574	4.653465	6.435644
6771	11.639185	6.595538	6.595538	5.334627	6.401552	5.237633	4.655674	6.013579
6772	13.064833	5.599214	6.581532	5.206287	5.893910	6.385069	4.125737	6.679764
6773	11.374876	5.440158	5.637982	5.242334	6.429278	6.627102	4.451039	6.528190
6774	13.468992	5.813953	5.910853	5.038760	6.976744	5.717054	4.263566	7.655039
6775	12.195122	5.560976	4.878049	5.463415	7.121951	5.951220	4.585366	7.121951
6776	13.200000	6.200000	6.000000	4.600000	6.900000	5.300000	3.700000	7.000000
6777	11.068335	5.774783	6.544755	4.716073	6.544755	5.582291	4.427334	7.218479
6778	12.402344	6.054688	5.175781	4.199219	6.445312	6.250000	3.808594	6.738281
6779	12.376238	5.148515	5.148515	6.039604	6.534653	5.148515	2.970297	6.633663
6780	14.744233	6.318957	6.018054	4.513541	6.318957	6.018054	3.911735	7.221665
6781	12.401575	5.413386	5.905512	5.314961	5.118110	6.003937	3.937008	7.578740
6782	12.903226	5.571848	6.353861	5.180841	6.060606	5.571848	4.887586	6.158358
6783	11.864407	6.181456	5.583250	5.084746	7.078764	5.982054	3.888335	6.580259
6784	12.077295	5.507246	5.507246	6.183575	7.536232	6.280193	4.541063	5.893720
6785	12.586037	5.309735	6.588004	6.096362	6.293019	5.998033	4.523107	7.374631
6786	13.557692	5.673077	5.288462	5.192308	5.288462	5.576923	4.230769	7.403846
6787	11.846002	5.231984	6.021718	5.626851	5.725568	5.824284	4.146101	6.416584
6788	11.519364	6.057597	5.660377	5.660377	6.653426	5.461768	4.865938	8.043694
6789	12.139303	5.870647	5.870647	4.676617	6.169154	5.771144	4.477612	5.671642
6790	12.784936	6.243806	6.541130	4.558969	6.045590	5.946482	4.558969	6.144698
6791	12.300000	5.300000	6.900000	5.000000	7.000000	6.400000	3.900000	6.700000
6792	12.983152	5.847374	5.847374	5.153617	5.847374	5.649158	5.550050	6.541130
6793	13.129319	5.231984	5.626851	5.330701	6.811451	6.811451	4.935834	7.206318
6794	13.476562	5.273438	5.761719	5.371094	6.542969	6.152344	4.785156	5.859375
6795	11.111111	5.105105	6.106106	6.006006	7.007007	6.106106	4.904905	7.407407
6796	11.735700	5.621302	5.522682	4.733728	6.706114	6.508876	5.029586	6.114398
6797	13.293651	5.456349	6.051587	5.257937	6.349206	5.753968	3.869048	5.952381
6798	12.561335	6.084396	6.771344	5.691855	6.182532	6.280667	4.416094	6.575074
6799	11.694747	5.550050	5.946482	5.450942	5.252725	5.450942	3.666997	5.649158
6800	12.840467	5.350195	5.350195	4.669261	6.322957	5.447471	4.669261	6.322957
6801	11.798839	5.512573	6.576402	5.125725	6.963250	5.996132	3.868472	6.479691
6802	12.687313	6.193806	5.794206	5.494505	5.194805	5.194805	4.895105	5.594406
6803	11.428571	6.502463	6.600985	5.024631	5.812808	6.108374	4.137931	7.290640
6804	11.493124	5.402750	6.974460	6.090373	5.599214	5.697446	4.715128	6.974460
6805	12.636816	5.970149	5.174129	4.477612	7.761194	5.074627	4.875622	6.169154
6806	11.481845	5.888126	6.182532	5.004907	5.299313	5.789990	4.121688	6.378803
6807	12.524462	5.968689	5.185910	6.164384	5.968689	5.185910	4.696673	6.360078
6808	14.565005	6.158358	5.376344	4.496579	6.842620	6.158358	4.887586	7.331378
6809	12.561335	5.103042	5.593719	4.710500	6.673209	6.476938	5.299313	8.439647
6810	13.489736	5.865103	5.962854	5.474096	6.353861	5.376344	4.594330	7.233627
6811	11.309524	5.952381	5.158730	5.753968	7.142857	5.753968	4.563492	5.555556
6812	13.134328	5.273632	6.567164	5.273632	6.169154	4.975124	4.079602	6.965174
6813	12.207031	5.859375	6.445312	5.468750	5.761719	5.566406	3.613281	6.152344
6814	12.634672	5.778648	6.072478	5.974535	6.660137	5.582762	4.113614	7.051910
6815	11.793855	6.243806	5.748266	5.550050	5.054509	5.550050	4.558969	6.243806
6816	12.390244	5.951220	6.243902	5.073171	5.365854	6.048780	4.585366	6.243902
6817	12.855741	5.986261	5.986261	5.495584	6.771344	5.299313	4.808636	5.986261
6818	11.595639	5.649158	5.748266	5.649158	6.442022	5.649158	4.558969	6.640238
6819	11.839530	5.185910	6.457926	5.479452	6.066536	5.088063	3.620352	6.947162
6820	12.774451	6.087824	4.890220	4.690619	7.984032	5.688623	3.992016	6.686627
6821	12.377210	6.385069	5.500982	4.420432	5.992141	5.304519	4.322200	7.269155
6822	12.848606	5.478088	6.075697	5.079681	6.772908	6.175299	5.079681	6.673307
6823	12.278978	5.992141	6.090373	4.518664	4.715128	6.385069	4.616896	5.697446
6824	12.268744	5.258033	6.037001	5.063291	6.134372	6.037001	3.992210	6.134372
6825	12.512413	6.256207	6.355511	4.965243	6.256207	5.759682	4.568024	6.454816
6826	13.300000	6.300000	5.800000	5.300000	7.200000	5.400000	4.100000	6.700000
6827	12.979351	5.703048	6.194690	5.506391	5.998033	5.408063	3.933137	6.096362
6828	11.718750	5.566406	5.761719	5.078125	5.761719	5.664062	4.199219	6.152344
6829	11.411411	5.305305	5.305305	5.305305	7.407407	6.606607	3.903904	6.006006
6830	12.903226	5.645161	5.443548	4.536290	5.342742	5.342742	3.830645	6.552419
6831	12.039801	5.970149	5.174129	5.870647	6.368159	4.776119	4.179104	6.268657
6832	11.531008	6.201550	5.910853	5.910853	6.104651	6.298450	3.972868	6.879845
6833	11.209440	5.309735	5.703048	5.703048	5.899705	5.506391	4.424779	6.686332
6834	12.109375	5.664062	6.640625	4.394531	6.738281	5.761719	4.589844	7.128906
6835	12.133072	5.772994	6.164384	5.772994	6.653620	5.772994	4.403131	6.066536
6836	12.275449	5.189621	7.385230	4.291417	7.485030	5.588822	3.692615	6.686627
6837	12.487709	5.998033	5.998033	5.211406	6.096362	5.998033	4.719764	7.079646
6838	12.390244	5.756098	5.463415	4.487805	6.146341	6.439024	3.609756	7.024390
6839	10.946746	6.015779	6.508876	6.311637	7.100592	7.001972	4.536489	6.508876
6840	12.365064	5.593719	6.869480	5.495584	6.575074	5.495584	4.710500	6.673209
6841	13.056380	5.637982	5.440158	5.242334	6.429278	5.934718	4.549951	6.330366
6842	11.949070	5.582762	5.680705	4.505387	6.660137	5.190989	4.505387	6.856024
6843	12.282398	5.705996	6.479691	4.642166	4.835590	5.125725	3.675048	7.059961
6844	12.720157	5.577299	6.164384	5.675147	7.240705	6.751468	4.500978	6.457926
6845	12.774451	5.988024	5.089820	4.590818	6.986028	5.489022	4.491018	6.187625
6846	12.741313	5.888031	5.501931	5.791506	6.274131	5.019305	4.343629	7.239382
6847	13.927856	5.811623	6.913828	4.709419	6.312625	5.410822	4.408818	6.112224
6848	14.215686	6.274510	5.686275	4.607843	6.372549	6.078431	3.725490	6.666667
6849	13.207547	5.759682	5.759682	6.156902	6.554121	5.461768	3.773585	6.256207
6850	11.515748	5.511811	5.708661	5.413386	4.429134	5.511811	3.543307	6.496063
6851	13.962635	5.899705	5.998033	5.408063	6.588004	6.096362	5.014749	6.194690
6852	13.209393	5.577299	6.360078	5.479452	6.751468	5.772994	4.403131	5.185910
6853	13.196481	6.158358	5.474096	4.985337	6.256109	5.571848	4.398827	6.353861
6854	11.983887	5.236657	5.538771	5.337362	6.445116	5.941591	3.726083	5.337362
6855	12.827988	6.122449	6.122449	5.053450	5.442177	5.150632	4.275996	7.288630
6856	12.573674	5.795678	6.286837	5.108055	5.009823	5.500982	3.831041	6.974460
6857	12.427746	6.069364	5.973025	6.069364	6.358382	5.780347	5.105973	6.358382
6858	12.644788	5.405405	5.308880	5.115830	6.563707	6.370656	4.440154	5.984556
6859	12.388503	5.847374	6.342914	5.153617	6.045590	5.054509	4.162537	6.838454
6860	13.287402	5.118110	6.692913	6.299213	6.692913	5.019685	4.527559	6.692913
6861	12.223292	5.582291	5.389798	5.004812	5.486044	6.929740	4.716073	6.737247
6862	11.793855	5.847374	5.252725	5.252725	6.243806	7.135778	4.261645	6.442022
6863	12.861416	6.281157	5.782652	5.284148	6.181456	6.679960	4.187438	5.483549
6864	12.226640	5.964215	4.671968	5.467197	6.262425	5.666004	3.479125	7.157058
6865	12.622309	6.164384	6.555773	5.381605	6.360078	6.164384	4.207436	6.262231
6866	12.254902	6.372549	5.686275	5.980392	6.960784	6.274510	4.411765	6.274510
6867	12.289395	5.748266	5.550050	6.243806	6.342914	5.847374	4.757185	6.144698
6868	13.089509	5.774783	6.063523	5.871030	5.871030	5.197305	4.138595	6.448508
6869	12.374245	5.533199	6.438632	4.426559	6.639839	5.432596	3.822938	6.136821
6870	13.339921	5.731225	5.533597	5.138340	6.225296	4.940711	4.446640	6.818182
6871	13.366337	5.544554	6.435644	5.544554	5.940594	5.841584	5.148515	6.435644
6872	12.147716	5.636540	6.219631	5.053450	6.608358	6.122449	4.275996	6.025267
6873	13.587488	5.865103	5.669599	5.278592	6.744868	5.962854	4.985337	6.060606
6874	12.919132	6.607495	6.903353	4.733728	6.410256	5.424063	4.142012	6.213018
6875	13.181368	5.252725	5.351833	4.856293	5.649158	5.351833	4.261645	7.135778
6876	13.085938	6.152344	6.640625	4.785156	6.835938	6.152344	5.078125	6.835938
6877	13.465347	5.049505	5.445545	4.851485	6.534653	5.544554	4.752475	6.633663
6878	13.152610	5.522088	6.626506	4.618474	7.530120	6.024096	5.120482	6.425703
6879	13.201970	6.600985	6.009852	6.206897	7.093596	5.615764	3.940887	6.305419
6880	12.833169	5.034551	6.120434	5.034551	7.107601	6.021718	4.837117	6.614018
6881	12.304688	5.468750	5.664062	5.468750	6.640625	5.664062	4.980469	5.957031
6882	10.724926	5.958292	5.561072	4.667329	6.454816	5.958292	4.965243	7.149950
6883	13.274336	5.899705	5.899705	5.506391	5.703048	5.703048	4.326450	6.096362
6884	12.957468	5.440158	7.022750	4.747774	6.726014	5.637982	3.857567	7.616222
6885	12.427184	5.631068	6.116505	4.757282	6.213592	5.728155	3.980583	6.796117
6886	12.463768	5.410628	5.603865	4.637681	6.376812	6.666667	4.541063	6.763285
6887	12.062257	6.128405	6.128405	5.058366	7.295720	5.642023	4.474708	6.322957
6888	11.690821	5.603865	5.797101	5.120773	6.570048	5.507246	3.768116	5.603865
6889	13.043478	5.632411	6.225296	4.743083	6.916996	6.521739	4.446640	7.509881
6890	12.278978	5.697446	5.009823	6.876228	5.402750	5.402750	4.420432	6.581532
6891	14.117647	5.000000	5.588235	5.784314	6.568627	5.196078	4.215686	5.980392
6892	12.524462	6.164384	5.968689	5.185910	6.164384	6.555773	4.305284	7.240705
6893	13.313609	5.128205	5.522682	4.930966	6.508876	5.424063	4.240631	6.706114
6894	11.623246	5.711423	5.811623	5.210421	6.713427	6.713427	4.308617	6.012024
6895	12.872238	5.859750	5.187320	5.571566	5.763689	5.475504	4.707012	6.436119
6896	11.770524	5.143422	6.429278	5.440158	5.242334	5.242334	3.560831	6.429278
6897	11.844660	4.951456	5.825243	5.436893	6.990291	5.631068	4.757282	6.893204
6898	12.228797	6.015779	6.508876	5.424063	7.001972	6.706114	4.437870	6.311637
6899	13.163065	5.795678	6.090373	5.795678	5.304519	5.500982	4.223969	5.402750
6900	12.109375	5.566406	6.152344	5.273438	6.250000	5.957031	4.003906	5.859375
6901	11.706349	6.051587	6.547619	4.761905	6.646825	6.250000	3.769841	7.440476
6902	12.706111	4.946654	5.722599	5.722599	5.528613	5.722599	3.685742	7.274491
6903	11.661808	6.219631	5.636540	5.150632	6.122449	5.636540	4.178814	6.511176
6904	12.784936	5.351833	5.847374	4.757185	6.640238	5.946482	3.567889	6.739346
6905	12.687313	5.794206	5.994006	4.095904	7.192807	6.793207	4.695305	5.894106
6906	13.847676	5.143422	5.835806	5.440158	8.209693	5.934718	4.846686	5.934718
6907	13.326752	5.923001	5.429418	5.330701	6.712734	5.923001	4.343534	6.910168
6908	11.753183	4.995103	7.051910	4.505387	7.247796	5.582762	4.505387	6.464251
6909	13.157895	6.140351	5.945419	4.678363	5.360624	4.678363	3.898635	5.750487
6910	12.934363	5.694981	5.791506	4.922780	6.081081	5.984556	4.729730	5.501931
6911	11.684518	5.842259	5.452775	5.452775	6.037001	5.355404	4.479065	7.302824
6912	11.595639	6.144698	6.243806	5.649158	7.532210	6.045590	5.054509	6.045590
6913	13.806706	5.917160	6.706114	5.128205	6.410256	5.719921	4.339250	5.917160
6914	12.784936	5.351833	6.342914	4.459861	6.541130	6.342914	5.351833	6.442022
6915	13.962635	5.506391	5.703048	5.703048	5.899705	5.506391	4.818092	5.506391
6916	12.599206	6.547619	6.250000	4.960317	6.250000	5.357143	4.166667	6.845238
6917	11.872587	6.274131	6.563707	4.922780	6.274131	5.598456	4.633205	6.370656
6918	11.822660	5.517241	5.911330	5.320197	6.600985	6.206897	3.842365	7.192118
6919	11.876248	5.588822	5.289421	5.089820	7.485030	5.688623	4.391218	7.285429
6920	12.306202	6.201550	6.492248	5.426357	6.298450	5.910853	4.263566	6.782946
6921	12.979351	5.014749	5.998033	6.293019	6.686332	5.604720	4.424779	6.489676
6922	12.043435	5.330701	6.021718	6.811451	6.219151	5.824284	4.442251	6.120434
6923	14.243028	5.876494	6.573705	4.880478	7.569721	5.378486	4.382470	5.976096
6924	12.574850	5.988024	5.289421	5.289421	5.688623	5.089820	3.992016	6.187625
6925	13.667650	5.506391	6.194690	4.523107	7.079646	5.899705	4.719764	6.391347
6926	11.575875	5.058366	5.933852	5.836576	6.225681	5.836576	5.155642	7.003891
6927	13.108242	5.461768	5.759682	5.958292	6.454816	6.057597	3.773585	6.951341
6928	13.248283	5.888126	6.182532	5.593719	6.771344	5.397448	4.906771	6.476938
6929	12.062257	5.447471	5.836576	5.447471	6.712062	6.128405	4.182879	6.128405
6930	13.060818	5.383848	5.483549	5.982054	5.782652	6.679960	4.685942	6.979063
6931	12.270531	5.603865	5.797101	5.700483	5.797101	5.507246	4.541063	6.763285
6932	12.156863	5.686275	5.392157	5.784314	5.882353	5.098039	4.313725	6.666667
6933	9.824903	5.058366	5.350195	6.031128	5.447471	6.128405	4.085603	7.295720
6934	12.830558	6.170421	5.190989	5.582762	5.876592	5.778648	3.917728	5.974535
6935	12.118227	6.108374	7.093596	4.729064	5.615764	6.305419	4.433498	7.093596
6936	14.172448	6.442022	6.342914	5.252725	6.640238	5.748266	3.766105	7.135778
6937	11.241447	5.865103	5.278592	5.083089	6.353861	5.865103	4.007820	6.451613
6938	12.512315	5.418719	6.896552	5.812808	6.600985	6.403941	4.630542	6.699507
6939	13.431373	5.000000	5.490196	4.803922	7.647059	4.803922	4.803922	6.078431
6940	10.375494	5.138340	5.434783	5.039526	6.620553	6.126482	4.249012	7.411067
6941	13.405088	5.772994	5.870841	6.262231	6.457926	5.185910	4.598826	5.968689
6942	13.372093	6.007752	5.717054	5.813953	6.589147	5.329457	3.875969	6.589147
6943	11.856171	5.830904	4.956268	5.539359	6.413994	5.344995	3.692906	7.288630
6944	12.475442	5.893910	6.974460	5.206287	6.286837	5.402750	4.322200	7.662083
6945	12.438786	5.876592	4.897160	5.778648	6.268364	4.897160	3.917728	7.737512
6946	14.101291	6.156902	6.057597	5.858987	5.561072	5.958292	4.071500	6.653426
6947	12.062257	5.933852	5.058366	5.058366	6.128405	6.420233	3.988327	6.809339
6948	13.307241	6.262231	6.849315	5.675147	7.436399	6.555773	5.088063	6.066536
6949	12.548263	6.177606	6.081081	5.115830	6.081081	6.370656	4.343629	6.563707
6950	12.574850	5.489022	5.289421	5.189621	7.285429	5.888224	4.091816	5.888224
6951	14.214712	4.970179	6.063618	6.163022	6.560636	5.467197	4.274354	7.256461
6952	13.502935	5.283757	5.088063	4.990215	5.479452	5.479452	3.620352	6.164384
6953	12.240869	5.034551	6.219151	6.021718	5.824284	6.416584	4.343534	6.515301
6954	12.450980	5.784314	6.274510	5.196078	6.862745	5.784314	4.117647	7.450980
6955	13.098729	6.256109	6.158358	5.571848	5.962854	5.962854	4.496579	5.865103
6956	11.884058	6.086957	5.990338	6.570048	5.797101	5.603865	3.961353	6.183575
6957	12.462612	5.782652	5.483549	5.583250	6.380857	5.982054	3.090728	6.380857
6958	12.928501	5.288932	6.660137	6.072478	6.268364	5.484819	4.995103	5.484819
6959	12.524655	5.719921	6.015779	4.437870	5.128205	6.508876	4.339250	6.903353
6960	12.736318	5.273632	5.074627	5.671642	6.467662	6.865672	5.074627	6.069652
6961	11.188119	4.950495	5.841584	5.544554	6.831683	6.732673	4.653465	6.435644
6962	12.536443	5.636540	5.928086	4.567541	5.247813	5.150632	4.275996	6.997085
6963	12.721893	5.719921	5.917160	4.733728	6.410256	6.706114	4.536489	6.607495
6964	12.197483	5.614714	6.389158	6.195547	6.873185	5.614714	4.549855	6.776379
6965	13.725490	5.980392	5.588235	4.803922	7.450980	5.490196	4.607843	5.980392
6966	12.812813	5.205205	5.305305	4.904905	5.705706	6.106106	4.704705	6.806807
6967	10.587103	5.101059	6.352262	5.678537	6.159769	6.063523	3.753609	6.737247
6968	13.702624	6.122449	5.733722	5.247813	5.442177	5.733722	4.664723	6.608358
6969	13.121272	6.759443	5.666004	5.666004	6.660040	5.666004	3.876740	6.361829
6970	11.804878	4.975610	5.756098	6.048780	6.634146	5.170732	3.804878	6.146341
6971	12.500000	5.468750	7.324219	4.882812	6.738281	5.664062	4.003906	6.542969
6972	12.636816	5.074627	5.970149	4.776119	6.965174	6.268657	4.179104	7.562189
6973	12.438302	6.021718	6.021718	4.738401	5.725568	6.120434	4.442251	6.120434
6974	12.596154	6.442308	5.673077	5.576923	5.673077	5.480769	4.134615	6.538462
6975	11.937378	5.675147	6.555773	5.675147	5.675147	5.577299	4.305284	6.947162
6976	11.477046	5.588822	5.389222	5.489022	7.485030	5.888224	4.191617	5.189621
6977	13.988095	6.448413	6.349206	4.563492	6.349206	5.952381	4.662698	5.952381
6978	12.536443	5.539359	5.442177	5.053450	6.219631	5.344995	4.178814	7.385811
6979	11.132812	5.761719	6.054688	5.468750	6.835938	5.664062	4.199219	6.054688
6980	12.696850	5.610236	5.511811	5.610236	6.102362	5.511811	5.216535	7.185039
6981	10.515873	5.357143	5.357143	6.349206	7.043651	5.853175	3.273810	6.150794
6982	11.218569	5.222437	5.609284	6.673114	5.996132	5.705996	4.255319	6.382979
6983	11.892963	5.450942	6.442022	5.351833	6.739346	5.450942	4.063429	6.243806
6984	12.180747	5.500982	6.090373	5.108055	6.581532	5.992141	4.125737	6.581532
6985	13.181368	5.847374	6.045590	4.757185	5.252725	6.243806	4.063429	6.342914
6986	12.525050	5.410822	5.310621	6.012024	5.511022	6.212425	5.010020	5.711423
6987	12.277228	5.643564	5.049505	5.445545	6.237624	6.435644	4.752475	7.128713
6988	13.763234	5.389798	6.448508	6.063523	5.678537	5.101059	4.619827	6.159769
6989	12.524655	5.818540	6.311637	5.226824	6.015779	5.424063	5.029586	7.199211
6990	12.190287	5.847374	6.144698	6.045590	5.550050	5.847374	4.261645	6.640238
6991	12.389381	6.981318	5.113078	4.818092	6.194690	6.391347	4.523107	6.391347
6992	12.100000	5.400000	6.200000	5.600000	5.800000	5.200000	4.500000	7.400000
6993	12.720157	5.772994	5.968689	5.381605	5.870841	5.675147	3.620352	6.849315
6994	12.178218	5.346535	5.247525	4.653465	5.940594	5.346535	4.356436	6.633663
6995	11.309524	5.952381	5.257937	4.960317	6.646825	5.456349	4.861111	6.646825
6996	12.354086	5.350195	5.933852	6.225681	5.933852	5.836576	4.766537	6.322957
6997	12.391094	4.937076	5.421104	4.840271	5.905131	6.292352	4.549855	6.098742
6998	11.534702	5.474096	5.865103	6.451613	6.353861	5.767351	4.105572	7.038123
6999	12.413793	5.911330	5.221675	4.926108	5.714286	5.812808	3.940887	6.600985
7000	12.011719	5.761719	6.835938	5.371094	7.519531	5.273438	5.175781	7.519531
7001	12.673267	5.643564	5.247525	4.950495	5.841584	5.841584	4.455446	7.128713
7002	13.021869	5.964215	6.063618	5.069583	5.765408	5.864811	4.075547	5.765408
7003	11.928429	5.864811	6.163022	5.964215	6.262425	5.268390	4.174950	5.765408
7004	12.224449	6.613226	6.713427	5.110220	5.811623	5.711423	4.108216	6.112224
7005	12.732615	5.974535	6.170421	5.778648	6.268364	5.386876	4.505387	6.660137
7006	12.202381	5.357143	4.960317	4.464286	5.853175	6.448413	4.365079	6.845238
7007	12.363996	5.736894	6.330366	5.637982	6.726014	6.528190	4.055391	7.022750
7008	12.623274	5.128205	5.226824	6.114398	5.917160	5.325444	4.339250	6.607495
7009	11.345382	5.722892	6.124498	5.220884	6.024096	6.425703	4.216867	6.024096
7010	13.495146	5.533981	6.990291	5.533981	7.087379	6.601942	4.854369	7.766990
7011	13.223938	5.984556	6.467181	5.212355	6.756757	5.984556	4.633205	6.081081
7012	10.837438	5.418719	5.320197	4.926108	5.221675	5.911330	5.024631	7.093596
7013	13.817097	5.765408	5.964215	6.759443	5.168986	5.467197	4.373757	6.560636
7014	12.204724	5.807087	5.807087	4.822835	6.299213	6.102362	5.118110	6.692913
7015	11.822660	5.911330	6.206897	6.502463	6.108374	5.418719	5.123153	6.600985
7016	12.367150	5.314010	5.603865	4.541063	6.763285	6.280193	3.864734	6.376812
7017	13.681102	6.003937	6.102362	4.724409	5.511811	5.807087	5.019685	7.874016
7018	13.126253	6.112224	5.611222	5.110220	5.611222	5.611222	4.609218	7.114228
7019	11.122145	5.163853	5.362463	4.766634	5.163853	5.461768	4.766634	6.256207
7020	11.639185	5.528613	5.916586	6.207565	6.110572	5.528613	4.267701	6.498545
7021	12.144956	5.680705	6.464251	5.288932	7.443683	6.562194	4.897160	5.484819
7022	12.304688	6.347656	6.445312	5.566406	6.054688	5.957031	4.492188	7.324219
7023	12.106299	6.299213	6.496063	5.413386	7.775591	5.118110	4.330709	6.397638
7024	12.047013	4.995103	5.778648	4.995103	6.268364	5.778648	4.897160	6.562194
7025	13.411079	5.830904	6.608358	4.470360	6.316812	5.733722	3.498542	6.899903
7026	13.056380	5.835806	4.945598	5.242334	5.934718	5.044510	4.154303	7.319486
7027	10.856574	5.577689	5.876494	4.681275	5.179283	5.876494	4.183267	5.478088
7028	11.186770	5.544747	5.933852	5.252918	6.712062	6.322957	3.696498	6.225681
7029	12.294288	5.324298	6.001936	4.356244	5.711520	5.614714	3.969022	7.163601
7030	12.957468	5.143422	5.539070	5.044510	6.923838	6.231454	4.253215	5.934718
7031	10.882353	6.078431	6.078431	5.000000	6.862745	5.686275	3.823529	6.764706
7032	13.680154	5.491329	5.684008	5.298651	5.587669	5.973025	4.238921	6.262042
7033	13.090551	6.003937	6.594488	4.724409	6.299213	6.397638	4.232283	6.496063
7034	12.807882	5.517241	5.517241	5.714286	5.320197	5.123153	4.926108	6.600985
7035	13.681102	5.905512	5.314961	5.019685	4.625984	4.724409	3.740157	6.988189
7036	13.379584	5.649158	5.252725	5.054509	7.135778	6.045590	4.360753	6.640238
7037	11.431412	5.666004	5.864811	4.473161	6.262425	6.461233	4.274354	6.461233
7038	12.524462	5.283757	5.675147	4.696673	6.653620	5.772994	5.185910	6.360078
7039	14.187867	5.870841	6.555773	5.577299	6.164384	5.381605	4.794521	6.653620
7040	12.858556	5.539070	6.726014	6.132542	5.934718	5.143422	4.451039	6.330366
7041	10.914454	5.309735	5.506391	7.276303	6.588004	5.408063	3.834808	5.113078
7042	12.352941	5.294118	5.588235	5.000000	6.078431	5.294118	4.117647	6.078431
7043	12.425447	5.666004	5.467197	4.970179	5.864811	5.765408	4.970179	6.759443
7044	12.550201	5.020080	6.425703	5.120482	6.425703	4.819277	3.514056	6.425703
7045	13.157895	5.945419	5.945419	6.140351	7.115010	6.042885	4.678363	6.822612
7046	12.326044	6.262425	4.870775	5.467197	6.461233	5.666004	4.075547	5.268390
7047	12.988281	5.664062	5.273438	5.078125	6.347656	6.054688	3.710938	6.347656
7048	15.000000	6.100000	6.200000	5.000000	7.400000	6.000000	4.300000	6.800000
7049	11.287129	6.138614	5.445545	5.148515	7.128713	5.544554	4.257426	7.029703
7050	12.391094	5.905131	6.389158	4.743466	6.969990	5.614714	4.743466	6.776379
7051	13.994169	5.733722	6.025267	5.344995	4.956268	5.928086	4.567541	5.733722
7052	12.054002	5.207329	5.496625	5.593057	6.075217	5.496625	4.243009	5.785921
7053	11.874387	4.906771	6.280667	5.299313	5.691855	5.986261	4.317959	6.575074
7054	11.317073	6.048780	6.146341	5.365854	6.634146	6.536585	4.195122	6.243902
7055	12.512513	5.705706	5.105105	5.705706	6.006006	6.306306	4.304304	6.906907
7056	12.291052	6.096362	6.489676	5.998033	7.472960	6.096362	5.309735	6.686332
7057	12.720157	5.968689	5.381605	5.479452	6.457926	5.675147	3.522505	5.870841
7058	12.209889	5.146317	5.449041	5.247225	5.247225	5.852674	4.238143	5.852674
7059	12.426614	5.772994	5.479452	5.577299	6.457926	5.185910	3.718200	5.479452
7060	11.968348	6.330366	5.835806	5.143422	5.539070	5.539070	4.451039	6.429278
7061	13.300971	5.048544	5.631068	4.466019	6.019417	5.825243	4.660194	6.796117
7062	12.354086	5.642023	6.031128	4.961089	7.003891	6.225681	3.793774	6.712062
7063	13.005780	5.876686	5.298651	6.551060	5.394990	6.262042	4.527938	6.165703
7064	12.622309	5.479452	5.870841	4.109589	5.772994	5.577299	4.011742	5.870841
7065	12.635735	5.330701	5.824284	4.935834	6.416584	5.429418	5.330701	6.120434
7066	11.776062	5.212355	5.405405	5.212355	5.888031	5.791506	3.957529	6.563707
7067	13.132296	6.225681	5.933852	5.155642	6.517510	5.252918	4.182879	7.003891
7068	12.852970	5.160662	5.550146	5.355404	6.231743	5.452775	4.089581	6.231743
7069	11.949070	5.484819	6.856024	5.288932	5.974535	6.072478	5.386876	6.856024
7070	12.599206	5.257937	6.250000	4.563492	6.646825	5.753968	4.761905	5.555556
7071	13.654224	6.090373	6.090373	5.697446	5.402750	4.813360	4.322200	6.679764
7072	13.000978	5.767351	5.180841	5.083089	5.474096	5.962854	4.203324	6.549365
7073	11.602753	5.703048	5.703048	4.523107	5.801377	6.096362	4.818092	6.489676
7074	12.303150	5.708661	5.905512	4.133858	6.102362	5.118110	4.625984	6.496063
7075	11.456311	5.242718	6.213592	4.854369	5.825243	6.019417	4.563107	6.796117
7076	13.385063	5.237633	5.916586	5.431620	6.207565	6.110572	5.140640	5.819593
7077	9.921415	6.090373	5.893910	4.813360	6.286837	5.697446	4.125737	6.090373
7078	13.168317	6.237624	7.227723	5.643564	5.841584	6.336634	5.445545	7.128713
7079	11.033099	6.218656	5.215647	5.817452	6.820461	6.318957	4.212638	6.419258
7080	11.515748	5.314961	5.708661	6.003937	6.003937	5.314961	3.543307	6.299213
7081	12.246866	6.268081	6.557377	5.014465	7.039537	5.207329	4.435873	6.075217
7082	13.542689	5.888126	5.888126	4.514230	5.397448	5.299313	3.729146	6.673209
7083	13.065327	6.432161	5.326633	5.226131	6.030151	5.527638	4.723618	5.226131
7084	11.625616	6.108374	5.714286	4.334975	6.206897	6.009852	4.137931	6.403941
7085	12.500000	5.905512	5.905512	5.807087	4.724409	5.610236	4.625984	7.283465
7086	13.326848	5.739300	6.128405	5.544747	5.252918	6.322957	4.766537	5.739300
7087	12.204724	5.314961	6.299213	5.314961	6.889764	6.003937	3.740157	6.003937
7088	11.077844	6.187625	4.990020	6.287425	6.586826	6.786427	3.992016	6.686627
7089	11.100196	5.599214	5.500982	5.500982	6.090373	5.697446	4.420432	7.072692
7090	11.262136	5.631068	5.922330	5.631068	5.242718	6.116505	3.883495	7.669903
7091	10.989011	5.794206	6.893107	5.694306	5.594406	5.194805	4.295704	6.793207
7092	12.450199	6.474104	5.677291	5.179283	6.374502	6.274900	3.984064	7.270916
7093	12.635735	6.416584	6.317868	5.330701	5.923001	5.429418	4.442251	6.712734
7094	12.401575	5.118110	6.299213	5.511811	6.988189	6.102362	4.330709	7.086614
7095	13.964844	6.152344	6.250000	5.371094	6.250000	4.882812	5.175781	6.835938
7096	12.549801	5.577689	5.577689	5.478088	5.876494	5.876494	4.880478	6.274900
7097	12.250996	5.677291	5.278884	5.776892	6.075697	5.378486	3.884462	5.278884
7098	11.741683	5.675147	5.772994	5.381605	6.164384	5.772994	3.913894	5.772994
7099	12.050534	5.928086	6.122449	4.761905	6.511176	6.705539	4.761905	6.316812
7100	12.475442	5.795678	6.090373	4.813360	6.679764	4.911591	4.322200	5.992141
7101	12.633625	5.733722	5.344995	5.053450	6.413994	5.733722	4.567541	6.608358
7102	11.840796	5.671642	5.273632	4.975124	6.069652	5.771144	4.179104	6.368159
7103	12.427184	5.825243	6.310680	5.145631	7.087379	6.116505	3.592233	6.019417
7104	12.761715	6.480558	5.982054	4.985045	6.181456	5.483549	6.081755	6.380857
7105	11.988304	5.847953	6.042885	5.458090	5.263158	5.945419	3.606238	6.237817
7106	13.829787	5.609284	5.319149	6.479691	6.576402	5.899420	4.642166	6.866538
7107	12.313803	5.561072	5.163853	5.461768	5.858987	6.057597	3.972195	6.355511
7108	10.854271	6.532663	5.226131	5.628141	6.934673	6.130653	3.919598	6.231156
7109	11.332008	5.765408	5.268390	5.069583	5.666004	5.666004	4.075547	6.759443
7110	12.909633	6.057597	5.461768	4.369414	5.958292	5.561072	4.468719	7.050645
7111	12.463768	6.570048	5.507246	4.927536	6.570048	5.893720	3.864734	6.956522
7112	11.309524	5.158730	5.853175	4.960317	6.746032	5.357143	3.968254	7.440476
7113	11.611612	5.405405	5.905906	6.606607	6.206206	5.105105	4.304304	5.805806
7114	10.714286	5.059524	6.051587	5.257937	7.142857	5.654762	3.571429	6.845238
7115	11.689587	5.992141	6.090373	4.813360	5.992141	5.500982	4.420432	5.992141
7116	12.427184	6.310680	5.728155	5.922330	6.019417	5.339806	4.368932	7.087379
7117	13.129319	5.626851	5.231984	5.330701	6.416584	5.824284	5.231984	6.416584
7118	10.675808	5.680705	6.366308	6.464251	5.876592	5.680705	3.917728	6.660137
7119	12.450199	4.980080	5.976096	5.278884	6.374502	5.776892	3.685259	5.677291
7120	12.287712	5.994006	6.293706	5.394605	6.193806	5.294705	5.094905	7.092907
7121	12.871287	5.148515	6.138614	5.247525	6.138614	5.742574	5.247525	5.643564
7122	13.242454	5.744888	6.134372	5.160662	6.815969	6.718598	4.673807	6.134372
7123	12.413793	6.009852	6.009852	5.024631	7.192118	5.615764	5.221675	6.108374
7124	11.300000	5.000000	6.600000	5.100000	5.700000	6.900000	3.600000	5.800000
7125	12.221145	6.207565	6.401552	5.916586	5.722599	5.625606	4.073715	6.110572
7126	11.414634	5.756098	5.463415	5.365854	6.146341	6.146341	4.097561	6.829268
7127	13.274336	5.703048	6.489676	4.818092	6.882989	6.588004	3.933137	6.981318
7128	10.832497	5.416249	5.917753	4.012036	6.619860	4.613842	4.613842	7.221665
7129	12.500000	6.150794	6.150794	5.257937	5.654762	5.357143	5.059524	6.448413
7130	12.747036	5.928854	6.126482	4.743083	6.620553	5.533597	4.150198	6.916996
7131	12.906404	5.221675	6.305419	5.517241	6.108374	5.418719	4.039409	5.517241
7132	11.372549	5.294118	5.882353	6.078431	5.784314	6.372549	5.686275	5.686275
7133	12.401575	5.118110	6.397638	5.118110	5.610236	5.905512	3.838583	6.889764
7134	12.326044	5.467197	5.666004	6.063618	6.660040	5.666004	4.075547	6.262425
7135	12.214499	5.461768	6.454816	4.766634	6.355511	6.256207	4.369414	6.057597
7136	12.316716	5.962854	5.180841	4.985337	6.549365	6.158358	4.007820	6.353861
7137	13.431373	5.392157	6.470588	5.882353	6.078431	5.784314	4.117647	7.156863
7138	12.230920	5.479452	6.262231	4.892368	6.457926	5.381605	4.500978	6.066536
7139	10.969638	6.464251	5.876592	5.386876	6.072478	5.680705	5.093046	6.268364
7140	12.439261	5.928086	6.219631	5.344995	6.025267	5.928086	4.275996	6.899903
7141	13.142292	5.237154	5.237154	5.237154	7.015810	5.731225	3.359684	6.916996
7142	11.856171	5.053450	5.928086	4.956268	6.802721	6.025267	4.470360	5.539359
7143	13.228036	5.528134	6.120434	5.330701	5.330701	6.219151	3.158934	6.614018
7144	12.168793	5.691855	5.691855	6.673209	7.458292	6.476938	4.219823	6.476938
7145	11.770524	4.846686	5.736894	6.429278	6.726014	6.132542	4.352127	6.429278
7146	11.980198	6.138614	6.237624	6.831683	5.940594	5.841584	4.851485	6.732673
7147	11.337209	6.007752	5.717054	5.620155	6.007752	5.523256	3.294574	6.589147
7148	13.880743	6.549365	6.256109	5.474096	5.474096	5.962854	4.105572	6.940371
7149	13.086913	5.894106	5.794206	5.594406	5.794206	6.193806	4.495504	5.494505
7150	11.770428	6.517510	5.836576	4.766537	5.642023	5.642023	3.988327	6.809339
7151	14.185814	5.694306	5.194805	6.093906	6.693307	6.093906	4.695305	6.793207
7152	12.585366	5.560976	5.073171	6.048780	7.121951	5.853659	4.000000	6.536585
7153	12.959381	5.609284	5.029014	5.125725	6.963250	5.125725	5.415861	6.479691
7154	13.772455	6.087824	6.387226	5.389222	5.988024	6.087824	4.790419	6.187625
7155	11.557297	6.170421	5.190989	5.680705	6.366308	5.680705	4.113614	6.464251
7156	12.216749	6.009852	6.009852	5.221675	5.517241	6.206897	4.630542	6.699507
7157	12.195122	5.463415	6.536585	4.878049	5.560976	5.268293	4.000000	6.926829
7158	12.012012	5.205205	5.405405	5.705706	5.205205	5.905906	4.204204	6.206206
7159	13.392857	6.250000	6.448413	4.761905	7.440476	6.250000	4.265873	6.547619
7160	14.045500	6.231454	5.637982	5.143422	5.835806	5.934718	4.648863	5.835806
7161	13.459621	5.882353	5.583250	5.782652	6.081755	5.583250	4.187438	6.181456
7162	12.226640	5.467197	5.964215	5.467197	6.262425	5.864811	5.069583	6.660040
7163	12.487899	5.517909	5.711520	5.421104	6.582769	4.840271	4.453049	6.098742
7164	13.235294	6.176471	5.882353	5.000000	5.490196	5.882353	3.823529	7.058824
7165	12.536729	5.386876	6.072478	5.386876	6.268364	5.582762	4.799216	6.856024
7166	13.022352	5.733722	5.539359	5.344995	6.219631	6.122449	4.373178	6.705539
7167	13.320080	6.361829	5.765408	4.572565	6.163022	6.063618	5.864811	6.660040
7168	12.000000	6.800000	5.700000	5.900000	5.800000	5.600000	3.700000	7.000000
7169	12.266928	6.084396	5.986261	6.084396	6.280667	5.691855	4.023553	6.280667
7170	11.545988	5.381605	6.262231	4.990215	8.023483	5.381605	4.892368	6.751468
7171	12.240869	6.219151	5.034551	5.231984	6.021718	6.021718	4.639684	5.429418
7172	11.381323	5.544747	5.642023	5.933852	7.198444	5.447471	3.988327	6.712062
7173	12.732615	5.974535	6.170421	4.701273	6.366308	5.778648	4.211557	7.051910
7174	11.133201	5.467197	5.666004	5.069583	6.858847	5.367793	3.578529	5.964215
7175	11.976631	5.355404	5.452775	5.939630	7.400195	5.355404	5.550146	6.815969
7176	12.338308	5.572139	6.169154	5.870647	7.064677	5.572139	4.676617	6.069652
7177	10.671937	5.731225	5.237154	5.731225	7.312253	5.731225	4.150198	6.027668
7178	12.698413	6.150794	5.357143	4.861111	6.349206	6.051587	3.571429	5.952381
7179	12.561820	6.429278	5.440158	5.440158	7.616222	5.835806	4.846686	5.539070
7180	12.548263	5.598456	6.370656	4.633205	6.563707	5.598456	4.922780	6.660232
7181	13.385063	5.722599	7.274491	5.916586	5.431620	5.043647	5.431620	6.498545
7182	12.673267	5.445545	6.732673	5.544554	6.237624	5.742574	4.059406	7.425743
7183	12.023460	4.985337	6.353861	5.474096	7.233627	6.158358	4.398827	6.842620
7184	12.030799	6.256015	5.774783	5.486044	5.871030	4.716073	4.716073	6.159769
7185	12.937743	5.447471	5.739300	5.155642	6.128405	5.350195	5.058366	6.614786
7186	14.382896	6.122449	5.539359	4.664723	6.608358	6.705539	5.053450	7.094266
7187	12.780488	6.243902	5.756098	5.268293	6.146341	5.073171	3.317073	6.146341
7188	12.787213	5.794206	5.094905	5.594406	6.493506	5.894106	5.994006	6.693307
7189	11.456311	6.019417	6.019417	5.436893	6.407767	6.019417	3.883495	5.728155
7190	13.412229	6.015779	6.213018	5.325444	6.114398	5.226824	4.043393	7.100592
7191	12.389381	5.998033	6.194690	4.916421	6.981318	5.703048	5.604720	6.096362
7192	13.359920	6.181456	5.284148	4.885344	5.483549	5.284148	3.988036	6.380857
7193	13.591270	4.960317	5.456349	5.555556	7.539683	5.952381	5.158730	7.043651
7194	10.752688	5.474096	6.060606	4.007820	6.060606	6.256109	4.398827	6.549365
7195	11.264822	5.928854	6.027668	6.126482	6.324111	5.632411	5.237154	6.620553
7196	10.361681	6.060606	5.278592	5.865103	5.865103	7.038123	4.007820	6.647116
7197	12.835821	5.870647	5.970149	6.169154	6.865672	6.069652	4.378109	7.363184
7198	12.706111	5.431620	5.819593	5.334627	6.207565	5.819593	5.043647	6.498545
7199	11.045943	5.865103	5.865103	5.571848	5.571848	4.985337	3.910068	7.820137
7200	13.850688	5.500982	5.893910	5.206287	7.956778	5.697446	4.027505	6.483301
7201	13.539652	6.576402	5.512573	5.319149	5.802708	5.705996	4.255319	6.286267
7202	11.481845	5.397448	5.789990	5.495584	6.869480	5.593719	4.121688	6.869480
7203	12.820513	5.917160	5.917160	4.930966	6.311637	5.621302	4.339250	6.508876
7204	14.229249	5.434783	5.039526	4.841897	6.225296	5.731225	3.952569	6.422925
7205	12.130178	6.804734	5.818540	4.240631	6.410256	6.410256	4.142012	6.114398
7206	11.914062	5.664062	5.761719	5.273438	5.468750	5.859375	3.613281	6.835938
7207	11.805556	5.158730	5.158730	5.952381	6.746032	5.456349	4.166667	6.051587
7208	14.271457	5.389222	5.688623	5.688623	7.485030	5.888224	4.491018	6.187625
7209	11.078717	5.636540	6.219631	5.150632	5.247813	5.830904	3.595724	6.413994
7210	12.586720	5.649158	5.847374	5.649158	7.036670	5.946482	4.757185	6.342914
7211	12.389381	5.604720	6.981318	4.916421	7.079646	5.801377	4.523107	6.784661
7212	11.263467	5.386876	5.778648	4.505387	8.129285	5.876592	4.113614	7.247796
7213	10.802775	5.649158	4.757185	5.550050	6.243806	6.045590	4.658077	6.640238
7214	11.643836	4.990215	5.675147	4.403131	5.088063	5.479452	4.500978	6.849315
7215	12.548263	4.922780	6.081081	5.115830	6.853282	5.019305	4.054054	6.660232
7216	11.616651	5.808325	5.808325	5.905131	6.001936	5.227493	4.840271	6.098742
7217	13.587488	5.669599	6.744868	5.083089	6.744868	5.571848	4.789834	6.842620
7218	12.082515	5.304519	5.893910	4.911591	5.697446	5.992141	4.420432	6.679764
7219	12.085770	6.627680	5.068226	5.068226	5.068226	5.165692	4.483431	6.432749
7220	12.050534	5.539359	5.636540	4.956268	5.928086	4.664723	5.150632	6.219631
7221	11.542289	6.069652	5.174129	4.378109	7.562189	5.174129	4.875622	6.069652
7222	12.318138	5.528613	5.431620	5.625606	7.274491	6.013579	3.976722	6.498545
7223	12.725451	5.811623	6.312625	5.611222	6.913828	5.911824	4.509018	6.312625
7224	12.439261	4.664723	6.511176	4.761905	8.163265	5.636540	4.859086	6.122449
7225	12.984496	5.523256	5.620155	4.457364	6.104651	5.910853	4.554264	7.170543
7226	12.537313	5.074627	5.870647	5.572139	5.373134	5.472637	4.975124	6.766169
7227	12.644788	5.115830	5.019305	5.598456	6.081081	6.274131	4.054054	6.660232
7228	11.561265	5.830040	5.138340	4.545455	7.905138	5.928854	4.347826	5.632411
7229	12.118227	5.517241	5.911330	5.221675	6.699507	5.123153	4.334975	7.192118
7230	12.159533	6.031128	6.128405	7.003891	7.003891	6.031128	3.891051	6.322957
7231	12.560857	5.160662	5.258033	4.965920	6.523856	4.965920	3.894839	6.523856
7232	13.320274	6.072478	7.051910	4.897160	5.093046	6.366308	4.603330	5.484819
7233	11.829026	5.864811	6.262425	5.069583	5.268390	5.864811	4.075547	6.858847
7234	13.339921	6.324111	5.731225	4.644269	5.335968	5.830040	4.051383	6.916996
7235	14.035088	5.263158	6.237817	5.555556	6.237817	5.750487	4.093567	6.920078
7236	12.979351	5.113078	4.523107	5.801377	5.899705	5.604720	4.424779	6.391347
7237	13.386613	5.694306	5.994006	5.594406	5.894106	5.794206	4.595405	6.093906
7238	11.209440	5.899705	5.703048	4.031465	7.374631	5.211406	4.523107	7.079646
7239	11.417323	5.019685	5.905512	5.610236	5.807087	5.708661	4.232283	6.889764
7240	12.611718	5.561072	5.561072	5.660377	7.149950	5.362463	3.773585	7.050645
7241	12.647059	5.294118	6.078431	4.607843	6.176471	6.274510	4.607843	6.568627
7242	13.235294	6.470588	5.588235	5.392157	5.882353	5.686275	3.921569	6.960784
7243	11.230469	5.859375	5.859375	5.761719	5.761719	5.566406	4.199219	6.152344
7244	11.736178	6.304559	5.625606	5.043647	6.789525	6.401552	4.267701	6.498545
7245	11.684518	5.258033	5.452775	5.647517	6.231743	6.037001	3.894839	6.523856
7246	11.701082	5.408063	6.096362	6.096362	6.882989	4.916421	4.326450	6.096362
7247	12.304688	5.566406	5.468750	5.468750	5.664062	6.054688	4.296875	6.933594
7248	12.252964	6.225296	6.324111	5.533597	5.830040	6.521739	4.446640	6.225296
7249	12.100000	5.700000	6.300000	5.200000	5.100000	6.200000	4.500000	6.400000
7250	12.261307	6.331658	6.130653	4.924623	5.829146	6.733668	4.020101	7.035176
7251	12.512124	5.334627	5.819593	6.692532	6.789525	6.207565	3.879728	6.789525
7252	12.622309	5.870841	5.675147	5.675147	5.283757	5.968689	4.403131	6.457926
7253	13.333333	5.572139	5.572139	4.875622	6.567164	5.671642	4.179104	6.766169
7254	12.851406	5.722892	5.923695	4.718876	5.823293	5.823293	3.714859	6.726908
7255	13.254204	5.934718	6.033630	5.044510	6.132542	6.429278	3.560831	6.132542
7256	12.315271	6.502463	6.403941	4.926108	6.305419	5.418719	4.236453	7.487685
7257	11.742060	5.678537	5.582291	5.389798	6.833494	5.293551	3.657363	7.122233
7258	11.852590	5.976096	5.378486	5.079681	7.968127	5.876494	4.382470	6.673307
7259	11.923848	5.310621	5.010020	5.010020	6.112224	5.611222	4.108216	5.611222
7260	13.935231	4.612365	6.182532	5.397448	7.360157	5.888126	4.514230	6.182532
7261	11.512195	6.048780	6.243902	5.463415	6.731707	6.048780	4.390244	7.121951
7262	12.500000	5.708661	5.708661	5.216535	7.086614	6.397638	3.838583	6.692913
7263	12.670565	5.555556	6.627680	6.237817	6.822612	5.847953	4.483431	6.725146
7264	12.721893	6.706114	6.015779	4.635108	6.607495	6.015779	4.043393	6.114398
7265	11.678116	5.103042	5.888126	5.397448	6.280667	6.084396	4.514230	6.378803
7266	13.916501	5.268390	5.964215	5.666004	6.660040	5.666004	4.473161	6.759443
7267	12.277228	6.039604	5.742574	4.950495	6.039604	5.247525	4.158416	6.930693
7268	12.676056	5.432596	6.539235	5.633803	5.533199	6.237425	4.225352	5.835010
7269	12.391094	5.614714	6.098742	4.937076	7.066796	5.614714	4.453049	5.614714
7270	12.437312	5.315948	6.619860	5.516550	5.717151	5.917753	4.513541	6.519559
7271	13.550940	5.044510	6.033630	4.352127	7.022750	6.132542	4.253215	6.627102
7272	12.634672	6.072478	6.268364	5.288932	6.268364	6.268364	4.309500	6.562194
7273	13.228036	6.416584	5.824284	4.244817	7.798618	4.935834	4.837117	5.923001
7274	12.807882	6.108374	6.206897	4.926108	6.305419	6.108374	4.827586	6.896552
7275	13.256484	5.859750	6.340058	5.379443	6.051873	5.763689	5.091258	6.724304
7276	12.599206	5.952381	5.853175	6.051587	5.853175	5.555556	4.662698	5.853175
7277	12.573674	6.286837	5.795678	5.697446	6.581532	5.206287	4.715128	6.385069
7278	12.303150	5.807087	6.200787	5.807087	6.397638	6.496063	4.232283	6.102362
7279	13.346418	5.593719	6.378803	5.201178	6.378803	6.084396	4.906771	6.967615
7280	12.598425	5.708661	5.610236	5.511811	6.692913	6.003937	4.429134	6.988189
7281	11.996067	5.801377	5.211406	5.309735	6.293019	4.916421	4.031465	6.096362
7282	11.230469	5.957031	6.054688	5.078125	7.714844	6.835938	3.906250	6.738281
7283	13.052012	5.691855	6.771344	5.593719	6.967615	5.397448	4.219823	7.360157
7284	10.689311	6.193806	5.394605	6.093906	5.394605	6.193806	4.795205	4.995005
7285	12.774451	4.990020	6.586826	5.489022	6.986028	5.788423	4.790419	6.786427
7286	12.803104	4.752667	5.334627	4.752667	6.498545	4.655674	3.782735	7.662464
7287	11.350294	5.381605	5.772994	6.360078	6.555773	6.360078	3.816047	6.457926
7288	11.493124	5.304519	5.009823	5.992141	5.206287	6.188605	4.322200	7.269155
7289	11.611612	5.305305	5.605606	6.406406	6.606607	5.405405	5.305305	5.705706
7290	13.359148	5.905131	5.421104	5.711520	6.969990	6.485963	4.356244	6.389158
7291	12.082515	5.893910	5.893910	5.206287	6.483301	5.893910	4.322200	6.090373
7292	13.366337	5.841584	6.930693	5.346535	6.336634	6.039604	4.158416	6.633663
7293	12.304688	5.371094	6.445312	5.273438	5.859375	5.371094	4.394531	6.640625
7294	12.292683	5.560976	7.024390	5.463415	7.707317	5.756098	5.073171	6.926829
7295	12.463486	5.744888	6.231743	5.355404	7.887050	6.329114	4.186952	5.647517
7296	11.996067	5.801377	6.194690	5.014749	6.686332	5.998033	4.523107	5.703048
7297	10.787172	5.150632	6.122449	5.539359	7.385811	5.442177	3.595724	6.511176
7298	12.525050	5.911824	6.613226	4.909820	6.412826	5.811623	3.406814	6.212425
7299	11.417323	6.102362	5.610236	6.102362	6.988189	5.807087	4.330709	6.397638
7300	12.757605	6.378803	6.575074	5.103042	5.495584	5.004907	4.023553	7.262022
7301	12.609117	5.528613	6.110572	5.140640	5.722599	5.140640	4.073715	5.819593
7302	12.330097	5.728155	5.922330	4.951456	6.504854	6.019417	4.757282	7.184466
7303	11.874387	5.593719	6.182532	5.691855	6.673209	5.789990	4.121688	6.378803
7304	11.377246	5.688623	5.688623	5.089820	6.586826	5.888224	4.091816	5.588822
7305	12.707722	6.353861	6.256109	5.865103	5.278592	5.083089	3.910068	6.647116
7306	12.287712	6.593407	5.694306	4.895105	6.093906	5.494505	4.395604	7.292707
7307	12.340842	4.799216	6.366308	5.778648	6.268364	5.876592	4.407444	7.149853
7308	12.133072	6.360078	5.772994	4.696673	6.164384	6.360078	5.577299	6.164384
7309	12.830558	5.093046	6.268364	5.876592	5.876592	6.268364	4.701273	6.660137
7310	12.226640	5.765408	5.864811	5.666004	6.262425	6.262425	5.069583	6.163022
7311	12.500000	5.807087	5.216535	4.724409	6.102362	6.102362	4.133858	6.496063
7312	11.643836	4.990215	5.675147	4.696673	6.947162	5.088063	4.500978	8.023483
7313	12.772277	6.336634	5.247525	4.950495	6.633663	6.039604	4.059406	6.831683
7314	12.301587	5.158730	5.654762	4.960317	6.547619	6.646825	4.067460	5.952381
7315	13.039216	5.392157	5.686275	4.705882	6.666667	5.882353	4.215686	6.176471
7316	12.757605	6.182532	5.593719	5.789990	6.084396	6.182532	4.023553	7.262022
7317	11.557297	6.464251	6.660137	5.190989	7.149853	6.072478	5.288932	6.170421
7318	10.526316	6.042885	5.945419	4.970760	6.432749	6.432749	3.898635	7.115010
7319	11.862745	5.980392	6.274510	5.588235	6.764706	5.392157	4.117647	6.470588
7320	12.063809	5.284148	6.580259	5.084746	5.982054	5.383848	4.586241	5.982054
7321	13.540622	7.121364	6.619860	4.312939	6.218656	6.018054	4.814443	6.018054
7322	12.183236	5.653021	6.237817	5.068226	6.335283	5.750487	4.873294	6.920078
7323	11.758893	5.039526	5.731225	4.446640	5.928854	6.324111	3.853755	7.411067
7324	11.459354	6.170421	5.386876	5.974535	7.345739	5.288932	4.505387	6.072478
7325	13.235294	5.980392	5.882353	5.882353	6.470588	5.490196	4.803922	6.470588
7326	11.177645	5.489022	6.187625	5.389222	6.187625	5.189621	3.992016	7.085828
7327	12.118227	5.812808	5.812808	4.926108	6.403941	6.009852	3.842365	6.896552
7328	11.500975	5.555556	5.945419	5.165692	7.797271	5.653021	4.191033	6.140351
7329	11.964108	5.682951	4.785643	5.982054	6.580259	5.682951	4.187438	6.979063
7330	13.056093	5.609284	5.899420	5.222437	6.866538	5.609284	3.868472	6.576402
7331	13.056093	5.705996	6.189555	5.899420	6.769826	6.576402	5.029014	6.866538
7332	13.748764	5.044510	5.934718	4.549951	7.220574	6.824926	4.747774	6.923838
7333	10.948192	5.571848	7.135875	5.571848	7.038123	6.158358	5.278592	5.767351
7334	13.786214	5.194805	5.494505	4.495504	6.593407	6.493506	4.995005	5.794206
7335	13.353116	5.440158	6.627102	5.044510	5.341246	5.242334	4.747774	7.220574
7336	11.886051	5.697446	6.286837	5.992141	7.465619	5.304519	4.715128	5.697446
7337	13.004032	5.040323	5.141129	5.544355	7.157258	6.250000	4.233871	6.250000
7338	12.772277	5.148515	5.346535	5.346535	7.029703	6.039604	4.257426	6.831683
7339	12.561820	5.934718	5.736894	5.934718	6.824926	5.440158	4.154303	6.132542
7340	11.770428	5.933852	5.642023	5.447471	5.544747	5.933852	4.085603	6.128405
7341	13.572854	5.588822	6.487026	4.790419	6.487026	5.988024	5.189621	7.385230
7342	12.171373	6.231743	6.037001	5.452775	6.913340	6.329114	4.576436	6.426485
7343	11.909449	5.118110	5.610236	4.724409	7.185039	5.511811	4.232283	7.677165
7344	12.736318	5.771144	6.567164	4.776119	6.268657	5.174129	4.776119	6.666667
7345	12.695312	5.468750	5.566406	5.273438	7.421875	5.761719	4.785156	6.738281
7346	11.625616	5.320197	5.911330	4.926108	6.108374	6.305419	4.926108	7.487685
7347	11.417323	5.314961	5.807087	5.118110	6.594488	6.594488	4.429134	6.791339
7348	12.865497	5.263158	5.750487	5.263158	5.263158	5.750487	4.191033	5.555556
7349	13.365854	5.951220	5.560976	6.439024	8.097561	5.268293	4.585366	6.926829
7350	12.109375	5.273438	7.031250	4.687500	6.542969	4.980469	5.175781	6.835938
7351	10.402355	5.691855	6.967615	5.691855	6.378803	6.084396	3.631011	6.575074
7352	13.473054	5.189621	5.788423	5.588822	7.085828	6.586826	4.391218	5.688623
7353	12.427184	5.436893	6.407767	5.339806	6.116505	5.922330	4.466019	6.893204
7354	12.586037	4.818092	5.408063	6.096362	7.177974	5.801377	3.736480	6.293019
7355	12.729026	6.364513	6.364513	5.785921	7.328833	5.400193	3.760849	7.135969
7356	12.278978	5.795678	5.599214	4.322200	6.679764	6.581532	5.599214	6.581532
7357	11.676647	5.588822	5.788423	4.990020	6.986028	5.688623	3.193613	6.686627
7358	12.778316	5.614714	6.195547	5.033882	5.421104	5.808325	3.775411	7.163601
7359	12.154150	5.434783	5.434783	4.940711	6.422925	5.632411	4.545455	6.422925
7360	10.858835	5.923001	5.626851	5.725568	6.910168	5.429418	4.343534	6.416584
7361	11.851126	5.386876	4.995103	5.974535	6.072478	5.876592	4.211557	6.072478
7362	12.366115	5.355404	5.939630	4.673807	6.621227	5.550146	4.479065	6.621227
7363	12.561335	5.103042	6.280667	5.888126	6.084396	5.004907	4.317959	6.476938
7364	11.468813	5.533199	5.331992	6.036217	6.639839	5.835010	4.325956	5.432596
7365	12.218964	5.669599	6.060606	5.962854	7.917889	6.451613	3.616813	6.647116
7366	13.267327	6.831683	7.029703	5.148515	5.445545	6.237624	5.247525	6.336634
7367	12.300000	5.200000	5.800000	5.700000	5.600000	6.100000	5.000000	6.700000
7368	11.144578	5.421687	5.923695	4.919679	5.522088	5.522088	5.421687	6.425703
7369	12.065637	5.694981	5.694981	4.826255	6.563707	6.563707	3.957529	7.335907
7370	11.904762	5.654762	5.952381	4.662698	6.250000	6.150794	4.563492	6.150794
7371	13.064833	5.893910	5.795678	5.304519	7.367387	5.795678	4.223969	6.777996
7372	10.981535	6.219631	5.636540	4.373178	6.316812	6.219631	4.275996	6.802721
7373	12.915851	5.772994	5.870841	4.794521	6.751468	5.185910	4.403131	7.045010
7374	12.524462	6.262231	6.751468	5.088063	6.360078	4.990215	4.305284	6.262231
7375	11.980198	5.247525	5.940594	5.148515	6.633663	5.544554	4.356436	5.346535
7376	12.115385	6.346154	5.865385	6.250000	6.153846	5.576923	3.750000	7.596154
7377	12.426036	5.226824	5.818540	5.128205	6.508876	6.410256	4.339250	6.213018
7378	13.636364	5.731225	5.039526	5.335968	5.928854	5.928854	4.743083	6.521739
7379	12.233010	6.019417	6.213592	4.951456	5.631068	6.310680	4.174757	6.019417
7380	11.143984	5.522682	6.311637	4.240631	7.199211	6.903353	5.128205	7.199211
7381	11.718750	6.738281	5.566406	4.687500	6.152344	5.761719	3.808594	6.542969
7382	11.553785	6.075697	5.478088	6.075697	5.876494	5.478088	4.780876	5.577689
7383	12.226640	5.467197	5.069583	5.666004	5.666004	4.671968	4.174950	7.157058
7384	12.772277	5.445545	5.643564	5.148515	6.336634	5.445545	4.356436	6.534653
7385	12.622309	5.381605	6.066536	6.457926	5.870841	6.262231	4.207436	7.436399
7386	12.736318	6.069652	5.870647	5.771144	4.676617	5.771144	4.776119	6.467662
7387	12.736318	6.368159	6.069652	5.671642	6.169154	6.069652	3.781095	6.169154
7388	12.780488	5.853659	5.853659	6.243902	6.243902	5.560976	3.609756	5.658537
7389	12.085770	5.750487	5.165692	6.335283	6.530214	5.263158	4.093567	6.432749
7390	12.877264	6.036217	4.728370	5.030181	7.444668	6.036217	3.722334	6.237425
7391	12.063809	5.882353	6.281157	5.084746	5.882353	5.682951	4.586241	7.078764
7392	11.960784	5.490196	5.098039	5.686275	5.392157	6.862745	5.000000	6.470588
7393	14.313725	5.196078	5.980392	4.607843	5.784314	5.392157	4.901961	6.764706
7394	12.548638	6.322957	5.836576	4.474708	6.225681	5.739300	3.793774	7.003891
7395	13.411079	6.219631	5.733722	5.053450	6.413994	5.442177	3.012634	7.094266
7396	11.747285	6.317868	5.923001	4.540967	6.021718	6.219151	4.935834	6.120434
7397	13.450292	5.555556	5.945419	4.191033	7.212476	5.263158	3.606238	6.140351
7398	12.487611	6.045590	6.144698	5.649158	4.459861	6.243806	3.964321	6.541130
7399	12.354086	5.933852	5.350195	6.420233	6.031128	5.252918	4.085603	5.642023
7400	12.413793	4.827586	5.615764	5.615764	6.502463	5.812808	4.630542	6.798030
7401	12.599206	6.150794	6.646825	4.662698	5.952381	6.150794	4.761905	7.142857
7402	12.732615	5.093046	6.170421	5.190989	5.582762	5.190989	3.623898	6.758080
7403	12.363996	6.528190	5.341246	5.143422	6.627102	6.231454	4.549951	5.637982
7404	12.450199	5.079681	5.577689	4.780876	5.776892	5.976096	3.884462	6.673307
7405	11.741683	5.577299	5.968689	5.381605	5.968689	6.849315	4.403131	7.338552
7406	12.953876	5.201178	6.476938	5.593719	6.182532	6.771344	4.317959	6.967615
7407	12.632594	5.882353	5.978785	5.978785	5.110897	6.653809	4.339441	6.653809
7408	13.399015	5.911330	6.305419	5.320197	6.206897	5.320197	4.532020	6.600985
7409	11.584158	5.643564	5.940594	4.554455	5.544554	5.742574	4.455446	6.732673
7410	12.909441	6.165703	7.032755	5.009634	6.069364	5.876686	4.046243	7.610790
7411	11.849711	4.527938	5.394990	6.069364	7.418112	6.069364	4.527938	6.551060
7412	12.861416	5.383848	5.383848	5.583250	6.380857	6.181456	3.988036	6.979063
7413	11.834320	4.930966	5.818540	5.424063	6.114398	6.410256	4.832347	6.804734
7414	12.633625	5.636540	6.802721	5.442177	6.802721	6.608358	3.984451	6.219631
7415	11.557297	6.170421	5.778648	5.190989	5.974535	5.680705	4.407444	5.974535
7416	11.568627	5.588235	5.490196	5.686275	5.294118	5.882353	4.411765	6.176471
7417	14.003945	5.719921	5.522682	5.917160	6.903353	5.522682	4.142012	6.903353
7418	14.174757	5.728155	6.407767	5.242718	6.504854	5.339806	4.271845	6.699029
7419	12.962963	6.140351	5.653021	5.653021	6.432749	5.360624	4.678363	5.945419
7420	12.684366	5.211406	5.998033	5.408063	5.899705	6.489676	4.129794	6.784661
7421	11.700000	5.300000	5.200000	6.300000	6.100000	5.900000	3.500000	5.900000
7422	12.326044	5.964215	5.765408	5.268390	6.262425	5.367793	4.174950	6.361829
7423	11.811812	5.705706	5.705706	5.205205	6.506507	6.006006	4.604605	6.406406
7424	11.530815	4.870775	5.467197	4.870775	5.566600	6.361829	4.572565	5.864811
7425	12.124248	5.410822	4.809619	4.308617	7.014028	5.410822	4.609218	6.613226
7426	11.827957	6.451613	5.962854	5.083089	6.158358	5.376344	4.398827	5.669599
7427	12.912621	5.339806	6.116505	5.728155	6.019417	6.310680	4.077670	6.796117
7428	11.673152	4.766537	5.739300	5.836576	6.809339	5.642023	4.085603	8.073930
7429	13.353414	6.224900	5.923695	5.823293	7.530120	4.819277	5.020080	6.827309
7430	11.579980	5.789990	5.986261	5.495584	6.476938	5.397448	4.317959	5.986261
7431	11.914062	5.761719	6.054688	5.957031	7.421875	5.664062	4.199219	6.738281
7432	11.523438	5.761719	5.957031	6.054688	4.882812	5.957031	5.664062	5.761719
7433	12.670565	5.555556	5.750487	5.750487	5.945419	4.970760	4.678363	5.458090
7434	13.339921	5.928854	6.324111	4.743083	6.027668	5.335968	4.249012	6.521739
7435	13.188976	5.610236	5.807087	4.921260	6.692913	5.708661	4.429134	6.988189
7436	11.488511	6.093906	5.194805	5.494505	5.494505	6.093906	4.695305	6.193806
7437	11.253702	6.021718	6.219151	5.034551	6.614018	6.120434	4.837117	7.206318
7438	11.594203	5.314010	5.797101	4.927536	5.797101	5.797101	3.961353	6.376812
7439	11.230469	5.859375	6.054688	5.859375	5.468750	6.738281	4.296875	6.152344
7440	12.338308	6.368159	6.069652	5.174129	6.567164	6.169154	4.676617	6.666667
7441	12.610837	5.418719	6.206897	5.123153	5.911330	5.320197	4.137931	6.502463
7442	12.058824	5.882353	5.784314	6.176471	6.960784	4.901961	4.215686	6.764706
7443	12.573099	6.042885	5.945419	5.847953	6.042885	6.725146	4.775828	5.945419
7444	11.485149	5.841584	6.336634	4.752475	5.940594	5.049505	3.663366	6.534653
7445	12.197483	6.098742	6.582769	4.937076	6.389158	6.098742	4.453049	6.582769
7446	11.879260	5.452775	7.108082	4.868549	6.621227	5.160662	4.868549	6.523856
7447	11.625616	5.320197	6.009852	6.009852	5.911330	5.911330	4.039409	6.305419
7448	13.124388	5.876592	5.974535	6.170421	6.268364	5.680705	3.917728	7.345739
7449	13.939981	6.292352	6.001936	4.646660	6.292352	6.776379	5.324298	7.841239
7450	13.209393	6.164384	5.870841	5.088063	6.457926	6.555773	4.109589	7.338552
7451	11.428571	5.221675	5.615764	6.403941	6.108374	5.024631	4.236453	6.502463
7452	13.239719	5.315948	5.917753	5.215647	7.221665	5.516550	4.513541	6.519559
7453	12.327416	5.818540	6.410256	5.621302	6.804734	6.508876	4.142012	6.410256
7454	11.625616	4.827586	5.320197	5.123153	6.600985	6.305419	3.842365	5.812808
7455	12.402344	5.371094	5.175781	6.054688	6.445312	6.250000	3.906250	6.152344
7456	12.524085	4.913295	5.876686	5.298651	7.032755	6.069364	4.335260	7.418112
7457	11.519845	6.098742	5.808325	5.227493	6.098742	5.614714	3.872217	6.873185
7458	12.318138	5.431620	5.722599	6.013579	6.498545	5.722599	4.073715	6.886518
7459	12.171373	5.842259	6.329114	4.868549	6.718598	6.426485	4.089581	7.400195
7460	11.392405	5.452775	7.010711	4.673807	5.939630	5.647517	4.868549	6.426485
7461	12.252964	5.434783	6.324111	6.126482	8.102767	6.126482	3.656126	7.312253
7462	14.734774	5.304519	6.090373	4.911591	5.599214	5.795678	5.402750	5.992141
7463	12.324649	5.711423	6.312625	6.613226	6.312625	5.811623	4.809619	6.112224
7464	12.549801	6.075697	6.075697	4.880478	6.175299	6.274900	4.880478	6.474104
7465	12.168793	5.789990	6.084396	5.495584	5.593719	6.575074	4.121688	6.378803
7466	11.462451	6.126482	5.533597	5.731225	5.830040	5.731225	3.359684	6.719368
7467	12.732615	5.190989	5.288932	5.680705	6.170421	6.072478	4.603330	7.051910
7468	13.359148	6.001936	5.033882	5.227493	6.001936	5.421104	4.937076	6.485963
7469	12.721893	5.128205	6.213018	4.733728	6.015779	6.410256	5.029586	6.706114
7470	12.622309	5.968689	6.555773	4.990215	6.066536	6.262231	5.088063	6.751468
7471	12.130178	6.213018	5.325444	5.029586	5.522682	6.213018	4.142012	5.621302
7472	12.851406	4.919679	5.622490	5.522088	6.726908	6.626506	3.413655	6.325301
7473	12.366115	6.718598	6.134372	5.258033	5.355404	6.134372	4.868549	6.037001
7474	13.320080	5.765408	5.864811	5.666004	5.666004	5.168986	4.671968	6.063618
7475	12.166172	6.033630	5.341246	4.451039	6.923838	5.044510	3.363007	7.121662
7476	11.673152	5.447471	5.642023	5.933852	6.322957	5.350195	4.863813	7.295720
7477	12.996032	6.448413	6.051587	5.654762	6.448413	5.753968	3.869048	6.845238
7478	11.907164	5.449041	6.256307	5.953582	7.971746	5.650858	4.742684	6.357215
7479	12.855741	5.593719	5.004907	4.612365	7.360157	6.869480	5.299313	6.673209
7480	12.036108	5.416249	5.115346	5.215647	6.419258	6.318957	3.811434	6.419258
7481	12.524085	5.973025	6.551060	5.298651	6.262042	5.780347	3.949904	7.321773
7482	12.974052	5.788423	5.988024	5.389222	5.988024	5.688623	4.391218	6.187625
7483	12.772277	5.841584	6.237624	5.148515	5.643564	6.039604	4.455446	7.128713
7484	11.454183	5.677291	5.677291	4.980080	7.270916	6.374502	5.179283	6.374502
7485	13.955727	5.389798	5.582291	5.967276	6.448508	5.678537	4.234841	7.795958
7486	10.282258	5.241935	5.342742	5.241935	7.358871	6.048387	5.040323	6.955645
7487	12.315271	5.911330	6.403941	4.926108	6.502463	6.206897	5.418719	7.290640
7488	12.980769	4.807692	5.096154	5.961538	6.538462	5.384615	3.653846	6.730769
7489	11.661808	5.636540	6.219631	5.539359	6.413994	5.830904	4.373178	6.413994
7490	10.773751	6.072478	5.386876	5.190989	7.247796	6.464251	4.505387	6.562194
7491	11.673152	6.225681	6.225681	5.544747	6.128405	6.225681	5.058366	6.128405
7492	11.241447	6.549365	5.180841	5.083089	6.549365	5.767351	4.496579	6.353861
7493	13.150147	5.593719	5.397448	7.163886	7.163886	5.299313	4.317959	5.691855
7494	12.463199	5.888126	6.378803	4.808636	6.869480	6.280667	4.121688	7.360157
7495	12.246866	6.268081	6.171649	5.593057	5.014465	6.268081	3.953713	6.460945
7496	11.618669	5.858987	6.752731	5.163853	7.249255	5.958292	3.872890	7.447865
7497	12.524462	5.968689	5.968689	4.990215	6.653620	7.045010	4.207436	6.653620
7498	13.560976	6.926829	6.536585	5.560976	6.146341	5.463415	4.878049	6.048780
7499	11.188811	5.994006	5.894106	4.195804	5.994006	5.994006	4.695305	7.192807
7500	12.303150	5.610236	5.118110	6.496063	6.692913	5.708661	4.527559	6.889764
7501	11.886051	6.090373	6.679764	4.715128	6.385069	5.500982	4.125737	6.777996
7502	11.862745	6.372549	6.274510	4.705882	6.274510	6.078431	4.607843	6.470588
7503	12.585366	6.731707	7.024390	5.463415	6.146341	6.048780	3.414634	5.365854
7504	12.536162	6.460945	6.846673	5.496625	6.075217	6.557377	4.243009	5.593057
7505	11.666667	5.392157	5.490196	5.784314	5.882353	5.490196	4.313725	6.568627
7506	12.402344	5.859375	6.542969	5.859375	5.859375	4.980469	4.589844	7.324219
7507	14.411765	5.294118	5.294118	5.882353	5.784314	5.294118	3.921569	6.176471
7508	11.320755	5.759682	5.561072	6.057597	6.752731	6.256207	4.071500	6.256207
7509	12.036108	5.616851	6.619860	6.018054	5.817452	5.215647	3.410231	6.419258
7510	12.291052	5.899705	5.899705	4.818092	5.604720	5.703048	4.424779	6.293019
7511	12.797619	5.158730	5.456349	5.357143	7.440476	6.250000	5.059524	6.944444
7512	13.111546	5.772994	6.262231	5.968689	5.772994	5.283757	4.403131	5.968689
7513	12.795276	6.003937	6.397638	5.216535	6.496063	5.610236	5.511811	6.594488
7514	13.098729	6.060606	6.353861	5.376344	6.158358	5.962854	3.812317	5.669599
7515	13.686314	6.093906	6.093906	6.293706	5.294705	6.593407	4.395604	6.093906
7516	13.600783	5.381605	5.479452	5.185910	5.185910	5.675147	5.479452	6.066536
7517	11.434303	5.516550	5.416249	5.516550	6.218656	6.920762	4.112337	7.021063
7518	13.194444	6.150794	4.861111	4.960317	6.646825	5.753968	4.563492	5.952381
7519	12.975610	6.048780	6.341463	5.365854	6.243902	5.756098	4.585366	6.829268
7520	13.306852	5.362463	5.263158	5.461768	7.050645	5.461768	4.766634	6.554121
7521	13.017751	5.325444	6.410256	5.719921	6.903353	6.410256	4.240631	7.100592
7522	12.609971	5.669599	5.865103	5.278592	6.353861	5.180841	5.083089	7.526882
7523	12.331407	5.973025	5.298651	6.165703	7.129094	5.587669	4.431599	5.973025
7524	12.573099	6.237817	6.140351	6.432749	6.822612	5.750487	4.191033	6.140351
7525	11.022044	5.110220	4.709419	5.110220	6.112224	5.911824	4.609218	7.114228
7526	12.038835	6.019417	6.504854	5.922330	5.825243	5.825243	4.854369	6.407767
7527	12.711023	5.461768	5.461768	4.270109	6.256207	5.561072	5.461768	7.845084
7528	12.103175	6.448413	6.349206	5.456349	6.646825	5.555556	4.365079	6.746032
7529	12.413108	5.362463	5.759682	5.461768	4.965243	5.759682	4.965243	6.156902
7530	12.599206	5.753968	5.853175	4.861111	5.654762	5.158730	3.968254	5.654762
7531	13.631841	5.074627	5.870647	5.273632	7.562189	6.467662	4.278607	5.870647
7532	11.394892	5.206287	5.992141	6.483301	6.385069	5.992141	4.420432	6.385069
7533	11.892963	6.739346	6.442022	5.450942	5.946482	5.351833	4.261645	6.045590
7534	11.862745	5.980392	5.392157	5.196078	6.764706	5.980392	3.529412	5.686275
7535	12.875121	5.905131	7.066796	5.130687	6.873185	5.711520	4.356244	6.776379
7536	12.366115	5.258033	5.452775	4.673807	6.815969	6.231743	5.063291	6.815969
7537	12.970297	5.940594	5.247525	5.841584	5.940594	5.346535	4.950495	5.940594
7538	11.219512	6.341463	5.560976	4.780488	5.560976	5.170732	4.000000	7.121951
7539	12.376238	5.247525	5.940594	4.851485	6.237624	6.534653	3.861386	6.138614
7540	12.660732	5.440158	5.539070	5.044510	7.220574	6.231454	3.758655	6.824926
7541	12.475634	6.335283	5.555556	6.140351	5.165692	5.653021	3.898635	6.530214
7542	12.339585	5.824284	6.120434	5.231984	5.725568	5.133268	4.442251	6.021718
7543	11.322645	5.410822	6.012024	4.809619	6.412826	4.809619	4.609218	6.613226
7544	12.074002	5.842259	6.329114	5.355404	6.815969	6.815969	4.576436	6.231743
7545	13.877953	5.905512	5.905512	5.610236	6.889764	6.791339	4.921260	5.216535
7546	12.221145	5.431620	5.819593	5.431620	7.177498	5.916586	4.558681	6.595538
7547	12.166172	5.242334	5.539070	5.044510	6.726014	5.736894	5.341246	5.835806
7548	13.267327	5.148515	6.336634	5.841584	6.435644	5.841584	4.851485	6.336634
7549	10.901883	5.550050	5.946482	5.946482	6.838454	6.342914	4.261645	6.937562
7550	12.173038	5.432596	5.633803	4.929577	7.545272	6.237425	4.627767	6.941650
7551	12.055336	5.434783	5.533597	5.237154	6.916996	6.027668	3.853755	5.533597
7552	12.011719	6.054688	5.468750	4.687500	6.445312	5.664062	4.394531	6.152344
7553	13.194444	5.654762	6.051587	5.257937	5.853175	5.853175	5.158730	7.043651
7554	12.035225	5.968689	6.262231	5.772994	6.164384	5.772994	3.816047	6.751468
7555	12.449799	5.622490	6.024096	5.220884	6.425703	6.024096	4.116466	6.024096
7556	12.361809	5.628141	6.030151	5.427136	6.030151	5.829146	4.422111	6.030151
7557	13.582677	6.003937	5.905512	5.807087	6.200787	5.708661	4.330709	6.889764
7558	11.632454	5.865103	5.474096	4.594330	6.256109	6.256109	4.692082	6.060606
7559	12.115194	6.156902	6.256207	4.568024	6.355511	6.653426	3.872890	7.050645
7560	13.073852	5.588822	5.089820	6.187625	6.487026	6.287425	4.091816	6.087824
7561	12.524851	5.268390	5.964215	5.168986	6.858847	5.566600	4.473161	5.467197
7562	13.103448	5.320197	6.600985	5.714286	6.798030	4.827586	4.039409	6.699507
7563	12.450593	6.225296	5.138340	5.138340	5.830040	6.027668	3.853755	5.731225
7564	13.132296	6.322957	6.031128	4.961089	5.642023	6.128405	3.696498	5.933852
7565	13.013699	5.675147	5.870841	5.577299	5.772994	5.968689	3.913894	7.240705
7566	12.512124	6.207565	6.692532	5.043647	7.565470	6.207565	4.558681	6.886518
7567	10.604559	5.550050	6.243806	4.261645	6.640238	6.144698	3.865213	6.144698
7568	11.637081	6.508876	6.706114	5.128205	5.325444	5.621302	4.240631	6.706114
7569	12.805474	5.278592	5.767351	5.669599	5.767351	5.669599	3.910068	7.135875
7570	12.903226	5.962854	5.474096	4.985337	5.962854	5.180841	3.910068	6.451613
7571	12.475248	5.148515	6.435644	5.148515	6.633663	5.049505	3.762376	6.633663
7572	12.524655	5.719921	7.001972	5.029586	5.226824	5.325444	4.142012	7.199211
7573	11.459354	5.974535	5.484819	5.190989	5.974535	4.995103	4.113614	6.170421
7574	13.604767	5.362463	6.752731	4.568024	5.660377	6.057597	4.667329	6.554121
7575	11.895551	6.092843	5.512573	4.932302	6.382979	6.673114	4.352031	7.253385
7576	11.787819	4.813360	6.483301	4.125737	7.269155	5.599214	4.518664	6.286837
7577	11.594203	5.797101	5.507246	5.217391	6.473430	5.990338	4.251208	6.086957
7578	11.001965	5.402750	6.385069	4.715128	5.893910	5.697446	4.715128	6.679764
7579	10.646766	5.373134	5.572139	4.676617	7.064677	6.766169	3.582090	5.174129
7580	12.387612	4.995005	6.493506	5.094905	6.093906	6.493506	5.294705	7.392607
7581	10.826772	5.216535	5.511811	5.807087	6.003937	5.019685	5.118110	5.708661
7582	12.536729	5.974535	5.386876	5.190989	6.170421	6.072478	4.113614	6.562194
7583	11.439842	5.719921	5.917160	4.536489	5.917160	5.424063	4.930966	6.410256
7584	13.823529	5.784314	5.882353	6.274510	6.470588	5.980392	4.019608	6.764706
7585	11.735700	5.226824	6.311637	4.635108	5.424063	6.114398	4.635108	6.114398
7586	13.113113	5.505506	5.805806	5.605606	7.607608	6.506507	3.703704	7.607608
7587	12.743191	6.322957	5.642023	4.571984	6.809339	4.863813	3.988327	6.420233
7588	11.381323	5.642023	5.933852	5.544747	5.933852	5.350195	4.182879	6.712062
7589	13.140097	5.314010	6.086957	4.637681	6.859903	6.570048	4.154589	5.893720
7590	11.788212	5.894106	6.193806	5.494505	7.992008	6.893107	3.996004	6.493506
7591	12.438786	5.876592	5.582762	5.386876	5.974535	5.778648	4.505387	7.933399
7592	11.840796	5.472637	5.870647	5.074627	7.462687	6.169154	4.875622	6.268657
7593	12.562313	5.882353	5.483549	4.586241	6.081755	5.483549	4.685942	6.181456
7594	11.976631	5.550146	6.523856	5.452775	7.108082	7.887050	4.284323	6.329114
7595	12.979351	5.211406	6.293019	5.506391	5.211406	5.998033	5.309735	6.588004
7596	11.816406	5.664062	5.273438	6.542969	6.738281	6.152344	4.980469	6.835938
7597	13.431373	5.784314	6.176471	4.019608	6.176471	5.882353	4.313725	5.784314
7598	12.112112	5.205205	5.005005	4.904905	6.406406	5.505506	5.305305	6.406406
7599	10.829268	5.365854	6.926829	5.658537	6.829268	5.463415	4.195122	6.243902
7600	12.845850	6.422925	5.928854	4.644269	6.521739	5.928854	4.051383	6.818182
7601	12.950341	6.426485	5.647517	4.868549	6.037001	4.965920	3.797468	6.426485
7602	13.254204	5.637982	6.033630	4.648863	6.923838	6.627102	5.539070	7.220574
7603	11.902439	5.560976	5.853659	5.560976	6.634146	5.951220	3.707317	6.439024
7604	12.278978	6.483301	5.402750	4.616896	7.072692	5.500982	4.616896	6.385069
7605	12.147716	5.928086	5.442177	5.539359	6.025267	5.539359	4.178814	6.316812
7606	13.756098	5.365854	5.560976	5.365854	6.731707	6.048780	5.268293	6.536585
7607	12.106299	5.708661	5.511811	5.905512	4.921260	5.019685	4.232283	5.610236
7608	12.721893	6.114398	6.213018	6.015779	7.692308	5.818540	4.733728	7.001972
7609	12.573099	5.847953	5.458090	5.068226	8.187135	4.678363	4.191033	7.602339
7610	12.974052	4.890220	5.588822	5.089820	7.085828	6.786427	3.493014	5.189621
7611	13.346418	6.280667	6.280667	4.710500	6.280667	5.691855	4.612365	6.673209
7612	13.823529	5.392157	6.568627	5.980392	5.980392	6.470588	4.019608	5.882353
7613	12.388503	5.550050	6.739346	5.649158	5.946482	5.252725	4.558969	5.946482
7614	11.787440	5.217391	5.410628	5.410628	6.763285	5.410628	3.574879	6.763285
7615	12.687313	5.594406	5.994006	5.494505	6.193806	5.994006	3.996004	6.993007
7616	11.648569	4.540967	5.528134	5.133268	5.725568	5.133268	4.442251	6.416584
7617	11.242604	5.719921	5.818540	5.424063	6.903353	6.114398	4.043393	7.988166
7618	13.806706	6.213018	6.410256	4.536489	5.522682	6.903353	4.043393	6.213018
7619	11.587147	6.231743	5.550146	5.744888	7.010711	5.452775	3.894839	6.718598
7620	12.512315	5.812808	6.305419	6.009852	7.389163	5.812808	4.334975	5.320197
7621	15.437561	5.899705	7.767945	4.326450	5.211406	6.194690	4.523107	5.998033
7622	10.760118	5.034551	5.231984	5.429418	6.614018	6.219151	3.553801	7.206318
7623	11.044177	5.220884	5.823293	5.220884	5.923695	6.526104	4.016064	5.923695
7624	11.188811	5.794206	5.794206	4.495504	5.194805	5.194805	4.595405	7.092907
7625	12.669246	5.705996	5.705996	4.835590	5.899420	5.222437	3.675048	7.156673
7626	13.419483	5.964215	5.367793	5.367793	5.467197	5.069583	4.572565	5.964215
7627	12.837838	5.308880	6.274131	4.536680	5.791506	6.177606	4.826255	6.274131
7628	12.712713	5.405405	5.405405	6.606607	5.605606	6.406406	4.804805	5.905906
7629	13.300971	4.951456	6.116505	5.436893	6.310680	6.213592	5.145631	6.796117
7630	11.815562	6.532181	6.820365	5.475504	6.147935	5.379443	5.379443	6.628242
7631	11.689587	5.402750	6.188605	5.697446	6.974460	6.581532	4.420432	6.286837
7632	12.439261	5.928086	5.733722	5.247813	5.247813	6.316812	4.373178	7.482993
7633	12.718447	5.436893	5.339806	5.533981	6.407767	6.213592	5.242718	6.699029
7634	12.130178	5.424063	5.621302	4.733728	5.719921	5.621302	4.733728	6.804734
7635	12.463199	5.593719	5.593719	6.476938	6.575074	5.201178	4.514230	6.771344
7636	11.614173	5.413386	6.397638	5.610236	6.692913	6.003937	4.724409	6.692913
7637	12.390244	5.658537	6.731707	5.560976	6.439024	5.951220	3.804878	7.219512
7638	14.497041	5.325444	5.522682	5.226824	6.015779	5.818540	4.240631	6.607495
7639	12.776660	4.728370	5.935614	5.432596	6.237425	5.331992	3.923541	6.841046
7640	12.413793	6.009852	5.615764	5.615764	6.305419	5.615764	3.448276	6.108374
7641	11.545988	4.990215	5.381605	5.479452	6.457926	5.870841	4.990215	5.772994
7642	13.636364	6.719368	7.114625	5.237154	6.027668	5.731225	5.237154	7.312253
7643	11.804878	6.146341	5.365854	5.756098	5.463415	5.756098	4.000000	6.634146
7644	12.983152	5.946482	5.748266	5.847374	5.847374	5.153617	4.658077	7.135778
7645	11.381323	5.350195	5.544747	5.058366	5.836576	5.739300	4.669261	6.809339
7646	13.733075	5.996132	6.479691	5.415861	5.609284	5.415861	4.352031	6.092843
7647	11.741294	5.373134	6.467662	5.273632	6.567164	5.671642	4.477612	5.870647
7648	11.707317	4.780488	5.658537	6.048780	7.414634	5.463415	4.487805	6.243902
7649	11.833172	6.110572	5.819593	5.334627	6.304559	4.849661	4.170708	6.401552
7650	11.473788	5.934718	5.440158	5.637982	6.824926	5.835806	4.549951	7.121662
7651	11.639185	5.625606	6.110572	5.043647	6.304559	5.334627	3.685742	6.789525
7652	13.564356	5.148515	5.841584	5.346535	6.336634	6.435644	3.960396	5.742574
7653	13.047712	5.744888	5.744888	5.160662	5.842259	6.134372	4.771178	6.523856
7654	12.695312	5.566406	6.152344	6.054688	5.859375	5.566406	4.101562	7.031250
7655	12.450199	5.079681	6.274900	6.075697	6.573705	6.175299	3.784861	5.577689
7656	13.132296	5.350195	6.420233	5.544747	5.058366	5.447471	4.085603	7.101167
7657	12.242899	5.876592	6.170421	6.072478	6.562194	6.072478	3.623898	7.835455
7658	13.086913	5.694306	4.395604	4.695305	7.792208	5.894106	5.594406	6.993007
7659	12.238806	6.169154	5.572139	4.676617	5.970149	5.970149	3.880597	6.766169
7660	12.696850	6.496063	6.102362	4.625984	6.102362	6.003937	4.724409	6.496063
7661	11.641791	5.771144	5.174129	5.970149	7.462687	5.870647	4.179104	6.268657
7662	12.573674	6.188605	6.286837	5.206287	6.090373	5.599214	5.009823	6.188605
7663	12.803104	5.625606	5.819593	6.304559	6.110572	6.207565	3.491756	6.401552
7664	10.418695	5.258033	5.550146	5.647517	6.134372	5.647517	3.505355	7.010711
7665	11.600000	6.100000	6.000000	5.300000	5.400000	6.800000	4.800000	6.400000
7666	12.401575	6.397638	6.200787	4.822835	7.578740	5.905512	4.330709	6.397638
7667	13.155292	5.539070	6.231454	5.736894	6.824926	5.341246	4.451039	6.330366
7668	12.609971	5.767351	6.158358	4.692082	6.744868	6.256109	4.301075	5.669599
7669	13.604767	6.752731	6.454816	5.461768	4.766634	5.461768	4.667329	6.156902
7670	14.201763	6.072478	5.778648	4.211557	5.093046	5.288932	3.917728	6.170421
7671	11.776251	5.201178	5.397448	5.397448	5.888126	5.397448	4.317959	5.986261
7672	11.251212	5.043647	6.207565	5.140640	6.692532	6.401552	4.849661	6.595538
7673	12.463486	5.842259	6.037001	5.160662	6.621227	5.452775	3.797468	6.231743
7674	11.862745	5.490196	6.568627	5.882353	6.274510	5.392157	4.117647	6.862745
7675	11.712598	5.019685	5.610236	5.610236	7.480315	5.511811	4.330709	6.200787
7676	12.961117	4.985045	4.885344	5.383848	5.782652	5.882353	3.788634	7.178465
7677	11.657033	6.358382	5.491329	3.949904	6.936416	5.780347	4.142582	6.262042
7678	14.436959	4.908566	5.774783	5.389798	6.544755	5.774783	4.234841	6.929740
7679	11.952191	5.278884	5.976096	5.278884	5.976096	6.175299	5.378486	6.573705
7680	11.683168	5.841584	5.049505	5.841584	7.029703	6.138614	4.554455	6.633663
7681	13.547758	5.360624	5.068226	5.945419	6.822612	6.042885	4.385965	7.212476
7682	11.033797	5.367793	6.759443	5.467197	6.063618	6.063618	4.174950	6.660040
7683	12.065637	5.598456	5.598456	6.081081	6.177606	6.467181	4.054054	7.528958
7684	11.884058	6.280193	5.893720	5.507246	6.280193	6.570048	4.251208	6.086957
7685	12.438302	6.317868	6.219151	6.515301	6.416584	6.910168	4.047384	5.923001
7686	11.747573	5.728155	6.116505	4.757282	5.922330	5.339806	4.466019	6.407767
7687	12.127237	6.063618	5.666004	4.771372	5.367793	5.864811	4.174950	5.864811
7688	12.966601	5.697446	5.893910	4.911591	5.206287	6.581532	4.223969	6.581532
7689	11.293436	5.694981	5.598456	6.756757	5.598456	5.888031	4.247104	7.046332
7690	11.729622	6.262425	5.666004	6.063618	5.566600	5.467197	4.373757	6.858847
7691	12.959381	5.609284	6.189555	5.996132	6.286267	5.802708	4.448743	6.673114
7692	13.591270	5.059524	6.150794	5.753968	4.861111	5.654762	4.067460	6.944444
7693	13.137255	5.588235	6.274510	6.372549	5.784314	5.588235	3.921569	7.156863
7694	13.201970	5.714286	6.502463	5.024631	5.911330	5.615764	4.433498	5.615764
7695	12.399194	5.241935	5.846774	5.141129	5.947581	6.451613	4.939516	6.250000
7696	10.707269	5.795678	5.500982	6.286837	5.108055	5.992141	4.420432	5.206287
7697	12.351779	6.126482	5.434783	5.533597	5.731225	5.533597	4.644269	6.324111
7698	14.029851	4.676617	5.273632	5.174129	6.169154	4.975124	4.278607	7.661692
7699	11.846002	5.330701	5.231984	5.034551	6.317868	6.219151	4.639684	6.021718
7700	12.792969	4.882812	5.175781	6.250000	6.640625	5.273438	4.980469	6.445312
7701	13.034826	5.572139	6.069652	5.273632	6.567164	5.771144	4.179104	7.064677
7702	11.741294	5.074627	5.373134	6.069652	5.174129	6.268657	3.781095	6.666667
7703	11.014493	5.314010	5.700483	4.637681	6.473430	5.410628	4.734300	7.922705
7704	11.352419	6.416584	5.824284	5.034551	7.008885	5.626851	4.935834	7.206318
7705	11.485149	5.346535	6.336634	5.643564	6.435644	5.544554	4.257426	8.415842
7706	12.351779	5.928854	5.731225	5.237154	5.138340	5.533597	3.952569	6.521739
7707	13.645224	5.360624	6.140351	5.458090	4.970760	6.042885	4.093567	6.432749
7708	11.816406	5.859375	5.859375	5.175781	7.617188	5.859375	4.980469	6.933594
7709	11.372549	6.078431	5.980392	5.588235	5.000000	5.294118	4.019608	6.470588
7710	12.772277	6.237624	5.940594	6.039604	6.534653	5.346535	3.960396	6.237624
7711	13.073171	5.951220	6.341463	5.560976	7.219512	5.463415	4.975610	7.121951
7712	11.956522	6.126482	6.027668	5.434783	7.114625	5.237154	4.150198	6.225296
7713	12.087912	5.194805	5.694306	4.595405	5.794206	5.894106	4.995005	6.193806
7714	12.871287	5.346535	4.950495	5.742574	5.148515	5.643564	4.752475	5.940594
7715	12.512513	6.206206	6.506507	5.305305	4.704705	6.006006	4.504505	5.505506
7716	12.365064	6.280667	4.808636	5.299313	5.495584	5.103042	4.612365	6.084396
7717	13.379584	6.442022	5.748266	5.550050	6.144698	5.748266	4.658077	6.838454
7718	13.017751	6.213018	6.311637	5.029586	6.213018	5.128205	3.747535	6.311637
7719	13.119534	5.636540	6.025267	5.442177	6.608358	6.122449	4.859086	7.094266
7720	12.732615	5.680705	6.464251	4.799216	6.562194	5.386876	4.015671	6.953967
7721	12.072435	6.036217	5.734406	4.929577	5.331992	6.036217	4.527163	5.533199
7722	13.813814	6.306306	5.605606	6.006006	6.406406	5.705706	5.005005	5.205205
7723	11.512195	6.048780	6.634146	4.975610	5.853659	5.658537	4.000000	6.634146
7724	12.827988	5.636540	5.733722	4.956268	6.511176	6.802721	3.887269	7.191448
7725	13.765978	5.408063	5.408063	5.113078	6.588004	5.506391	3.933137	7.079646
7726	12.156863	5.784314	6.078431	5.784314	6.568627	5.784314	4.901961	6.176471
7727	14.033366	6.084396	5.691855	5.397448	5.201178	5.691855	5.004907	6.280667
7728	13.524186	5.725568	6.219151	5.824284	6.021718	5.824284	4.540967	5.725568
7729	13.082260	5.946482	6.342914	5.054509	7.234886	5.351833	5.450942	6.342914
7730	12.195122	5.756098	6.048780	5.658537	6.439024	5.560976	4.195122	7.707317
7731	12.413793	5.812808	6.009852	5.024631	6.009852	6.502463	3.743842	6.798030
7732	12.463199	5.789990	5.789990	5.103042	6.378803	6.476938	4.121688	6.280667
7733	11.639185	5.528613	5.528613	4.752667	6.207565	5.819593	3.879728	6.595538
7734	11.874387	5.789990	5.691855	5.888126	5.789990	6.575074	4.121688	6.673209
7735	11.442786	5.174129	5.074627	5.671642	5.771144	6.169154	4.278607	7.164179
7736	13.817097	6.660040	6.262425	5.864811	5.467197	5.367793	5.168986	6.163022
7737	11.646586	6.726908	6.425703	6.024096	5.321285	6.124498	4.417671	6.124498
7738	12.100000	6.000000	5.300000	4.900000	6.900000	6.200000	4.400000	7.000000
7739	14.047151	5.697446	5.893910	4.322200	6.777996	5.599214	5.992141	6.777996
7740	11.869436	6.231454	6.132542	5.143422	6.132542	6.231454	4.549951	7.022750
7741	12.524655	5.719921	5.818540	4.536489	6.607495	5.226824	3.155819	6.508876
7742	11.500975	5.360624	5.555556	5.165692	6.432749	5.945419	5.068226	5.750487
7743	11.564626	5.830904	5.636540	5.636540	7.094266	5.053450	4.275996	6.608358
7744	14.201763	5.974535	6.072478	4.309500	6.856024	4.897160	3.428012	6.856024
7745	12.175649	5.489022	5.289421	4.391218	6.087824	4.890220	4.990020	5.788423
7746	11.210317	6.547619	6.250000	4.960317	6.349206	5.753968	4.662698	6.746032
7747	13.386613	5.394605	4.995005	5.194805	6.593407	5.694306	4.095904	5.894106
7748	12.512219	5.669599	5.571848	6.647116	6.451613	6.158358	5.278592	6.256109
7749	13.229572	6.225681	6.517510	4.571984	6.712062	5.544747	4.766537	6.322957
7750	13.806706	5.522682	5.719921	5.621302	6.607495	5.424063	4.635108	6.508876
7751	12.438786	5.974535	6.268364	5.582762	5.974535	5.190989	5.386876	6.953967
7752	12.797619	5.853175	4.761905	5.158730	6.547619	4.861111	4.166667	5.654762
7753	14.243902	5.756098	6.146341	5.756098	6.146341	6.146341	4.682927	6.341463
7754	12.850242	5.893720	5.797101	4.734300	4.927536	5.700483	4.154589	6.376812
7755	11.952191	6.075697	5.876494	5.677291	5.976096	6.175299	3.784861	7.669323
7756	12.224449	4.709419	5.110220	5.210421	6.312625	5.511022	4.308617	6.112224
7757	12.204724	5.905512	6.299213	5.610236	6.496063	6.988189	3.838583	5.511811
7758	13.359528	5.402750	5.500982	5.599214	5.992141	5.992141	4.616896	6.777996
7759	11.884058	5.314010	5.700483	5.990338	6.376812	6.570048	4.444444	6.473430
7760	12.163509	6.281157	5.782652	5.682951	5.682951	6.480558	3.788634	6.979063
7761	12.803104	5.043647	5.819593	5.431620	6.789525	5.819593	4.752667	6.498545
7762	14.619883	5.847953	6.042885	4.093567	6.140351	5.555556	5.653021	6.042885
7763	13.604767	6.156902	6.256207	4.865938	5.362463	6.454816	4.468719	5.561072
7764	13.752456	6.188605	6.581532	5.500982	6.777996	5.402750	4.420432	7.465619
7765	11.602753	6.391347	5.703048	5.506391	6.194690	6.096362	4.719764	6.293019
7766	11.089109	5.346535	6.534653	5.643564	6.633663	5.742574	4.158416	6.633663
7767	12.912913	6.006006	6.406406	5.205205	6.706707	6.806807	5.005005	6.106106
7768	11.736178	5.528613	5.916586	4.946654	6.110572	6.207565	4.558681	6.789525
7769	11.420060	6.057597	6.156902	5.561072	5.858987	5.461768	4.369414	5.958292
7770	12.294288	5.614714	6.969990	5.130687	5.033882	6.098742	4.937076	6.485963
7771	12.512315	5.517241	5.517241	5.418719	6.403941	6.896552	4.334975	6.798030
7772	11.817279	5.858987	5.163853	5.163853	6.355511	6.057597	3.674280	6.454816
7773	11.361410	5.680705	5.484819	5.288932	7.149853	5.484819	4.701273	6.072478
7774	12.439261	5.344995	6.316812	4.664723	5.636540	5.636540	4.567541	7.191448
7775	13.222331	5.093046	5.386876	5.680705	4.407444	5.778648	4.799216	6.562194
7776	13.152805	6.286267	5.899420	5.125725	5.609284	5.415861	4.255319	7.253385
7777	13.047809	5.776892	5.677291	5.179283	6.075697	4.780876	3.884462	6.673307
7778	11.671612	5.835806	5.835806	5.242334	6.033630	6.033630	4.055391	5.934718
7779	13.139418	5.616851	6.419258	5.015045	4.914744	5.616851	4.312939	7.021063
7780	13.497537	5.714286	5.320197	5.221675	6.798030	5.221675	3.842365	7.093596
7781	13.587488	6.256109	5.278592	5.376344	7.233627	5.474096	5.083089	6.353861
7782	13.400000	5.700000	6.400000	5.700000	6.000000	5.300000	4.800000	5.700000
7783	12.376238	5.346535	5.346535	5.049505	6.732673	6.138614	4.752475	5.445545
7784	10.500491	6.280667	5.593719	5.397448	6.280667	5.299313	4.710500	7.065751
7785	11.817279	5.263158	5.858987	5.362463	6.653426	6.256207	5.064548	6.256207
7786	13.222331	5.386876	5.974535	4.995103	5.974535	5.876592	4.015671	7.149853
7787	12.326044	5.268390	5.367793	4.771372	6.858847	5.864811	3.976143	6.163022
7788	13.353116	5.341246	5.637982	5.637982	6.627102	5.440158	4.352127	6.033630
7789	13.545817	5.776892	5.278884	5.976096	6.474104	6.175299	3.784861	6.673307
7790	12.096774	4.133065	5.846774	5.443548	5.745968	5.645161	5.040323	6.451613
7791	13.463415	6.243902	6.341463	5.853659	6.634146	5.853659	3.707317	6.536585
7792	13.574219	6.542969	6.054688	5.175781	5.468750	5.957031	4.296875	6.347656
7793	13.241107	5.533597	5.237154	5.237154	5.731225	6.027668	4.249012	6.818182
7794	12.561820	5.539070	6.824926	5.736894	6.330366	6.923838	4.648863	7.319486
7795	12.487805	5.268293	5.170732	5.560976	6.439024	6.048780	4.682927	6.926829
7796	13.103448	5.221675	5.320197	5.714286	5.911330	5.812808	5.024631	6.206897
7797	12.085770	6.335283	5.458090	5.068226	7.115010	5.165692	4.873294	6.335283
7798	12.226640	5.566600	5.964215	6.262425	6.163022	5.467197	4.671968	5.765408
7799	12.130178	5.719921	5.226824	4.142012	6.114398	5.917160	4.339250	6.903353
7800	13.899614	5.694981	5.212355	4.536680	5.212355	6.563707	3.957529	7.142857
7801	13.756098	6.146341	6.341463	4.390244	6.634146	5.463415	4.000000	6.731707
7802	11.609756	4.975610	5.268293	5.756098	5.951220	6.146341	4.487805	6.536585
7803	12.340842	5.876592	4.897160	5.876592	6.464251	6.464251	4.407444	5.778648
7804	12.487899	5.905131	6.098742	5.033882	6.873185	5.905131	4.937076	6.001936
7805	12.439261	5.928086	5.636540	5.247813	6.705539	5.636540	4.859086	5.928086
7806	12.180747	6.483301	5.206287	5.304519	5.893910	5.500982	4.322200	6.188605
7807	12.730807	5.053450	5.636540	5.928086	6.802721	5.733722	4.081633	6.511176
7808	12.500000	6.250000	5.371094	5.566406	6.445312	5.957031	4.492188	6.054688
7809	12.962963	5.750487	6.042885	5.360624	5.165692	5.750487	4.191033	6.530214
7810	11.857708	5.632411	6.324111	5.731225	6.818182	5.533597	5.237154	5.533597
7811	10.832497	6.018054	5.215647	5.015045	6.318957	6.118355	4.212638	5.717151
7812	12.183236	5.750487	5.165692	5.555556	6.042885	5.555556	4.483431	5.750487
7813	12.741313	5.888031	6.563707	4.633205	5.888031	6.177606	4.247104	6.853282
7814	10.972089	5.197305	5.582291	5.967276	5.197305	5.389798	4.234841	6.159769
7815	13.555992	6.385069	6.090373	4.911591	6.777996	6.090373	3.634578	5.992141
7816	13.085938	5.957031	5.566406	5.468750	5.664062	6.445312	3.710938	5.957031
7817	11.534702	5.180841	5.865103	4.692082	7.331378	5.376344	3.812317	6.647116
7818	12.376238	5.346535	5.841584	5.841584	5.841584	5.742574	3.168317	6.237624
7819	11.897738	5.801377	5.998033	5.309735	5.309735	5.801377	4.719764	5.506391
7820	12.800000	5.900000	4.700000	4.700000	5.800000	5.600000	4.500000	7.400000
7821	12.339585	5.034551	6.021718	5.330701	5.923001	5.824284	4.540967	6.219151
7822	13.756098	5.463415	5.951220	4.780488	5.268293	5.853659	4.878049	7.707317
7823	13.489736	6.353861	5.180841	4.985337	5.962854	6.060606	4.398827	6.744868
7824	13.300493	6.403941	6.108374	5.024631	6.502463	6.403941	3.842365	6.798030
7825	13.200000	5.800000	5.600000	5.100000	6.500000	6.100000	4.200000	5.800000
7826	13.000000	5.800000	5.900000	4.900000	6.200000	6.400000	4.700000	6.700000
7827	11.545988	5.283757	5.870841	5.283757	6.653620	5.088063	3.620352	6.457926
7828	12.487611	5.153617	5.351833	5.450942	6.838454	5.252725	4.658077	6.342914
7829	12.036108	5.616851	6.318957	5.315948	7.823470	6.018054	4.413240	6.820461
7830	12.622309	4.794521	5.675147	5.870841	6.262231	6.164384	5.185910	6.751468
7831	13.111546	6.360078	5.870841	5.283757	7.142857	5.675147	4.500978	6.262231
7832	12.633625	5.344995	5.636540	4.761905	6.511176	6.122449	3.887269	7.191448
7833	11.634905	5.015045	5.315948	4.613842	6.619860	5.516550	4.513541	6.218656
7834	11.397423	5.946482	5.153617	6.541130	6.442022	5.351833	4.162537	5.252725
7835	12.463768	6.183575	5.700483	5.603865	5.797101	5.507246	4.830918	5.990338
7836	12.235067	5.973025	5.876686	6.358382	5.491329	5.105973	5.394990	6.358382
7837	12.316716	6.256109	5.962854	5.474096	6.256109	6.158358	3.812317	6.647116
7838	11.817279	5.163853	5.362463	5.660377	6.256207	5.561072	3.872890	6.156902
7839	12.233010	6.504854	5.436893	6.310680	6.116505	5.533981	4.368932	6.407767
7840	12.437312	5.516550	5.315948	5.917753	6.118355	6.318957	4.212638	6.519559
7841	13.021869	5.864811	6.361829	4.970179	5.964215	6.361829	5.367793	6.163022
7842	11.718750	5.371094	6.054688	5.566406	6.347656	6.347656	3.906250	6.933594
7843	11.694747	5.550050	5.550050	5.153617	5.351833	6.342914	3.964321	7.036670
7844	12.851406	6.124498	5.522088	3.413655	5.923695	6.024096	5.020080	7.028112
7845	12.723658	5.666004	6.063618	5.367793	6.063618	6.461233	5.069583	6.560636
7846	12.833169	5.923001	6.219151	6.317868	6.021718	6.021718	4.837117	6.712734
7847	11.166008	5.237154	6.225296	6.027668	6.324111	4.841897	4.446640	7.114625
7848	12.118227	6.206897	4.630542	5.221675	6.009852	5.812808	4.236453	7.586207
7849	12.277228	6.138614	5.643564	4.653465	6.534653	5.643564	4.455446	6.237624
7850	12.003968	5.555556	5.853175	5.059524	5.952381	4.761905	3.769841	6.944444
7851	11.655240	5.680705	5.778648	5.974535	7.345739	5.582762	4.603330	6.464251
7852	11.531008	5.620155	5.135659	5.426357	5.038760	5.523256	4.166667	6.492248
7853	12.339585	5.231984	5.133268	4.837117	6.219151	5.923001	3.356367	5.725568
7854	11.838306	6.544755	6.063523	5.967276	6.544755	5.967276	4.234841	7.122233
7855	12.273642	6.036217	5.935614	5.231388	6.237425	5.935614	4.627767	6.036217
7856	12.805474	6.060606	5.865103	5.767351	7.233627	4.985337	4.985337	5.474096
7857	11.542289	5.472637	5.373134	5.671642	6.268657	5.970149	3.880597	5.671642
7858	11.394892	5.500982	5.599214	5.500982	6.483301	6.286837	4.027505	6.286837
7859	13.339825	5.258033	5.452775	4.284323	5.939630	5.550146	4.771178	6.231743
7860	12.315271	5.615764	5.911330	3.842365	6.009852	6.009852	4.137931	6.305419
7861	12.190287	5.847374	5.649158	5.153617	5.550050	6.541130	4.757185	6.045590
7862	11.881188	5.544554	5.841584	5.445545	6.435644	6.534653	4.059406	6.435644
7863	13.196481	6.060606	6.158358	5.278592	6.647116	5.962854	4.692082	6.647116
7864	11.565304	5.184447	6.281157	4.785643	5.483549	6.181456	4.187438	6.679960
7865	13.326752	5.034551	5.429418	4.146101	6.120434	5.725568	4.540967	6.416584
7866	11.666667	5.196078	6.176471	4.705882	6.372549	6.176471	3.725490	6.274510
7867	11.688312	5.594406	6.393606	5.194805	5.894106	5.494505	3.496503	5.394605
7868	11.782178	5.643564	6.138614	6.237624	5.742574	5.940594	5.049505	6.336634
7869	12.598425	5.511811	5.511811	4.822835	7.086614	6.397638	4.330709	7.381890
7870	11.339198	6.256109	6.158358	4.692082	7.038123	5.962854	4.985337	6.940371
7871	12.937743	6.225681	6.517510	5.058366	6.225681	5.447471	4.280156	5.544747
7872	13.967022	6.013579	6.304559	5.431620	7.274491	6.013579	5.334627	6.401552
7873	12.537019	6.120434	6.120434	5.330701	6.416584	5.231984	3.849951	6.416584
7874	13.220676	5.765408	4.970179	4.970179	5.666004	5.864811	4.075547	6.262425
7875	11.916584	5.958292	6.156902	4.965243	5.759682	5.759682	4.667329	7.646475
7876	12.487899	6.485963	5.711520	5.227493	6.582769	6.389158	4.065828	6.873185
7877	12.536729	5.288932	5.484819	5.876592	5.484819	5.876592	4.211557	6.464251
7878	12.463199	5.299313	6.476938	5.397448	6.378803	5.593719	4.710500	6.673209
7879	11.879260	5.258033	6.037001	5.744888	6.913340	5.647517	4.284323	6.134372
7880	13.281250	5.859375	5.175781	5.664062	6.152344	6.152344	4.101562	6.933594
7881	12.038835	5.436893	5.533981	5.533981	6.990291	5.728155	3.689320	6.601942
7882	11.354582	5.776892	6.274900	4.980080	6.474104	5.976096	5.577689	6.573705
7883	13.690476	4.761905	5.357143	4.365079	5.753968	6.349206	4.464286	6.746032
7884	11.602753	5.113078	5.801377	5.703048	6.194690	5.899705	4.326450	6.489676
7885	11.874387	5.691855	6.182532	6.673209	5.495584	5.691855	4.121688	6.575074
7886	13.170732	5.560976	6.341463	5.268293	6.048780	5.658537	3.902439	6.146341
7887	11.960784	5.490196	5.686275	5.490196	6.960784	5.686275	4.509804	5.980392
7888	11.477046	5.788423	6.287425	6.087824	6.586826	5.688623	4.491018	6.187625
7889	13.035019	6.128405	4.961089	5.252918	6.031128	6.225681	4.182879	6.420233
7890	12.707722	6.158358	6.158358	5.865103	6.451613	5.376344	3.910068	5.865103
7891	12.043435	5.824284	6.120434	5.626851	7.305035	5.429418	4.244817	6.614018
7892	11.284047	5.447471	5.544747	5.642023	5.933852	5.350195	5.447471	6.809339
7893	13.274336	5.506391	6.686332	4.916421	5.998033	5.309735	4.818092	6.882989
7894	12.438302	5.725568	6.021718	5.330701	7.107601	6.120434	4.244817	5.824284
7895	12.012012	4.904905	5.705706	4.904905	5.605606	5.905906	3.603604	5.905906
7896	12.265084	6.330366	5.242334	4.648863	7.814045	5.539070	4.451039	6.330366
7897	11.857708	5.237154	6.324111	4.743083	6.225296	5.928854	4.150198	6.521739
7898	13.867188	6.542969	5.859375	3.515625	6.445312	6.347656	4.492188	6.933594
7899	12.195122	5.170732	5.463415	5.756098	5.268293	5.658537	5.073171	6.341463
7900	14.785215	6.593407	5.994006	6.593407	7.292707	6.093906	3.696304	6.093906
7901	12.707722	4.985337	6.549365	5.571848	7.233627	6.060606	4.203324	6.744868
7902	12.035225	6.653620	5.968689	5.479452	7.436399	5.870841	5.381605	6.262231
7903	11.876248	5.688623	5.389222	4.990020	6.287425	5.888224	5.588822	6.287425
7904	13.034826	5.572139	6.069652	3.880597	6.069652	5.074627	4.975124	7.164179
7905	12.065637	5.598456	5.212355	5.694981	5.888031	5.888031	4.343629	6.660232
7906	11.625616	5.024631	5.320197	5.221675	6.206897	5.221675	6.206897	6.600985
7907	12.840467	5.836576	6.031128	5.642023	7.003891	5.350195	4.961089	6.031128
7908	12.425447	5.666004	6.163022	4.572565	5.765408	6.063618	4.174950	5.864811
7909	11.298315	5.946482	5.351833	5.153617	7.631318	5.351833	4.459861	7.135778
7910	13.026445	5.680705	6.562194	5.093046	6.953967	6.072478	4.603330	7.149853
7911	11.512195	6.146341	5.658537	5.268293	5.658537	5.268293	4.292683	6.829268
7912	12.549407	5.632411	6.027668	5.237154	6.620553	5.731225	4.644269	6.324111
7913	11.496531	5.252725	6.739346	4.558969	6.739346	5.748266	4.757185	7.829534
7914	13.569322	5.899705	6.981318	4.916421	5.998033	5.506391	3.834808	6.293019
7915	12.235067	6.165703	5.202312	5.202312	6.743738	5.202312	4.238921	6.454721
7916	11.639185	5.431620	5.819593	6.886518	6.304559	4.849661	4.364694	6.983511
7917	13.372093	5.813953	5.910853	5.910853	7.364341	5.717054	4.360465	7.461240
7918	12.797619	5.654762	5.257937	5.853175	6.349206	6.448413	3.670635	6.051587
7919	12.242899	5.974535	6.170421	4.799216	6.268364	6.366308	4.113614	6.464251
7920	12.038835	5.145631	5.922330	5.825243	6.213592	5.436893	3.980583	6.990291
7921	12.254902	5.588235	5.588235	6.372549	6.764706	5.196078	4.313725	6.470588
7922	11.666667	6.274510	6.666667	5.098039	6.372549	5.882353	4.411765	6.176471
7923	12.233010	5.631068	6.116505	5.339806	6.407767	6.019417	4.271845	6.116505
7924	12.437811	5.572139	5.870647	5.472637	5.472637	6.069652	4.278607	7.064677
7925	11.861138	6.075217	5.978785	4.918033	6.268081	6.171649	4.339441	6.460945
7926	13.241107	5.533597	6.422925	6.126482	6.126482	5.632411	3.458498	6.324111
7927	12.684366	5.408063	6.588004	6.391347	5.703048	5.211406	4.424779	6.194690
7928	11.996067	5.703048	6.096362	5.211406	6.391347	5.211406	4.719764	5.998033
7929	12.200000	5.800000	5.600000	5.500000	6.300000	6.700000	4.300000	6.300000
7930	11.968348	5.835806	6.132542	5.637982	5.637982	4.846686	4.352127	6.429278
7931	12.462612	5.882353	6.380857	5.882353	6.679960	5.682951	3.788634	6.480558
7932	12.772277	5.940594	6.138614	5.247525	5.742574	5.247525	4.950495	6.237624
7933	11.467444	5.830904	6.122449	4.956268	6.025267	5.344995	3.692906	6.025267
7934	13.476562	6.347656	6.054688	4.492188	6.054688	5.957031	4.980469	6.933594
7935	12.254902	5.784314	5.490196	4.901961	7.352941	5.490196	4.705882	7.156863
7936	12.696850	4.822835	5.807087	5.511811	6.200787	5.216535	3.248031	5.610236
7937	13.672655	5.688623	6.586826	5.888224	6.187625	5.089820	4.391218	6.187625
7938	12.906404	6.009852	5.714286	4.334975	7.290640	6.896552	5.024631	5.418719
7939	12.774451	5.289421	5.888224	5.888224	6.986028	6.187625	4.391218	6.586826
7940	11.406096	5.309735	5.604720	5.703048	5.211406	5.604720	4.326450	6.293019
7941	13.994169	6.316812	6.122449	5.053450	7.482993	4.956268	4.470360	6.511176
7942	13.168317	5.346535	5.049505	5.049505	6.435644	5.247525	4.356436	6.930693
7943	13.614104	5.093046	6.072478	4.505387	6.464251	5.582762	4.309500	7.247796
7944	14.102564	5.226824	5.917160	5.128205	7.100592	5.621302	4.733728	5.917160
7945	12.919132	4.930966	6.015779	5.128205	5.029586	6.015779	3.747535	7.199211
7946	11.454183	5.179283	5.876494	5.876494	6.175299	6.374502	4.681275	5.976096
7947	12.548638	5.739300	6.031128	5.155642	6.809339	5.447471	4.474708	6.517510
7948	12.587413	4.795205	5.994006	4.895105	7.392607	5.694306	4.495504	6.493506
7949	12.403846	5.673077	5.961538	5.673077	6.153846	5.576923	4.134615	6.153846
7950	12.109375	5.078125	6.542969	4.785156	6.933594	5.761719	4.296875	6.152344
7951	12.450980	5.196078	5.392157	5.784314	6.078431	5.980392	4.705882	6.176471
7952	12.292683	4.780488	6.731707	4.292683	5.756098	6.243902	4.097561	6.926829
7953	13.988095	6.250000	6.448413	5.654762	6.448413	5.555556	4.166667	6.250000
7954	11.488511	4.695305	5.894106	5.394605	5.694306	5.694306	3.796204	5.894106
7955	10.981535	5.928086	6.802721	4.956268	5.539359	6.413994	4.567541	5.928086
7956	13.035019	5.642023	5.836576	4.766537	6.614786	5.642023	4.377432	6.712062
7957	11.742060	5.774783	5.197305	4.716073	7.025987	6.448508	4.331088	7.410972
7958	12.204724	6.003937	5.905512	5.118110	6.889764	5.708661	4.232283	7.086614
7959	12.780488	5.756098	5.951220	5.073171	6.731707	5.268293	3.804878	7.024390
7960	13.043478	5.533597	4.940711	4.347826	6.225296	6.324111	3.952569	5.928854
7961	13.564356	6.039604	6.039604	5.940594	6.039604	5.841584	4.554455	6.336634
7962	13.160518	5.284148	6.081755	4.287139	6.879362	5.383848	4.486540	5.583250
7963	12.813102	5.587669	5.876686	5.973025	5.491329	6.647399	5.105973	6.936416
7964	12.823062	6.063618	5.467197	5.168986	6.461233	5.765408	4.174950	7.057654
7965	13.694581	5.911330	6.206897	5.024631	6.108374	5.517241	4.433498	5.911330
7966	12.721893	5.226824	5.818540	5.226824	7.790927	5.621302	5.522682	6.213018
7967	12.180747	6.188605	6.188605	4.616896	6.286837	6.286837	4.518664	5.893910
7968	12.067260	5.242334	5.440158	4.945598	6.726014	6.231454	5.637982	5.539070
7969	11.630219	5.168986	6.262425	5.566600	5.864811	5.069583	3.777336	5.765408
7970	11.256281	6.130653	5.929648	5.125628	5.527638	5.829146	3.417085	6.030151
7971	12.190287	6.045590	5.450942	6.243806	5.946482	5.550050	4.360753	6.838454
7972	12.644788	5.888031	5.791506	5.115830	6.370656	4.536680	4.440154	6.563707
7973	11.829026	5.168986	5.268390	5.268390	5.666004	5.964215	3.677932	6.759443
7974	12.426036	6.311637	5.719921	5.424063	6.508876	5.522682	3.451677	6.114398
7975	10.742188	4.980469	5.371094	5.566406	5.566406	6.347656	4.199219	7.128906
7976	12.734452	5.528134	5.824284	4.738401	5.824284	5.429418	4.047384	7.699901
7977	10.110110	6.006006	5.605606	5.005005	6.106106	5.905906	5.005005	5.505506
7978	12.094395	5.506391	5.801377	5.309735	6.391347	6.489676	4.129794	6.293019
7979	13.069307	5.742574	6.138614	4.653465	7.029703	5.643564	3.960396	7.722772
7980	12.019704	6.108374	6.502463	5.320197	6.798030	6.502463	4.433498	6.896552
7981	11.968348	5.835806	5.934718	4.846686	6.923838	6.429278	4.549951	6.231454
7982	10.967099	6.281157	4.885344	5.782652	6.679960	6.081755	3.688933	5.583250
7983	11.425781	5.761719	4.882812	5.859375	6.640625	5.175781	3.710938	6.445312
7984	13.412229	6.114398	5.424063	5.818540	6.508876	5.424063	4.635108	5.719921
7985	13.484252	6.200787	6.594488	6.003937	5.905512	6.299213	4.921260	5.511811
7986	11.011905	5.753968	6.448413	5.059524	4.563492	6.150794	3.968254	6.250000
7987	14.043825	5.478088	5.976096	5.478088	5.876494	5.876494	4.382470	6.374502
7988	12.768031	5.263158	5.945419	5.165692	6.530214	6.042885	4.288499	6.627680
7989	12.587413	5.194805	6.293706	5.094905	6.293706	6.493506	3.896104	6.993007
7990	13.176008	5.998033	5.703048	4.424779	6.096362	5.506391	4.228122	6.391347
7991	11.895551	6.382979	6.189555	5.222437	5.222437	5.996132	3.771760	5.899420
7992	12.720157	6.751468	5.772994	5.283757	5.772994	5.675147	4.598826	6.457926
7993	12.463199	6.182532	6.084396	4.219823	5.888126	6.869480	4.023553	7.065751
7994	13.260219	5.682951	6.580259	5.184447	5.882353	5.483549	4.187438	6.779661
7995	12.230920	5.870841	5.870841	5.479452	6.360078	5.675147	4.794521	7.045010
7996	12.865497	5.945419	6.725146	5.555556	5.847953	5.750487	3.996101	7.504873
7997	12.820513	5.424063	5.719921	5.424063	6.015779	5.325444	4.142012	7.199211
7998	13.077679	5.506391	5.309735	5.899705	5.801377	5.703048	3.933137	6.096362
7999	12.166172	5.835806	6.231454	4.648863	6.627102	5.637982	4.451039	7.121662
8000	12.845850	5.335968	6.225296	5.335968	6.422925	6.027668	3.656126	6.719368
8001	12.596154	5.769231	5.961538	5.384615	6.442308	5.865385	4.423077	7.884615
8002	12.537313	5.273632	6.567164	5.273632	6.368159	5.671642	3.980100	6.965174
8003	13.313897	5.733722	5.539359	5.733722	6.608358	6.802721	4.081633	6.511176
8004	11.972522	5.495584	6.182532	5.201178	7.163886	6.378803	4.514230	6.673209
8005	11.911623	5.283381	5.955812	5.091258	6.340058	4.803074	4.130644	6.147935
8006	13.287402	5.019685	6.003937	6.003937	5.511811	5.807087	4.921260	5.511811
8007	13.880743	5.278592	5.474096	4.789834	6.451613	6.549365	4.203324	6.940371
8008	13.039216	5.784314	5.784314	4.607843	6.176471	5.784314	5.392157	6.176471
8009	13.139418	6.118355	5.817452	5.817452	6.118355	4.513541	4.212638	7.321966
8010	13.004926	5.418719	6.108374	4.630542	6.699507	6.305419	5.418719	6.502463
8011	11.307768	4.916421	5.801377	6.686332	6.981318	5.801377	5.113078	6.588004
8012	13.592233	5.242718	6.310680	5.436893	5.922330	6.796117	4.174757	7.087379
8013	13.030602	5.330701	6.120434	5.231984	7.206318	5.133268	5.231984	7.008885
8014	12.103175	6.051587	5.257937	5.753968	6.646825	5.357143	5.158730	6.448413
8015	12.658228	6.621227	7.594937	5.452775	6.718598	7.108082	3.992210	6.718598
8016	12.263210	5.682951	5.383848	6.181456	6.081755	6.480558	4.087737	6.580259
8017	12.236710	5.516550	5.817452	5.717151	6.519559	5.817452	4.012036	5.717151
8018	12.975610	5.170732	5.951220	4.097561	6.439024	5.853659	3.707317	6.536585
8019	12.500000	6.007752	5.813953	4.554264	5.910853	5.813953	3.585271	6.395349
8020	12.818004	5.968689	5.968689	4.990215	5.577299	6.555773	4.207436	6.457926
8021	11.671612	5.539070	5.835806	4.747774	6.132542	5.440158	4.451039	6.726014
8022	11.637081	5.325444	5.917160	5.522682	6.410256	6.607495	3.747535	6.311637
8023	13.497537	6.206897	5.911330	5.123153	6.798030	6.600985	4.532020	6.600985
8024	11.960784	5.392157	6.176471	5.490196	6.078431	5.980392	5.196078	5.686275
8025	12.537019	5.528134	5.626851	5.330701	5.231984	5.330701	4.343534	7.206318
8026	12.163509	6.081755	5.682951	4.685942	7.577268	5.383848	4.287139	6.679960
8027	11.625616	6.108374	5.517241	5.517241	5.911330	5.911330	5.024631	7.487685
8028	12.106299	5.807087	5.019685	5.118110	5.905512	5.610236	4.921260	7.677165
8029	12.035225	6.262231	5.479452	5.675147	5.870841	5.088063	4.011742	6.457926
8030	11.822660	4.926108	6.600985	5.221675	6.600985	6.600985	4.236453	6.108374
8031	12.975610	5.756098	5.756098	4.975610	5.560976	5.463415	4.390244	7.219512
8032	10.843373	5.220884	5.321285	5.220884	6.626506	5.622490	4.216867	5.522088
8033	12.055336	4.743083	6.027668	4.644269	7.411067	5.434783	4.940711	7.015810
8034	11.579980	5.888126	6.476938	5.789990	5.691855	5.397448	4.317959	6.476938
8035	12.537313	5.074627	5.870647	5.273632	6.666667	5.572139	4.875622	6.467662
8036	11.881188	6.039604	6.633663	4.752475	6.435644	5.841584	4.257426	6.435644
8037	11.661808	4.859086	6.802721	4.664723	6.608358	5.636540	4.275996	6.511176
8038	12.561335	5.495584	5.691855	4.710500	5.299313	5.789990	4.219823	6.476938
8039	12.312312	5.705706	6.406406	5.105105	6.106106	6.206206	4.504505	6.506507
8040	13.974232	5.351833	6.144698	4.856293	6.144698	5.946482	4.360753	6.838454
8041	12.190287	5.748266	6.342914	5.351833	5.946482	5.847374	4.658077	6.045590
8042	13.129319	5.429418	5.429418	6.416584	6.317868	5.429418	4.047384	7.403751
8043	11.304348	5.603865	4.734300	5.797101	8.115942	5.410628	4.541063	6.086957
8044	12.749004	5.876494	5.577689	5.378486	6.374502	6.175299	3.685259	6.772908
8045	12.378168	4.970760	5.945419	4.775828	6.335283	6.140351	4.580897	7.309942
8046	12.790698	5.620155	6.007752	5.813953	5.717054	5.329457	4.166667	6.686047
8047	13.640923	5.516550	6.118355	5.215647	6.318957	5.917753	4.012036	6.619860
8048	14.341463	5.853659	6.341463	5.560976	7.414634	5.951220	4.682927	6.243902
8049	12.462612	5.284148	5.483549	5.583250	5.982054	5.882353	3.688933	4.985045
8050	12.833169	5.330701	4.935834	5.923001	6.219151	6.021718	4.047384	7.008885
8051	12.301587	5.357143	5.456349	4.464286	6.547619	6.051587	4.365079	6.250000
8052	12.658228	5.842259	5.160662	4.868549	7.010711	5.744888	4.284323	7.302824
8053	11.661808	5.733722	6.608358	5.442177	6.219631	6.025267	3.595724	6.608358
8054	11.508704	5.996132	5.802708	6.189555	5.705996	6.866538	3.578337	7.930368
8055	12.755599	5.939630	5.550146	5.355404	6.426485	6.037001	4.381694	6.815969
8056	11.984283	6.090373	5.795678	4.813360	7.662083	5.599214	3.732809	5.992141
8057	10.693069	5.643564	5.247525	4.752475	6.633663	6.435644	4.158416	6.336634
8058	12.376238	5.643564	5.841584	5.049505	6.336634	6.039604	4.257426	7.029703
8059	12.693798	5.135659	5.523256	6.007752	7.364341	5.426357	3.682171	6.976744
8060	12.082515	5.697446	6.090373	5.009823	6.385069	5.697446	4.518664	5.992141
8061	12.365064	5.103042	5.299313	4.808636	6.280667	6.673209	4.219823	6.575074
8062	12.573099	5.847953	5.847953	5.458090	5.458090	5.263158	4.483431	6.335283
8063	12.067260	6.429278	5.242334	6.231454	5.637982	5.637982	4.549951	6.923838
8064	12.173038	5.331992	6.036217	4.426559	7.444668	5.331992	3.319920	5.935614
8065	11.735206	4.914744	6.018054	5.115346	7.021063	6.318957	4.513541	6.619860
8066	11.968348	6.033630	6.726014	4.945598	5.242334	5.440158	5.143422	5.835806
8067	12.818004	5.185910	5.577299	5.870841	5.968689	5.870841	3.522505	6.164384
8068	13.152610	5.823293	6.224900	5.823293	6.626506	5.120482	3.313253	5.923695
8069	12.549407	5.237154	5.830040	5.237154	6.324111	5.731225	4.051383	6.916996
8070	12.437312	6.118355	4.914744	5.315948	6.018054	6.519559	4.112337	6.218656
8071	11.493124	5.697446	5.402750	5.009823	7.858546	6.090373	5.206287	6.090373
8072	12.966601	5.893910	6.090373	5.893910	6.188605	5.599214	4.322200	6.385069
8073	11.318898	5.314961	5.019685	4.822835	5.118110	4.921260	4.035433	7.381890
8074	13.068732	5.517909	5.808325	5.033882	6.098742	5.517909	4.162633	6.389158
8075	10.573123	6.126482	5.731225	4.841897	6.818182	5.731225	3.557312	5.731225
8076	12.881023	5.309735	5.801377	5.014749	6.686332	6.096362	4.719764	6.096362
8077	11.921182	6.305419	6.305419	5.418719	5.615764	6.502463	3.546798	6.995074
8078	13.796477	6.066536	5.479452	4.990215	7.729941	5.381605	5.088063	6.164384
8079	13.043478	5.335968	6.818182	5.533597	7.114625	5.335968	4.347826	6.620553
8080	11.077844	5.788423	5.688623	5.988024	6.586826	5.688623	4.790419	7.085828
8081	11.595639	4.757185	6.144698	4.658077	7.928642	5.748266	4.558969	6.243806
8082	13.529412	5.588235	4.901961	5.294118	7.450980	6.372549	4.313725	6.960784
8083	12.730807	5.928086	6.413994	4.470360	5.733722	6.122449	4.275996	6.608358
8084	12.900097	5.528613	5.625606	5.819593	6.013579	5.237633	3.685742	6.304559
8085	13.817097	5.864811	5.666004	4.771372	6.560636	5.367793	5.069583	6.858847
8086	12.463199	5.789990	5.789990	5.986261	6.280667	5.495584	4.416094	6.378803
8087	12.127237	5.566600	6.063618	4.671968	5.765408	5.467197	3.876740	6.461233
8088	11.208577	5.847953	6.140351	5.750487	6.920078	6.432749	4.288499	6.140351
8089	13.333333	5.273632	5.671642	5.174129	6.865672	5.572139	4.079602	6.666667
8090	11.439842	6.114398	5.917160	5.522682	5.719921	5.325444	4.733728	6.213018
8091	13.521401	5.739300	6.420233	5.544747	6.712062	6.420233	5.252918	6.420233
8092	12.315271	5.418719	5.911330	4.729064	6.206897	6.009852	4.926108	6.305419
8093	13.267327	6.039604	6.336634	5.148515	5.841584	5.445545	4.356436	6.633663
8094	12.118227	5.812808	5.714286	5.812808	6.206897	5.812808	5.024631	6.108374
8095	13.554217	5.522088	5.923695	4.919679	6.224900	5.220884	4.317269	6.425703
8096	12.753623	5.893720	6.086957	4.734300	7.149758	5.797101	4.734300	7.439614
8097	13.721619	6.515301	6.811451	5.330701	6.910168	5.231984	4.639684	6.219151
8098	13.288070	5.819593	5.043647	5.722599	6.692532	5.431620	5.043647	6.110572
8099	12.351779	5.237154	6.126482	5.335968	6.620553	5.632411	4.051383	6.620553
8100	11.527094	5.714286	5.615764	5.615764	7.290640	6.009852	4.334975	6.995074
8101	12.265084	5.934718	5.835806	4.747774	6.330366	5.637982	4.549951	6.231454
8102	12.326044	4.671968	5.467197	6.858847	5.765408	4.473161	4.373757	6.759443
8103	12.574257	5.841584	6.336634	5.940594	5.940594	5.742574	4.257426	5.247525
8104	12.160804	5.628141	6.030151	5.728643	5.527638	6.130653	3.819095	8.241206
8105	13.060429	5.165692	5.360624	5.165692	7.309942	6.335283	4.483431	6.140351
8106	13.524186	5.725568	5.725568	5.923001	5.923001	5.824284	4.047384	6.614018
8107	13.431373	6.274510	6.274510	5.294118	7.156863	6.274510	4.705882	6.666667
8108	11.992071	5.847374	5.649158	4.757185	7.036670	4.757185	5.054509	6.739346
8109	11.357074	5.678537	5.871030	5.486044	5.582291	5.389798	4.523580	6.159769
8110	12.426036	5.719921	6.903353	4.536489	5.325444	6.213018	4.437870	7.396450
8111	12.301587	6.646825	5.853175	5.952381	6.448413	5.456349	4.861111	6.349206
8112	12.079208	5.544554	5.643564	4.158416	6.534653	5.940594	3.465347	5.544554
8113	12.312312	6.406406	5.305305	4.904905	6.806807	5.905906	3.903904	7.307307
8114	12.115194	6.156902	5.461768	4.468719	8.142999	6.653426	3.773585	6.752731
8115	13.008937	6.355511	5.362463	6.156902	6.156902	5.660377	4.865938	6.752731
8116	11.298315	6.243806	6.144698	4.856293	6.144698	5.946482	4.955401	6.342914
8117	12.055336	5.138340	5.830040	5.434783	5.731225	6.719368	4.841897	6.422925
8118	12.352941	5.980392	5.686275	5.196078	6.176471	5.196078	4.411765	6.764706
8119	10.867398	5.583250	6.281157	5.184447	5.882353	6.281157	3.988036	7.278166
8120	12.118227	5.123153	5.812808	5.320197	5.812808	5.517241	3.448276	7.093596
8121	12.058824	5.882353	6.372549	5.000000	6.470588	5.098039	4.803922	6.078431
8122	12.659470	6.084396	5.299313	6.084396	7.262022	5.103042	4.023553	6.673209
8123	13.281250	5.566406	6.054688	5.175781	6.054688	5.371094	4.101562	6.542969
8124	12.921890	5.882353	6.750241	5.785921	5.689489	6.364513	4.628737	5.978785
8125	11.067194	6.027668	5.533597	6.521739	6.027668	5.830040	4.347826	6.126482
8126	12.500000	5.813953	5.910853	4.360465	6.686047	5.523256	4.844961	7.267442
8127	13.921569	6.470588	7.156863	4.901961	6.372549	5.392157	4.019608	6.764706
8128	13.103448	6.009852	6.206897	5.517241	6.206897	5.418719	4.039409	6.305419
8129	12.988281	6.152344	5.761719	4.980469	5.859375	6.347656	4.296875	7.031250
8130	11.282546	5.014465	6.075217	5.400193	6.364513	5.689489	4.243009	6.075217
8131	12.611718	5.362463	5.759682	5.461768	7.249255	5.759682	3.674280	6.454816
8132	11.262136	6.213592	6.213592	5.339806	5.436893	6.601942	4.660194	6.796117
8133	12.462612	5.483549	5.483549	5.483549	6.779661	5.383848	4.386839	5.882353
8134	12.400794	5.357143	5.257937	5.059524	6.250000	5.357143	3.670635	6.845238
8135	12.500000	5.654762	4.861111	5.555556	5.952381	4.861111	4.662698	5.158730
8136	11.625616	5.418719	5.812808	5.418719	6.896552	5.911330	4.630542	5.911330
8137	13.935231	5.103042	5.593719	5.004907	5.986261	5.789990	4.121688	6.575074
8138	13.004926	5.320197	6.009852	5.024631	6.502463	5.615764	3.546798	6.206897
8139	12.645914	5.739300	6.614786	6.322957	5.252918	5.544747	3.988327	6.420233
8140	13.139418	6.519559	5.817452	4.513541	6.619860	5.115346	4.814443	6.419258
8141	12.242899	5.582762	6.170421	4.897160	7.051910	4.897160	4.015671	5.778648
8142	14.436959	5.774783	6.159769	4.234841	7.410972	6.448508	5.293551	6.737247
8143	11.442308	6.442308	5.961538	5.480769	6.826923	5.576923	4.326923	7.211538
8144	12.586037	5.014749	6.489676	5.211406	5.604720	6.194690	5.604720	6.489676
8145	13.964844	5.566406	6.445312	5.761719	6.152344	6.445312	4.394531	7.128906
8146	12.091179	5.351833	5.946482	4.856293	6.342914	5.649158	4.063429	6.342914
8147	11.718750	5.761719	6.054688	5.761719	5.175781	6.152344	4.394531	7.128906
8148	12.363996	5.539070	6.033630	5.835806	5.143422	6.033630	4.352127	6.330366
8149	11.348206	5.625606	5.237633	5.625606	6.789525	5.431620	4.267701	6.692532
8150	12.711023	5.362463	5.958292	6.057597	6.355511	5.461768	4.170804	7.348560
8151	13.034826	5.970149	5.771144	5.373134	6.666667	7.164179	4.477612	6.069652
8152	13.779528	5.511811	6.003937	4.724409	5.511811	6.102362	4.625984	6.003937
8153	10.769231	5.673077	5.480769	5.576923	6.346154	5.480769	4.807692	6.730769
8154	12.400000	5.500000	6.200000	5.900000	6.400000	6.000000	4.500000	6.600000
8155	12.202381	5.158730	5.456349	5.753968	6.646825	5.456349	4.662698	6.349206
8156	11.953353	5.247813	5.247813	4.956268	5.830904	5.636540	4.373178	6.316812
8157	12.185687	6.382979	5.899420	5.319149	6.576402	5.802708	4.448743	5.996132
8158	12.313803	5.362463	6.156902	5.064548	5.163853	5.263158	4.468719	6.752731
8159	11.519364	5.362463	5.163853	5.561072	6.454816	5.759682	4.170804	6.156902
8160	13.704071	6.057597	5.858987	4.965243	6.454816	6.454816	4.568024	6.355511
8161	12.687313	5.894106	4.795205	5.694306	5.594406	5.694306	4.395604	4.495504
8162	12.684366	5.014749	5.211406	5.899705	5.899705	6.784661	4.424779	7.177974
8163	12.687313	5.494505	5.194805	6.093906	6.493506	5.394605	4.895105	5.294705
8164	12.027833	6.063618	5.268390	4.771372	5.168986	6.361829	4.174950	7.355865
8165	13.405088	5.088063	6.555773	5.185910	6.360078	5.968689	5.088063	6.653620
8166	13.953488	5.329457	5.813953	4.554264	6.395349	6.104651	4.651163	6.976744
8167	11.078717	6.122449	6.608358	6.122449	7.191448	5.733722	3.887269	7.094266
8168	11.937378	5.479452	5.675147	5.185910	7.632094	7.436399	5.381605	6.947162
8169	13.478692	5.054509	6.838454	5.351833	5.550050	6.442022	3.865213	5.054509
8170	12.487709	6.096362	5.899705	5.506391	5.408063	5.899705	4.228122	6.293019
8171	11.044776	6.069652	5.970149	5.373134	5.273632	7.164179	4.079602	6.368159
8172	12.757605	5.888126	5.397448	4.710500	6.084396	6.084396	3.827282	6.673209
8173	11.892963	5.649158	5.054509	6.144698	7.433102	5.847374	3.766105	7.234886
8174	12.645914	6.225681	6.420233	5.447471	5.642023	6.128405	4.766537	6.322957
8175	11.952191	6.075697	5.378486	6.175299	6.673307	5.577689	3.486056	5.876494
8176	13.497537	5.714286	6.206897	5.615764	6.305419	5.024631	4.532020	6.009852
8177	11.701082	5.408063	5.604720	4.326450	5.998033	6.882989	4.129794	7.177974
8178	11.904762	5.654762	6.547619	5.257937	6.150794	6.150794	4.166667	6.547619
8179	12.097561	5.073171	5.853659	6.146341	5.560976	5.170732	4.487805	6.439024
8180	13.222331	5.386876	5.778648	5.093046	6.170421	6.170421	4.309500	6.562194
8181	11.584158	5.544554	6.336634	5.841584	6.732673	5.247525	3.465347	6.534653
8182	11.293436	5.791506	5.501931	5.115830	6.467181	6.853282	4.729730	6.081081
8183	10.728346	5.708661	6.791339	4.822835	6.003937	6.299213	4.822835	6.988189
8184	11.833172	5.528613	5.625606	5.043647	6.692532	6.013579	4.461688	7.080504
8185	11.561265	5.928854	5.434783	5.039526	6.818182	5.830040	4.347826	6.521739
8186	11.143984	5.818540	5.621302	5.128205	5.917160	5.522682	4.930966	6.410256
8187	11.782178	5.841584	5.643564	4.851485	7.227723	6.237624	4.752475	7.029703
8188	11.867704	6.517510	5.544747	5.252918	6.809339	5.350195	3.307393	7.490272
8189	11.670020	5.432596	5.231388	4.929577	6.941650	6.036217	3.822938	7.142857
8190	12.112112	5.905906	6.206206	4.904905	7.307307	5.905906	3.403403	5.705706
8191	12.340842	4.603330	6.660137	5.778648	6.660137	5.876592	4.799216	6.366308
8192	11.553785	4.880478	5.677291	5.776892	6.573705	4.980080	3.784861	6.573705
8193	11.886051	6.876228	5.599214	4.518664	5.697446	5.206287	4.322200	6.876228
8194	11.143695	5.474096	6.158358	5.278592	6.060606	5.571848	4.692082	7.038123
8195	11.800000	5.000000	5.800000	5.300000	6.300000	6.400000	4.200000	5.900000
8196	12.988281	5.175781	6.054688	5.566406	4.980469	6.152344	4.882812	6.542969
8197	12.214499	5.362463	6.852036	5.958292	6.752731	6.156902	4.468719	5.660377
8198	12.573674	5.304519	5.599214	4.911591	5.402750	6.581532	4.223969	7.662083
8199	12.027833	5.467197	6.063618	4.671968	7.654076	5.367793	4.174950	6.262425
8200	12.707722	5.376344	6.256109	4.398827	6.940371	5.571848	4.203324	6.158358
8201	11.368015	4.624277	5.780347	5.298651	7.610790	5.587669	4.142582	6.358382
8202	11.916584	5.759682	5.958292	5.461768	6.256207	5.660377	3.972195	6.057597
8203	12.574850	5.089820	5.988024	5.389222	6.087824	5.588822	4.291417	6.586826
8204	13.052012	5.495584	5.789990	5.888126	5.201178	5.888126	4.710500	6.280667
8205	11.846002	5.133268	6.416584	4.935834	7.502468	5.231984	4.738401	5.725568
8206	12.139303	5.671642	6.368159	5.273632	6.567164	5.671642	4.278607	6.666667
8207	12.185687	4.932302	5.705996	5.415861	5.996132	5.222437	4.061896	6.769826
8208	11.758794	5.728643	5.326633	5.226131	5.929648	5.628141	3.819095	7.839196
8209	11.634905	5.516550	6.218656	5.917753	6.419258	6.118355	4.012036	6.018054
8210	10.797665	5.058366	5.836576	5.933852	7.976654	5.836576	4.085603	6.809339
8211	13.702624	5.539359	6.219631	6.025267	7.191448	6.608358	4.373178	6.608358
8212	13.294233	5.767351	6.060606	5.180841	6.256109	5.865103	3.616813	6.060606
8213	12.475248	4.653465	6.039604	4.653465	6.732673	6.138614	3.861386	5.643564
8214	11.241447	5.767351	6.158358	5.571848	5.767351	6.060606	4.692082	6.842620
8215	10.935961	4.926108	5.615764	7.093596	6.995074	5.911330	3.448276	6.699507
8216	12.051793	5.378486	6.075697	5.478088	5.976096	6.075697	3.884462	6.075697
8217	12.200000	6.800000	7.000000	5.100000	6.000000	4.900000	4.400000	5.600000
8218	13.748764	6.627102	6.231454	4.352127	6.627102	5.736894	4.945598	6.923838
8219	12.784936	5.649158	5.450942	4.757185	7.928642	5.450942	4.558969	6.739346
8220	12.051793	5.079681	5.677291	4.880478	6.075697	5.876494	4.581673	5.278884
8221	12.770138	5.009823	5.992141	5.697446	6.483301	5.893910	4.223969	6.483301
8222	12.340842	5.386876	5.876592	5.386876	6.856024	6.072478	5.093046	7.639569
8223	14.494163	6.225681	5.933852	5.058366	6.420233	4.961089	3.307393	6.809339
8224	10.738916	5.812808	5.615764	5.320197	7.093596	5.615764	5.024631	5.812808
8225	12.858556	5.736894	6.231454	5.143422	6.824926	6.726014	3.857567	6.528190
8226	12.000000	5.951220	6.731707	4.780488	6.048780	5.463415	4.292683	5.853659
8227	13.064361	5.283381	4.995197	6.051873	7.012488	5.283381	4.226705	6.243996
8228	13.333333	5.490196	5.686275	5.392157	5.490196	5.000000	4.705882	5.588235
8229	12.723658	5.268390	5.566600	5.168986	6.361829	5.964215	4.075547	6.262425
8230	12.500000	5.511811	5.216535	6.299213	6.200787	6.200787	4.330709	6.102362
8231	12.634672	5.288932	5.876592	4.603330	5.484819	6.464251	4.309500	6.562194
8232	11.821705	6.007752	5.329457	6.395349	5.910853	6.007752	4.263566	6.492248
8233	12.845850	5.632411	5.533597	4.545455	5.928854	4.940711	3.359684	7.015810
8234	13.320274	4.897160	5.778648	4.701273	5.680705	5.778648	4.701273	6.758080
8235	12.730807	5.344995	6.025267	4.956268	6.122449	5.539359	4.567541	6.608358
8236	11.776251	5.789990	5.986261	5.888126	5.691855	5.789990	4.710500	6.280667
8237	12.133072	6.066536	5.185910	5.479452	6.164384	4.892368	3.620352	6.262231
8238	11.976631	5.063291	5.550146	5.355404	6.037001	5.355404	4.576436	5.647517
8239	12.166172	5.539070	5.835806	5.835806	6.033630	5.637982	4.055391	6.132542
8240	11.916584	5.958292	6.454816	5.362463	6.256207	4.965243	3.773585	7.050645
8241	13.145083	5.258033	5.744888	5.063291	6.426485	6.134372	4.284323	6.426485
8242	10.644531	5.957031	6.054688	4.980469	6.152344	5.859375	4.296875	5.859375
8243	12.659470	5.593719	5.299313	5.397448	5.397448	5.789990	3.434740	6.575074
8244	13.391984	5.474096	6.353861	4.398827	7.429130	5.962854	4.105572	6.549365
8245	12.890625	6.542969	5.957031	5.566406	5.566406	5.664062	4.980469	6.738281
8246	11.609756	4.975610	5.560976	5.756098	7.512195	6.146341	3.609756	6.146341
8247	11.565304	5.782652	5.483549	5.782652	5.583250	5.982054	4.985045	6.380857
8248	13.333333	6.069652	7.263682	4.776119	6.169154	5.771144	4.577114	6.766169
8249	12.745098	5.980392	6.274510	5.588235	6.764706	5.392157	4.411765	5.882353
8250	12.500000	5.000000	5.500000	5.800000	7.100000	5.800000	4.300000	5.700000
8251	12.944664	5.928854	6.719368	5.731225	6.027668	5.928854	3.853755	5.928854
8252	12.330097	5.728155	5.242718	4.368932	5.339806	6.310680	4.563107	7.184466
8253	11.996067	5.801377	6.882989	4.424779	5.604720	5.998033	4.326450	7.374631
8254	12.585366	5.463415	6.341463	5.268293	6.634146	5.268293	4.390244	7.219512
8255	13.473054	4.990020	5.289421	5.788423	6.287425	5.588822	3.992016	5.289421
8256	12.390244	5.951220	6.243902	4.195122	6.048780	6.439024	4.097561	6.829268
8257	11.811024	5.511811	6.102362	5.905512	6.791339	6.003937	4.133858	6.692913
8258	12.197581	5.645161	6.653226	4.637097	6.048387	7.056452	4.737903	6.048387
8259	13.359528	5.108055	7.170923	5.108055	5.992141	6.286837	4.322200	6.483301
8260	12.185687	6.092843	6.286267	4.932302	6.866538	5.705996	4.448743	6.866538
8261	14.087302	5.357143	5.853175	5.059524	6.547619	5.158730	4.861111	6.051587
8262	12.975610	5.463415	5.951220	6.048780	6.536585	5.560976	4.195122	6.926829
8263	12.031558	6.213018	5.917160	4.930966	5.325444	6.114398	3.550296	7.199211
8264	12.928501	6.170421	5.778648	5.582762	6.562194	6.170421	4.113614	6.562194
8265	12.139303	5.671642	4.975124	4.975124	6.169154	5.870647	4.278607	5.373134
8266	12.074002	5.842259	5.452775	4.965920	6.426485	5.160662	4.186952	6.231743
8267	10.797665	5.058366	5.933852	4.474708	6.614786	5.933852	4.280156	6.712062
8268	13.600000	6.000000	6.900000	4.800000	6.400000	5.900000	4.400000	6.900000
8269	12.015889	6.355511	6.653426	5.362463	6.355511	6.256207	4.071500	6.951341
8270	12.487805	6.048780	5.463415	4.585366	6.439024	5.658537	5.073171	7.707317
8271	13.654618	5.923695	6.024096	5.823293	6.927711	4.518072	4.116466	6.626506
8272	12.721893	6.410256	6.410256	4.536489	5.522682	5.325444	4.832347	6.410256
8273	11.946050	5.684008	6.069364	5.298651	6.743738	5.009634	4.335260	6.551060
8274	13.359528	6.188605	6.483301	5.795678	6.483301	4.813360	3.831041	6.286837
8275	12.921890	5.593057	6.750241	5.496625	7.039537	5.785921	4.725169	7.521697
8276	12.685828	4.856293	5.748266	6.144698	6.838454	6.045590	3.666997	6.045590
8277	12.097561	5.560976	6.439024	5.268293	6.731707	5.756098	4.585366	7.024390
8278	13.412229	5.818540	7.001972	5.226824	5.818540	6.311637	4.339250	6.410256
8279	13.098729	6.158358	5.767351	5.180841	7.722385	5.865103	5.474096	6.158358
8280	12.047013	5.190989	5.582762	5.484819	5.680705	5.778648	4.603330	6.953967
8281	12.451362	5.447471	6.906615	5.350195	6.614786	5.544747	4.766537	7.490272
8282	12.730807	5.344995	5.442177	5.344995	6.705539	6.122449	4.470360	6.122449
8283	12.437811	6.169154	5.870647	4.875622	6.766169	5.273632	3.980100	6.169154
8284	12.884044	5.550050	5.748266	4.360753	5.550050	6.937562	5.153617	6.243806
8285	12.941176	5.588235	5.980392	5.392157	6.176471	5.686275	4.607843	6.960784
8286	13.073852	5.289421	6.087824	5.588822	6.287425	6.387226	5.788423	6.287425
8287	11.833172	5.140640	5.916586	5.722599	6.595538	5.431620	3.976722	6.304559
8288	12.003872	5.517909	5.905131	4.646660	5.324298	5.808325	4.162633	6.776379
8289	12.168793	5.691855	5.789990	5.299313	6.869480	5.691855	4.612365	5.201178
8290	11.467444	5.053450	6.025267	5.830904	6.219631	6.122449	4.275996	6.997085
8291	11.348206	6.110572	5.722599	5.722599	6.110572	6.304559	4.655674	6.789525
8292	11.673152	5.544747	6.031128	4.961089	6.322957	5.447471	4.085603	6.809339
8293	12.906404	6.206897	6.009852	5.221675	5.517241	5.911330	4.827586	6.206897
8294	13.476562	6.054688	6.250000	4.785156	5.761719	5.566406	4.296875	6.445312
8295	11.679537	5.888031	6.177606	4.633205	6.177606	5.501931	5.212355	6.177606
8296	12.365064	5.789990	5.691855	5.201178	4.906771	5.201178	3.729146	5.593719
8297	11.572700	4.747774	6.132542	5.341246	6.033630	4.648863	5.143422	6.033630
8298	10.241546	5.024155	5.990338	5.120773	7.342995	5.603865	3.961353	6.183575
8299	11.886051	6.286837	6.188605	5.009823	5.697446	5.599214	4.715128	6.777996
8300	11.575875	5.252918	5.933852	5.155642	6.614786	6.225681	4.669261	7.684825
8301	12.795276	6.200787	6.299213	5.413386	6.889764	6.791339	4.921260	6.889764
8302	12.487611	6.045590	6.144698	5.351833	6.640238	5.450942	3.766105	5.847374
8303	11.337209	5.329457	6.104651	6.298450	5.620155	6.007752	4.457364	5.620155
8304	13.333333	6.078431	5.294118	4.803922	5.588235	5.686275	4.705882	6.274510
8305	12.175649	5.988024	6.586826	5.688623	6.387226	5.688623	4.790419	6.387226
8306	13.627451	6.078431	5.490196	5.098039	5.588235	5.686275	4.803922	6.666667
8307	12.082515	6.483301	6.483301	5.599214	5.599214	5.009823	4.322200	5.893910
8308	12.848606	5.179283	6.673307	6.673307	5.677291	6.573705	4.681275	6.175299
8309	12.549020	5.490196	5.098039	5.294118	6.274510	5.588235	4.215686	5.784314
8310	11.980198	4.950495	6.930693	5.247525	6.138614	5.148515	4.257426	7.128713
8311	12.820513	4.930966	5.917160	4.437870	6.410256	5.325444	4.930966	6.508876
8312	13.273453	5.588822	5.389222	6.786427	7.285429	5.988024	4.790419	6.487026
8313	11.758989	5.830904	6.219631	5.830904	6.316812	5.442177	4.567541	6.025267
8314	12.537019	5.528134	5.923001	5.528134	6.416584	6.515301	5.231984	6.910168
8315	11.764706	5.490196	5.882353	4.705882	6.666667	6.764706	4.509804	7.254902
8316	13.017751	5.325444	5.325444	5.424063	6.213018	5.917160	4.536489	6.410256
8317	11.666667	5.686275	5.588235	6.078431	6.470588	5.000000	4.313725	5.882353
8318	12.909633	5.263158	6.156902	5.263158	7.050645	5.660377	5.064548	7.348560
8319	12.266928	6.280667	5.495584	4.514230	5.691855	6.771344	4.023553	6.575074
8320	12.074002	6.037001	5.939630	4.673807	5.647517	5.063291	3.505355	7.302824
8321	11.411992	5.415861	7.253385	6.286267	6.576402	6.382979	4.448743	6.769826
8322	11.810261	5.517909	5.711520	5.614714	6.582769	5.517909	5.130687	6.098742
8323	11.298315	5.450942	6.442022	5.748266	7.532210	5.748266	4.360753	6.144698
8324	12.961117	5.682951	5.084746	4.985045	6.380857	5.583250	5.383848	6.380857
8325	10.657371	5.478088	5.079681	4.980080	7.370518	5.976096	4.482072	4.880478
8326	11.436950	5.962854	5.865103	5.571848	6.256109	5.474096	4.203324	7.233627
8327	11.980198	5.445545	6.633663	5.247525	6.534653	6.039604	4.455446	6.435644
8328	11.572700	5.341246	5.835806	4.451039	6.033630	6.429278	4.253215	7.220574
8329	12.700000	5.300000	7.100000	5.500000	5.600000	5.400000	3.700000	6.400000
8330	12.988281	6.445312	6.542969	5.175781	6.054688	6.152344	4.296875	6.347656
8331	12.115194	6.256207	6.057597	4.965243	7.050645	6.355511	4.568024	5.958292
8332	13.176008	5.506391	5.408063	4.818092	6.686332	5.703048	4.031465	5.998033
8333	11.897738	5.703048	5.899705	4.424779	7.669617	6.686332	4.523107	6.882989
8334	12.363996	5.637982	5.934718	6.231454	5.934718	5.934718	5.143422	6.528190
8335	12.214499	5.561072	5.461768	5.064548	5.461768	5.461768	3.872890	7.050645
8336	11.764706	6.568627	6.764706	4.803922	5.980392	5.490196	5.098039	5.980392
8337	12.741313	6.274131	5.888031	5.019305	7.046332	5.501931	4.054054	6.660232
8338	11.972522	5.495584	5.495584	5.103042	6.378803	7.065751	4.416094	6.575074
8339	13.320274	5.974535	6.268364	4.995103	6.072478	6.758080	4.603330	6.170421
8340	11.859296	5.427136	5.929648	6.231156	6.532663	5.326633	3.819095	5.628141
8341	11.263467	5.778648	5.974535	5.288932	6.072478	5.974535	4.015671	6.072478
8342	10.261569	5.231388	5.533199	5.331992	5.533199	5.432596	3.923541	5.835010
8343	12.180747	5.992141	5.599214	5.500982	5.500982	5.500982	3.732809	6.483301
8344	13.119534	5.733722	5.928086	5.733722	6.219631	5.733722	4.470360	6.219631
8345	12.684366	5.801377	6.293019	4.719764	5.703048	6.391347	4.523107	6.686332
8346	11.165049	5.631068	5.825243	6.213592	6.019417	5.242718	4.854369	6.990291
8347	11.695906	6.627680	5.555556	4.580897	5.945419	6.237817	3.801170	6.920078
8348	12.587413	6.493506	6.793207	4.795205	6.093906	6.693307	4.595405	6.593407
8349	12.475634	5.555556	5.653021	5.165692	5.653021	6.042885	4.580897	6.530214
8350	12.094395	5.899705	6.293019	5.211406	7.177974	5.899705	4.326450	6.194690
8351	11.655240	5.093046	5.093046	6.268364	6.268364	5.680705	3.819785	7.639569
8352	12.307692	5.865385	7.019231	5.000000	5.673077	5.576923	3.846154	6.826923
8353	12.784936	5.748266	5.649158	5.847374	5.550050	5.748266	4.558969	6.442022
8354	11.928429	5.367793	5.964215	5.467197	5.367793	5.765408	4.572565	6.660040
8355	13.103448	5.714286	6.206897	4.039409	6.502463	6.009852	4.433498	6.798030
8356	13.017751	5.818540	5.128205	4.733728	6.410256	5.621302	4.437870	5.719921
8357	12.378168	5.458090	5.945419	4.970760	6.335283	6.237817	4.483431	6.822612
8358	11.630219	5.964215	6.063618	5.964215	6.560636	5.964215	4.274354	7.157058
8359	12.304688	4.882812	5.078125	5.371094	7.031250	5.761719	4.296875	6.250000
8360	12.600806	5.846774	5.947581	4.334677	6.250000	5.745968	4.637097	6.149194
8361	13.618290	5.666004	5.864811	6.163022	6.660040	4.970179	5.168986	6.361829
8362	14.244186	5.426357	6.395349	4.263566	6.201550	6.492248	4.457364	6.879845
8363	12.413108	5.958292	5.660377	5.858987	7.845084	5.163853	4.766634	6.653426
8364	10.786290	5.544355	6.451613	5.443548	6.149194	5.040323	4.133065	6.048387
8365	12.609971	5.865103	5.962854	4.789834	7.429130	5.474096	5.180841	6.158358
8366	13.738960	6.476938	5.593719	6.084396	6.575074	5.986261	4.219823	6.771344
8367	12.075848	5.389222	5.489022	4.990020	4.990020	5.788423	4.790419	6.487026
8368	11.886051	5.402750	5.795678	4.616896	5.795678	5.697446	4.616896	6.581532
8369	13.378906	6.054688	5.859375	5.566406	5.957031	5.957031	4.687500	7.226562
8370	12.007874	5.216535	5.413386	5.118110	5.708661	5.314961	4.035433	7.086614
8371	12.197483	6.582769	5.905131	4.937076	6.969990	5.130687	3.484995	7.066796
8372	12.438786	5.876592	5.974535	4.407444	5.288932	5.778648	4.505387	6.660137
8373	11.911912	6.006006	6.206206	5.105105	6.306306	6.106106	4.704705	6.706707
8374	12.313803	6.156902	6.454816	4.766634	6.653426	5.759682	4.766634	6.951341
8375	13.009709	5.631068	6.213592	4.174757	6.116505	6.407767	4.466019	7.087379
8376	10.009625	5.582291	4.908566	6.544755	6.544755	5.004812	3.657363	6.641001
8377	12.212212	5.505506	5.805806	4.304304	5.705706	5.605606	3.803804	7.207207
8378	12.953876	6.280667	5.986261	5.397448	5.888126	6.182532	4.219823	6.182532
8379	11.969112	5.598456	5.694981	5.019305	5.888031	5.791506	4.150579	6.660232
8380	12.475442	5.599214	6.581532	5.009823	5.697446	6.777996	4.223969	6.188605
8381	11.352419	5.626851	5.330701	6.614018	7.206318	5.429418	4.442251	5.231984
8382	12.648221	5.533597	5.533597	6.027668	6.916996	5.039526	4.150198	6.818182
8383	12.313803	5.759682	5.958292	5.263158	7.149950	5.561072	4.468719	6.256207
8384	11.799410	5.014749	6.096362	5.113078	6.588004	6.293019	3.736480	7.276303
8385	12.159533	5.836576	6.031128	4.377432	6.809339	5.447471	4.863813	5.933852
8386	12.990937	5.135952	6.445116	5.135952	6.344411	6.243706	4.934542	6.646526
8387	12.226640	4.771372	5.566600	5.367793	6.858847	6.262425	5.268390	6.262425
8388	13.346418	6.378803	6.673209	4.416094	5.201178	5.397448	4.612365	6.084396
8389	13.313609	5.424063	5.226824	5.818540	6.508876	6.607495	4.142012	6.015779
8390	12.946860	5.990338	5.314010	4.541063	6.183575	5.700483	4.347826	5.990338
8391	11.859296	6.331658	5.728643	5.326633	5.226131	5.628141	4.422111	6.934673
8392	11.473788	5.044510	6.528190	5.736894	5.539070	6.429278	4.352127	6.132542
8393	12.035225	5.185910	6.066536	5.968689	7.142857	5.577299	4.011742	6.555773
8394	11.782178	5.247525	5.346535	5.841584	6.435644	6.039604	4.752475	6.831683
8395	11.833172	6.401552	5.819593	5.528613	6.983511	6.886518	3.879728	6.886518
8396	11.811812	5.605606	5.405405	4.704705	6.106106	5.705706	4.904905	6.606607
8397	12.598425	5.905512	5.314961	6.299213	6.397638	6.299213	3.740157	6.003937
8398	11.799410	6.194690	6.391347	5.014749	6.588004	5.801377	4.719764	6.489676
8399	12.000000	6.536585	5.951220	5.658537	5.853659	6.341463	4.780488	5.951220
8400	12.315271	5.615764	5.812808	5.024631	6.600985	6.600985	4.433498	6.995074
8401	11.787819	5.009823	5.599214	5.206287	5.697446	5.599214	4.420432	6.483301
8402	11.907164	5.650858	5.549950	6.054490	4.944501	5.146317	3.733602	6.458123
8403	12.103175	5.456349	5.952381	4.265873	5.555556	6.250000	4.265873	7.142857
8404	12.450199	5.876494	6.872510	5.776892	6.175299	5.976096	3.884462	6.274900
8405	11.947791	5.622490	6.626506	5.522088	6.626506	6.526104	4.317269	6.526104
8406	13.682093	4.929577	5.231388	5.734406	4.929577	6.338028	4.124748	5.835010
8407	11.921182	5.320197	5.320197	4.926108	6.896552	5.911330	4.630542	6.305419
8408	11.100196	5.992141	6.581532	5.893910	6.876228	5.402750	4.027505	7.072692
8409	13.776493	5.587669	5.491329	5.394990	6.647399	5.973025	4.238921	6.551060
8410	12.133072	5.088063	5.870841	5.185910	6.555773	6.164384	4.109589	7.729941
8411	12.003968	6.150794	5.853175	4.960317	6.349206	5.257937	3.869048	7.440476
8412	13.910506	5.642023	5.836576	5.058366	5.933852	6.322957	3.793774	6.225681
8413	12.586037	5.604720	5.998033	4.916421	6.489676	5.211406	4.818092	6.981318
8414	11.611612	5.805806	6.106106	5.205205	7.507508	5.705706	4.004004	5.405405
8415	12.915851	5.968689	5.675147	4.990215	6.164384	6.164384	4.305284	7.142857
8416	12.693798	6.201550	6.201550	5.135659	6.201550	6.201550	3.972868	6.492248
8417	12.268744	5.452775	6.231743	4.673807	6.231743	5.355404	4.479065	6.815969
8418	12.378168	4.775828	5.653021	4.775828	6.530214	6.237817	5.653021	6.335283
8419	10.362173	5.533199	5.533199	3.923541	9.255533	5.432596	3.319920	6.941650
8420	12.011719	5.371094	5.273438	6.250000	5.957031	5.859375	4.101562	6.542969
8421	13.294798	5.684008	6.647399	4.624277	5.973025	5.780347	4.335260	6.936416
8422	12.190287	5.153617	6.045590	5.550050	5.649158	5.946482	3.865213	6.342914
8423	11.968348	5.934718	5.341246	5.440158	7.319486	6.726014	5.044510	6.824926
8424	11.451135	5.231984	6.120434	4.639684	5.231984	5.824284	4.244817	6.120434
8425	11.695906	5.458090	5.847953	6.042885	6.627680	6.530214	5.068226	6.042885
8426	12.795276	6.003937	5.413386	4.232283	5.708661	6.299213	4.035433	6.988189
8427	13.399015	6.108374	5.812808	5.812808	6.600985	5.418719	4.827586	6.699507
8428	12.097561	5.268293	5.658537	5.560976	6.048780	6.243902	3.804878	6.048780
8429	13.829787	5.609284	5.899420	6.673114	5.996132	5.415861	5.222437	6.479691
8430	13.502935	5.675147	5.675147	6.849315	5.577299	5.479452	4.696673	6.262231
8431	12.366115	5.550146	5.939630	5.939630	5.939630	4.965920	4.089581	6.134372
8432	11.122244	5.711423	5.911824	4.909820	7.014028	5.611222	4.509018	6.913828
8433	10.794897	5.593719	5.299313	5.789990	6.084396	5.495584	3.827282	6.673209
8434	13.685239	6.256109	6.647116	5.865103	5.180841	5.962854	4.692082	6.940371
8435	11.637081	5.917160	5.226824	4.930966	6.508876	5.029586	4.240631	7.495069
8436	14.271750	6.060606	5.962854	5.083089	6.451613	6.158358	4.007820	6.744868
8437	12.818004	5.772994	5.185910	4.794521	6.947162	6.653620	5.675147	6.555773
8438	13.505462	5.163853	6.454816	4.865938	5.958292	5.561072	3.574975	5.064548
8439	12.350598	5.577689	6.075697	5.677291	5.976096	5.677291	3.585657	6.872510
8440	11.678116	5.495584	5.495584	6.084396	5.789990	5.004907	5.397448	6.084396
8441	12.512219	6.256109	5.278592	4.985337	6.060606	6.353861	4.496579	6.451613
8442	11.876248	6.586826	7.285429	4.690619	4.790419	5.688623	5.189621	5.489022
8443	12.772277	5.544554	6.435644	5.148515	7.029703	5.940594	4.851485	6.732673
8444	12.425447	5.765408	5.864811	5.069583	7.057654	6.461233	4.373757	6.660040
8445	12.723658	5.964215	5.666004	5.069583	6.858847	6.560636	4.373757	6.660040
8446	10.865191	5.835010	6.237425	5.030181	6.237425	5.432596	5.231388	6.740443
8447	12.035225	5.577299	6.457926	5.381605	6.653620	5.968689	4.011742	7.240705
8448	12.475822	6.286267	6.382979	4.932302	6.963250	5.319149	4.835590	5.609284
8449	12.000000	5.600000	5.700000	5.900000	6.600000	6.400000	4.700000	7.100000
8450	13.574219	5.859375	6.542969	5.273438	5.371094	5.664062	4.003906	5.664062
8451	12.115385	5.961538	6.442308	4.423077	5.576923	5.865385	4.807692	6.634615
8452	12.178218	5.940594	5.940594	5.247525	7.326733	5.346535	4.455446	6.336634
8453	12.848606	5.976096	6.175299	5.278884	6.573705	6.274900	4.681275	6.374502
8454	12.548638	5.252918	4.863813	5.252918	7.392996	6.420233	3.696498	6.614786
8455	11.318898	4.724409	5.216535	4.822835	6.594488	6.397638	4.232283	6.692913
8456	12.265084	5.637982	5.637982	5.341246	5.934718	5.835806	4.846686	6.429278
8457	12.338308	6.069652	6.567164	5.273632	5.970149	5.771144	4.776119	6.467662
8458	13.017751	5.818540	6.114398	5.128205	5.522682	6.311637	3.944773	5.621302
8459	12.687313	5.194805	5.794206	4.895105	6.293706	6.093906	4.095904	5.994006
8460	11.572700	5.637982	5.341246	5.539070	6.824926	5.835806	4.549951	6.824926
8461	11.121857	5.802708	6.189555	6.866538	6.286267	5.705996	5.319149	6.963250
8462	11.394892	5.795678	5.500982	4.223969	6.188605	5.500982	4.616896	6.777996
8463	13.056380	6.231454	5.934718	5.143422	6.429278	6.627102	3.956479	6.824926
8464	12.263210	5.383848	5.882353	4.985045	6.480558	6.081755	4.885344	6.380857
8465	12.216749	5.320197	7.093596	4.926108	6.206897	6.600985	4.926108	6.798030
8466	12.301587	5.853175	6.250000	4.464286	6.944444	5.753968	4.365079	6.746032
8467	11.925709	5.669599	5.767351	5.180841	5.278592	4.887586	4.301075	6.353861
8468	13.222331	5.778648	6.464251	5.093046	6.268364	5.386876	4.015671	5.974535
8469	12.190287	6.243806	6.243806	6.045590	6.442022	5.153617	4.558969	6.541130
8470	12.399194	5.241935	5.544355	4.939516	6.552419	5.544355	4.536290	6.149194
8471	11.886051	5.402750	5.795678	4.911591	6.679764	5.009823	4.125737	6.483301
8472	10.665362	5.479452	5.772994	5.088063	6.555773	4.598826	3.718200	7.142857
8473	14.014014	6.606607	5.105105	6.406406	6.506507	6.306306	4.904905	5.605606
8474	11.770524	6.330366	6.033630	4.747774	5.539070	6.033630	4.253215	6.132542
8475	13.170732	7.024390	6.536585	5.560976	6.146341	4.975610	4.487805	6.146341
8476	13.293651	5.357143	5.357143	4.662698	7.738095	5.952381	5.158730	5.654762
8477	12.475050	5.888224	6.487026	5.489022	6.387226	6.287425	3.792415	6.886228
8478	13.082260	5.946482	7.036670	4.162537	5.649158	5.748266	4.757185	6.541130
8479	13.306852	5.660377	5.660377	5.461768	6.554121	5.362463	4.170804	8.738828
8480	12.462908	5.242334	5.835806	6.033630	6.429278	5.242334	4.945598	6.330366
8481	12.574257	5.445545	6.831683	4.356436	6.633663	6.831683	4.950495	7.821782
8482	12.996032	6.547619	5.555556	3.968254	6.746032	6.746032	4.563492	6.051587
8483	13.476562	5.957031	6.640625	5.175781	5.957031	6.152344	4.687500	6.152344
8484	10.636183	5.666004	5.666004	5.367793	5.566600	6.361829	3.876740	4.970179
8485	10.982659	5.105973	4.816956	5.780347	5.009634	5.491329	3.564547	5.876686
8486	14.017769	5.429418	6.614018	4.639684	5.824284	6.712734	4.442251	6.120434
8487	12.000000	4.878049	4.975610	4.195122	6.634146	6.243902	4.000000	6.634146
8488	12.027158	5.916586	5.916586	5.237633	6.789525	5.334627	4.752667	8.050436
8489	11.602753	5.211406	5.998033	5.801377	6.588004	5.604720	4.523107	5.703048
8490	12.109375	5.957031	6.250000	5.761719	6.054688	5.371094	4.687500	6.152344
8491	12.147716	6.122449	6.316812	4.761905	6.316812	4.761905	4.470360	6.025267
8492	12.067260	5.934718	6.132542	4.549951	6.231454	5.835806	4.253215	6.231454
8493	13.137255	5.686275	5.588235	5.980392	7.156863	5.686275	4.411765	5.980392
8494	11.717974	6.256207	6.355511	4.965243	6.951341	5.561072	4.071500	6.554121
8495	12.148594	5.722892	5.522088	5.823293	6.124498	5.020080	4.718876	5.120482
8496	12.224449	5.310621	5.511022	5.410822	5.911824	5.511022	4.108216	6.412826
8497	12.770138	5.108055	6.483301	5.304519	5.992141	5.599214	3.831041	7.269155
8498	11.930165	5.722599	5.140640	5.431620	6.498545	5.722599	4.655674	5.819593
8499	11.996067	5.703048	6.293019	5.899705	6.686332	5.604720	3.834808	5.506391
8500	13.273453	5.489022	6.187625	4.790419	6.686627	5.788423	4.690619	7.085828
8501	10.990099	5.841584	5.445545	6.039604	6.138614	5.940594	3.564356	7.326733
8502	12.858556	5.539070	6.330366	6.330366	5.440158	5.835806	3.857567	6.627102
8503	12.684366	6.096362	7.079646	5.998033	6.391347	5.899705	5.211406	6.882989
8504	12.350598	5.278884	5.776892	5.478088	6.374502	5.677291	4.681275	5.776892
8505	11.918605	5.620155	5.813953	5.620155	6.589147	5.813953	3.875969	7.848837
8506	11.595639	6.243806	6.243806	5.550050	6.045590	5.748266	4.459861	6.541130
8507	12.303150	5.610236	5.807087	4.527559	5.413386	5.807087	4.330709	6.299213
8508	12.139303	5.671642	5.472637	4.676617	5.870647	5.472637	3.880597	5.671642
8509	12.745098	5.000000	5.686275	4.803922	5.686275	6.176471	4.019608	6.372549
8510	12.912621	5.825243	5.825243	5.145631	6.990291	6.504854	4.854369	6.699029
8511	12.438302	5.626851	6.317868	5.923001	6.416584	5.626851	4.442251	6.120434
8512	14.511352	6.021718	6.021718	5.725568	6.515301	6.021718	4.343534	7.798618
8513	11.782178	6.534653	5.742574	5.742574	6.633663	5.841584	4.752475	6.435644
8514	12.094395	5.998033	5.703048	4.818092	6.489676	6.293019	5.408063	6.981318
8515	12.401575	5.807087	5.807087	4.625984	6.200787	5.807087	4.724409	6.692913
8516	12.524655	5.029586	4.733728	5.128205	6.410256	5.424063	4.930966	5.128205
8517	12.147716	5.636540	5.344995	5.733722	6.316812	5.830904	3.887269	6.025267
8518	13.725490	6.176471	6.078431	4.509804	6.470588	5.686275	4.019608	6.666667
8519	11.488511	4.995005	5.694306	5.794206	5.794206	6.293706	3.696304	7.292707
8520	12.561335	5.593719	6.771344	5.495584	6.575074	6.084396	4.514230	5.789990
8521	10.968379	4.644269	5.928854	4.545455	6.126482	4.940711	3.656126	6.324111
8522	11.916584	4.667329	5.958292	5.263158	7.547170	5.858987	4.568024	6.355511
8523	13.064361	6.340058	5.955812	4.899135	5.859750	5.859750	4.034582	5.859750
8524	11.992263	5.609284	5.125725	5.319149	6.092843	6.382979	4.255319	7.059961
8525	13.320080	5.666004	5.367793	4.970179	6.759443	6.163022	3.976143	7.256461
8526	11.394892	4.616896	5.108055	5.893910	7.170923	5.992141	4.223969	5.992141
8527	12.139303	5.970149	5.970149	5.572139	5.273632	6.467662	4.676617	6.368159
8528	11.923848	5.511022	6.412826	5.611222	5.711423	5.511022	4.809619	5.611222
8529	12.500000	5.961538	6.538462	5.769231	5.480769	6.442308	4.230769	6.153846
8530	10.916179	5.068226	5.360624	5.555556	5.555556	5.360624	4.288499	6.335283
8531	14.003945	5.424063	5.917160	5.621302	6.015779	5.621302	3.747535	6.311637
8532	12.362911	5.682951	5.483549	5.982054	6.081755	5.583250	5.084746	5.782652
8533	13.176008	4.818092	6.391347	5.211406	5.506391	5.998033	3.834808	6.686332
8534	12.180747	5.206287	6.188605	5.795678	6.188605	6.090373	4.616896	5.500982
8535	12.707722	5.962854	5.865103	5.376344	7.820137	5.474096	4.301075	6.842620
8536	11.557297	5.386876	6.464251	4.799216	5.582762	6.072478	4.603330	7.247796
8537	12.815534	5.825243	5.145631	5.825243	5.436893	5.825243	4.368932	6.019417
8538	11.507937	5.853175	6.845238	4.861111	7.341270	6.646825	4.662698	6.547619
8539	12.162162	5.598456	6.177606	4.536680	6.177606	6.853282	4.440154	7.239382
8540	13.806706	5.719921	6.508876	4.832347	6.410256	4.930966	4.930966	6.015779
8541	13.526570	5.410628	6.280193	4.734300	6.183575	5.314010	4.830918	6.666667
8542	12.660732	5.934718	6.231454	5.341246	6.429278	5.835806	4.648863	6.824926
8543	12.562814	5.326633	5.728643	4.924623	6.231156	5.929648	5.326633	6.733668
8544	12.645914	5.642023	6.031128	5.058366	5.933852	5.544747	4.280156	6.225681
8545	11.264822	6.620553	5.731225	5.039526	6.225296	5.830040	3.952569	7.707510
8546	12.214499	5.461768	5.858987	5.759682	5.958292	5.858987	4.071500	6.156902
8547	11.678116	5.986261	6.673209	5.888126	5.789990	6.280667	4.219823	6.280667
8548	11.165524	5.484819	6.170421	4.407444	5.974535	6.562194	4.995103	7.345739
8549	13.564356	6.336634	7.128713	5.346535	5.346535	5.742574	3.960396	6.336634
8550	13.168317	5.940594	5.841584	4.950495	6.732673	6.039604	3.465347	6.534653
8551	12.962963	5.750487	5.360624	6.432749	6.725146	5.847953	4.775828	6.627680
8552	12.094395	5.113078	6.391347	5.506391	7.571288	6.391347	4.228122	7.177974
8553	12.670565	5.847953	6.822612	6.432749	6.725146	5.165692	3.996101	7.115010
8554	11.222445	4.909820	5.210421	5.310621	6.513026	5.811623	3.907816	6.813627
8555	12.500000	6.007752	7.364341	4.554264	4.748062	5.813953	4.457364	6.492248
8556	10.900000	5.900000	5.600000	5.800000	7.000000	5.300000	4.100000	5.500000
8557	11.625616	5.615764	5.812808	5.812808	6.108374	5.123153	4.630542	6.009852
8558	11.690821	6.086957	6.859903	5.893720	7.439614	5.217391	4.154589	7.342995
8559	13.073171	5.951220	5.756098	5.268293	6.439024	5.853659	4.780488	6.439024
8560	13.056093	5.705996	5.705996	5.029014	6.092843	6.576402	3.771760	7.930368
8561	11.787819	5.599214	5.206287	5.206287	6.974460	5.795678	4.616896	6.385069
8562	10.661402	5.725568	6.120434	4.738401	5.429418	6.515301	4.442251	6.416584
8563	12.850242	6.086957	6.473430	5.410628	6.086957	5.314010	3.574879	7.149758
8564	11.576846	6.187625	6.387226	5.289421	6.287425	5.788423	3.792415	6.187625
8565	13.313609	5.621302	5.818540	5.128205	5.818540	6.508876	4.437870	7.001972
8566	12.204724	5.610236	5.511811	4.625984	7.283465	6.397638	4.724409	6.200787
8567	11.153846	5.000000	6.442308	4.519231	7.211538	6.250000	4.615385	7.019231
8568	13.196481	6.647116	6.451613	5.376344	6.549365	6.256109	3.812317	6.744868
8569	11.420060	5.660377	5.858987	5.461768	6.355511	5.660377	3.972195	5.858987
8570	12.549020	5.784314	5.392157	5.196078	7.549020	5.490196	4.313725	6.960784
8571	12.340842	5.778648	5.876592	6.268364	6.856024	6.856024	4.407444	5.876592
8572	10.816126	5.113078	4.818092	5.014749	6.588004	5.309735	4.129794	6.391347
8573	11.666667	5.490196	5.686275	4.607843	5.882353	5.196078	3.921569	6.960784
8574	11.840796	6.069652	5.174129	4.776119	6.268657	5.870647	5.174129	6.467662
8575	11.862745	5.588235	5.490196	5.098039	6.862745	5.882353	4.215686	6.666667
8576	12.861416	4.885344	5.583250	4.586241	6.779661	6.380857	4.985045	5.383848
8577	12.475248	5.742574	6.435644	5.346535	6.039604	5.841584	3.960396	6.534653
8578	13.385827	6.003937	6.102362	5.118110	6.988189	5.511811	4.921260	6.692913
8579	11.984283	5.500982	5.893910	5.599214	6.876228	6.777996	4.616896	6.483301
8580	12.256809	5.350195	6.614786	5.739300	6.225681	5.836576	4.669261	6.517510
8581	12.100678	6.679574	5.517909	5.517909	5.905131	5.614714	4.453049	6.582769
8582	11.557297	4.995103	5.680705	5.288932	6.562194	5.288932	4.603330	6.072478
8583	12.983152	6.045590	6.937562	4.955401	5.550050	5.946482	3.964321	7.036670
8584	11.673152	5.933852	6.420233	5.933852	6.031128	6.322957	4.571984	6.420233
8585	11.862745	5.882353	5.196078	5.098039	5.980392	5.294118	4.901961	6.274510
8586	12.340842	6.170421	6.268364	5.582762	7.933399	5.386876	4.407444	7.149853
8587	13.013699	5.577299	5.675147	5.088063	4.990215	5.577299	4.696673	6.653620
8588	11.500975	5.945419	6.822612	4.873294	6.237817	6.237817	4.288499	6.237817
8589	11.318898	4.921260	6.102362	4.724409	7.283465	5.905512	4.133858	6.397638
8590	12.633625	5.636540	5.928086	6.705539	6.705539	5.830904	3.692906	7.094266
8591	12.759644	5.440158	6.231454	4.451039	6.528190	6.429278	3.758655	6.923838
8592	12.301587	5.753968	6.448413	5.853175	6.051587	4.960317	3.670635	5.357143
8593	12.537019	5.429418	5.923001	5.528134	5.528134	5.824284	4.442251	7.798618
8594	13.004032	5.846774	5.544355	5.544355	5.544355	6.048387	5.040323	6.854839
8595	12.154150	5.830040	5.533597	5.138340	6.126482	5.731225	3.458498	6.027668
8596	12.096774	4.939516	5.745968	6.048387	5.745968	6.754032	3.629032	5.443548
8597	12.263210	5.782652	5.982054	5.184447	6.380857	6.081755	4.187438	7.278166
8598	12.687313	5.794206	5.894106	4.995005	6.793207	5.594406	3.896104	6.493506
8599	11.166008	5.632411	5.237154	6.126482	5.928854	5.237154	4.347826	5.533597
8600	11.557297	5.778648	5.386876	5.484819	5.876592	5.876592	3.819785	6.366308
8601	13.484252	5.019685	5.413386	5.905512	5.511811	6.003937	3.641732	6.496063
8602	11.817279	4.667329	5.858987	5.759682	6.752731	6.951341	4.468719	6.256207
8603	13.226453	5.410822	5.410822	6.312625	5.110220	5.711423	3.907816	6.813627
8604	11.724806	5.523256	6.007752	4.554264	6.492248	5.038760	3.488372	6.298450
8605	11.678116	6.084396	7.163886	5.299313	5.888126	5.888126	4.808636	6.869480
8606	12.450593	5.237154	5.928854	4.446640	6.620553	5.533597	3.952569	6.620553
8607	10.854947	6.340058	5.571566	5.187320	6.051873	6.243996	3.554275	6.147935
8608	13.600783	5.870841	5.675147	5.088063	5.870841	6.457926	4.403131	7.045010
8609	13.510848	5.424063	5.917160	5.128205	6.213018	5.917160	4.142012	6.508876
8610	14.023211	5.899420	6.286267	5.415861	6.092843	6.092843	4.448743	6.479691
8611	12.524851	5.666004	5.566600	4.870775	6.163022	6.361829	4.970179	6.063618
8612	12.599206	6.051587	5.357143	4.960317	5.853175	5.456349	4.166667	5.654762
8613	13.333333	4.803922	5.882353	5.392157	5.882353	5.294118	5.294118	6.470588
8614	10.583581	6.132542	5.736894	5.736894	6.330366	5.044510	4.055391	6.627102
8615	12.289395	5.649158	6.045590	5.450942	7.036670	5.450942	3.766105	6.541130
8616	12.175649	5.089820	5.588822	5.888224	7.085828	5.888224	4.091816	6.287425
8617	11.400966	5.507246	5.893720	5.120773	6.376812	6.086957	4.347826	6.956522
8618	12.747036	6.027668	6.027668	4.940711	5.830040	5.830040	4.644269	7.411067
8619	13.698630	6.457926	6.066536	4.696673	5.283757	5.870841	3.913894	6.164384
8620	12.548638	6.517510	6.128405	5.155642	6.517510	5.739300	3.793774	6.906615
8621	11.944719	5.626851	6.317868	5.725568	6.416584	5.528134	4.540967	7.502468
8622	12.900097	6.013579	5.625606	5.722599	6.595538	5.916586	4.364694	6.207565
8623	11.588412	5.594406	5.794206	4.795205	6.893107	6.293706	3.896104	5.994006
8624	13.035019	6.128405	5.933852	4.766537	6.031128	6.225681	3.988327	6.809339
8625	11.944719	5.626851	6.120434	5.231984	6.317868	4.837117	4.343534	6.219151
8626	12.226640	4.970179	4.970179	5.467197	6.063618	5.666004	3.876740	6.660040
8627	10.848126	5.325444	6.015779	5.029586	7.001972	5.522682	4.437870	7.692308
8628	12.818004	6.164384	6.751468	4.892368	6.947162	5.283757	4.207436	5.577299
8629	12.337011	5.015045	5.416249	6.118355	5.817452	6.118355	4.714142	6.118355
8630	13.168317	5.742574	6.633663	5.544554	6.930693	6.930693	4.158416	7.425743
8631	12.660732	6.033630	5.934718	6.231454	6.429278	6.330366	4.055391	5.242334
8632	12.226640	5.666004	5.864811	5.566600	7.355865	5.864811	5.168986	6.461233
8633	12.896825	6.349206	5.158730	5.952381	5.158730	6.944444	3.968254	6.646825
8634	12.168793	5.397448	6.280667	6.084396	5.691855	5.888126	4.906771	6.182532
8635	12.361809	5.527638	6.130653	4.623116	7.437186	5.628141	4.924623	6.733668
8636	11.386139	6.633663	5.049505	4.455446	6.435644	5.643564	4.257426	6.831683
8637	13.155292	5.736894	6.528190	5.835806	6.528190	6.330366	4.253215	5.835806
8638	13.119534	5.442177	5.344995	5.733722	6.122449	5.344995	5.053450	6.608358
8639	12.159533	5.642023	6.420233	6.031128	5.933852	5.836576	4.669261	6.225681
8640	12.572534	5.996132	6.189555	5.415861	6.286267	5.029014	3.675048	5.609284
8641	12.367150	4.541063	5.603865	5.217391	7.246377	5.603865	4.057971	7.149758
8642	12.304688	6.738281	6.054688	6.054688	6.640625	5.664062	4.394531	5.957031
8643	12.725451	5.210421	6.513026	4.709419	6.112224	6.813627	4.008016	6.012024
8644	12.709360	6.305419	5.911330	4.039409	6.206897	6.108374	4.729064	7.192118
8645	13.000978	5.669599	6.549365	5.669599	5.376344	5.962854	4.789834	6.353861
8646	12.072435	5.331992	5.835010	4.527163	5.734406	5.734406	4.527163	8.249497
8647	13.560976	6.341463	6.146341	4.878049	6.146341	5.365854	4.292683	7.609756
8648	12.512413	6.355511	6.057597	5.759682	5.561072	6.256207	4.170804	6.852036
8649	12.487709	5.604720	6.489676	5.113078	6.588004	6.096362	4.818092	7.374631
8650	12.127237	5.168986	6.262425	5.268390	5.566600	6.063618	4.671968	7.157058
8651	12.512219	5.474096	5.278592	5.669599	6.060606	6.060606	5.180841	6.451613
8652	12.390244	5.463415	6.341463	5.658537	5.365854	5.170732	4.292683	6.829268
8653	13.663366	6.039604	5.445545	5.841584	6.237624	5.841584	4.356436	5.841584
8654	10.661402	6.416584	7.107601	5.528134	6.416584	6.021718	3.455084	6.910168
8655	13.758724	5.284148	5.383848	4.685942	6.380857	5.284148	4.785643	5.882353
8656	11.451135	5.330701	5.725568	4.639684	7.008885	5.528134	4.244817	6.712734
8657	14.185814	6.393606	5.794206	5.994006	7.492507	6.093906	3.896104	6.293706
8658	12.747036	5.632411	5.731225	5.335968	6.225296	6.027668	4.051383	6.916996
8659	12.820513	5.719921	5.917160	5.818540	7.199211	5.424063	3.747535	6.213018
8660	12.707722	6.158358	5.767351	5.180841	7.429130	6.158358	3.812317	6.647116
8661	12.154150	5.237154	6.126482	5.533597	6.719368	6.719368	4.545455	6.126482
8662	12.964824	6.432161	5.929648	5.929648	5.628141	6.231156	4.020101	6.030151
8663	12.250996	6.075697	6.374502	6.075697	6.274900	4.880478	3.984064	7.370518
8664	11.411992	5.319149	5.899420	5.222437	5.415861	5.802708	4.545455	6.286267
8665	10.898083	5.247225	6.256307	5.247225	6.962664	6.155399	4.339051	6.760848
8666	11.701082	6.096362	6.489676	4.424779	6.391347	5.801377	3.834808	6.489676
8667	12.023460	5.180841	5.669599	6.158358	6.256109	6.060606	4.398827	5.865103
8668	13.235294	5.882353	5.882353	5.490196	6.666667	5.686275	3.921569	6.274510
8669	12.596899	5.135659	5.620155	4.748062	6.201550	5.329457	4.554264	5.523256
8670	11.317073	5.560976	5.658537	5.560976	7.512195	5.268293	4.975610	6.146341
8671	12.365064	5.888126	5.888126	6.182532	7.163886	5.201178	4.317959	6.476938
8672	13.847676	5.736894	6.231454	5.736894	6.330366	5.440158	4.352127	6.033630
8673	13.550940	5.341246	5.934718	5.143422	7.912957	5.539070	4.945598	6.330366
8674	11.788212	5.294705	4.695305	4.695305	6.593407	6.293706	4.395604	6.893107
8675	11.470588	5.294118	5.980392	6.176471	6.568627	6.176471	3.725490	6.666667
8676	12.896825	6.150794	6.746032	4.960317	7.638889	5.853175	4.960317	6.646825
8677	12.663317	5.728643	5.929648	5.025126	4.723618	5.125628	4.723618	6.331658
8678	13.039216	5.392157	6.078431	5.000000	6.666667	5.882353	3.823529	7.156863
8679	13.090551	5.708661	6.299213	5.610236	7.283465	6.003937	4.133858	6.496063
8680	12.438786	4.897160	5.974535	5.288932	6.464251	5.680705	4.701273	6.562194
8681	11.746988	5.421687	5.823293	5.220884	6.927711	5.622490	3.413655	5.823293
8682	12.055336	5.434783	6.126482	5.830040	6.225296	6.225296	3.952569	5.533597
8683	13.731343	5.671642	6.368159	5.273632	7.064677	6.169154	4.676617	7.462687
8684	11.564626	6.122449	6.511176	6.122449	6.025267	6.025267	4.761905	6.608358
8685	11.764706	5.392157	5.980392	5.588235	7.156863	5.294118	5.098039	6.764706
8686	13.194444	5.853175	6.150794	5.158730	5.555556	6.150794	4.365079	5.853175
8687	12.687313	5.794206	5.394605	4.495504	6.693307	5.394605	3.996004	6.593407
8688	11.729622	5.765408	5.367793	4.970179	4.671968	5.864811	3.976143	6.759443
8689	11.764706	5.784314	5.784314	6.274510	5.196078	5.686275	4.313725	5.980392
8690	12.971926	6.195547	5.614714	5.517909	6.679574	5.421104	4.162633	7.454017
8691	13.235294	5.686275	5.686275	5.098039	5.980392	5.196078	4.803922	6.078431
8692	11.972522	5.593719	5.593719	5.299313	5.986261	6.378803	4.710500	6.182532
8693	14.145383	5.795678	5.697446	5.009823	7.072692	6.090373	4.911591	6.581532
8694	12.807882	6.206897	5.911330	5.123153	6.403941	5.714286	4.334975	6.108374
8695	12.647059	5.980392	5.980392	5.490196	7.647059	5.882353	4.705882	6.666667
8696	13.742690	5.847953	6.042885	5.360624	6.530214	5.360624	4.288499	6.237817
8697	13.583815	6.069364	6.262042	4.624277	6.454721	5.876686	4.720617	6.647399
8698	12.778316	6.001936	6.098742	4.840271	5.517909	5.517909	4.453049	6.485963
8699	12.718447	5.728155	5.922330	5.048544	4.271845	6.601942	4.368932	6.504854
8700	12.475442	6.777996	6.286837	4.911591	5.795678	5.599214	4.518664	6.974460
8701	11.657033	5.780347	6.358382	5.394990	6.069364	5.491329	4.238921	7.418112
8702	12.624254	5.367793	5.666004	5.069583	6.958250	6.759443	5.069583	5.765408
8703	13.157895	5.458090	6.140351	5.263158	6.627680	5.458090	4.483431	6.822612
8704	11.827957	6.060606	6.158358	4.594330	6.549365	5.962854	4.007820	6.549365
8705	13.877953	5.314961	5.118110	5.118110	5.708661	5.610236	5.019685	6.889764
8706	11.770428	5.544747	5.739300	5.642023	5.350195	5.642023	3.891051	6.906615
8707	12.450593	5.533597	5.731225	5.533597	6.225296	5.731225	4.347826	6.620553
8708	12.000000	5.800000	5.400000	5.600000	6.000000	5.700000	4.000000	6.000000
8709	13.484252	5.216535	5.708661	5.610236	5.708661	5.314961	4.724409	5.807087
8710	13.484252	5.511811	5.511811	5.708661	7.874016	6.102362	4.133858	6.791339
8711	12.574850	4.491018	6.586826	5.588822	5.089820	5.489022	3.792415	7.185629
8712	12.375250	5.988024	5.788423	5.588822	6.886228	6.487026	4.590818	6.487026
8713	12.721893	6.114398	6.114398	5.424063	5.325444	5.621302	4.240631	6.311637
8714	10.903733	5.893910	6.581532	5.697446	5.992141	6.777996	4.125737	6.188605
8715	14.355469	6.542969	5.566406	5.078125	5.957031	5.566406	4.492188	5.957031
8716	11.960784	5.588235	5.392157	5.882353	6.862745	6.078431	4.215686	6.372549
8717	13.274336	6.882989	5.703048	5.014749	6.194690	5.703048	4.719764	5.014749
8718	12.106299	5.413386	5.610236	5.610236	7.185039	5.807087	4.133858	6.496063
8719	11.352419	5.330701	5.725568	5.034551	6.811451	5.626851	4.639684	6.416584
8720	13.241107	5.434783	6.422925	5.434783	4.940711	5.731225	3.557312	5.928854
8721	12.670565	5.847953	6.042885	5.263158	5.360624	5.847953	4.678363	6.237817
8722	13.431373	6.568627	6.470588	4.411765	5.882353	5.686275	4.901961	6.666667
8723	12.585366	6.536585	5.853659	5.268293	6.048780	6.243902	4.682927	7.512195
8724	11.527094	5.615764	6.009852	6.009852	6.403941	5.911330	3.743842	6.403941
8725	12.067260	6.033630	5.934718	5.440158	5.736894	5.934718	5.143422	7.319486
8726	12.192724	6.096362	5.309735	6.588004	6.293019	5.703048	3.933137	5.408063
8727	11.681772	5.236657	6.344411	4.531722	5.538771	5.840886	3.423968	6.344411
8728	11.489776	5.939630	6.037001	6.134372	5.939630	6.037001	5.063291	6.523856
8729	12.185297	4.733132	5.639476	4.934542	6.445116	6.344411	3.323263	6.042296
8730	11.717974	5.660377	6.057597	5.461768	6.057597	6.057597	3.773585	7.447865
8731	11.531008	5.620155	6.395349	4.844961	5.620155	5.329457	3.972868	7.073643
8732	12.031558	5.719921	5.719921	5.424063	5.325444	4.832347	4.536489	6.213018
8733	12.548638	6.225681	6.712062	5.252918	6.322957	5.252918	4.474708	7.101167
8734	12.635735	6.021718	5.626851	6.317868	7.107601	6.712734	4.738401	7.008885
8735	13.495146	5.533981	6.601942	5.339806	5.922330	5.631068	3.883495	6.893204
8736	12.254902	5.392157	7.156863	4.019608	5.588235	5.784314	5.196078	7.352941
8737	13.526570	5.700483	6.280193	4.830918	5.797101	6.280193	4.154589	7.149758
8738	12.560857	4.965920	6.037001	5.939630	7.010711	5.452775	4.089581	7.010711
8739	12.574850	5.788423	5.588822	4.990020	5.289421	5.988024	4.491018	6.287425
8740	12.609971	5.865103	6.353861	4.692082	6.549365	6.549365	5.180841	5.767351
8741	12.342080	5.636540	5.053450	5.442177	6.219631	5.636540	4.664723	6.997085
8742	11.538462	5.029586	6.213018	5.818540	6.508876	5.917160	3.648915	6.015779
8743	13.339825	5.744888	5.744888	5.160662	6.329114	6.231743	4.771178	7.302824
8744	13.052209	5.321285	6.325301	6.124498	5.522088	5.120482	3.815261	6.526104
8745	13.094083	5.819593	6.110572	4.946654	5.625606	6.013579	4.946654	6.692532
8746	12.749004	5.179283	5.677291	5.776892	4.880478	5.677291	4.083665	5.478088
8747	12.055336	6.027668	5.039526	4.644269	6.521739	5.928854	4.743083	7.312253
8748	11.700000	5.500000	6.200000	4.900000	6.700000	6.300000	4.400000	6.300000
8749	11.787819	5.206287	5.697446	4.715128	7.367387	5.206287	4.715128	6.483301
8750	12.851406	5.522088	7.228916	5.120482	6.224900	5.823293	4.819277	6.024096
8751	12.412412	5.905906	6.506507	6.206206	6.706707	5.205205	4.004004	5.905906
8752	12.537019	5.133268	5.626851	5.330701	4.639684	6.219151	3.751234	6.317868
8753	11.916584	6.256207	6.653426	4.965243	7.447865	5.858987	3.972195	6.256207
8754	13.056380	5.440158	5.835806	5.044510	5.835806	5.539070	4.253215	6.726014
8755	10.958904	5.577299	6.164384	4.500978	5.185910	5.968689	4.500978	6.066536
8756	14.185814	6.393606	5.894106	5.494505	6.493506	6.093906	4.895105	6.293706
8757	12.294288	4.840271	5.614714	5.324298	6.001936	5.130687	3.872217	6.195547
8758	13.465347	6.138614	5.445545	4.653465	5.445545	6.831683	4.059406	6.534653
8759	12.400794	6.250000	5.952381	4.761905	6.349206	5.952381	4.761905	6.051587
8760	12.316716	6.158358	5.767351	4.887586	7.331378	5.962854	4.105572	6.060606
8761	12.087912	5.494505	6.593407	5.194805	6.893107	6.393606	4.295704	5.394605
8762	12.402344	5.957031	6.445312	4.980469	5.859375	5.566406	4.492188	5.859375
8763	12.709360	5.714286	6.600985	5.221675	5.714286	6.305419	4.236453	7.290640
8764	13.163065	5.795678	6.679764	5.599214	5.500982	5.893910	4.813360	6.286837
8765	13.700000	5.900000	5.600000	4.800000	6.300000	6.000000	4.000000	6.500000
8766	10.663984	5.633803	5.331992	4.828974	6.338028	5.835010	3.822938	6.841046
8767	13.725490	5.882353	6.372549	5.490196	6.764706	5.392157	3.921569	6.764706
8768	12.085770	5.945419	5.847953	6.237817	7.699805	6.725146	4.288499	6.335283
8769	11.251212	6.207565	5.819593	5.237633	7.371484	5.625606	3.976722	6.983511
8770	12.127237	5.367793	5.566600	4.970179	6.560636	4.870775	4.572565	6.063618
8771	12.400000	6.200000	6.700000	4.600000	6.400000	5.600000	4.100000	7.300000
8772	12.682927	4.975610	5.658537	5.463415	5.951220	6.439024	4.487805	6.536585
8773	12.327416	4.733728	6.311637	6.804734	6.015779	5.818540	3.648915	7.001972
8774	11.614173	5.216535	5.807087	5.905512	7.185039	6.988189	4.232283	6.791339
8775	14.029851	6.169154	6.467662	5.074627	7.164179	5.671642	3.880597	5.970149
8776	12.962963	5.750487	6.140351	5.847953	7.017544	5.263158	5.263158	5.847953
8777	12.966601	5.206287	6.483301	5.402750	6.974460	6.483301	4.420432	6.876228
8778	11.211211	5.405405	4.704705	4.904905	6.106106	6.106106	4.104104	6.706707
8779	11.315280	5.899420	6.189555	5.609284	7.253385	5.415861	4.545455	6.382979
8780	12.600000	5.100000	6.900000	5.200000	5.500000	6.200000	4.600000	5.200000
8781	12.537613	5.315948	6.419258	5.516550	6.619860	6.018054	4.012036	6.419258
8782	12.623274	5.818540	5.917160	5.128205	6.410256	6.114398	4.437870	6.213018
8783	13.073852	6.287425	5.489022	4.990020	6.087824	5.788423	4.790419	6.087824
8784	11.317073	5.853659	5.756098	5.560976	6.634146	5.658537	4.390244	7.219512
8785	11.287129	5.742574	5.544554	6.039604	4.554455	5.148515	4.158416	5.346535
8786	11.377246	5.588822	6.087824	5.888224	6.387226	5.688623	3.892216	5.588822
8787	11.383710	4.808636	5.397448	5.593719	6.280667	5.986261	4.121688	6.771344
8788	12.871287	6.435644	5.247525	4.653465	6.732673	6.633663	5.247525	6.633663
8789	12.268744	5.258033	5.939630	4.965920	6.426485	5.452775	4.381694	6.231743
8790	10.090817	5.348133	5.348133	5.449041	6.458123	5.852674	5.348133	5.953582
8791	13.004926	6.108374	6.009852	5.418719	6.502463	5.615764	4.630542	6.502463
8792	12.298387	5.241935	5.846774	5.342742	6.653226	6.854839	3.830645	6.653226
8793	12.214499	6.554121	5.858987	4.766634	6.057597	5.263158	3.674280	7.447865
8794	12.100678	5.905131	6.582769	4.743466	6.969990	5.614714	4.162633	7.163601
8795	12.228797	6.114398	6.114398	5.226824	6.410256	5.522682	5.029586	7.001972
8796	11.706349	5.555556	6.845238	4.662698	6.646825	4.365079	4.563492	7.142857
8797	12.291052	5.703048	5.506391	5.899705	6.194690	5.014749	3.933137	6.096362
8798	11.011905	5.853175	5.555556	5.456349	6.547619	5.853175	3.968254	6.250000
8799	12.787213	6.093906	5.494505	5.394605	6.393606	5.394605	4.595405	7.192807
8800	12.389381	6.194690	6.391347	5.506391	6.784661	4.916421	4.818092	6.588004
8801	14.015905	5.069583	5.964215	5.467197	6.560636	5.566600	4.771372	5.367793
8802	11.500975	4.873294	5.360624	5.555556	6.530214	4.970760	4.191033	6.627680
8803	13.698630	6.066536	5.772994	5.675147	6.751468	6.164384	4.794521	6.947162
8804	13.685239	5.669599	4.985337	5.083089	5.767351	5.669599	3.812317	6.549365
8805	13.438735	5.830040	6.422925	5.335968	6.324111	5.335968	4.347826	6.027668
8806	11.285574	5.986261	6.182532	5.495584	6.575074	5.593719	3.925417	6.182532
8807	11.368015	5.587669	6.069364	5.780347	6.743738	6.069364	3.853565	6.358382
8808	13.476562	5.664062	5.859375	5.468750	5.859375	5.859375	4.296875	6.542969
8809	12.023460	6.353861	5.962854	4.496579	6.549365	4.985337	4.594330	7.038123
8810	11.839530	6.457926	5.772994	4.990215	6.262231	6.653620	4.305284	6.164384
8811	12.180747	5.795678	6.286837	4.518664	6.777996	5.795678	4.322200	6.090373
8812	11.176471	5.490196	5.784314	5.784314	6.078431	5.882353	4.019608	6.666667
8813	13.667650	5.506391	5.604720	5.506391	4.916421	5.998033	4.523107	6.784661
8814	12.338308	5.870647	5.970149	5.771144	4.875622	6.268657	4.577114	6.268657
8815	13.424125	5.447471	6.225681	5.544747	5.739300	5.642023	4.766537	6.809339
8816	12.647059	6.274510	5.294118	5.294118	6.568627	5.294118	5.098039	6.862745
8817	12.400794	6.448413	6.150794	4.662698	5.357143	5.555556	5.257937	6.547619
8818	12.906404	5.812808	6.009852	4.827586	7.192118	6.206897	4.433498	6.502463
8819	12.868369	5.206287	4.715128	5.304519	6.483301	5.500982	4.125737	6.385069
8820	13.022352	5.928086	5.830904	5.344995	5.830904	6.025267	4.275996	7.288630
8821	12.327416	5.226824	6.311637	4.930966	5.719921	5.029586	4.043393	6.508876
8822	12.512124	5.334627	5.334627	5.819593	6.692532	5.916586	4.073715	6.110572
8823	11.262136	5.631068	6.407767	5.048544	6.019417	5.631068	4.368932	6.116505
8824	13.313609	6.015779	5.029586	5.128205	6.804734	5.818540	4.733728	6.213018
8825	14.144411	6.132542	6.429278	5.736894	6.132542	5.835806	4.747774	6.132542
8826	12.524272	5.339806	5.922330	5.825243	6.213592	6.407767	4.757282	6.990291
8827	12.204724	6.200787	6.397638	4.625984	6.496063	5.413386	5.413386	6.594488
8828	13.056380	6.033630	6.627102	4.549951	7.121662	6.132542	5.242334	6.726014
8829	12.439730	5.689489	6.268081	4.918033	6.557377	5.785921	3.182257	6.557377
8830	12.027833	5.069583	5.566600	6.063618	5.467197	4.771372	3.479125	7.554672
8831	11.523438	5.664062	6.054688	5.468750	5.273438	5.957031	4.199219	5.957031
8832	10.891089	5.742574	5.544554	4.554455	7.029703	6.435644	4.851485	6.237624
8833	11.218569	5.705996	6.092843	5.319149	6.092843	5.609284	4.835590	5.899420
8834	12.124151	5.722599	5.819593	4.849661	7.371484	6.401552	4.267701	6.886518
8835	13.129319	5.528134	5.626851	5.330701	7.107601	6.120434	4.935834	5.034551
8836	12.463768	4.830918	6.763285	4.830918	5.990338	5.024155	4.057971	7.439614
8837	12.862669	5.415861	6.092843	5.415861	5.705996	6.189555	4.255319	6.382979
8838	10.784314	5.294118	5.882353	5.392157	7.352941	6.078431	3.725490	6.666667
8839	10.721248	6.335283	5.945419	4.775828	7.894737	5.458090	4.191033	7.797271
8840	12.868369	5.108055	5.893910	6.188605	5.697446	5.992141	4.322200	6.876228
8841	10.179641	5.189621	5.788423	5.888224	6.686627	6.786427	4.491018	6.087824
8842	13.005780	6.069364	6.069364	5.780347	6.840077	6.069364	4.046243	7.129094
8843	11.907067	5.324298	6.098742	5.227493	6.582769	5.808325	5.130687	7.163601
8844	11.684518	5.258033	6.523856	4.771178	5.842259	6.231743	4.673807	6.913340
8845	11.758989	5.830904	6.316812	5.733722	6.316812	6.025267	4.275996	6.122449
8846	12.830558	5.974535	5.974535	5.484819	6.268364	5.582762	3.917728	6.660137
8847	13.013013	6.006006	5.605606	5.305305	6.406406	5.605606	4.704705	7.507508
8848	12.109375	5.957031	5.859375	4.687500	5.859375	5.957031	4.589844	7.519531
8849	11.764706	5.000000	6.764706	5.000000	5.784314	6.078431	3.627451	6.470588
8850	12.008073	5.953582	4.843592	6.357215	6.659939	5.852674	4.238143	6.962664
8851	13.191077	5.819593	6.401552	5.528613	6.595538	5.528613	3.976722	7.565470
8852	13.864307	5.211406	6.194690	5.703048	6.686332	5.604720	4.719764	6.293019
8853	10.634146	5.756098	5.268293	4.585366	6.536585	6.829268	3.707317	6.048780
8854	12.827988	5.344995	5.247813	6.899903	6.511176	5.928086	5.830904	6.316812
8855	11.467444	5.928086	6.899903	4.956268	5.830904	6.608358	3.498542	7.385811
8856	12.818004	5.772994	5.675147	5.088063	6.555773	5.675147	3.620352	6.066536
8857	12.142152	6.021718	6.317868	5.133268	6.317868	6.120434	4.343534	6.712734
8858	13.077679	6.293019	6.391347	4.916421	5.703048	5.113078	3.736480	6.391347
8859	12.871287	5.643564	5.148515	4.950495	6.633663	6.237624	4.257426	6.336634
8860	13.463415	5.951220	5.951220	6.243902	6.146341	6.146341	3.804878	6.048780
8861	10.489510	5.494505	5.594406	4.195804	5.994006	6.293706	3.996004	7.392607
8862	11.177052	5.242334	5.637982	5.242334	6.330366	5.242334	4.747774	6.726014
8863	11.806256	6.054490	5.146317	4.540868	5.953582	5.751766	4.742684	6.861756
8864	13.248283	5.789990	6.575074	4.612365	6.967615	5.789990	4.710500	6.575074
8865	12.190287	5.054509	5.649158	5.450942	6.144698	6.045590	4.162537	5.946482
8866	13.339921	5.731225	6.027668	6.719368	6.818182	5.533597	4.545455	5.335968
8867	12.757605	6.280667	5.789990	4.808636	5.986261	6.084396	3.925417	6.771344
8868	12.062257	5.544747	5.933852	5.447471	6.420233	6.128405	3.988327	6.322957
8869	13.121272	6.063618	6.660040	5.765408	6.660040	6.361829	4.671968	7.057654
8870	12.810328	5.163853	5.759682	4.667329	5.958292	6.554121	4.568024	6.057597
8871	10.728346	5.314961	6.003937	5.019685	6.200787	6.003937	4.724409	6.397638
8872	10.693642	5.394990	5.491329	4.720617	5.780347	4.913295	4.335260	8.574181
8873	11.650485	6.019417	5.825243	5.728155	6.407767	5.728155	4.077670	6.407767
8874	12.139303	5.771144	5.870647	5.373134	5.572139	5.771144	3.482587	6.467662
8875	14.285714	5.615764	5.221675	5.024631	6.699507	6.403941	4.827586	6.600985
8876	12.085770	5.360624	6.432749	4.970760	5.945419	5.945419	3.606238	7.212476
8877	11.782178	6.435644	6.435644	5.742574	6.930693	5.742574	4.455446	6.633663
8878	13.582677	5.413386	5.905512	5.118110	5.511811	5.905512	4.133858	6.102362
8879	12.400000	5.300000	6.300000	5.600000	5.800000	6.500000	3.700000	6.300000
8880	12.097561	6.634146	6.146341	5.560976	7.707317	5.756098	4.195122	6.829268
8881	12.970297	5.346535	6.435644	5.049505	6.732673	6.138614	4.752475	6.039604
8882	10.925197	5.511811	6.299213	5.905512	6.299213	6.200787	4.724409	6.791339
8883	11.689587	5.599214	6.188605	5.304519	6.876228	5.206287	4.322200	7.563851
8884	12.707722	5.962854	6.256109	6.451613	5.571848	5.865103	4.301075	7.135875
8885	13.022352	5.830904	5.247813	4.567541	7.968902	5.830904	4.373178	6.316812
8886	13.806706	5.621302	5.818540	4.339250	6.607495	6.410256	4.043393	8.579882
8887	12.094395	6.391347	6.096362	5.113078	6.096362	5.703048	4.424779	6.882989
8888	11.735700	5.325444	5.522682	6.410256	6.804734	6.213018	4.043393	6.903353
8889	13.391984	5.669599	6.451613	5.278592	6.158358	6.158358	4.007820	6.451613
8890	11.776062	6.274131	5.791506	4.922780	6.467181	5.212355	3.474903	6.756757
8891	12.500000	5.135659	5.813953	5.135659	6.298450	5.910853	4.651163	6.492248
8892	11.067194	5.039526	6.027668	5.533597	5.731225	6.422925	3.853755	5.533597
8893	11.348206	5.722599	5.625606	6.013579	6.304559	5.625606	4.267701	6.886518
8894	11.935807	5.817452	5.817452	5.416249	6.619860	5.817452	4.513541	6.820461
8895	11.322645	6.112224	4.809619	5.711423	6.112224	5.310621	4.909820	6.012024
8896	12.977867	6.136821	6.338028	5.030181	6.841046	5.734406	3.923541	6.036217
8897	13.268293	5.463415	5.951220	5.463415	7.609756	5.951220	4.487805	6.341463
8898	12.127237	6.560636	6.361829	5.268390	7.554672	5.268390	3.578529	5.964215
8899	13.494461	5.236657	5.840886	4.128902	5.740181	5.840886	4.632427	5.135952
8900	11.199207	5.748266	6.144698	5.054509	7.631318	5.847374	4.459861	6.739346
8901	12.162162	5.501931	6.370656	5.598456	6.274131	5.598456	4.440154	6.660232
8902	14.045500	5.736894	5.934718	5.341246	6.627102	6.429278	4.253215	7.022750
8903	13.129319	5.923001	5.923001	3.849951	6.120434	5.330701	5.528134	7.699901
8904	12.685828	5.946482	6.342914	4.658077	6.640238	6.442022	4.360753	6.937562
8905	12.265084	5.341246	6.132542	4.846686	7.418398	6.132542	4.747774	6.726014
8906	13.313313	5.905906	5.605606	5.905906	5.605606	5.605606	4.404404	6.106106
8907	12.144956	5.680705	5.680705	5.484819	6.464251	5.190989	3.819785	5.876592
8908	12.537313	5.572139	6.069652	5.373134	6.268657	5.572139	4.179104	5.970149
8909	13.524186	5.923001	7.305035	4.244817	6.614018	5.528134	4.343534	6.416584
8910	12.684366	5.899705	5.801377	5.408063	6.489676	5.211406	4.031465	6.784661
8911	11.417323	5.118110	5.708661	5.216535	6.791339	6.102362	4.724409	5.708661
8912	11.918605	6.395349	5.717054	5.426357	4.651163	5.523256	3.294574	6.879845
8913	13.758724	5.782652	5.982054	5.682951	4.685942	6.380857	5.084746	6.181456
8914	13.438735	5.434783	5.632411	5.237154	5.830040	5.731225	3.853755	5.731225
8915	13.623188	4.830918	5.217391	5.217391	7.342995	5.410628	5.120773	5.990338
8916	11.724138	5.714286	5.812808	4.433498	5.615764	5.517241	5.221675	6.502463
8917	12.450593	5.928854	5.434783	5.533597	5.533597	5.731225	4.841897	6.521739
8918	11.637081	5.522682	6.311637	5.029586	5.917160	5.719921	4.339250	6.311637
8919	12.401575	5.807087	5.511811	5.610236	6.397638	6.496063	4.527559	6.594488
8920	12.897016	5.197305	5.389798	5.774783	5.486044	5.582291	4.331088	5.486044
8921	10.901883	5.252725	6.342914	5.946482	6.045590	6.045590	4.261645	5.550050
8922	12.757605	6.084396	6.378803	5.201178	5.888126	5.986261	4.121688	6.869480
8923	12.252964	5.533597	5.632411	5.138340	5.830040	5.335968	4.347826	7.707510
8924	12.023460	4.887586	5.669599	5.571848	6.451613	6.060606	4.203324	7.233627
8925	11.451135	5.330701	6.021718	5.528134	5.824284	5.528134	3.751234	6.515301
8926	12.774451	5.389222	5.489022	5.489022	4.990020	6.786427	5.189621	6.686627
8927	12.024048	6.112224	6.012024	5.210421	6.112224	5.911824	4.709419	6.112224
8928	12.990937	6.243706	6.143001	4.632427	6.243706	6.143001	4.632427	6.042296
8929	11.068335	6.544755	6.256015	4.619827	5.871030	5.582291	3.946102	6.063523
8930	12.586037	5.801377	5.899705	5.703048	5.506391	5.801377	4.523107	6.588004
8931	10.786290	5.443548	5.443548	5.745968	6.451613	6.250000	4.334677	6.048387
8932	12.270531	5.603865	5.990338	5.120773	5.700483	6.280193	4.541063	6.280193
8933	13.134328	5.373134	5.273632	5.970149	5.572139	5.870647	4.875622	5.870647
8934	12.881023	6.096362	5.113078	5.309735	5.899705	5.014749	3.638151	6.686332
8935	11.753183	5.582762	6.758080	4.603330	5.876592	5.582762	4.211557	7.247796
8936	11.932939	5.128205	6.015779	5.226824	6.410256	6.114398	4.339250	6.706114
8937	10.218254	5.555556	5.357143	4.365079	4.563492	6.051587	3.869048	6.646825
8938	11.320755	6.554121	6.057597	5.660377	6.752731	4.965243	4.568024	5.561072
8939	13.142292	5.830040	5.434783	5.731225	6.422925	6.126482	4.644269	6.126482
8940	12.023460	5.865103	6.451613	6.647116	5.962854	5.767351	4.692082	6.451613
8941	12.438786	5.974535	6.562194	4.701273	7.149853	5.778648	5.190989	6.072478
8942	12.562313	5.782652	6.281157	5.682951	5.383848	5.583250	4.287139	7.078764
8943	12.450980	5.588235	5.588235	5.882353	6.274510	5.000000	4.215686	6.372549
8944	12.909633	5.263158	5.858987	4.568024	5.461768	6.057597	4.170804	5.759682
8945	12.190287	6.342914	6.342914	5.847374	6.342914	5.748266	3.171457	6.442022
8946	13.340020	5.817452	5.817452	5.416249	6.419258	5.416249	3.711133	6.419258
8947	12.500000	5.620155	6.007752	5.135659	5.717054	5.426357	4.457364	6.976744
8948	12.389381	6.194690	5.506391	5.309735	6.784661	5.801377	4.129794	5.703048
8949	12.634672	5.484819	6.366308	5.288932	6.072478	5.778648	4.505387	7.639569
8950	11.988304	4.873294	5.945419	5.068226	5.847953	6.237817	4.580897	6.822612
8951	12.662014	5.383848	6.181456	5.383848	7.278166	5.383848	5.184447	6.979063
8952	12.424850	5.410822	5.911824	5.010020	6.412826	5.210421	4.108216	6.813627
8953	12.252964	4.841897	6.027668	4.545455	7.411067	6.916996	4.150198	6.719368
8954	13.658537	5.268293	6.048780	5.268293	6.243902	5.365854	4.195122	6.634146
8955	11.833172	6.304559	5.916586	5.334627	5.625606	5.528613	3.879728	6.401552
8956	12.884044	6.144698	5.748266	5.252725	7.532210	5.946482	4.162537	6.739346
8957	12.663317	5.728643	5.929648	4.824121	6.231156	5.527638	4.120603	7.336683
8958	11.934552	6.544755	5.871030	5.678537	6.544755	4.427334	4.812320	6.063523
8959	11.941748	5.242718	6.407767	4.951456	6.504854	5.436893	4.563107	6.990291
8960	12.287712	5.394605	6.293706	5.594406	5.694306	5.894106	4.795205	6.893107
8961	12.843137	6.372549	6.568627	5.588235	6.960784	6.274510	4.411765	6.372549
8962	12.598425	5.610236	6.200787	4.822835	5.807087	5.314961	4.527559	6.594488
8963	12.922465	5.765408	5.268390	6.163022	4.771372	5.765408	3.976143	6.560636
8964	12.684366	5.211406	4.818092	5.703048	6.096362	5.014749	4.228122	6.686332
8965	12.074002	5.160662	5.647517	5.258033	6.621227	6.134372	4.868549	6.037001
8966	14.481409	5.381605	5.968689	5.968689	5.968689	5.479452	4.011742	7.142857
8967	11.689587	5.304519	5.697446	5.599214	5.795678	5.992141	5.304519	6.679764
8968	13.715953	5.350195	6.225681	5.447471	7.295720	6.225681	3.988327	7.295720
8969	13.281250	5.371094	5.957031	5.175781	7.031250	5.371094	3.906250	5.566406
8970	11.231527	5.615764	6.108374	4.532020	7.192118	6.206897	4.532020	7.192118
8971	11.165524	5.778648	5.680705	5.484819	6.758080	6.268364	4.211557	6.366308
8972	11.454183	5.478088	6.374502	4.681275	5.876494	5.976096	4.183267	6.175299
8973	12.097561	5.756098	5.170732	6.439024	6.634146	5.756098	4.195122	5.951220
8974	13.500000	5.300000	6.200000	5.600000	5.500000	5.600000	4.100000	6.300000
8975	11.701082	5.998033	6.194690	4.719764	5.801377	5.506391	3.638151	6.981318
8976	11.511512	5.705706	6.706707	5.505506	6.406406	6.306306	4.304304	6.506507
8977	11.804878	5.658537	6.048780	5.170732	5.853659	7.024390	3.902439	6.439024
8978	11.932939	5.621302	5.226824	4.930966	5.128205	5.029586	3.353057	6.903353
8979	12.127237	5.467197	5.566600	5.367793	5.964215	6.163022	4.572565	7.256461
8980	13.919052	5.626851	6.021718	5.725568	5.923001	6.219151	4.837117	6.317868
8981	11.637081	5.719921	6.114398	4.832347	6.410256	5.818540	4.240631	6.311637
8982	12.732615	6.072478	5.582762	5.876592	5.876592	5.974535	3.819785	7.541626
8983	11.143984	5.128205	6.311637	5.226824	6.804734	5.522682	4.437870	6.311637
8984	13.056093	5.609284	5.125725	5.029014	6.963250	5.609284	4.158607	5.802708
8985	11.683168	4.950495	5.445545	6.039604	6.237624	5.940594	4.158416	6.831683
8986	12.278978	6.188605	5.795678	5.304519	5.795678	5.697446	4.223969	7.170923
8987	12.946860	5.410628	6.570048	4.637681	7.053140	5.603865	4.251208	6.280193
8988	11.361410	4.995103	6.072478	4.995103	6.758080	5.876592	4.505387	6.953967
8989	13.856589	6.201550	5.620155	5.232558	7.558140	6.201550	4.554264	7.073643
8990	12.561335	5.789990	5.004907	4.906771	6.084396	6.182532	4.317959	5.986261
8991	12.142152	5.231984	5.626851	5.231984	6.317868	5.528134	4.837117	5.824284
8992	12.549020	5.196078	5.098039	5.098039	7.058824	5.588235	5.294118	6.568627
8993	12.599206	5.059524	5.753968	5.456349	6.746032	8.035714	3.968254	7.242063
8994	11.199207	5.550050	5.847374	4.955401	5.847374	6.937562	4.955401	5.748266
8995	12.173913	5.410628	7.536232	5.990338	5.797101	5.603865	3.574879	5.990338
8996	12.475634	6.140351	5.458090	4.775828	5.847953	5.458090	3.801170	6.140351
8997	13.412229	6.114398	5.917160	4.930966	5.818540	5.917160	4.339250	6.706114
8998	10.689990	5.733722	6.025267	4.373178	5.247813	6.608358	3.887269	7.094266
8999	11.285574	6.182532	5.397448	5.397448	5.986261	5.397448	4.317959	6.575074
9000	12.266928	5.691855	6.476938	5.691855	6.378803	6.084396	3.434740	6.869480
9001	12.439261	6.025267	5.442177	4.956268	6.413994	4.956268	4.470360	7.191448
9002	13.235294	6.372549	5.882353	5.098039	6.176471	5.882353	3.529412	6.470588
9003	12.500000	6.051587	5.853175	5.059524	6.448413	6.646825	4.067460	6.547619
9004	11.307768	4.916421	5.703048	6.391347	5.801377	5.899705	3.736480	6.784661
9005	12.462612	5.583250	6.679960	6.181456	6.181456	7.178465	4.287139	6.181456
9006	11.262136	5.728155	5.922330	6.116505	6.310680	4.660194	4.077670	6.699029
9007	12.732615	5.582762	6.170421	4.603330	6.562194	5.876592	4.015671	6.758080
9008	11.862745	6.666667	5.392157	5.490196	5.196078	5.490196	4.411765	6.470588
9009	12.757605	5.789990	5.495584	6.084396	5.691855	5.593719	4.023553	7.163886
9010	12.244898	5.636540	5.636540	6.413994	6.122449	5.053450	4.567541	6.122449
9011	12.671906	5.795678	5.697446	5.304519	6.385069	5.304519	5.108055	5.599214
9012	11.949070	5.386876	6.758080	6.268364	7.541626	6.170421	4.701273	6.856024
9013	13.313609	6.508876	5.522682	5.226824	5.719921	5.719921	4.142012	6.015779
9014	12.027833	5.864811	5.964215	4.870775	6.560636	5.666004	3.777336	6.262425
9015	12.687313	4.995005	6.593407	6.193806	5.394605	5.994006	3.896104	6.793207
9016	13.861386	5.742574	6.435644	5.445545	6.039604	5.940594	4.752475	6.633663
9017	11.937378	5.479452	5.479452	5.675147	6.164384	5.185910	5.479452	7.338552
9018	12.770138	5.795678	6.777996	6.679764	5.795678	5.500982	4.715128	6.090373
9019	12.852970	4.965920	5.939630	5.647517	5.842259	5.452775	5.063291	7.010711
9020	13.672655	5.489022	5.688623	5.688623	6.487026	5.788423	4.590818	5.988024
9021	13.139418	5.215647	5.717151	4.914744	6.218656	6.118355	4.112337	6.619860
9022	12.858556	5.242334	5.736894	4.945598	5.539070	6.033630	4.945598	5.440158
9023	11.857708	5.830040	5.928854	4.446640	6.422925	6.620553	3.853755	7.213439
9024	11.806256	4.944501	5.045409	5.650858	6.458123	6.054490	4.742684	6.559031
9025	11.892963	6.045590	6.144698	6.342914	5.847374	5.748266	4.261645	6.838454
9026	13.132296	5.155642	6.128405	5.058366	6.809339	5.836576	3.988327	6.906615
9027	12.953876	5.299313	5.888126	4.906771	5.986261	6.869480	4.808636	7.360157
9028	12.536729	4.701273	5.778648	5.386876	6.268364	5.582762	4.309500	6.660137
9029	12.871287	5.346535	5.346535	4.851485	6.039604	5.841584	3.762376	5.742574
9030	12.721893	6.607495	6.114398	5.818540	5.818540	6.015779	4.339250	6.213018
9031	12.094395	6.194690	6.096362	5.309735	5.309735	6.096362	4.031465	6.391347
9032	10.937500	6.152344	6.347656	5.273438	7.324219	6.250000	5.371094	6.933594
9033	11.968348	5.539070	5.835806	4.549951	6.726014	5.835806	4.253215	6.132542
9034	11.295034	6.231743	5.744888	5.842259	6.329114	5.355404	3.602726	6.621227
9035	13.030602	4.935834	5.528134	4.935834	6.219151	5.923001	4.047384	6.910168
9036	13.017751	5.226824	6.015779	4.832347	6.410256	5.917160	4.832347	6.804734
9037	12.127237	5.467197	5.666004	5.069583	6.461233	6.163022	4.075547	6.063618
9038	13.216715	5.539359	5.928086	5.830904	6.413994	6.122449	4.373178	6.122449
9039	11.445199	5.043647	6.207565	5.334627	5.431620	5.916586	4.364694	6.304559
9040	12.597656	6.250000	5.468750	5.761719	7.226562	5.078125	4.003906	6.250000
9041	11.996067	6.096362	6.588004	5.408063	5.506391	5.899705	5.113078	6.096362
9042	10.813492	5.555556	5.952381	5.357143	7.242063	5.654762	4.067460	6.349206
9043	12.256809	6.712062	6.809339	5.155642	6.128405	6.225681	5.058366	6.031128
9044	13.432836	5.472637	6.368159	4.477612	5.373134	5.373134	4.875622	6.567164
9045	13.181368	5.847374	6.243806	4.360753	6.144698	6.144698	4.459861	6.640238
9046	11.527094	5.615764	6.206897	5.221675	6.600985	6.699507	5.024631	7.487685
9047	12.254902	5.392157	6.274510	5.000000	5.784314	5.098039	4.705882	6.862745
9048	11.121857	5.512573	6.576402	6.189555	6.382979	5.512573	3.868472	6.092843
9049	11.263467	5.582762	5.484819	5.974535	6.268364	6.170421	4.505387	6.660137
9050	12.645914	5.447471	6.517510	5.252918	5.642023	5.544747	4.182879	6.809339
9051	12.732615	5.190989	5.876592	4.407444	6.856024	5.386876	4.897160	6.660137
9052	13.604767	5.561072	5.958292	5.561072	6.057597	5.064548	4.270109	5.958292
9053	11.489776	6.037001	5.939630	4.576436	6.329114	5.258033	4.186952	6.134372
9054	12.242899	6.464251	5.680705	4.897160	5.778648	6.366308	4.211557	6.170421
9055	13.497537	4.532020	5.320197	4.729064	6.305419	6.206897	4.926108	7.290640
9056	12.487805	5.170732	6.243902	5.951220	5.560976	5.756098	4.585366	6.146341
9057	11.983887	6.243706	5.438066	4.531722	6.948640	5.236657	4.632427	6.545821
9058	14.271654	5.413386	5.708661	5.708661	6.299213	6.003937	4.330709	6.496063
9059	13.510848	5.818540	6.213018	5.325444	6.410256	5.621302	4.437870	6.410256
9060	13.248283	5.691855	5.593719	5.299313	6.869480	5.691855	3.729146	7.163886
9061	11.067194	5.830040	6.324111	4.150198	5.830040	4.841897	4.446640	6.620553
9062	13.214990	6.114398	6.607495	4.437870	7.100592	5.621302	4.043393	6.804734
9063	12.303150	6.003937	6.102362	4.921260	6.791339	5.610236	4.822835	7.381890
9064	12.106299	5.610236	6.594488	5.019685	4.724409	5.905512	4.232283	7.086614
9065	12.115194	6.057597	5.561072	5.958292	6.554121	4.369414	4.071500	5.759682
9066	12.680115	5.379443	6.628242	5.379443	5.091258	6.916427	3.554275	7.300672
9067	12.584054	5.283381	5.475504	5.379443	7.300672	5.571566	5.571566	7.012488
9068	12.365064	5.397448	4.906771	5.495584	6.280667	6.771344	4.514230	6.378803
9069	12.082515	6.188605	5.795678	5.304519	5.893910	5.893910	4.518664	6.188605
9070	13.216715	5.539359	5.928086	5.830904	7.094266	5.830904	4.664723	6.899903
9071	12.187812	5.694306	5.194805	5.194805	5.394605	5.594406	4.095904	7.292707
9072	13.645224	5.458090	6.335283	5.750487	6.335283	6.042885	4.191033	7.212476
9073	13.173653	5.788423	5.189621	5.389222	5.588822	5.888224	4.391218	5.289421
9074	11.949070	4.701273	5.680705	5.288932	6.170421	5.190989	4.113614	6.660137
9075	11.330049	5.418719	5.714286	5.024631	6.896552	6.502463	4.334975	5.812808
9076	12.228797	6.410256	7.297830	4.832347	6.015779	6.213018	3.747535	7.396450
9077	12.805474	5.474096	5.083089	6.060606	5.865103	6.353861	4.398827	6.060606
9078	12.649402	5.079681	4.780876	5.976096	5.677291	6.175299	3.685259	6.075697
9079	11.996067	6.391347	6.096362	6.293019	5.703048	5.604720	4.523107	6.784661
9080	13.241107	5.533597	6.422925	5.533597	6.225296	5.731225	4.545455	5.830040
9081	12.365064	5.201178	6.280667	6.182532	7.752699	6.084396	4.808636	5.789990
9082	11.607143	5.456349	6.250000	4.662698	7.440476	6.349206	4.464286	6.349206
9083	12.147716	5.928086	5.830904	5.150632	5.830904	6.219631	4.275996	6.608358
9084	13.147410	5.478088	5.478088	6.374502	5.876494	6.474104	4.780876	5.976096
9085	13.686314	5.494505	6.493506	5.694306	5.194805	4.995005	3.796204	5.694306
9086	11.497585	5.797101	7.246377	4.444444	6.473430	5.507246	4.830918	6.183575
9087	12.500000	5.900000	6.100000	4.500000	6.000000	5.600000	4.800000	6.200000
9088	11.568627	5.392157	6.078431	4.803922	6.274510	5.490196	3.431373	6.862745
9089	12.966601	5.992141	6.581532	5.500982	7.072692	5.500982	4.715128	6.777996
9090	12.687313	6.193806	5.894106	4.995005	5.394605	5.094905	4.195804	5.694306
9091	13.248283	5.593719	6.182532	4.906771	5.495584	5.299313	5.201178	6.869480
9092	11.011011	5.805806	5.205205	4.904905	5.805806	5.905906	4.404404	7.107107
9093	12.280702	5.750487	5.945419	5.068226	5.945419	5.555556	4.191033	6.725146
9094	11.383710	5.495584	6.378803	4.416094	7.065751	6.084396	4.514230	6.476938
9095	11.827957	5.962854	6.451613	5.767351	6.549365	5.278592	3.714565	6.940371
9096	11.557297	5.093046	6.268364	5.876592	6.072478	6.170421	5.190989	6.464251
9097	11.964108	4.785643	6.480558	5.184447	6.580259	6.480558	4.586241	6.081755
9098	12.524272	5.339806	6.310680	5.825243	5.048544	5.436893	4.271845	6.699029
9099	11.694747	5.252725	6.045590	4.459861	6.838454	6.640238	5.450942	6.442022
9100	11.078140	4.846686	5.143422	5.044510	7.022750	5.440158	3.956479	5.440158
9101	11.823647	5.811623	5.611222	6.212425	6.813627	5.911824	4.108216	6.112224
9102	12.805474	5.865103	5.865103	5.278592	7.331378	5.865103	4.301075	6.256109
9103	12.012012	6.006006	5.705706	5.805806	4.804805	5.805806	4.004004	6.206206
9104	12.525050	5.210421	5.811623	4.909820	5.410822	6.412826	3.807615	5.811623
9105	14.511352	5.824284	6.120434	5.626851	6.416584	5.923001	3.948667	6.317868
9106	11.944719	5.923001	6.021718	7.008885	6.120434	5.725568	3.849951	6.317868
9107	13.069307	6.336634	5.544554	6.534653	6.534653	5.643564	5.346535	6.633663
9108	12.100000	5.200000	5.500000	4.900000	6.000000	6.800000	4.900000	6.300000
9109	12.426614	5.870841	5.870841	5.185910	5.185910	5.772994	5.088063	6.262231
9110	13.039216	5.490196	6.862745	5.490196	6.274510	6.666667	4.411765	6.764706
9111	12.462612	5.782652	6.081755	4.985045	6.679960	5.583250	4.287139	5.682951
9112	12.278978	5.304519	5.500982	6.286837	6.286837	6.581532	5.500982	6.090373
9113	13.121272	4.970179	6.560636	5.367793	6.163022	5.964215	4.771372	6.262425
9114	11.804878	5.170732	5.853659	5.951220	6.731707	5.463415	4.097561	6.634146
9115	11.576846	5.988024	6.387226	4.890220	7.584830	5.688623	3.992016	6.986028
9116	12.772277	6.138614	6.237624	5.544554	5.247525	5.841584	3.861386	7.623762
9117	12.953876	5.789990	5.986261	5.004907	6.673209	5.986261	4.514230	6.575074
9118	12.695312	5.761719	5.664062	5.078125	5.859375	5.957031	4.589844	6.542969
9119	13.261297	5.697446	5.893910	4.616896	5.992141	5.795678	6.286837	5.893910
9120	12.254902	5.392157	5.882353	5.098039	5.882353	5.294118	3.823529	6.372549
9121	12.757605	5.986261	5.986261	5.299313	6.280667	5.789990	3.827282	7.262022
9122	13.155292	5.736894	6.033630	6.330366	6.824926	5.341246	4.549951	6.923838
9123	12.935323	5.970149	6.467662	4.975124	8.358209	5.970149	4.477612	7.164179
9124	13.176008	5.801377	5.801377	5.211406	5.014749	5.604720	4.719764	5.899705
9125	12.644788	5.308880	5.598456	4.922780	5.791506	5.888031	3.861004	6.660232
9126	14.031621	5.237154	6.324111	5.632411	6.620553	6.225296	3.754941	6.324111
9127	14.087302	6.051587	5.952381	4.365079	6.250000	5.257937	3.968254	7.539683
9128	12.670565	5.360624	5.847953	4.873294	7.017544	6.725146	3.996101	8.187135
9129	12.389381	5.408063	6.293019	5.703048	5.604720	5.998033	4.621436	6.194690
9130	12.747036	5.138340	5.533597	5.533597	5.830040	6.126482	4.743083	6.719368
9131	12.925170	5.539359	5.539359	5.830904	5.928086	5.247813	3.887269	6.608358
9132	11.770524	5.341246	6.330366	5.341246	6.429278	5.736894	4.154303	7.418398
9133	12.115194	5.759682	6.454816	6.752731	6.454816	5.064548	3.773585	6.355511
9134	12.525050	5.410822	5.911824	4.408818	6.613226	5.911824	4.108216	6.713427
9135	11.630219	5.268390	6.560636	4.870775	5.864811	5.566600	4.473161	6.063618
9136	11.660079	4.841897	5.434783	5.731225	6.521739	4.940711	4.743083	6.324111
9137	12.561335	5.593719	5.691855	5.103042	6.771344	5.986261	4.514230	6.280667
9138	12.047013	5.190989	5.876592	4.015671	6.856024	5.484819	4.407444	7.247796
9139	12.820513	5.226824	5.325444	4.635108	7.001972	6.114398	3.550296	5.818540
9140	12.500000	6.048387	5.745968	4.939516	6.653226	5.141129	4.032258	6.350806
9141	12.692308	5.480769	5.480769	5.000000	7.115385	6.153846	4.903846	6.634615
9142	12.825458	5.593057	6.653809	6.557377	5.785921	6.364513	3.567985	6.653809
9143	13.386613	5.294705	5.694306	5.094905	6.193806	6.493506	4.095904	6.393606
9144	11.758989	5.733722	6.025267	5.247813	6.219631	5.539359	3.790087	6.413994
9145	13.056380	5.736894	6.528190	5.736894	5.934718	5.637982	4.055391	6.627102
9146	13.830846	4.975124	6.069652	5.472637	7.761194	4.875622	4.179104	5.970149
9147	13.026445	5.093046	6.268364	5.288932	6.170421	5.386876	3.525955	6.758080
9148	13.086913	5.294705	6.093906	5.894106	5.994006	6.593407	4.995005	6.893107
9149	11.747285	5.133268	6.021718	6.317868	6.614018	5.725568	4.244817	6.712734
9150	12.827988	4.761905	6.511176	4.664723	6.413994	5.442177	4.761905	6.025267
9151	13.437196	4.479065	5.744888	5.258033	5.550146	6.134372	4.771178	6.621227
9152	13.510848	5.818540	5.917160	5.226824	6.903353	6.114398	4.635108	6.804734
9153	11.359223	5.631068	5.436893	5.242718	6.601942	6.116505	3.689320	7.087379
9154	13.260219	4.985045	6.380857	5.184447	5.882353	5.682951	4.287139	6.480558
9155	11.804878	6.146341	5.170732	4.292683	6.146341	5.073171	4.195122	6.829268
9156	13.537549	5.830040	5.533597	5.632411	7.114625	5.533597	3.656126	5.533597
9157	11.992071	5.649158	5.450942	5.550050	8.622398	6.144698	4.459861	6.243806
9158	13.542689	5.691855	6.673209	4.416094	7.262022	5.986261	4.612365	6.771344
9159	11.211211	5.805806	6.606607	5.705706	6.006006	5.905906	4.904905	5.405405
9160	12.487512	6.593407	5.894106	5.194805	6.993007	5.894106	4.095904	5.994006
9161	11.045365	4.930966	4.832347	5.226824	6.114398	6.015779	4.142012	6.903353
9162	12.928501	5.582762	5.876592	5.582762	5.680705	6.170421	4.603330	6.366308
9163	12.587413	5.394605	5.794206	5.094905	5.394605	6.093906	4.595405	7.292707
9164	11.496531	5.748266	6.045590	5.054509	5.748266	6.243806	4.558969	6.541130
9165	12.893701	5.708661	5.413386	6.299213	6.299213	5.511811	4.035433	6.299213
9166	11.660079	6.027668	5.830040	5.237154	6.916996	6.521739	3.952569	7.312253
9167	13.500000	5.300000	4.900000	5.300000	7.900000	6.100000	4.900000	6.200000
9168	12.133072	5.577299	5.870841	6.262231	5.088063	5.675147	3.913894	7.045010
9169	12.254902	5.686275	5.882353	4.901961	5.294118	6.470588	3.529412	5.392157
9170	12.376238	4.851485	5.445545	6.237624	6.138614	5.544554	4.752475	6.534653
9171	11.549852	5.429418	6.910168	4.442251	6.712734	6.219151	4.738401	6.614018
9172	13.047809	4.382470	6.872510	6.772908	6.474104	5.677291	3.884462	6.972112
9173	12.741313	4.826255	5.598456	5.115830	6.563707	5.501931	5.019305	6.563707
9174	13.170732	5.951220	5.951220	5.658537	6.439024	5.951220	4.682927	6.048780
9175	11.833172	5.528613	6.401552	5.625606	6.013579	6.498545	5.237633	6.013579
9176	12.878049	5.463415	5.951220	4.878049	6.146341	6.829268	4.487805	7.121951
9177	13.756098	5.365854	5.365854	5.365854	5.756098	5.560976	4.000000	6.536585
9178	12.500000	5.038760	5.329457	5.135659	6.976744	6.395349	4.554264	6.201550
9179	12.524655	4.832347	5.325444	5.917160	7.297830	6.410256	4.832347	6.311637
9180	11.925709	5.865103	5.962854	5.669599	7.135875	5.180841	4.692082	7.233627
9181	13.194444	5.456349	5.952381	6.349206	7.242063	5.654762	4.761905	6.150794
9182	12.536162	5.882353	5.785921	4.628737	5.882353	5.978785	4.532305	7.328833
9183	13.068732	6.389158	6.195547	5.517909	6.485963	5.421104	3.775411	6.582769
9184	12.150434	5.014465	5.689489	5.303761	5.978785	5.496625	4.628737	6.171649
9185	12.512413	5.263158	5.461768	4.568024	6.355511	5.064548	3.674280	5.958292
9186	12.776660	5.331992	5.633803	5.130785	5.231388	5.432596	4.627767	6.639839
9187	12.185297	5.740181	5.236657	5.035247	7.452165	5.639476	3.726083	6.143001
9188	10.880317	5.539070	4.945598	4.253215	5.835806	5.539070	4.945598	7.121662
9189	12.858556	5.736894	6.330366	5.539070	6.528190	5.934718	4.253215	5.736894
9190	12.852970	6.134372	5.452775	4.965920	6.231743	6.426485	4.381694	5.550146
9191	12.047013	5.876592	7.051910	4.799216	4.799216	5.190989	4.407444	6.366308
9192	13.333333	6.169154	5.771144	4.875622	5.572139	6.368159	3.980100	5.572139
9193	13.035019	5.252918	5.642023	5.350195	6.517510	6.322957	4.766537	6.809339
9194	12.475634	5.945419	5.653021	5.847953	6.237817	6.237817	3.996101	7.212476
9195	11.467444	6.511176	5.830904	4.567541	7.288630	5.733722	4.761905	7.677357
9196	14.215686	5.000000	6.176471	6.078431	6.960784	5.686275	4.509804	6.666667
9197	12.797619	5.357143	5.952381	6.150794	5.753968	5.059524	4.365079	6.646825
9198	11.621094	5.175781	5.761719	5.468750	6.152344	5.468750	3.710938	6.835938
9199	12.709360	6.403941	6.403941	5.024631	6.995074	5.714286	4.926108	6.206897
9200	10.724638	5.797101	5.797101	4.541063	4.637681	5.603865	3.864734	6.859903
9201	12.512315	5.418719	5.320197	5.221675	6.798030	6.305419	4.433498	6.502463
9202	12.561820	5.934718	5.736894	5.539070	5.539070	5.736894	4.648863	6.627102
9203	13.039216	5.784314	6.764706	4.215686	5.882353	5.980392	4.803922	6.666667
9204	11.976631	5.160662	5.355404	5.355404	6.913340	6.426485	3.797468	5.842259
9205	11.916584	5.958292	6.554121	5.660377	5.858987	5.660377	4.667329	5.958292
9206	13.026445	6.170421	5.190989	4.701273	6.072478	4.407444	4.113614	7.149853
9207	12.692308	5.096154	6.250000	6.826923	6.923077	5.384615	3.942308	6.442308
9208	13.446215	5.976096	5.478088	4.880478	6.075697	5.876494	4.282869	6.673307
9209	12.291052	5.604720	5.801377	5.899705	6.489676	6.293019	4.818092	5.801377
9210	13.132296	5.836576	5.252918	5.447471	5.544747	5.933852	3.793774	6.614786
9211	11.968348	5.242334	5.835806	5.143422	6.231454	6.429278	4.747774	6.627102
9212	13.416988	6.370656	6.081081	4.826255	7.239382	5.598456	3.957529	7.046332
9213	13.320274	5.582762	6.170421	4.701273	5.484819	5.190989	3.819785	7.443683
9214	12.007874	5.216535	5.708661	5.216535	5.905512	5.905512	4.822835	6.594488
9215	12.657005	5.120773	6.086957	5.507246	6.473430	6.086957	4.830918	6.086957
9216	13.579049	5.140640	5.819593	6.013579	5.140640	5.140640	4.461688	6.401552
9217	12.725451	5.711423	5.611222	5.711423	5.711423	5.511022	4.308617	5.210421
9218	12.757605	5.986261	6.182532	5.397448	5.789990	5.986261	4.317959	7.262022
9219	11.861138	5.882353	6.943105	5.882353	6.268081	6.557377	4.146577	7.039537
9220	11.448141	5.577299	5.479452	4.794521	4.892368	6.066536	4.011742	5.870841
9221	12.512513	5.605606	6.106106	5.605606	5.905906	6.706707	3.803804	5.805806
9222	11.445783	5.120482	5.120482	5.120482	5.722892	5.220884	4.016064	6.124498
9223	12.598425	5.314961	6.200787	5.905512	6.397638	5.708661	4.035433	5.807087
9224	11.712598	6.496063	6.200787	5.216535	5.905512	5.019685	4.527559	6.988189
9225	11.976048	5.588822	5.189621	6.087824	5.888224	5.189621	5.489022	5.289421
9226	12.304688	6.152344	6.347656	5.078125	5.664062	5.859375	4.492188	6.542969
9227	13.502935	5.772994	5.968689	4.598826	6.360078	5.577299	4.696673	7.142857
9228	12.610837	5.320197	6.108374	4.926108	5.911330	5.812808	4.630542	6.798030
9229	12.202381	5.853175	5.654762	4.662698	7.142857	6.845238	4.365079	6.845238
9230	11.459354	5.778648	5.582762	6.366308	6.758080	5.876592	4.407444	5.582762
9231	11.764706	5.980392	5.784314	5.980392	5.882353	6.078431	4.019608	6.274510
9232	11.534702	5.767351	6.549365	5.278592	6.060606	5.376344	4.985337	7.038123
9233	11.381323	5.933852	6.420233	4.961089	7.003891	5.642023	4.280156	6.712062
9234	12.413108	5.163853	5.759682	4.568024	6.057597	5.858987	4.965243	5.759682
9235	13.085938	5.859375	5.957031	5.175781	5.859375	5.664062	3.613281	6.054688
9236	11.634905	6.118355	6.218656	5.817452	6.419258	5.315948	4.814443	5.616851
9237	13.537549	5.533597	6.126482	5.335968	5.928854	4.446640	3.952569	6.719368
9238	12.252964	5.928854	6.027668	6.916996	5.632411	5.632411	4.150198	6.719368
9239	12.586037	5.604720	5.211406	5.703048	5.899705	5.998033	3.834808	6.293019
9240	11.614173	5.511811	5.511811	5.610236	7.874016	6.200787	4.527559	6.791339
9241	12.807882	5.714286	5.221675	5.812808	6.009852	5.911330	4.433498	7.881773
9242	12.195122	5.951220	5.365854	6.243902	8.195122	5.951220	4.292683	5.756098
9243	13.738960	5.495584	5.986261	5.888126	6.673209	6.084396	4.121688	6.182532
9244	11.881188	6.336634	5.544554	5.445545	6.435644	5.940594	4.653465	7.227723
9245	12.156863	5.980392	6.568627	5.490196	6.274510	6.960784	3.529412	7.156863
9246	11.914062	5.761719	6.152344	5.664062	7.031250	5.957031	4.687500	6.347656
9247	12.168793	5.691855	6.182532	6.378803	5.888126	5.593719	3.827282	6.673209
9248	11.869436	4.945598	6.033630	5.341246	7.220574	6.033630	4.648863	7.220574
9249	13.698630	5.870841	6.262231	6.066536	5.577299	6.164384	4.990215	6.947162
9250	13.614104	6.170421	5.778648	5.386876	7.345739	5.582762	4.505387	6.366308
9251	11.829026	4.970179	5.467197	5.566600	5.467197	6.958250	4.174950	7.157058
9252	14.328063	6.422925	4.940711	5.138340	6.027668	5.138340	4.446640	5.533597
9253	12.684366	5.506391	5.113078	5.604720	5.309735	6.096362	4.621436	6.588004
9254	11.752988	6.274900	6.573705	5.378486	5.976096	5.378486	4.581673	6.274900
9255	12.413793	5.812808	6.699507	6.305419	7.487685	5.320197	4.433498	6.699507
9256	12.928501	5.386876	5.680705	5.876592	5.680705	6.170421	4.995103	6.562194
9257	11.133201	5.765408	4.970179	5.765408	6.262425	5.964215	3.479125	6.958250
9258	13.090551	6.200787	6.496063	5.708661	5.610236	6.594488	4.724409	5.905512
9259	12.599206	5.456349	5.158730	5.158730	7.142857	6.448413	4.563492	6.746032
9260	11.723447	5.711423	6.212425	5.310621	6.212425	5.811623	4.709419	6.012024
9261	12.015504	6.298450	6.589147	5.426357	6.007752	6.395349	4.069767	6.879845
9262	11.568627	5.098039	6.274510	4.411765	5.490196	5.686275	5.490196	6.568627
9263	11.295034	5.452775	5.258033	5.063291	5.744888	5.842259	4.284323	6.426485
9264	13.591270	5.654762	5.853175	4.960317	7.242063	6.547619	4.563492	7.043651
9265	11.702128	6.479691	5.705996	5.222437	6.092843	5.996132	4.738878	6.866538
9266	13.340020	5.817452	7.121364	4.914744	5.616851	6.018054	5.015045	6.118355
9267	11.735206	5.416249	6.720160	5.315948	6.519559	5.817452	4.112337	6.519559
9268	11.571842	5.689489	6.075217	5.110897	5.110897	5.207329	4.146577	5.978785
9269	13.247012	5.876494	6.274900	5.677291	5.976096	5.677291	4.581673	6.573705
9270	12.118227	5.812808	6.798030	6.108374	6.305419	6.502463	4.334975	6.699507
9271	12.536729	5.974535	6.072478	5.093046	6.268364	5.093046	3.232125	6.366308
9272	14.243028	5.876494	6.374502	4.880478	5.976096	5.976096	4.282869	6.274900
9273	12.550201	5.421687	5.722892	4.417671	6.526104	6.124498	4.216867	6.124498
9274	12.890625	6.054688	7.128906	6.542969	6.152344	6.835938	4.589844	6.445312
9275	14.508277	5.550146	5.550146	5.063291	5.744888	6.523856	4.479065	6.231743
9276	11.434109	5.135659	5.038760	5.813953	5.523256	5.813953	4.360465	7.655039
9277	11.388611	5.094905	5.994006	6.193806	7.492507	5.494505	4.295704	6.693307
9278	13.765978	5.506391	6.489676	4.818092	5.998033	6.194690	4.424779	6.981318
9279	12.339585	5.725568	6.120434	4.738401	5.824284	5.429418	4.343534	7.107601
9280	13.432836	5.373134	6.169154	3.980100	6.368159	4.676617	4.378109	6.567164
9281	12.258687	5.501931	7.335907	5.405405	6.853282	5.888031	4.343629	6.660232
9282	12.512124	5.625606	5.528613	4.558681	6.983511	5.431620	4.073715	6.692532
9283	12.178218	6.237624	5.346535	5.148515	7.029703	6.336634	4.257426	7.326733
9284	13.207547	6.256207	6.355511	5.064548	5.958292	5.561072	4.369414	5.858987
9285	12.183236	6.335283	6.140351	4.873294	5.360624	5.945419	4.483431	7.017544
9286	10.613437	5.939630	6.231743	6.231743	7.789679	5.452775	4.381694	5.842259
9287	11.968348	5.044510	5.637982	4.945598	5.835806	5.736894	5.341246	6.627102
9288	11.719500	5.475504	5.955812	4.803074	5.955812	6.051873	3.554275	7.204611
9289	11.840796	4.676617	5.572139	5.174129	6.567164	4.577114	3.880597	6.169154
9290	11.701082	5.309735	5.604720	6.194690	7.177974	5.801377	5.211406	6.194690
9291	13.294233	6.256109	6.744868	4.105572	5.767351	5.474096	4.496579	6.256109
9292	13.962635	6.391347	5.703048	5.408063	5.899705	5.899705	5.211406	6.391347
9293	12.709360	5.517241	6.108374	5.714286	6.206897	6.009852	4.137931	6.403941
9294	12.818004	6.066536	5.283757	5.185910	6.947162	5.870841	4.011742	6.849315
9295	12.094395	5.408063	5.703048	4.621436	6.096362	5.899705	4.326450	6.588004
9296	11.230469	5.664062	5.664062	4.980469	5.859375	5.664062	4.003906	6.933594
9297	11.968348	5.736894	5.044510	4.648863	6.231454	5.242334	5.044510	6.726014
9298	10.749507	5.621302	5.917160	5.424063	6.508876	6.114398	3.944773	6.607495
9299	11.614173	5.610236	5.413386	5.118110	6.496063	6.299213	4.822835	6.594488
9300	12.097561	5.463415	5.170732	4.780488	6.341463	5.268293	3.609756	6.341463
9301	12.709360	5.221675	5.812808	5.714286	6.699507	6.206897	4.137931	5.615764
9302	11.890838	5.165692	5.653021	5.165692	6.432749	6.140351	3.996101	7.212476
9303	12.818004	5.577299	6.360078	4.892368	6.262231	6.653620	4.696673	7.338552
9304	11.568627	5.000000	5.784314	5.196078	7.156863	5.000000	4.411765	7.156863
9305	12.598425	6.496063	6.003937	4.921260	7.677165	5.511811	4.133858	6.594488
9306	12.729026	5.207329	6.460945	5.400193	6.364513	5.303761	5.014465	6.943105
9307	12.881023	5.408063	5.998033	4.916421	6.293019	5.801377	4.523107	6.686332
9308	13.163065	5.992141	5.108055	5.992141	5.795678	5.206287	3.831041	6.483301
9309	12.696850	5.511811	6.003937	5.118110	4.921260	4.822835	3.444882	6.299213
9310	12.351779	5.928854	6.225296	5.335968	4.841897	6.818182	4.347826	7.114625
9311	12.487805	5.756098	6.243902	5.463415	6.731707	4.975610	4.487805	7.024390
9312	13.468992	5.910853	6.589147	4.941860	6.589147	5.910853	4.069767	6.879845
9313	12.246866	5.593057	5.689489	4.821601	6.557377	5.593057	4.146577	6.268081
9314	12.874251	5.888224	5.389222	5.089820	6.487026	4.990020	4.091816	5.788423
9315	11.764706	6.268081	6.750241	5.014465	5.496625	4.821601	4.435873	6.846673
9316	13.134328	5.572139	5.572139	5.273632	5.174129	5.572139	3.781095	6.865672
9317	11.972522	5.691855	6.182532	5.004907	6.869480	5.201178	4.514230	6.084396
9318	13.379584	5.847374	6.541130	5.252725	5.252725	5.550050	4.261645	6.739346
9319	12.909633	4.865938	5.064548	4.965243	5.461768	5.660377	4.667329	5.163853
9320	11.960784	5.392157	6.568627	5.098039	7.156863	5.490196	4.411765	7.745098
9321	12.266928	5.593719	7.262022	5.789990	6.476938	6.575074	4.219823	6.182532
9322	11.804878	5.560976	6.048780	4.878049	6.341463	5.365854	3.804878	6.829268
9323	12.736318	5.671642	5.572139	5.771144	6.766169	5.671642	3.980100	6.169154
9324	12.031558	5.128205	6.015779	5.325444	6.804734	6.508876	4.240631	7.593688
9325	13.880743	5.278592	5.865103	5.474096	6.060606	6.940371	4.007820	6.353861
9326	13.450292	5.458090	5.750487	6.237817	7.017544	6.237817	3.898635	6.822612
9327	12.600806	5.241935	5.141129	5.443548	5.241935	5.544355	4.032258	6.854839
9328	12.500000	5.645161	6.250000	5.241935	6.754032	6.552419	4.334677	6.552419
9329	12.183236	6.140351	5.945419	6.432749	7.309942	5.653021	4.678363	6.140351
9330	12.549801	6.175299	6.274900	4.880478	6.175299	6.274900	4.282869	5.876494
9331	11.044177	5.823293	5.923695	5.120482	7.329317	5.923695	3.714859	6.024096
9332	12.403101	5.232558	5.329457	5.813953	6.007752	4.941860	5.038760	6.201550
9333	13.613614	4.904905	5.505506	4.304304	6.406406	5.505506	4.304304	6.206206
9334	13.185756	4.908566	5.582291	4.716073	6.256015	5.678537	4.234841	6.833494
9335	12.871287	6.237624	5.247525	4.752475	5.445545	5.643564	3.960396	6.336634
9336	13.542689	6.084396	5.397448	5.495584	5.691855	5.397448	4.219823	5.789990
9337	11.457286	5.125628	5.628141	6.030151	6.733668	6.432161	4.221106	6.834171
9338	13.694581	5.911330	6.502463	5.615764	6.206897	6.108374	4.236453	5.714286
9339	14.036786	5.905131	6.582769	5.130687	6.679574	5.614714	4.840271	6.001936
9340	12.036108	5.115346	5.616851	5.416249	7.723170	5.616851	3.410231	5.315948
9341	13.921569	5.980392	5.294118	6.176471	7.254902	5.196078	3.627451	5.392157
9342	12.624254	5.467197	5.268390	6.461233	6.660040	5.864811	3.876740	6.262425
9343	12.261307	5.326633	5.628141	5.427136	6.432161	5.728643	5.427136	5.728643
9344	12.275449	5.389222	6.187625	5.688623	5.788423	5.988024	4.391218	6.586826
9345	11.232604	5.964215	6.163022	5.268390	5.666004	5.864811	4.373757	6.858847
9346	12.524462	6.066536	5.381605	5.479452	6.653620	5.577299	4.207436	6.653620
9347	13.209393	5.577299	5.772994	5.675147	6.360078	5.088063	3.816047	6.457926
9348	13.681102	6.003937	5.807087	5.610236	7.086614	5.118110	4.133858	6.397638
9349	13.196481	6.353861	5.669599	5.767351	5.669599	5.865103	5.083089	6.256109
9350	10.869565	5.928854	5.731225	4.743083	6.027668	5.335968	4.249012	7.114625
9351	12.094395	5.408063	6.194690	5.506391	6.194690	5.309735	4.031465	6.194690
9352	12.388503	5.946482	5.450942	3.666997	5.550050	4.955401	5.153617	6.838454
9353	12.192724	4.818092	5.899705	5.408063	6.096362	5.211406	5.113078	6.588004
9354	11.916584	5.064548	5.759682	4.865938	6.454816	6.454816	4.369414	6.852036
9355	12.413108	4.965243	5.362463	5.958292	5.362463	5.163853	5.263158	6.156902
9356	13.288070	5.334627	5.625606	6.401552	6.595538	5.819593	4.073715	5.722599
9357	12.890625	5.175781	6.640625	5.468750	7.519531	5.371094	3.906250	6.640625
9358	12.401575	5.807087	6.397638	5.216535	5.807087	5.216535	4.724409	6.988189
9359	10.700389	5.350195	5.447471	4.863813	6.128405	6.031128	3.891051	6.614786
9360	11.695906	6.140351	5.847953	5.653021	6.432749	5.165692	3.996101	7.017544
9361	12.340842	5.484819	6.268364	5.386876	7.051910	6.953967	4.309500	5.484819
9362	12.287712	5.294705	5.694306	4.895105	6.593407	5.094905	4.595405	6.793207
9363	12.922465	5.268390	6.063618	6.063618	7.157058	5.864811	3.876740	6.560636
9364	12.043435	5.528134	5.231984	5.923001	6.712734	5.330701	4.540967	6.021718
9365	13.534567	6.037001	6.037001	5.258033	6.523856	6.718598	4.479065	7.692308
9366	13.191077	5.237633	5.722599	6.207565	7.080504	5.528613	5.528613	7.177498
9367	13.082260	5.946482	6.937562	4.955401	5.946482	5.450942	4.558969	5.351833
9368	12.988281	5.566406	6.347656	5.859375	6.054688	5.957031	4.199219	6.445312
9369	13.425469	6.120434	6.317868	4.837117	5.034551	5.626851	4.343534	6.515301
9370	11.864407	5.084746	5.782652	5.184447	7.078764	5.682951	4.486540	7.278166
9371	12.474849	5.231388	5.835010	6.136821	5.734406	5.331992	4.124748	5.935614
9372	13.978495	5.865103	6.060606	4.789834	7.233627	4.887586	4.985337	6.256109
9373	12.964824	6.331658	6.633166	5.829146	5.728643	6.331658	4.120603	6.130653
9374	12.953876	5.495584	5.495584	5.691855	7.163886	5.593719	4.317959	6.378803
9375	12.721893	6.114398	6.213018	6.015779	6.706114	5.522682	4.733728	6.706114
9376	12.512219	5.767351	5.962854	5.376344	5.962854	6.549365	4.203324	6.842620
9377	11.034483	5.024631	6.995074	5.418719	6.009852	6.108374	4.532020	6.896552
9378	11.904762	6.051587	6.547619	5.059524	6.250000	5.059524	4.166667	5.753968
9379	11.477046	4.990020	5.888224	4.690619	6.187625	6.187625	4.990020	5.988024
9380	11.648569	5.231984	5.824284	5.923001	6.219151	6.219151	4.540967	6.614018
9381	11.914062	6.054688	5.761719	5.761719	6.152344	5.859375	4.199219	7.324219
9382	11.753183	5.876592	4.603330	4.603330	6.170421	5.190989	4.407444	7.149853
9383	12.413108	5.759682	5.858987	5.461768	7.050645	6.256207	4.170804	6.454816
9384	14.007782	5.739300	5.739300	5.544747	6.614786	6.517510	4.377432	6.614786
9385	12.768031	5.165692	5.653021	5.847953	7.115010	5.068226	4.191033	5.945419
9386	12.586037	5.998033	5.408063	5.113078	7.276303	5.309735	3.146509	7.669617
9387	12.512219	5.865103	6.744868	5.571848	5.865103	5.376344	4.203324	5.962854
9388	11.846002	5.725568	6.219151	5.429418	6.317868	5.034551	4.639684	6.712734
9389	11.918605	5.620155	6.007752	5.910853	6.007752	5.620155	3.197674	6.976744
9390	11.736178	5.722599	5.916586	5.819593	5.237633	5.625606	4.267701	6.498545
9391	12.550201	5.622490	6.224900	5.823293	6.927711	6.124498	3.614458	5.823293
9392	12.280702	5.847953	5.068226	6.335283	6.140351	5.555556	4.093567	6.335283
9393	12.500000	5.952381	4.960317	4.563492	6.547619	4.761905	3.670635	6.944444
9394	11.588412	5.394605	5.894106	5.994006	4.695305	5.894106	4.195804	6.593407
9395	12.843137	5.588235	5.392157	4.509804	6.764706	6.470588	4.509804	8.137255
9396	11.992071	6.243806	6.045590	4.856293	6.739346	6.739346	4.162537	5.649158
9397	12.487611	5.550050	5.550050	5.450942	5.054509	6.342914	3.567889	6.541130
9398	13.178295	5.717054	6.298450	5.232558	6.201550	6.395349	4.166667	5.910853
9399	13.958126	5.882353	5.583250	5.483549	5.982054	5.583250	4.685942	6.879362
9400	12.695312	5.468750	5.859375	5.664062	5.859375	6.347656	3.906250	5.957031
9401	14.090020	5.577299	5.772994	5.772994	5.577299	6.066536	4.892368	7.142857
9402	12.390244	5.658537	5.365854	6.341463	6.536585	5.951220	4.682927	6.731707
9403	12.810328	5.858987	6.454816	5.064548	6.057597	6.554121	4.766634	6.852036
9404	11.688312	4.995005	5.594406	4.795205	5.794206	5.694306	3.896104	7.192807
9405	12.837838	5.598456	6.274131	5.019305	5.694981	5.405405	4.633205	6.370656
9406	11.960784	5.882353	5.980392	5.196078	5.686275	6.568627	4.313725	5.980392
9407	12.133072	6.066536	5.675147	4.696673	6.262231	5.675147	4.207436	6.457926
9408	12.168793	5.789990	5.201178	5.103042	6.182532	6.182532	5.103042	7.065751
9409	13.168317	4.851485	4.851485	5.544554	6.633663	5.544554	5.247525	6.633663
9410	12.903226	6.353861	5.865103	5.571848	5.962854	5.669599	4.301075	7.038123
9411	12.475050	5.189621	6.287425	5.788423	5.888224	6.387226	4.291417	6.886228
9412	11.718750	5.175781	5.957031	5.371094	4.785156	5.957031	3.710938	7.324219
9413	13.793103	5.418719	6.502463	4.433498	7.192118	5.615764	5.418719	6.403941
9414	13.073171	6.146341	5.365854	4.975610	5.365854	5.268293	4.585366	6.439024
9415	12.109375	5.957031	5.273438	5.468750	6.347656	6.445312	5.175781	6.054688
9416	13.017751	5.128205	5.128205	6.114398	5.917160	5.325444	4.536489	6.213018
9417	11.564626	5.928086	5.344995	6.413994	6.122449	5.442177	4.470360	6.316812
9418	12.118227	5.714286	5.418719	4.827586	7.093596	5.517241	4.039409	6.502463
9419	12.871287	5.841584	6.039604	5.346535	6.237624	5.544554	4.752475	6.831683
9420	14.244186	6.686047	5.813953	5.135659	7.073643	5.717054	4.360465	6.782946
9421	12.840467	6.128405	5.836576	5.447471	6.420233	6.031128	4.085603	7.003891
9422	12.671906	5.697446	5.500982	5.402750	5.992141	5.992141	4.420432	6.286837
9423	11.857708	5.335968	6.027668	5.039526	6.521739	6.521739	4.347826	5.830040
9424	12.151394	6.274900	5.378486	4.482072	5.876494	5.876494	4.780876	6.374502
9425	12.352941	5.686275	5.882353	5.882353	5.000000	5.294118	5.000000	5.588235
9426	12.289395	6.144698	6.144698	4.757185	5.847374	5.847374	4.459861	6.838454
9427	12.178218	5.742574	6.237624	4.455446	5.742574	5.940594	4.752475	6.435644
9428	12.693798	6.104651	5.813953	5.523256	6.395349	4.941860	4.651163	6.201550
9429	14.643545	5.394990	6.551060	5.394990	6.165703	6.262042	3.757225	6.454721
9430	11.851126	5.386876	6.953967	5.778648	5.876592	6.170421	4.505387	6.366308
9431	13.233831	6.069652	4.975124	4.676617	6.965174	5.074627	4.676617	6.169154
9432	13.826680	5.550146	5.842259	4.576436	7.302824	5.160662	4.673807	6.621227
9433	12.784936	5.252725	5.450942	5.450942	5.252725	5.748266	4.162537	7.135778
9434	12.127237	6.163022	7.157058	6.461233	6.560636	6.163022	4.473161	5.864811
9435	14.187867	6.066536	6.360078	6.262231	6.262231	6.164384	3.816047	5.968689
9436	11.187439	5.397448	5.397448	5.201178	7.065751	5.691855	4.416094	6.378803
9437	14.355469	6.250000	6.250000	4.687500	6.933594	6.152344	4.785156	6.542969
9438	13.574219	5.859375	6.738281	4.882812	4.980469	6.542969	4.785156	6.152344
9439	12.242899	5.778648	5.582762	5.190989	6.072478	5.093046	5.093046	6.366308
9440	12.121212	5.474096	4.887586	5.083089	6.647116	6.744868	3.519062	6.940371
9441	12.745098	5.686275	4.803922	6.078431	5.980392	5.392157	4.117647	6.568627
9442	11.252446	5.479452	5.772994	4.990215	5.577299	4.990215	3.718200	6.653620
9443	12.573674	6.090373	6.483301	5.795678	6.286837	6.777996	4.518664	6.188605
9444	12.966601	5.893910	5.402750	5.697446	6.777996	5.893910	4.027505	6.090373
9445	11.512195	6.439024	5.463415	5.560976	5.073171	6.536585	4.097561	6.048780
9446	12.673267	6.237624	5.940594	5.148515	5.544554	5.544554	3.465347	5.940594
9447	11.960784	6.470588	6.764706	5.980392	7.352941	6.078431	4.509804	6.176471
9448	11.352419	5.330701	5.725568	5.231984	5.824284	6.021718	4.738401	6.416584
9449	11.711712	5.205205	6.106106	5.005005	6.106106	5.805806	4.404404	5.905906
9450	11.764706	5.490196	6.372549	6.176471	5.686275	5.980392	4.215686	6.568627
9451	12.475822	5.705996	5.705996	5.415861	7.640232	5.609284	4.255319	6.092843
9452	12.871287	4.752475	5.346535	4.851485	6.831683	6.633663	4.653465	6.831683
9453	12.339585	5.923001	5.824284	5.330701	6.416584	4.639684	4.442251	6.614018
9454	12.240869	4.935834	5.923001	5.034551	5.824284	5.133268	3.849951	5.824284
9455	11.968348	5.242334	6.231454	5.835806	6.923838	6.627102	4.253215	6.726014
9456	12.130178	5.128205	4.930966	5.325444	5.522682	6.508876	3.550296	7.988166
9457	12.414467	5.376344	5.767351	5.865103	5.962854	6.451613	4.887586	6.158358
9458	12.450593	5.138340	5.533597	4.545455	5.533597	5.533597	5.138340	6.719368
9459	11.690821	6.763285	5.990338	5.217391	6.570048	5.797101	4.154589	6.086957
9460	12.903226	5.962854	5.767351	5.376344	5.962854	5.571848	4.692082	6.060606
9461	13.090551	6.299213	6.003937	5.314961	6.299213	5.511811	5.019685	5.807087
9462	12.747036	6.225296	5.632411	4.545455	5.039526	5.632411	4.644269	7.411067
9463	11.352419	5.725568	5.923001	5.626851	6.120434	5.626851	4.244817	6.120434
9464	12.671906	6.483301	5.697446	4.322200	6.581532	4.813360	4.223969	6.581532
9465	12.094395	6.096362	6.096362	4.523107	6.293019	6.293019	3.933137	5.703048
9466	11.953353	6.413994	6.608358	5.053450	6.413994	5.830904	3.887269	6.705539
9467	11.546185	6.726908	6.626506	5.823293	6.827309	6.124498	4.317269	6.927711
9468	13.406157	5.759682	5.660377	5.064548	5.660377	5.561072	4.965243	5.858987
9469	12.060302	5.829146	6.231156	5.125628	5.628141	6.331658	4.422111	6.130653
9470	11.735700	5.325444	5.621302	4.832347	5.029586	5.917160	4.733728	6.706114
9471	13.627451	6.568627	5.980392	5.294118	6.568627	5.490196	3.725490	7.058824
9472	12.500000	6.104651	5.813953	4.651163	6.879845	5.135659	4.166667	6.298450
9473	12.979351	5.604720	5.604720	5.998033	6.096362	5.408063	4.523107	6.391347
9474	11.881188	5.346535	5.940594	5.148515	6.039604	6.237624	4.356436	7.029703
9475	12.893701	5.905512	6.791339	5.708661	6.397638	6.692913	4.527559	6.889764
9476	11.459354	5.680705	6.366308	5.582762	6.758080	5.288932	4.015671	6.562194
9477	12.663317	5.728643	6.532663	5.125628	6.130653	6.231156	3.718593	6.030151
9478	10.837438	5.812808	5.418719	6.502463	7.093596	6.108374	4.729064	6.108374
9479	13.894325	6.360078	6.457926	4.207436	6.262231	5.283757	4.109589	7.240705
9480	11.781889	5.744888	5.842259	4.381694	5.744888	6.037001	4.284323	6.718598
9481	11.834320	5.029586	5.128205	6.311637	7.199211	6.410256	4.043393	7.396450
9482	11.793855	5.649158	5.252725	6.045590	6.342914	4.955401	4.261645	6.144698
9483	12.023460	5.962854	5.865103	5.962854	6.549365	5.571848	4.301075	6.940371
9484	11.764706	6.078431	5.784314	5.392157	6.862745	5.000000	4.803922	7.058824
9485	11.984283	5.402750	6.385069	5.402750	6.679764	6.679764	4.911591	5.500982
9486	12.974052	5.688623	5.988024	5.389222	5.988024	5.489022	3.293413	5.788423
9487	12.463486	5.939630	6.523856	5.160662	7.789679	5.550146	4.479065	6.523856
9488	12.768031	5.068226	6.237817	4.678363	6.432749	5.945419	4.678363	6.725146
9489	11.869436	6.132542	5.341246	5.736894	6.528190	5.242334	4.055391	6.923838
9490	12.795276	5.807087	5.216535	5.019685	5.807087	5.413386	3.838583	6.889764
9491	12.343298	6.460945	6.171649	6.171649	6.268081	5.400193	3.953713	6.171649
9492	12.207031	5.371094	6.152344	4.589844	6.445312	6.933594	4.199219	6.347656
9493	11.643836	6.066536	5.283757	5.088063	6.849315	5.185910	4.403131	6.360078
9494	12.953876	5.495584	5.789990	5.691855	6.280667	5.888126	3.434740	6.084396
9495	13.273453	5.588822	6.287425	4.890220	5.289421	4.890220	3.792415	5.688623
9496	12.950341	5.550146	5.647517	4.673807	6.329114	6.231743	4.576436	6.815969
9497	11.298315	5.847374	6.144698	4.658077	6.243806	6.937562	3.865213	7.730426
9498	13.030602	5.824284	6.120434	4.738401	6.317868	5.923001	5.034551	7.403751
9499	11.724806	5.717054	5.717054	6.492248	6.492248	5.717054	4.457364	5.910853
9500	12.946860	5.314010	5.507246	5.507246	6.473430	5.700483	4.830918	6.859903
9501	13.313897	5.539359	6.025267	4.567541	6.025267	6.025267	4.373178	6.316812
9502	12.812813	6.006006	6.306306	4.704705	6.406406	6.106106	4.604605	7.307307
9503	12.833169	6.416584	6.219151	4.146101	6.317868	5.923001	4.738401	5.824284
9504	12.840467	5.447471	5.642023	4.863813	6.712062	6.614786	3.696498	7.976654
9505	11.862745	5.686275	5.686275	5.098039	6.568627	6.176471	3.921569	6.568627
9506	12.512513	5.705706	5.805806	6.406406	5.205205	5.405405	3.603604	6.206206
9507	12.327416	6.114398	5.522682	4.930966	7.100592	5.424063	4.339250	7.100592
9508	12.036108	5.616851	6.519559	5.215647	5.717151	5.717151	4.112337	6.519559
9509	11.165524	5.974535	5.680705	5.778648	5.386876	5.974535	4.015671	7.149853
9510	12.449799	5.823293	5.923695	5.622490	5.923695	5.622490	4.718876	6.827309
9511	12.162162	5.308880	5.405405	5.694981	5.984556	5.694981	4.440154	6.949807
9512	12.340842	5.386876	6.268364	5.093046	5.288932	5.778648	4.407444	7.149853
9513	10.663984	5.432596	6.639839	5.533199	6.438632	6.036217	4.325956	7.042254
9514	12.815534	5.825243	6.019417	5.145631	7.087379	6.116505	4.563107	6.699029
9515	13.455954	5.130687	6.098742	4.549855	6.969990	6.195547	4.356244	7.260407
9516	12.197483	5.614714	6.001936	5.421104	7.744434	5.130687	4.549855	5.905131
9517	12.487709	5.604720	6.194690	5.309735	5.211406	6.194690	3.343166	6.194690
9518	12.600806	5.241935	5.141129	4.637097	5.544355	6.048387	4.334677	6.048387
9519	12.015504	6.104651	6.007752	5.813953	4.844961	5.523256	4.748062	6.201550
9520	12.644788	5.115830	6.370656	5.115830	6.467181	6.756757	4.729730	6.467181
9521	10.810811	5.705706	4.804805	5.805806	6.106106	5.405405	4.304304	6.506507
9522	11.695906	5.847953	6.042885	5.458090	6.530214	5.165692	3.801170	7.017544
9523	12.238806	5.373134	6.169154	4.676617	5.671642	5.970149	3.980100	6.567164
9524	12.156863	5.294118	5.588235	5.784314	6.078431	5.294118	4.607843	5.098039
9525	12.648221	5.434783	5.632411	5.632411	5.928854	6.324111	3.754941	6.422925
9526	13.510848	5.522682	5.818540	6.015779	5.917160	5.424063	4.339250	6.311637
9527	11.639185	6.013579	5.528613	5.722599	6.013579	6.983511	4.073715	6.595538
9528	12.256809	5.155642	6.517510	5.155642	6.225681	5.933852	4.669261	6.322957
9529	12.770138	5.402750	4.518664	5.009823	5.500982	5.206287	4.518664	6.385069
9530	12.759644	5.637982	5.143422	3.956479	6.627102	5.539070	4.747774	6.726014
9531	12.412412	5.605606	6.106106	4.104104	5.905906	5.605606	4.104104	6.706707
9532	13.043478	6.183575	7.149758	5.120773	6.666667	5.410628	3.864734	5.700483
9533	12.805474	5.865103	7.233627	5.083089	7.233627	6.158358	4.398827	6.940371
9534	12.190287	5.351833	5.748266	5.054509	6.739346	7.036670	3.964321	5.847374
9535	12.043435	5.133268	6.021718	5.626851	5.626851	6.021718	4.343534	6.120434
9536	13.183594	5.371094	5.566406	4.296875	6.640625	5.761719	3.906250	7.421875
9537	13.352827	5.847953	5.458090	3.996101	6.530214	6.432749	5.653021	7.115010
9538	12.173913	5.990338	5.797101	4.734300	5.603865	4.734300	4.637681	6.473430
9539	13.081395	4.844961	5.523256	5.232558	6.298450	5.426357	4.941860	5.329457
9540	12.007685	5.955812	5.667627	4.995197	5.379443	5.379443	4.322767	6.916427
9541	12.374245	5.231388	6.338028	4.225352	6.740443	5.734406	4.527163	7.444668
9542	12.301587	5.853175	4.861111	4.662698	6.051587	5.357143	3.968254	7.043651
9543	11.354582	5.577689	4.980080	5.876494	6.972112	5.478088	3.984064	6.772908
9544	13.698630	5.675147	6.457926	4.696673	7.240705	6.164384	4.696673	6.849315
9545	12.291052	5.506391	6.391347	5.408063	6.784661	6.096362	4.129794	6.882989
9546	12.463486	6.329114	5.939630	5.258033	6.037001	5.744888	4.089581	5.744888
9547	11.478599	5.642023	5.933852	5.058366	6.517510	5.642023	5.155642	7.295720
9548	13.233831	5.572139	6.666667	5.771144	6.467662	6.666667	3.980100	5.970149
9549	11.694747	6.144698	5.351833	5.748266	5.748266	6.541130	4.063429	6.640238
9550	13.022352	6.316812	6.511176	6.705539	5.928086	5.247813	4.567541	6.413994
9551	14.230019	6.335283	5.945419	5.360624	5.263158	5.750487	3.996101	6.335283
9552	11.946050	5.876686	5.973025	5.973025	6.551060	5.876686	4.527938	6.069364
9553	12.402344	6.445312	6.445312	5.078125	6.738281	5.468750	3.906250	5.957031
9554	12.019231	5.961538	5.384615	5.096154	6.057692	6.057692	4.423077	6.826923
9555	12.338308	4.776119	5.671642	5.870647	7.064677	5.472637	4.875622	6.368159
9556	12.180747	6.188605	5.992141	5.304519	6.286837	5.795678	5.009823	5.599214
9557	13.446215	5.278884	5.478088	5.079681	5.278884	5.776892	4.083665	7.270916
9558	11.793372	5.458090	6.042885	5.263158	7.407407	5.750487	4.775828	7.407407
9559	11.799410	5.408063	5.604720	5.703048	5.703048	5.506391	4.129794	6.391347
9560	12.342080	6.219631	5.830904	5.053450	6.705539	5.053450	4.081633	6.608358
9561	12.424850	6.012024	5.811623	5.811623	6.513026	5.410822	4.709419	6.513026
9562	11.867704	5.933852	6.225681	5.252918	6.031128	5.739300	4.377432	6.614786
9563	11.730205	5.083089	6.353861	6.060606	6.353861	5.865103	4.692082	7.526882
9564	13.690476	6.250000	6.150794	4.464286	6.646825	6.944444	5.158730	6.150794
9565	12.687313	4.995005	5.894106	5.494505	6.393606	5.594406	4.495504	5.594406
9566	12.451362	5.836576	5.544747	5.252918	6.517510	5.642023	4.961089	6.517510
9567	12.970297	4.851485	5.940594	4.554455	8.019802	5.841584	4.455446	6.930693
9568	11.758893	5.533597	5.928854	5.138340	6.324111	6.324111	4.051383	5.434783
9569	12.462312	5.929648	5.226131	4.723618	7.437186	5.728643	3.919598	6.130653
9570	11.678116	5.495584	5.201178	5.397448	6.869480	4.612365	3.827282	6.869480
9571	13.721619	6.614018	6.811451	3.948667	6.811451	5.923001	4.738401	7.403751
9572	12.790698	4.941860	6.782946	5.813953	5.232558	5.038760	4.554264	6.589147
9573	12.586720	5.351833	6.541130	5.351833	5.450942	6.144698	4.360753	7.036670
9574	11.660079	5.632411	5.830040	5.434783	6.916996	5.138340	4.249012	6.818182
9575	12.304688	5.078125	5.761719	4.980469	6.445312	6.054688	4.296875	6.542969
9576	10.980392	4.901961	5.882353	5.098039	6.176471	5.392157	4.313725	6.960784
9577	11.442786	5.671642	4.875622	5.870647	8.258706	5.174129	3.482587	6.766169
9578	12.718447	6.310680	6.407767	5.533981	6.990291	5.631068	4.660194	7.378641
9579	14.285714	5.615764	6.305419	4.827586	6.403941	4.729064	4.433498	6.305419
9580	11.557789	6.130653	5.226131	4.321608	7.035176	5.929648	4.120603	6.331658
9581	12.692308	5.865385	5.384615	5.000000	6.346154	5.192308	4.711538	7.019231
9582	12.757605	5.593719	5.201178	5.201178	7.065751	6.575074	4.514230	6.771344
9583	12.077295	5.700483	6.473430	6.086957	7.053140	5.507246	4.637681	6.859903
9584	12.414467	6.353861	5.865103	5.767351	7.135875	6.940371	5.180841	6.940371
9585	12.118227	6.206897	5.911330	5.418719	6.896552	5.024631	4.630542	6.995074
9586	14.215202	5.824284	6.515301	6.120434	7.601185	6.120434	4.442251	6.614018
9587	13.248283	4.906771	5.397448	5.691855	7.556428	5.397448	4.906771	6.575074
9588	12.633625	5.830904	6.219631	6.122449	6.122449	5.733722	4.664723	6.802721
9589	12.287712	6.293706	6.793207	5.194805	5.294705	5.594406	4.295704	5.894106
9590	11.724138	5.320197	5.024631	5.320197	5.320197	5.320197	3.743842	7.684729
9591	12.180747	5.500982	6.483301	6.483301	7.269155	5.992141	4.518664	7.072692
9592	12.803104	5.043647	4.946654	5.140640	6.983511	5.916586	4.946654	6.401552
9593	13.529412	5.686275	6.568627	4.803922	5.686275	5.882353	4.803922	7.450980
9594	12.852970	5.647517	6.134372	5.063291	6.815969	6.037001	4.089581	6.329114
9595	11.406096	5.801377	5.801377	4.621436	6.194690	6.391347	4.916421	6.784661
9596	11.706349	5.456349	5.654762	5.456349	5.456349	5.555556	3.670635	6.746032
9597	10.653266	5.427136	5.527638	5.025126	6.633166	6.030151	3.618090	6.030151
9598	11.337209	5.910853	5.813953	5.717054	5.910853	5.426357	4.844961	7.073643
9599	13.994169	5.733722	5.733722	6.219631	5.539359	5.733722	4.081633	6.705539
9600	12.609971	5.180841	5.865103	5.278592	6.353861	6.647116	3.714565	6.256109
9601	11.960784	5.294118	5.882353	4.901961	5.392157	5.980392	5.000000	6.666667
9602	11.330049	5.714286	5.812808	5.123153	7.290640	5.812808	4.334975	6.896552
9603	11.729622	5.168986	5.069583	5.964215	4.970179	5.566600	4.174950	5.367793
9604	12.230920	5.479452	5.772994	5.185910	5.675147	6.066536	4.598826	6.947162
9605	13.056380	5.637982	5.736894	6.132542	5.835806	5.539070	3.857567	6.429278
9606	11.282546	5.689489	5.303761	5.207329	6.364513	5.882353	4.339441	6.364513
9607	11.222445	6.613226	5.711423	5.310621	6.412826	5.511022	4.208417	6.713427
9608	13.103448	5.615764	6.699507	5.812808	6.798030	6.009852	4.926108	6.798030
9609	11.886051	5.599214	5.992141	4.518664	6.385069	6.777996	4.715128	6.385069
9610	11.569416	5.835010	5.533199	5.231388	7.142857	4.828974	4.124748	6.841046
9611	12.000000	5.600000	5.500000	4.500000	5.800000	6.200000	4.000000	6.800000
9612	11.996067	6.096362	6.096362	5.211406	5.703048	6.096362	4.523107	6.194690
9613	12.487805	5.268293	6.243902	5.463415	5.756098	5.365854	3.804878	5.853659
9614	12.810328	5.958292	6.057597	5.759682	6.156902	6.852036	4.369414	6.752731
9615	12.058824	5.784314	5.882353	4.117647	7.058824	5.686275	4.705882	6.568627
9616	11.288711	5.794206	6.193806	4.495504	5.794206	6.393606	4.995005	7.392607
9617	11.729622	5.467197	5.566600	4.870775	6.163022	5.566600	4.473161	6.361829
9618	13.463415	5.951220	6.536585	4.487805	6.634146	6.146341	4.682927	7.219512
9619	12.823062	6.461233	5.765408	5.367793	6.361829	6.163022	3.578529	7.157058
9620	11.512195	5.658537	5.365854	6.146341	5.463415	6.048780	4.390244	6.146341
9621	11.984283	5.795678	6.090373	5.697446	7.367387	5.992141	4.125737	6.385069
9622	11.969112	6.081081	5.405405	5.212355	6.563707	5.308880	4.247104	7.335907
9623	12.024048	5.310621	5.711423	5.811623	6.613226	6.012024	4.108216	5.410822
9624	12.168793	5.593719	5.888126	5.299313	6.084396	6.378803	4.906771	6.378803
9625	12.647059	5.392157	5.098039	5.392157	6.078431	5.490196	4.803922	6.960784
9626	11.343284	5.572139	4.875622	4.676617	6.567164	5.572139	4.875622	7.363184
9627	11.941748	5.436893	5.825243	4.854369	6.504854	5.922330	4.174757	7.475728
9628	11.439842	5.621302	6.213018	5.128205	5.128205	5.029586	3.648915	5.719921
9629	11.177645	6.087824	6.487026	4.990020	6.487026	5.189621	4.291417	6.087824
9630	12.681510	6.292352	6.776379	4.065828	6.292352	5.905131	4.646660	6.679574
9631	12.121212	5.962854	5.865103	5.474096	5.180841	5.376344	4.496579	7.331378
9632	11.851126	4.505387	6.464251	5.093046	6.464251	5.190989	4.015671	7.345739
9633	11.122244	5.611222	6.613226	5.811623	6.012024	6.613226	4.509018	6.813627
9634	12.560857	5.452775	5.842259	5.647517	5.550146	6.329114	3.894839	7.108082
9635	11.874387	5.495584	5.495584	5.593719	6.967615	6.673209	4.514230	6.575074
9636	12.342080	6.413994	6.899903	5.053450	7.288630	5.442177	4.275996	5.733722
9637	12.893701	5.413386	5.708661	5.610236	6.397638	6.496063	5.019685	6.397638
9638	13.293651	6.051587	5.158730	4.861111	6.349206	5.753968	4.365079	5.753968
9639	12.291052	5.408063	7.472960	5.113078	6.096362	5.899705	4.129794	7.079646
9640	12.487611	6.243806	5.847374	5.550050	6.541130	4.955401	5.649158	5.351833
9641	12.330097	4.854369	6.019417	5.631068	6.310680	6.213592	4.563107	5.728155
9642	12.313803	5.660377	6.057597	4.667329	5.958292	6.554121	3.773585	7.149950
9643	12.966601	6.483301	5.599214	5.893910	6.385069	4.813360	4.223969	6.286837
9644	12.023460	5.865103	5.571848	4.887586	6.060606	5.962854	4.496579	7.429130
9645	13.988095	5.357143	5.654762	5.257937	6.547619	5.456349	4.365079	6.448413
9646	11.968348	5.440158	5.835806	4.648863	6.330366	5.835806	4.747774	6.231454
9647	11.909449	5.413386	6.397638	5.216535	6.200787	6.003937	4.232283	6.594488
9648	12.159533	6.128405	7.003891	4.669261	6.517510	5.642023	4.377432	7.295720
9649	11.408730	6.250000	5.357143	4.960317	5.753968	6.150794	3.869048	6.547619
9650	11.678116	5.201178	6.280667	4.416094	5.593719	4.514230	4.612365	7.262022
9651	11.834320	5.522682	5.424063	5.226824	5.818540	6.410256	4.142012	6.804734
9652	11.475410	5.978785	5.593057	5.593057	6.846673	4.821601	3.471553	7.039537
9653	13.540622	5.115346	5.616851	3.911735	6.519559	5.516550	4.212638	5.917753
9654	13.823529	6.176471	6.372549	5.686275	6.470588	5.294118	4.215686	5.588235
9655	12.805474	5.083089	6.060606	5.767351	5.571848	6.744868	3.812317	5.571848
9656	12.414467	5.865103	6.060606	4.692082	5.571848	5.474096	4.301075	7.038123
9657	13.320274	5.484819	6.953967	5.484819	6.366308	6.170421	4.505387	5.680705
9658	11.588412	4.895105	5.394605	5.394605	6.093906	5.594406	3.696304	6.693307
9659	12.187812	6.093906	5.594406	4.495504	5.994006	5.694306	5.194805	6.893107
9660	11.752988	5.478088	5.976096	5.378486	5.478088	6.175299	4.880478	5.278884
9661	11.068335	5.197305	6.063523	5.004812	6.063523	5.197305	4.427334	6.737247
9662	11.111111	5.357143	6.250000	4.861111	6.746032	6.051587	3.968254	7.142857
9663	12.810328	5.958292	6.554121	5.064548	6.653426	6.454816	4.568024	6.057597
9664	11.730205	6.158358	5.962854	4.887586	6.647116	4.496579	4.398827	6.158358
9665	11.553398	5.339806	5.533981	4.466019	5.728155	5.922330	4.660194	7.572816
9666	11.394892	5.992141	5.500982	5.599214	5.893910	6.188605	3.831041	5.500982
9667	12.772277	5.544554	6.237624	4.752475	6.237624	5.247525	4.356436	5.643564
9668	11.326234	5.711520	5.227493	7.066796	6.098742	5.905131	3.775411	6.582769
9669	12.391931	6.532181	6.340058	4.226705	5.763689	5.955812	4.322767	7.204611
9670	13.457760	6.286837	6.777996	4.911591	6.385069	5.893910	4.911591	6.483301
9671	12.858556	5.044510	5.341246	5.539070	6.923838	6.528190	3.857567	6.330366
9672	12.512124	5.916586	6.110572	5.043647	7.371484	5.140640	4.655674	7.274491
9673	11.166500	6.181456	6.979063	4.985045	4.586241	6.281157	4.785643	6.281157
9674	11.764706	6.081755	4.985045	4.586241	5.483549	5.383848	3.988036	6.081755
9675	12.634672	5.974535	5.190989	4.897160	6.366308	5.093046	4.995103	6.170421
9676	12.634672	5.582762	6.366308	5.680705	6.758080	4.995103	4.701273	7.247796
9677	12.953876	5.986261	6.280667	6.575074	6.280667	5.888126	4.317959	5.201178
9678	12.805474	5.865103	6.549365	5.865103	7.038123	5.474096	3.421310	5.376344
9679	12.130178	5.522682	5.719921	5.029586	7.001972	5.325444	4.142012	7.001972
9680	12.277228	5.940594	5.445545	5.643564	5.841584	5.544554	4.059406	5.445545
9681	13.216715	5.830904	6.511176	5.053450	6.802721	6.025267	3.887269	6.899903
9682	12.648221	5.434783	5.731225	4.841897	6.324111	5.237154	3.952569	8.003953
9683	11.911623	5.091258	5.763689	5.091258	5.571566	6.532181	4.226705	6.724304
9684	12.389381	6.096362	5.703048	4.326450	6.293019	5.998033	5.014749	7.276303
9685	13.098729	5.474096	5.571848	5.571848	7.429130	5.767351	4.301075	7.722385
9686	13.103448	5.517241	5.418719	5.714286	6.206897	6.798030	4.039409	6.600985
9687	12.755599	6.523856	6.621227	4.381694	7.497566	5.452775	4.089581	6.718598
9688	12.868369	5.599214	6.679764	5.009823	6.777996	4.715128	4.223969	6.188605
9689	11.746988	5.923695	6.124498	4.919679	6.224900	5.923695	3.915663	6.927711
9690	13.830846	5.870647	6.368159	5.273632	6.965174	6.069652	4.278607	6.666667
9691	11.872587	5.405405	5.598456	5.115830	5.984556	5.888031	3.378378	5.984556
9692	13.444553	5.593719	6.771344	5.888126	6.869480	6.280667	4.906771	6.575074
9693	12.549801	6.772908	5.278884	5.278884	6.075697	4.980080	4.382470	6.274900
9694	13.090551	5.314961	5.610236	4.822835	6.397638	5.118110	4.330709	6.102362
9695	12.772277	5.841584	5.742574	4.653465	6.435644	5.049505	4.653465	6.534653
9696	12.621359	5.825243	6.407767	5.825243	6.601942	5.825243	3.980583	6.407767
9697	12.864322	5.326633	6.130653	5.527638	6.834171	6.130653	4.221106	6.030151
9698	13.000978	4.887586	5.865103	5.474096	6.060606	5.474096	3.812317	7.233627
9699	12.413793	6.009852	5.812808	6.206897	6.502463	4.926108	3.842365	6.699507
9700	11.298315	5.550050	5.847374	5.153617	7.234886	5.351833	4.757185	5.649158
9701	12.475050	4.690619	5.089820	4.590818	6.287425	5.988024	5.588822	5.888224
9702	12.183236	6.335283	5.750487	4.970760	6.920078	6.920078	4.191033	6.140351
9703	11.960784	5.392157	5.686275	5.196078	6.176471	6.078431	5.098039	6.862745
9704	12.881023	5.408063	6.391347	5.703048	7.177974	6.293019	4.523107	6.391347
9705	13.000978	6.647116	6.744868	5.083089	6.451613	6.060606	4.789834	6.451613
9706	13.142292	5.434783	5.928854	4.644269	6.324111	5.632411	4.644269	6.719368
9707	12.366115	5.744888	5.063291	4.771178	5.939630	5.258033	5.160662	6.426485
9708	13.545817	6.075697	6.573705	5.378486	6.075697	6.274900	4.681275	6.673307
9709	12.280702	6.335283	5.555556	6.530214	5.945419	5.360624	3.508772	6.140351
9710	12.525050	5.611222	5.811623	4.809619	6.913828	6.813627	3.907816	5.811623
9711	12.741313	6.177606	5.598456	4.247104	7.046332	6.177606	5.405405	5.212355
9712	11.420060	6.057597	5.858987	5.958292	7.745780	5.858987	4.667329	7.745780
9713	11.363636	5.830040	6.324111	4.940711	5.632411	5.138340	4.644269	6.225296
9714	10.980392	5.196078	6.372549	4.705882	6.764706	5.392157	4.019608	7.549020
9715	11.964108	5.583250	5.882353	5.483549	6.979063	5.782652	5.084746	5.882353
9716	13.214990	4.832347	5.522682	5.325444	7.495069	5.226824	5.029586	7.396450
9717	11.980198	5.148515	5.544554	4.653465	5.742574	5.049505	3.861386	6.435644
9718	13.510848	5.522682	6.015779	6.015779	6.114398	5.522682	4.733728	6.903353
9719	12.512413	5.660377	5.362463	4.568024	4.865938	5.362463	4.071500	6.454816
9720	12.549801	5.677291	5.278884	5.278884	5.677291	6.274900	4.083665	7.270916
9721	11.637081	5.522682	5.621302	5.522682	6.804734	5.522682	4.733728	5.818540
9722	13.026445	5.582762	5.876592	5.680705	4.701273	6.072478	3.917728	7.639569
9723	13.799806	6.025267	4.859086	4.761905	6.413994	5.150632	4.178814	5.830904
9724	12.263210	5.084746	6.380857	5.682951	5.982054	6.081755	4.486540	6.979063
9725	11.011905	6.150794	6.051587	6.349206	5.456349	5.257937	4.067460	6.250000
9726	12.711023	6.454816	5.660377	4.766634	6.156902	6.057597	4.468719	6.256207
9727	12.572534	5.609284	6.479691	5.125725	6.673114	5.415861	4.448743	6.286267
9728	12.011719	6.054688	6.152344	5.468750	5.566406	5.468750	4.589844	5.664062
9729	13.090551	5.708661	6.003937	4.921260	7.086614	5.314961	4.724409	6.496063
9730	12.921890	4.725169	6.171649	6.075217	5.882353	6.750241	3.567985	5.882353
9731	11.434303	4.814443	5.616851	6.118355	6.118355	5.616851	4.212638	5.315948
9732	12.074002	5.355404	5.550146	5.550146	7.108082	5.647517	4.381694	6.231743
9733	11.940299	5.174129	5.970149	5.373134	6.666667	5.572139	5.273632	6.965174
9734	11.339198	5.767351	4.887586	4.985337	6.451613	4.887586	4.007820	6.451613
9735	12.820513	5.029586	5.719921	5.128205	6.903353	5.424063	5.226824	6.015779
9736	12.720157	4.892368	6.262231	5.968689	5.772994	6.164384	4.109589	7.436399
9737	12.803104	5.916586	5.722599	4.364694	6.692532	6.110572	3.588749	7.177498
9738	13.267327	5.643564	6.435644	4.950495	6.831683	6.732673	4.158416	5.742574
9739	12.150434	5.689489	5.593057	4.725169	6.075217	5.400193	5.207329	6.557377
9740	11.657033	5.491329	5.587669	6.069364	6.069364	7.514451	3.949904	7.032755
9741	12.007874	5.610236	5.314961	3.838583	6.299213	5.610236	4.822835	7.381890
9742	12.327416	6.114398	6.410256	5.522682	6.706114	5.226824	5.424063	5.818540
9743	13.207547	5.660377	6.454816	5.163853	6.156902	5.561072	4.170804	7.249255
9744	12.352941	6.078431	6.372549	4.607843	5.294118	5.490196	4.901961	6.960784
9745	13.742690	5.847953	6.237817	4.970760	5.653021	6.530214	4.191033	6.530214
9746	12.242899	5.093046	6.953967	4.211557	6.170421	5.093046	4.309500	6.464251
9747	13.596914	6.364513	6.750241	6.653809	6.846673	5.496625	4.918033	6.653809
9748	11.352419	6.219151	6.120434	5.231984	6.910168	5.725568	4.442251	6.317868
9749	12.414467	5.474096	5.962854	5.474096	6.060606	5.278592	4.105572	7.038123
9750	13.333333	5.893720	7.053140	4.444444	5.507246	6.570048	4.347826	7.149758
9751	12.818004	5.283757	5.479452	4.403131	6.751468	5.479452	4.403131	6.360078
9752	12.759644	5.341246	6.824926	5.242334	7.121662	5.440158	4.055391	6.824926
9753	12.074002	5.452775	6.037001	6.621227	6.037001	5.744888	3.407984	6.523856
9754	13.111546	5.577299	5.577299	5.088063	6.262231	5.283757	3.326810	7.045010
9755	11.600000	5.300000	5.000000	5.800000	6.800000	5.800000	5.000000	5.600000
9756	13.223938	5.984556	5.984556	5.984556	6.370656	5.984556	4.440154	6.660232
9757	11.895551	5.415861	5.609284	5.222437	5.415861	5.996132	4.448743	7.253385
9758	12.524272	5.631068	6.990291	4.660194	5.728155	6.310680	3.883495	7.281553
9759	12.265084	6.132542	6.033630	5.539070	6.033630	5.440158	5.044510	6.824926
9760	13.091641	5.438066	5.840886	5.337362	5.840886	5.639476	4.733132	6.344411
9761	10.468594	5.782652	6.081755	5.383848	6.281157	5.383848	3.788634	6.380857
9762	13.294233	6.549365	6.451613	5.669599	6.451613	5.767351	4.985337	5.962854
9763	12.868369	5.304519	5.992141	6.090373	5.500982	6.679764	4.518664	5.697446
9764	10.848126	5.818540	6.508876	4.832347	6.114398	5.522682	4.437870	6.903353
9765	11.579980	5.495584	6.084396	5.004907	7.654563	6.673209	4.023553	6.771344
9766	12.151394	5.577689	6.075697	4.780876	6.972112	5.876494	4.780876	6.872510
9767	12.047013	5.288932	5.680705	5.778648	5.778648	5.974535	5.093046	6.072478
9768	11.100196	5.992141	5.304519	5.500982	6.090373	5.108055	4.518664	7.269155
9769	12.931885	5.824284	6.416584	4.738401	7.206318	5.528134	3.751234	6.910168
9770	13.052012	6.084396	6.084396	5.986261	6.084396	5.397448	4.023553	5.691855
9771	12.287712	4.695305	5.894106	5.694306	5.294705	6.393606	3.596404	5.794206
9772	12.035225	5.283757	5.772994	4.892368	7.142857	5.968689	3.913894	6.555773
9773	11.581067	5.740181	6.143001	5.639476	6.747231	6.042296	4.128902	5.941591
9774	12.133072	5.675147	5.870841	5.772994	6.262231	5.870841	3.816047	6.066536
9775	13.453815	4.919679	6.124498	5.120482	6.024096	5.120482	4.417671	7.128514
9776	13.018322	4.821601	5.207329	5.978785	6.943105	6.171649	3.857281	6.364513
9777	11.976048	5.588822	5.089820	6.087824	5.888224	5.788423	4.191617	6.187625
9778	11.914062	5.273438	6.250000	4.785156	7.128906	5.078125	4.199219	6.640625
9779	12.354086	6.712062	6.031128	5.544747	8.073930	6.225681	4.863813	7.101167
9780	12.512124	6.013579	5.334627	4.849661	8.050436	5.819593	4.752667	6.595538
9781	12.871287	5.940594	5.544554	5.841584	5.643564	5.247525	4.653465	5.841584
9782	13.214990	5.621302	6.015779	5.522682	5.917160	5.029586	4.536489	5.621302
9783	12.130178	5.621302	5.226824	5.424063	6.903353	5.424063	4.142012	6.114398
9784	12.399194	5.745968	5.645161	4.939516	7.056452	5.947581	3.729839	6.552419
9785	12.156863	5.588235	6.960784	4.705882	5.980392	5.686275	4.411765	6.078431
9786	12.858556	5.637982	6.627102	5.143422	5.736894	6.726014	4.253215	6.132542
9787	12.852970	5.647517	5.355404	4.965920	5.160662	6.426485	4.771178	6.426485
9788	12.387612	4.995005	4.995005	6.393606	6.393606	5.594406	3.896104	7.192807
9789	11.902439	5.463415	5.463415	5.951220	6.146341	5.756098	4.000000	6.634146
9790	12.389381	5.801377	5.408063	4.621436	7.276303	5.408063	4.326450	7.276303
9791	13.281250	5.859375	6.933594	5.175781	6.152344	5.175781	3.906250	6.445312
9792	13.596059	5.812808	6.502463	4.236453	5.812808	5.812808	4.039409	6.600985
9793	12.671906	5.304519	6.188605	4.616896	5.500982	5.795678	4.518664	6.777996
9794	13.119534	5.539359	6.413994	4.567541	5.442177	5.539359	4.178814	6.802721
9795	11.422846	5.210421	6.613226	3.907816	6.613226	5.611222	4.509018	6.412826
9796	12.230920	5.088063	6.849315	4.500978	6.360078	5.577299	4.403131	5.675147
9797	12.765957	5.415861	6.286267	5.222437	5.415861	5.415861	5.125725	7.350097
9798	11.735700	6.311637	5.424063	4.536489	6.114398	5.325444	5.128205	6.410256
9799	12.524851	4.970179	4.970179	4.373757	5.666004	6.063618	4.174950	7.554672
9800	13.194444	5.456349	6.250000	4.861111	5.654762	5.357143	3.968254	5.456349
9801	12.732615	5.680705	5.582762	5.974535	6.268364	6.268364	3.525955	6.660137
9802	12.390244	4.975610	6.048780	4.878049	6.146341	6.146341	4.097561	7.317073
9803	12.820513	6.311637	5.621302	5.128205	6.706114	6.410256	4.733728	7.495069
9804	11.591356	5.795678	5.500982	5.009823	5.697446	5.795678	3.929273	6.679764
9805	13.518887	5.765408	5.666004	5.069583	6.163022	5.666004	4.572565	6.461233
9806	12.855741	6.280667	5.789990	5.691855	5.593719	6.084396	3.729146	6.869480
9807	12.426614	5.088063	5.675147	6.066536	6.653620	5.870841	5.088063	6.751468
9808	12.082515	5.206287	5.500982	5.009823	6.679764	5.893910	4.420432	6.286837
9809	13.157895	5.750487	5.847953	5.945419	6.920078	5.165692	4.093567	5.847953
9810	12.268744	4.771178	6.621227	5.939630	4.771178	6.231743	4.771178	6.913340
9811	11.534702	5.376344	5.474096	6.158358	6.158358	4.398827	4.105572	5.474096
9812	12.192724	6.096362	6.391347	5.801377	6.194690	5.801377	4.031465	6.784661
9813	11.892963	5.649158	5.946482	5.252725	5.054509	5.550050	4.360753	6.045590
9814	12.971926	5.614714	6.001936	5.130687	6.485963	6.001936	4.259439	6.098742
9815	13.160518	6.779661	5.682951	6.281157	6.580259	5.882353	4.187438	5.982054
9816	12.388503	6.144698	6.342914	4.658077	5.946482	6.144698	4.063429	6.937562
9817	11.932939	5.818540	5.522682	4.832347	6.508876	6.706114	3.846154	6.213018
9818	12.376238	5.049505	5.544554	5.148515	6.237624	5.742574	3.861386	6.633663
9819	12.992126	6.200787	6.397638	6.003937	6.102362	6.003937	4.429134	6.692913
9820	12.437312	5.717151	5.817452	5.215647	7.021063	5.315948	4.513541	5.917753
9821	12.745098	5.588235	5.980392	5.784314	6.470588	5.686275	4.411765	7.254902
9822	12.192724	5.408063	5.113078	6.489676	6.194690	5.604720	3.736480	6.686332
9823	12.684366	6.293019	5.211406	5.408063	6.489676	5.998033	3.834808	6.489676
9824	13.841525	5.917753	6.118355	5.015045	6.318957	5.315948	4.613842	5.917753
9825	11.122145	5.561072	4.865938	5.660377	5.461768	5.163853	4.865938	6.256207
9826	13.326653	6.112224	6.112224	5.310621	6.613226	5.511022	5.310621	7.214429
9827	12.216749	6.108374	6.502463	5.221675	5.714286	5.615764	4.236453	6.502463
9828	12.790698	5.813953	5.620155	4.554264	6.298450	5.523256	4.166667	7.461240
9829	11.470588	5.490196	6.078431	5.784314	6.470588	4.607843	5.000000	7.745098
9830	13.306452	5.443548	5.645161	5.544355	6.451613	5.241935	4.133065	6.350806
9831	13.649852	5.341246	5.044510	6.528190	6.429278	6.231454	4.055391	5.835806
9832	12.812813	6.206206	5.905906	5.005005	6.706707	6.206206	5.005005	5.405405
9833	11.747285	5.133268	5.923001	5.626851	6.021718	5.429418	4.837117	6.515301
9834	13.689320	5.436893	6.893204	5.825243	5.825243	6.407767	4.271845	5.922330
9835	12.770138	4.911591	4.911591	5.697446	5.992141	5.893910	4.518664	6.777996
9836	10.617761	6.081081	6.081081	5.308880	6.467181	6.081081	4.247104	7.528958
9837	12.840467	5.836576	5.933852	6.031128	5.544747	5.447471	3.891051	6.031128
9838	11.805556	5.853175	6.051587	6.547619	5.357143	5.456349	3.968254	5.952381
9839	13.081395	6.298450	5.910853	4.844961	6.492248	6.201550	4.069767	6.686047
9840	12.106299	5.314961	6.200787	6.397638	7.086614	5.708661	4.330709	6.200787
9841	10.746269	4.975124	5.671642	4.975124	6.567164	5.870647	4.378109	6.467662
9842	12.747036	6.422925	6.027668	5.533597	6.422925	6.225296	3.359684	6.719368
9843	11.254980	5.677291	6.374502	5.876494	5.278884	5.876494	4.482072	6.673307
9844	12.156863	5.588235	4.901961	5.980392	7.450980	5.490196	4.313725	6.862745
9845	11.839530	5.479452	5.088063	4.892368	5.577299	5.968689	4.305284	6.457926
9846	11.700000	4.900000	5.400000	5.600000	6.800000	5.800000	4.700000	5.800000
9847	13.779528	5.708661	5.511811	6.003937	6.003937	5.413386	4.724409	6.496063
9848	12.805474	5.474096	5.571848	4.887586	7.526882	5.767351	4.007820	5.571848
9849	13.518887	5.168986	5.566600	5.069583	6.163022	5.666004	3.777336	5.964215
9850	11.758893	5.434783	5.237154	5.039526	6.324111	5.237154	4.249012	7.015810
9851	12.424850	6.012024	5.110220	5.010020	6.913828	5.711423	3.907816	6.913828
9852	12.706111	4.849661	6.110572	7.177498	5.625606	6.498545	4.655674	6.692532
9853	12.634672	5.974535	5.974535	4.211557	5.876592	6.366308	5.093046	6.562194
9854	10.965795	5.432596	6.237425	5.231388	5.633803	5.633803	4.024145	5.734406
9855	12.635735	6.317868	5.923001	6.515301	6.317868	5.824284	5.429418	6.712734
9856	11.735700	6.114398	6.015779	4.733728	6.804734	6.903353	4.339250	6.903353
9857	12.301587	6.349206	6.448413	4.761905	5.059524	5.654762	3.670635	5.654762
9858	13.735178	6.324111	5.335968	4.940711	6.521739	5.533597	4.249012	6.620553
9859	10.099010	5.544554	5.346535	5.247525	6.039604	5.544554	3.960396	6.435644
9860	11.598441	6.042885	5.945419	4.873294	8.089669	6.432749	3.606238	7.115010
9861	11.648569	4.639684	5.824284	4.442251	5.923001	5.923001	3.849951	6.614018
9862	12.610837	6.600985	6.108374	4.532020	6.502463	5.911330	4.039409	6.403941
9863	12.055336	6.324111	5.928854	5.335968	4.644269	5.533597	4.446640	5.237154
9864	12.599206	5.257937	5.952381	5.059524	6.150794	6.448413	4.761905	7.043651
9865	12.658228	6.037001	5.452775	4.479065	6.231743	5.355404	5.160662	5.744888
9866	12.524655	6.114398	6.311637	4.339250	5.621302	6.903353	3.846154	6.903353
9867	11.564626	6.025267	6.025267	5.247813	6.899903	4.956268	4.373178	6.316812
9868	11.782178	5.742574	6.336634	4.752475	6.138614	6.039604	5.544554	6.831683
9869	13.595166	5.337362	5.639476	4.531722	6.042296	5.840886	3.927492	6.646526
9870	12.168793	5.691855	6.280667	5.593719	6.280667	5.888126	3.827282	6.771344
9871	13.649852	6.033630	5.637982	5.143422	6.627102	5.835806	4.253215	6.429278
9872	13.486513	5.794206	4.595405	5.094905	6.593407	5.594406	4.695305	5.694306
9873	12.340842	6.268364	5.876592	5.093046	6.562194	4.113614	4.799216	6.953967
9874	12.331407	5.780347	6.358382	5.780347	6.936416	5.394990	3.949904	6.743738
9875	13.452028	5.242334	5.736894	4.846686	5.736894	6.330366	4.055391	7.319486
9876	12.426036	5.522682	5.226824	5.621302	6.508876	5.325444	4.536489	5.917160
9877	13.064833	5.304519	5.108055	5.697446	6.483301	5.697446	4.616896	6.090373
9878	12.127237	5.367793	5.268390	5.864811	6.063618	6.361829	4.274354	6.660040
9879	10.749507	6.015779	5.818540	5.325444	5.917160	5.917160	3.944773	7.001972
9880	12.051793	5.976096	4.980080	4.382470	5.876494	5.378486	3.685259	6.772908
9881	13.803089	5.984556	5.694981	5.019305	6.949807	5.598456	4.150579	6.081081
9882	12.450199	6.175299	6.175299	5.677291	5.278884	5.577689	3.884462	6.175299
9883	12.635735	5.725568	6.021718	5.330701	6.614018	5.626851	4.442251	7.008885
9884	12.512219	5.571848	6.060606	5.180841	7.135875	5.865103	4.692082	5.962854
9885	12.413108	5.660377	6.752731	5.561072	6.454816	6.454816	4.965243	6.752731
9886	13.582677	5.314961	6.003937	5.019685	5.807087	5.413386	4.724409	6.496063
9887	12.463199	5.888126	5.593719	4.906771	5.888126	7.065751	4.416094	7.163886
9888	13.261297	5.500982	6.188605	4.911591	6.188605	5.795678	4.125737	7.170923
9889	13.181368	6.342914	6.838454	4.558969	6.045590	5.847374	4.757185	5.351833
9890	12.426614	5.772994	6.066536	4.696673	5.577299	6.653620	4.109589	6.751468
9891	12.906404	6.009852	5.812808	5.615764	7.586207	5.517241	4.236453	6.305419
9892	13.962635	5.309735	5.408063	5.506391	6.784661	6.194690	3.638151	7.177974
9893	13.275194	6.104651	6.201550	5.523256	6.104651	5.910853	4.554264	6.104651
9894	11.937378	5.675147	6.457926	5.283757	7.534247	6.751468	4.403131	5.577299
9895	14.501511	4.833837	5.941591	5.438066	6.646526	6.847936	3.726083	5.941591
9896	12.681510	6.292352	5.517909	5.130687	7.550823	5.421104	3.872217	6.195547
9897	12.833169	6.712734	5.923001	5.231984	5.231984	6.317868	3.455084	5.626851
9898	12.763819	5.728643	6.633166	5.728643	7.035176	4.723618	4.824121	5.728643
9899	12.202381	5.158730	5.257937	5.357143	6.349206	6.250000	4.861111	6.547619
9900	10.551791	5.130687	5.421104	6.582769	6.582769	6.195547	3.969022	6.969990
9901	12.830558	5.386876	5.778648	5.386876	6.562194	6.268364	4.701273	6.562194
9902	12.561820	6.033630	6.528190	6.429278	6.330366	6.429278	4.451039	6.824926
9903	12.250996	5.677291	5.478088	5.677291	6.274900	6.274900	3.784861	5.776892
9904	12.306202	5.910853	5.910853	5.329457	6.589147	5.717054	4.844961	6.879845
9905	13.294233	5.865103	6.158358	4.594330	7.331378	5.278592	4.398827	5.962854
9906	11.155779	6.130653	5.929648	5.226131	6.130653	5.427136	4.522613	5.829146
9907	13.000000	5.800000	6.600000	5.300000	6.300000	5.300000	3.600000	4.900000
9908	11.694747	5.054509	6.243806	4.955401	7.631318	4.658077	4.360753	6.045590
9909	11.493124	5.893910	6.090373	4.813360	6.974460	5.893910	4.813360	7.956778
9910	12.240869	5.528134	5.923001	4.639684	5.330701	6.416584	4.738401	5.725568
9911	10.760118	5.528134	5.824284	5.923001	6.219151	6.120434	4.442251	6.120434
9912	12.365064	5.593719	5.888126	4.710500	6.771344	5.691855	4.121688	6.084396
9913	13.663366	6.633663	6.138614	4.851485	6.039604	5.247525	3.762376	6.435644
9914	13.286713	5.194805	6.093906	5.894106	5.594406	5.394605	4.395604	6.193806
9915	12.896825	5.853175	5.952381	5.952381	6.547619	5.456349	3.670635	6.349206
9916	10.629921	5.511811	6.102362	5.413386	6.003937	6.102362	3.641732	6.200787
9917	12.475822	6.092843	5.415861	5.705996	5.609284	5.899420	4.352031	6.189555
9918	12.884044	5.550050	5.748266	5.550050	6.045590	5.649158	4.360753	5.946482
9919	12.338308	5.472637	5.771144	4.875622	5.273632	5.273632	3.383085	7.562189
9920	14.453125	6.152344	6.054688	4.296875	6.835938	4.687500	5.468750	6.542969
9921	11.679537	4.633205	5.888031	5.308880	6.274131	5.791506	4.150579	7.432432
9922	11.198428	5.402750	5.500982	4.420432	6.876228	4.911591	4.518664	7.072692
9923	12.449799	5.421687	5.421687	6.124498	6.325301	5.421687	4.216867	6.726908
9924	10.526316	6.256207	4.865938	6.951341	5.163853	5.362463	3.674280	5.561072
9925	13.452028	5.341246	6.132542	6.033630	6.033630	6.627102	5.341246	6.231454
9926	12.768031	5.068226	6.920078	4.775828	6.335283	5.263158	4.483431	6.335283
9927	12.387612	5.694306	6.093906	5.594406	6.393606	6.193806	5.394605	6.393606
9928	13.529412	6.274510	5.882353	4.705882	6.078431	5.980392	3.921569	7.450980
9929	11.221450	5.759682	6.355511	5.561072	5.958292	5.461768	5.163853	6.554121
9930	13.030602	5.626851	5.725568	5.231984	6.219151	6.317868	4.837117	7.403751
9931	11.741294	5.870647	5.970149	5.074627	6.467662	5.572139	4.776119	6.069652
9932	11.960784	5.392157	5.588235	5.294118	5.784314	5.196078	4.313725	6.568627
9933	11.557297	5.190989	5.974535	5.484819	5.582762	5.680705	3.623898	6.856024
9934	12.536729	5.582762	5.974535	4.603330	5.288932	4.995103	3.330069	6.268364
9935	13.004926	6.206897	6.009852	5.714286	6.108374	4.827586	3.842365	6.699507
9936	12.043435	5.330701	5.923001	4.935834	5.725568	5.330701	4.738401	6.317868
9937	11.717974	4.568024	5.759682	5.660377	6.653426	5.561072	4.468719	5.958292
9938	13.111546	5.675147	4.794521	6.164384	5.968689	5.772994	4.696673	7.142857
9939	12.598425	6.299213	6.102362	5.413386	6.889764	5.413386	4.527559	6.102362
9940	13.537549	5.830040	6.027668	5.632411	6.818182	5.830040	4.446640	6.719368
9941	11.918605	5.329457	6.201550	6.492248	7.558140	6.589147	4.263566	6.686047
9942	12.294288	6.001936	5.227493	5.421104	6.776379	5.421104	4.840271	5.614714
9943	12.319538	5.389798	6.063523	5.486044	6.352262	6.737247	4.138595	6.929740
9944	11.712598	4.921260	6.003937	5.314961	5.314961	7.086614	4.724409	6.791339
9945	12.810328	5.660377	5.461768	5.759682	6.752731	6.156902	3.674280	5.858987
9946	13.008937	5.759682	5.858987	4.766634	6.752731	5.858987	4.270109	6.355511
9947	12.611718	5.660377	5.958292	5.064548	6.752731	6.057597	4.568024	5.958292
9948	13.393756	5.740181	6.948640	5.538771	4.431017	5.941591	4.028197	6.042296
9949	11.655240	5.876592	6.072478	5.778648	5.582762	4.603330	4.603330	5.778648
9950	11.897738	6.194690	5.703048	5.014749	6.293019	5.604720	5.506391	7.177974
9951	12.959381	5.609284	6.286267	5.609284	5.899420	6.866538	3.965184	6.866538
9952	12.599206	5.357143	5.257937	6.250000	5.952381	5.654762	3.869048	6.250000
9953	12.462908	6.033630	6.033630	4.945598	6.132542	6.033630	4.648863	6.429278
9954	12.825651	5.611222	5.911824	5.110220	6.613226	5.911824	4.108216	7.014028
9955	11.618669	5.759682	5.263158	5.064548	6.653426	5.858987	3.574975	6.256207
9956	13.333333	5.392157	6.372549	5.686275	6.666667	5.784314	5.392157	5.686275
9957	12.765957	5.415861	6.382979	6.189555	5.996132	5.415861	4.255319	6.092843
9958	12.966601	5.599214	6.385069	4.813360	6.385069	5.795678	3.929273	7.072692
9959	11.741294	6.069652	5.572139	5.572139	6.069652	6.368159	4.676617	7.064677
9960	12.585366	5.658537	6.341463	6.926829	5.951220	5.756098	4.390244	7.219512
9961	11.952191	5.278884	5.079681	4.780876	6.673307	5.378486	4.382470	6.673307
9962	11.992071	4.955401	6.442022	5.748266	6.144698	6.045590	4.162537	6.045590
9963	11.793855	5.351833	5.847374	5.153617	6.342914	5.351833	4.558969	6.144698
9964	12.835821	5.273632	5.671642	5.074627	6.268657	5.671642	5.671642	6.567164
9965	12.048193	5.923695	6.425703	4.417671	5.923695	6.224900	4.417671	6.325301
9966	11.683168	5.148515	6.336634	6.039604	6.336634	6.138614	4.950495	6.237624
9967	13.008937	6.454816	4.965243	5.064548	5.461768	6.256207	4.170804	6.256207
9968	10.714286	5.059524	6.150794	6.349206	6.746032	5.555556	4.365079	6.051587
9969	12.736318	6.169154	5.074627	4.875622	6.666667	6.567164	5.472637	7.164179
9970	12.377210	5.992141	6.581532	5.697446	5.500982	5.009823	4.027505	6.090373
9971	12.047013	5.778648	5.680705	5.386876	5.974535	6.170421	4.603330	8.423115
9972	11.251212	5.431620	5.237633	4.655674	7.662464	5.237633	4.170708	6.692532
9973	13.140097	6.473430	6.183575	5.507246	6.570048	5.410628	3.864734	5.603865
9974	11.932939	5.522682	5.917160	4.536489	6.508876	5.719921	4.339250	6.311637
9975	11.177052	6.132542	5.143422	4.945598	7.418398	5.835806	4.253215	6.824926
9976	12.893701	5.511811	7.381890	4.921260	6.299213	6.397638	4.527559	7.381890
9977	11.971831	5.231388	4.627767	5.030181	6.438632	6.539235	4.124748	6.740443
9978	10.980392	5.686275	5.490196	5.098039	6.862745	5.980392	4.705882	6.764706
9979	12.903226	5.474096	5.767351	4.594330	5.669599	5.376344	4.301075	6.256109
9980	12.759644	5.736894	5.341246	4.846686	6.824926	5.736894	3.857567	6.627102
9981	10.428850	5.555556	5.653021	5.653021	7.212476	4.873294	4.580897	5.847953
9982	12.862669	5.222437	5.899420	4.545455	5.996132	5.802708	4.352031	6.286267
9983	11.881188	5.940594	5.445545	5.148515	7.029703	6.237624	4.455446	6.633663
9984	11.821705	5.135659	6.104651	6.104651	6.589147	4.941860	3.779070	5.813953
9985	12.695312	5.859375	5.566406	5.078125	6.738281	5.664062	3.515625	6.738281
9986	12.365064	5.986261	6.084396	5.103042	6.280667	5.299313	4.906771	5.986261
9987	11.787819	5.599214	6.385069	4.616896	5.599214	6.188605	3.634578	6.679764
9988	12.124248	5.010020	5.711423	6.012024	5.310621	5.410822	3.607214	5.310621
9989	12.548263	5.984556	5.501931	4.536680	6.949807	5.308880	4.440154	5.984556
9990	12.500000	5.859375	5.566406	4.785156	5.566406	5.761719	5.078125	6.640625
9991	11.788212	5.494505	5.994006	5.994006	5.194805	5.594406	3.796204	6.393606
9992	12.156863	6.372549	5.784314	5.490196	5.980392	5.000000	4.607843	5.490196
9993	10.671937	5.632411	5.335968	5.039526	6.521739	4.940711	3.557312	6.620553
9994	12.815534	5.728155	5.825243	5.048544	6.213592	6.213592	4.368932	6.893204
9995	12.204724	5.413386	5.807087	6.496063	6.988189	5.708661	5.118110	6.594488
9996	12.487709	5.408063	6.489676	4.031465	6.096362	5.703048	5.408063	6.489676
9997	13.043478	5.533597	5.830040	4.545455	7.509881	6.324111	4.150198	5.830040
9998	12.246866	5.207329	6.364513	5.400193	6.075217	6.268081	4.146577	6.460945
9999	12.487611	5.351833	6.442022	5.351833	6.541130	5.450942	3.766105	5.946482
