ensembl_id	gene_symbol	gPS	log2_gPS1	LOEUF	Z_SCZ	Z_BIP	deltaZ
ENSG00000188641	DPYD	19	4.32193	1.09	10.018	1.7545	8.2635
ENSG00000080854	IGSF9B	11	3.58496	0.483	8.6813	1.2827	7.3986
ENSG00000101445	PPP1R16B	9	3.32193	0.381	8.599	5.043	3.556
ENSG00000196628	TCF4	45	5.52356	0.096	8.4365	3.0596	5.3769
ENSG00000151067	CACNA1C	13	3.80735	0.186	8.3914	6.4661	1.9253
ENSG00000165995	CACNB2	6	2.80735	0.77	8.3879	5.3589	3.029
ENSG00000002822	MAD1L1	30	4.9542	1.228	8.119	5.3137	2.8053
ENSG00000101442	ACTR5	2	1.58496	0.986	7.9681	4.9258	3.0423
ENSG00000114861	FOXP1	51	5.70044	0.279	7.8486	2.2232	5.6254
ENSG00000140564	FURIN	32	5.04439	0.3	7.7466	4.6009	3.1457
ENSG00000163935	SFMBT1	6	2.80735	0.402	7.6699	5.5618	2.1081
ENSG00000272573	MUSTN1	1	1	1.783	7.6604	6.6962	0.9642
ENSG00000196547	MAN2A2	2	1.58496	0.722	7.65	3.9084	3.7416
ENSG00000149295	DRD2	21	4.45943	0.372	7.6435	4.7246	2.9189
ENSG00000100167	SEPTIN3	1	1	0.588	7.622	0.9008	6.7212
ENSG00000100346	CACNA1I	8	3.16993	0.525	7.5912	2.3797	5.2115
ENSG00000110492	MDK	9	3.32193	1.698	7.5497	3.4277	4.122
ENSG00000051825	MPHOSPH9	19	4.32193	0.697	7.4431	1.534	5.9091
ENSG00000016864	GLT8D1	4	2.32193	1.266	7.39	6.4116	0.9784
ENSG00000163938	GNL3	3	2	1.378	7.3752	6.4291	0.9461
ENSG00000115896	PLCL1	23	4.58496	0.663	7.3519	4.5837	2.7682
ENSG00000149091	DGKZ	6	2.80735	0.451	7.3274	3.0442	4.2832
ENSG00000204120	GIGYF2	9	3.32193	0.15	7.2996	2.1307	5.1689
ENSG00000186010	NDUFA13	6	2.80735	1.301	7.2839	4.1347	3.1492
ENSG00000162267	ITIH3	10	3.45943	1.023	7.2788	6.2784	1.0004
ENSG00000169592	INO80E	14	3.90689	1.282	7.2667	4.2567	3.01
ENSG00000114902	SPCS1	4	2.32193	0.991	7.2499	6.4062	0.8437
ENSG00000144381	HSPD1	1	1	0.185	7.2149	3.6768	3.5381
ENSG00000149564	ESAM	9	3.32193	1.009	7.188	2.2802	4.9078
ENSG00000163939	PBRM1	5	2.58496	0.23	7.1634	6.8362	0.3272
ENSG00000115520	COQ10B	2	1.58496	1.147	7.1567	3.5862	3.5705
ENSG00000168268	NT5DC2	4	2.32193	0.788	7.1536	6.1936	0.96
ENSG00000129933	MAU2	16	4.08746	0.175	7.1486	3.3544	3.7942
ENSG00000080644	CHRNA3	34	5.12928	1.065	7.1477	2.5605	4.5872
ENSG00000166275	BORCS7	4	2.32193	1.484	7.0971	3.3516	3.7455
ENSG00000162972	MAIP1	3	2	1.399	7.0961	3.0936	4.0025
ENSG00000148795	CYP17A1	4	2.32193	1.249	7.0952	3.3874	3.7078
ENSG00000055957	ITIH1	8	3.16993	1.069	7.0889	6.021	1.0679
ENSG00000088808	PPP1R13B	6	2.80735	0.466	7.0888	4.625	2.4638
ENSG00000175224	ATG13	1	1	0.473	7.0615	3.6597	3.4018
ENSG00000110497	AMBRA1	9	3.32193	0.491	7.0365	3.6568	3.3797
ENSG00000174943	KCTD13	8	3.16993	0.713	7.0317	4.4675	2.5642
ENSG00000180720	CHRM4	3	2	0.398	7.0127	3.3131	3.6996
ENSG00000250067	YJEFN3	1	1	1.447	7.0114	4.2789	2.7325
ENSG00000164588	HCN1	7	3	0.329	6.9862	1.2668	5.7194
ENSG00000130921	MTRFR	9	3.32193	1.224	6.9748	1.6414	5.3334
ENSG00000180210	F2	21	4.45943	0.552	6.9543	2.9225	4.0318
ENSG00000126215	XRCC3	1	1	1.797	6.9499	4.2555	2.6944
ENSG00000154146	NRGN	8	3.16993	1.539	6.9384	2.4984	4.44
ENSG00000175220	ARHGAP1	5	2.58496	0.601	6.936	3.2172	3.7188
ENSG00000090975	PITPNM2	6	2.80735	0.36	6.9346	1.4617	5.4729
ENSG00000196141	SPATS2L	9	3.32193	0.722	6.9331	3.9958	2.9373
ENSG00000105705	SUGP1	17	4.16993	0.602	6.9237	3.5879	3.3358
ENSG00000205981	DNAJC19	2	1.58496	1.547	6.9156	2.1047	4.8109
ENSG00000171045	TSNARE1	13	3.80735	1.032	6.8903	3.0939	3.7964
ENSG00000162971	TYW5	3	2	1.165	6.8871	3.0615	3.8256
ENSG00000178568	ERBB4	19	4.32193	0.357	6.8222	1.3547	5.4675
ENSG00000136381	IREB2	13	3.80735	0.389	6.8211	2.4621	4.359
ENSG00000162944	RFTN2	4	2.32193	0.973	6.8185	4.5385	2.28
ENSG00000019102	VSIG2	2	1.58496	1.278	6.7823	2.6824	4.0999
ENSG00000213996	TM6SF2	21	4.45943	0.963	6.7792	3.9046	2.8746
ENSG00000182600	SNORC	1	1	1.972	6.7567	1.9485	4.8082
ENSG00000178074	C2orf69	2	1.58496	0.914	6.7435	3.2088	3.5347
ENSG00000114904	NEK4	6	2.80735	1.158	6.7422	6.1439	0.5983
ENSG00000076685	NT5C2	10	3.45943	1.128	6.7348	2.5877	4.1471
ENSG00000135250	SRPK2	10	3.45943	0.347	6.7271	3.8184	2.9087
ENSG00000149927	DOC2A	1	1	0.974	6.6745	3.0469	3.6276
ENSG00000187664	HAPLN4	6	2.80735	1.084	6.6596	4.344	2.3156
ENSG00000114416	FXR1	1	1	0.366	6.6438	1.0011	5.6427
ENSG00000126458	RRAS	1	1	1.175	6.6402	2.9522	3.688
ENSG00000148842	CNNM2	16	4.08746	0.312	6.6393	2.5615	4.0778
ENSG00000160161	CILP2	4	2.32193	1.329	6.6107	4.4498	2.1609
ENSG00000175213	ZNF408	2	1.58496	1.146	6.5298	3.4643	3.0655
ENSG00000127152	BCL11B	17	4.16993	0.462	6.5211	5.9374	0.5837
ENSG00000130449	ZSWIM6	12	3.70044	0.146	6.5091	2.6502	3.8589
ENSG00000078328	RBFOX1	22	4.52356	0.311	6.4192	3.7761	2.6431
ENSG00000175216	CKAP5	1	1	0.143	6.4145	2.2415	4.173
ENSG00000100197	CYP2D6	9	3.32193	1.706	6.3878	1.178	5.2098
ENSG00000028116	VRK2	19	4.32193	1.138	6.3565	2.5293	3.8272
ENSG00000166170	BAG5	9	3.32193	1.04	6.3544	2.8282	3.5262
ENSG00000177082	WDR73	2	1.58496	0.974	6.329	6.2057	0.1233
ENSG00000182196	ARL6IP4	5	2.58496	1.277	6.3162	1.5136	4.8026
ENSG00000176371	ZSCAN2	1	1	0.739	6.3094	6.3685	-0.0591
ENSG00000120705	ETF1	2	1.58496	0.19	6.3076	4.1184	2.1892
ENSG00000197696	NMB	13	3.80735	1.531	6.3049	6.0741	0.2308
ENSG00000115392	FANCL	18	4.24793	1.444	6.2821	2.36	3.9221
ENSG00000126456	IRF3	8	3.16993	0.949	6.2805	2.8147	3.4658
ENSG00000166716	ZNF592	1	1	0.212	6.2517	5.9776	0.2741
ENSG00000066248	NGEF	8	3.16993	0.5	6.2412	2.953	3.2882
ENSG00000163635	ATXN7	10	3.45943	0.257	6.2393	3.0131	3.2262
ENSG00000113013	HSPA9	2	1.58496	0.525	6.238	4.1218	2.1162
ENSG00000122970	IFT81	6	2.80735	1.054	6.2134	3.0074	3.206
ENSG00000170624	SGCD	5	2.58496	0.88	6.183	2.0888	4.0942
ENSG00000114054	PCCB	17	4.16993	0.843	6.1627	1.3239	4.8388
ENSG00000103723	AP3B2	4	2.32193	0.52	6.1123	3.59	2.5223
ENSG00000117971	CHRNB4	8	3.16993	0.772	6.1094	2.7321	3.3773
ENSG00000182511	FES	40	5.35755	0.961	6.1094	4.4248	1.6846
ENSG00000167491	GATAD2A	9	3.32193	0.295	6.1094	3.7688	2.3406
ENSG00000149930	TAOK2	2	1.58496	0.459	6.1094	4.5462	1.5632
ENSG00000214435	AS3MT	14	3.90689	1.26	6.1094	3.4755	2.6339
ENSG00000055955	ITIH4	11	3.58496	0.834	6.1094	6.839	-0.7296
ENSG00000115524	SF3B1	5	2.58496	0.1	6.1094	4.0256	2.0838
ENSG00000188266	HYKK	7	3	0.95	6.108	2.1088	3.9992
ENSG00000256053	COA8	3	2	1.305	6.1046	2.6772	3.4274
ENSG00000117020	AKT3	6	2.80735	0.482	6.0992	0.85448	5.24472
ENSG00000149922	TBX6	2	1.58496	0.936	6.0925	3.4349	2.6576
ENSG00000138311	ZNF365	18	4.24793	0.853	6.0891	4.7785	1.3106
ENSG00000156603	MED19	8	3.16993	0.498	6.0405	1.9359	4.1046
ENSG00000139746	RBM26	1	1	0.418	6.0378	3.7054	2.3324
ENSG00000198822	GRM3	12	3.70044	0.493	6.0326	2.0418	3.9908
ENSG00000119042	SATB2	14	3.90689	0.077	6.0285	2.2961	3.7324
ENSG00000233436	BTBD18	1	1	0.439	6.0238	2.754	3.2698
ENSG00000176681	LRRC37A	9	3.32193	1.424	5.9992	1.33	4.6692
ENSG00000176681	LRRC37A	9	3.32193	1.424	5.9992	0.56738	5.43182
ENSG00000183166	CALN1	7	3	0.898	5.9991	0.72842	5.27068
ENSG00000158445	KCNB1	10	3.45943	0.309	5.9848	6.0813	-0.0965
ENSG00000115474	KCNJ13	4	2.32193	0.64	5.9732	1.6465	4.3267
ENSG00000174437	ATP2A2	9	3.32193	0.205	5.9665	3.1099	2.8566
ENSG00000134569	LRP4	3	2	0.501	5.9626	1.6816	4.281
ENSG00000121749	TBC1D15	1	1	0.633	5.9494	-0.37599	6.32539
ENSG00000163634	THOC7	13	3.80735	0.868	5.9214	2.9215	2.9999
ENSG00000214575	CPEB1	1	1	0.177	5.9009	3.6575	2.2434
ENSG00000054282	SDCCAG8	11	3.58496	0.843	5.8979	2.0449	3.853
ENSG00000149527	PLCH2	2	1.58496	1.012	5.8941	1.9309	3.9632
ENSG00000198561	CTNND1	10	3.45943	0.187	5.8889	2.5442	3.3447
ENSG00000010327	STAB1	1	1	0.843	5.8768	4.8853	0.9915
ENSG00000105717	PBX4	4	2.32193	1.079	5.8749	3.4633	2.4116
ENSG00000111328	CDK2AP1	8	3.16993	1.522	5.8706	1.5666	4.304
ENSG00000151090	THRB	7	3	0.43	5.8605	2.6259	3.2346
ENSG00000133107	TRPC4	1	1	0.61	5.8463	0.74848	5.09782
ENSG00000136383	ALPK3	4	2.32193	0.874	5.8328	5.091	0.7418
ENSG00000152430	BOLL	4	2.32193	0.81	5.8263	3.941	1.8853
ENSG00000065413	ANKRD44	3	2	0.365	5.8074	1.6395	4.1679
ENSG00000215421	ZNF407	1	1	0.226	5.7993	2.4075	3.3918
ENSG00000135298	ADGRB3	2	1.58496	0.246	5.785	2.6023	3.1827
ENSG00000169851	PCDH7	3	2	0.455	5.7828	0.84167	4.94113
ENSG00000112996	MRPS30	11	3.58496	1.243	5.78	3.3676	2.4124
ENSG00000169554	ZEB2	23	4.58496	0.114	5.7767	-0.15372	5.93042
ENSG00000120088	CRHR1	25	4.70044	0.655	5.7565	1.2123	4.5442
ENSG00000023330	ALAS1	3	2	0.649	5.743	5.0565	0.6865
ENSG00000174938	SEZ6L2	1	1	0.586	5.7341	4.139	1.5951
ENSG00000120071	KANSL1	33	5.08746	0.325	5.7157	1.4405	4.2752
ENSG00000185294	SPPL2C	24	4.64386	1.121	5.7104	1.2894	4.421
ENSG00000101438	SLC32A1	1	1	0.396	5.7089	3.8043	1.9046
ENSG00000144619	CNTN4	13	3.80735	0.727	5.7036	1.8725	3.8311
ENSG00000150625	GPM6A	1	1	0.362	5.6821	2.9475	2.7346
ENSG00000150967	ABCB9	1	1	0.796	5.6684	1.6425	4.0259
ENSG00000140612	SEC11A	2	1.58496	0.935	5.6647	5.6586	0.0061
ENSG00000102882	MAPK3	9	3.32193	0.935	5.6405	3.9134	1.7271
ENSG00000183715	OPCML	4	2.32193	0.531	5.6385	1.3869	4.2516
ENSG00000157613	CREB3L1	4	2.32193	0.954	5.626	1.8751	3.7509
ENSG00000120451	SNX19	8	3.16993	0.883	5.6139	3.6919	1.922
ENSG00000205359	SLCO6A1	3	2	1.128	5.6097	2.0722	3.5375
ENSG00000186868	MAPT	27	4.80735	0.723	5.607	1.4687	4.1383
ENSG00000065609	SNAP91	11	3.58496	0.417	5.6043	3.8513	1.753
ENSG00000157911	PEX10	1	1	1.234	5.6014	1.1605	4.4409
ENSG00000184349	EFNA5	7	3	0.476	5.5905	1.9879	3.6026
ENSG00000144642	RBMS3	5	2.58496	0.589	5.5807	5.3082	0.2725
ENSG00000256762	STH	11	3.58496	1.954	5.5781	1.6074	3.9707
ENSG00000151322	NPAS3	20	4.39232	0.286	5.5702	3.2482	2.322
ENSG00000124212	PTGIS	2	1.58496	1.146	5.5613	3.8454	1.7159
ENSG00000100207	TCF20	1	1	0.05	5.5509	1.3564	4.1945
ENSG00000137841	PLCB2	1	1	0.962	5.5428	1.9695	3.5733
ENSG00000204967	PCDHA4	1	1	0.976	5.5322	4.1605	1.3717
ENSG00000126500	FLRT1	1	1	0.682	5.5186	5.0591	0.4595
ENSG00000102471	NDFIP2	2	1.58496	1.026	5.5136	4.3821	1.1315
ENSG00000023902	PLEKHO1	5	2.58496	0.729	5.5123	4.8597	0.6526
ENSG00000105928	GSDME	9	3.32193	1.142	5.5096	4.7737	0.7359
ENSG00000248383	PCDHAC1	1	1	0.869	5.5045	4.1669	1.3376
ENSG00000015413	DPEP1	5	2.58496	1.505	5.4849	3.9194	1.5655
ENSG00000166793	YPEL4	1	1	0.612	5.4818	2.0944	3.3874
ENSG00000126460	PRRG2	2	1.58496	1.294	5.4768	1.9886	3.4882
ENSG00000171604	CXXC5	1	1	0.367	5.4732	0.49315	4.98005
ENSG00000144355	DLX1	1	1	0.546	5.4558	1.7357	3.7201
ENSG00000157680	DGKI	3	2	0.428	5.4427	2.6006	2.8421
ENSG00000137075	RNF38	1	1	0.381	5.4377	-0.017364	5.45506
ENSG00000136631	VPS45	9	3.32193	0.629	5.427	4.7794	0.6476
ENSG00000169684	CHRNA5	31	5	0.954	5.4224	1.9632	3.4592
ENSG00000243232	PCDHAC2	1	1	0.496	5.4012	3.7972	1.604
ENSG00000070366	SMG6	42	5.42626	0.555	5.3926	3.9753	1.4173
ENSG00000204856	FAM216A	1	1	1.153	5.3767	1.6884	3.6883
ENSG00000204962	PCDHA8	1	1	1.036	5.3659	4.3124	1.0535
ENSG00000142949	PTPRF	12	3.70044	0.348	5.3571	2.508	2.8491
ENSG00000156103	MMP16	6	2.80735	0.299	5.3521	0.82735	4.52475
ENSG00000112659	CUL9	1	1	0.334	5.3503	4.1949	1.1554
ENSG00000119242	CCDC92	10	3.45943	0.738	5.3437	2.9983	2.3454
ENSG00000143603	KCNN3	7	3	0.379	5.3426	3.5013	1.8413
ENSG00000179195	ZNF664	9	3.32193	0.904	5.3308	2.9889	2.3419
ENSG00000164574	GALNT10	5	2.58496	0.683	5.3116	1.1647	4.1469
ENSG00000115828	QPCT	1	1	1.3	5.3033	3.6782	1.6251
ENSG00000048828	FAM120A	4	2.32193	0.222	5.2962	2.8664	2.4298
ENSG00000185619	PCGF3	4	2.32193	0.5	5.2957	2.3833	2.9124
ENSG00000143641	GALNT2	5	2.58496	0.515	5.2932	0.26517	5.02803
ENSG00000180530	NRIP1	14	3.90689	0.489	5.2874	0.45045	4.83695
ENSG00000064547	LPAR2	8	3.16993	0.977	5.285	4.3302	0.9548
ENSG00000131374	TBC1D5	7	3	0.87	5.2704	1.6039	3.6665
ENSG00000120738	EGR1	1	1	0.462	5.2533	4.4606	0.7927
ENSG00000164199	ADGRV1	7	3	0.637	5.2409	3.8593	1.3816
ENSG00000007923	DNAJC11	1	1	0.282	5.2395	2.1347	3.1048
ENSG00000125107	CNOT1	2	1.58496	0.064	5.223	3.2297	1.9933
ENSG00000198911	SREBF2	1	1	0.593	5.2191	1.2336	3.9855
ENSG00000143614	GATAD2B	1	1	0.236	5.2119	1.077	4.1349
ENSG00000115825	PRKD3	3	2	0.682	5.2106	3.3982	1.8124
ENSG00000184903	IMMP2L	11	3.58496	1.758	5.209	2.6274	2.5816
ENSG00000122490	SLC66A2	1	1	1.262	5.2068	2.7329	2.4739
ENSG00000188107	EYS	5	2.58496	0.96	5.2061	2.1236	3.0825
ENSG00000134259	NGF	22	4.52356	0.67	5.2015	1.3545	3.847
ENSG00000167004	PDIA3	3	2	0.426	5.193	1.7142	3.4788
ENSG00000109956	B3GAT1	3	2	0.749	5.1919	3.0974	2.0945
ENSG00000172260	NEGR1	27	4.80735	0.429	5.1868	0.989	4.1978
ENSG00000178922	HYI	1	1	1.597	5.1836	1.5062	3.6774
ENSG00000171206	TRIM8	2	1.58496	0.291	5.1762	3.3102	1.866
ENSG00000146216	TTBK1	2	1.58496	0.492	5.1717	4.8275	0.3442
ENSG00000111237	VPS29	1	1	0.355	5.1508	1.1652	3.9856
ENSG00000174579	MSL2	6	2.80735	0.169	5.1365	1.0216	4.1149
ENSG00000184304	PRKD1	6	2.80735	0.762	5.135	4.1544	0.9806
ENSG00000105894	PTN	3	2	0.996	5.1346	1.9486	3.186
ENSG00000008869	HEATR5B	4	2.32193	0.769	5.1185	0.96919	4.14931
ENSG00000167523	SPATA33	8	3.16993	1.772	5.1139	3.096	2.0179
ENSG00000118007	STAG1	22	4.52356	0.159	5.1011	1.7464	3.3547
ENSG00000221890	NPTXR	1	1	0.815	5.0925	-0.088582	5.18108
ENSG00000198597	ZNF536	4	2.32193	0.245	5.0807	0.73043	4.35027
ENSG00000111199	TRPV4	3	2	0.824	5.0668	2.8374	2.2294
ENSG00000183955	KMT5A	7	3	0.314	5.0607	1.6012	3.4595
ENSG00000156395	SORCS3	30	4.9542	0.515	5.0411	3.4094	1.6317
ENSG00000073969	NSF	6	2.80735	0.425	5.0353	1.4917	3.5436
ENSG00000100393	EP300	20	4.39232	0.164	5.0247	1.9615	3.0632
ENSG00000173930	SLCO4C1	5	2.58496	1.011	5.0217	2.061	2.9607
ENSG00000153989	NUS1	2	1.58496	0.182	5.0183	2.6411	2.3772
ENSG00000154822	PLCL2	18	4.24793	0.091	5.0177	1.4498	3.5679
ENSG00000164088	PPM1M	1	1	1.11	5.0132	4.9334	0.0798
ENSG00000134532	SOX5	33	5.08746	0.204	5.0115	2.2283	2.7832
ENSG00000126214	KLC1	4	2.32193	0.505	5.0115	2.6562	2.3553
ENSG00000186472	PCLO	9	3.32193	0.191	4.99	4.3374	0.6526
ENSG00000103037	SETD6	1	1	1.641	4.9885	3.1695	1.819
ENSG00000108379	WNT3	4	2.32193	0.367	4.981	1.7231	3.2579
ENSG00000092847	AGO1	1	1	0.164	4.9797	1.7551	3.2246
ENSG00000126091	ST3GAL3	3	2	0.573	4.9755	2.3538	2.6217
ENSG00000154447	SH3RF1	2	1.58496	0.594	4.9717	0.26551	4.70619
ENSG00000188938	FAM120AOS	4	2.32193	1.176	4.9659	2.9797	1.9862
ENSG00000120658	ENOX1	11	3.58496	0.627	4.962	2.4846	2.4774
ENSG00000163637	PRICKLE2	2	1.58496	0.34	4.9372	2.0756	2.8616
ENSG00000165914	TTC7B	1	1	0.403	4.935	1.9922	2.9428
ENSG00000054116	TRAPPC3	1	1	0.625	4.9326	0.68497	4.24763
ENSG00000178538	CA8	7	3	0.698	4.9318	0.39281	4.53899
ENSG00000142599	RERE	19	4.32193	0.459	4.9297	-0.48342	5.41312
ENSG00000104219	ZDHHC2	1	1	1.395	4.9219	4.6195	0.3024
ENSG00000128594	LRRC4	2	1.58496	0.459	4.9211	2.5848	2.3363
ENSG00000153310	CYRIB	2	1.58496	0.403	4.9168	-0.46944	5.38624
ENSG00000241058	NSUN6	10	3.45943	1.546	4.9146	1.7322	3.1824
ENSG00000100401	RANGAP1	1	1	0.808	4.9067	2.1549	2.7518
ENSG00000184164	CRELD2	3	2	1.119	4.9063	1.379	3.5273
ENSG00000169169	CPT1C	1	1	0.778	4.9029	1.7238	3.1791
ENSG00000116871	MAP7D1	1	1	0.586	4.8855	0.70212	4.18338
ENSG00000167720	SRR	3	2	0.864	4.88	3.7823	1.0977
ENSG00000162702	ZNF281	3	2	0.103	4.8706	-0.046698	4.9173
ENSG00000138175	ARL3	3	2	0.557	4.8625	2.8939	1.9686
ENSG00000077782	FGFR1	3	2	0.274	4.8595	2.566	2.2935
ENSG00000177954	RPS27	2	1.58496	0.52	4.8588	1.33	3.5288
ENSG00000183454	GRIN2A	9	3.32193	0.268	4.8485	5.2321	-0.3836
ENSG00000041357	PSMA4	14	3.90689	0.409	4.8427	1.7088	3.1339
ENSG00000168016	TRANK1	4	2.32193	0.793	4.8414	6.3517	-1.5103
ENSG00000153064	BANK1	9	3.32193	1.156	4.8364	0.28074	4.55566
ENSG00000163636	PSMD6	2	1.58496	0.327	4.8363	1.9182	2.9181
ENSG00000109572	CLCN3	4	2.32193	0.341	4.8257	0.72107	4.10463
ENSG00000247626	MARS2	1	1	0.952	4.8207	3.6567	1.164
ENSG00000182858	ALG12	1	1	0.965	4.8175	1.2198	3.5977
ENSG00000143570	SLC39A1	1	1	1.214	4.8162	1.1679	3.6483
ENSG00000131165	CHMP1A	3	2	1.045	4.8145	2.8452	1.9693
ENSG00000149179	C11orf49	12	3.70044	0.997	4.7989	2.1767	2.6222
ENSG00000134698	AGO4	1	1	0.393	4.7938	1.5595	3.2343
ENSG00000166165	CKB	7	3	0.724	4.7896	2.3516	2.438
ENSG00000120314	WDR55	1	1	1.273	4.7895	3.8388	0.9507
ENSG00000141013	GAS8	3	2	1.412	4.7854	3.4146	1.3708
ENSG00000198837	DENND4B	4	2.32193	0.527	4.7827	0.39556	4.38714
ENSG00000162426	SLC45A1	12	3.70044	0.695	4.7786	-0.5295	5.3081
ENSG00000160741	CRTC2	1	1	0.502	4.7773	0.64797	4.12933
ENSG00000143578	CREB3L4	2	1.58496	0.984	4.7718	0.5678	4.204
ENSG00000147905	ZCCHC7	5	2.58496	1.028	4.7696	4.3928	0.3768
ENSG00000180613	GSX2	2	1.58496	1.278	4.7546	1.1706	3.584
ENSG00000006071	ABCC8	5	2.58496	0.829	4.7542	2.3192	2.435
ENSG00000073711	PPP2R3A	4	2.32193	0.891	4.7487	-0.055627	4.80433
ENSG00000114439	BBX	5	2.58496	0.359	4.742	3.4732	1.2688
ENSG00000149131	SERPING1	7	3	0.278	4.7384	-0.26982	5.00822
ENSG00000185324	CDK10	1	1	1.344	4.7368	2.6946	2.0422
ENSG00000213445	SIPA1	3	2	0.936	4.7342	0.793	3.9412
ENSG00000247596	TWF2	2	1.58496	0.525	4.7312	4.6094	0.1218
ENSG00000070081	NUCB2	1	1	1.254	4.7259	1.4424	3.2835
ENSG00000166272	WBP1L	3	2	0.782	4.7256	2.212	2.5136
ENSG00000151150	ANK3	3	2	0.16	4.7232	4.553	0.1702
ENSG00000140521	POLG	3	2	0.847	4.7169	-0.0089108	4.72581
ENSG00000170571	EMB	3	2	0.889	4.7125	0.18077	4.53173
ENSG00000163728	TTC14	2	1.58496	1	4.7102	-0.40408	5.11428
ENSG00000185352	HS6ST3	6	2.80735	0.641	4.7094	3.7549	0.9545
ENSG00000085788	DDHD2	8	3.16993	0.758	4.7086	3.5596	1.149
ENSG00000139697	SBNO1	6	2.80735	0.182	4.6952	1.6131	3.0821
ENSG00000182732	RGS6	12	3.70044	0.664	4.6779	2.4962	2.1817
ENSG00000137872	SEMA6D	12	3.70044	0.396	4.6726	2.0664	2.6062
ENSG00000136011	STAB2	7	3	0.906	4.672	0.060395	4.6116
ENSG00000100027	YPEL1	2	1.58496	0.773	4.6704	3.2427	1.4277
ENSG00000179399	GPC5	8	3.16993	1.123	4.6647	-0.74201	5.40671
ENSG00000115844	DLX2	6	2.80735	0.529	4.6606	0.89381	3.76679
ENSG00000089250	NOS1	4	2.32193	0.399	4.6558	2.4868	2.169
ENSG00000187323	DCC	50	5.67243	0.414	4.6498	1.346	3.3038
ENSG00000112182	BACH2	46	5.55459	0.164	4.6497	2.4685	2.1812
ENSG00000234409	CCDC188	3	2	1.151	4.6442	3.8268	0.8174
ENSG00000187486	KCNJ11	6	2.80735	1.074	4.639	1.4284	3.2106
ENSG00000176909	MAMSTR	14	3.90689	1.492	4.6384	1.3685	3.2699
ENSG00000117400	MPL	1	1	1.022	4.6317	1.8574	2.7743
ENSG00000135365	PHF21A	4	2.32193	0.149	4.6258	1.7487	2.8771
ENSG00000173214	MFSD4B	1	1	1.577	4.6255	0.91105	3.71445
ENSG00000174453	VWC2L	1	1	0.741	4.6134	0.42674	4.18666
ENSG00000078725	BRINP1	3	2	0.312	4.6121	2.9506	1.6615
ENSG00000003249	DBNDD1	8	3.16993	1.46	4.6107	3.2852	1.3255
ENSG00000170396	ZNF804A	13	3.80735	0.37	4.608	3.5163	1.0917
ENSG00000137204	SLC22A7	1	1	0.989	4.6061	4.6516	-0.0455
ENSG00000029725	RABEP1	1	1	0.492	4.5989	-0.28689	4.88579
ENSG00000041988	THAP3	1	1	1.241	4.5973	1.3344	3.2629
ENSG00000112531	QKI	9	3.32193	0.449	4.5968	4.0599	0.5369
ENSG00000198791	CNOT7	1	1	0.255	4.5908	2.8295	1.7613
ENSG00000197724	PHF2	9	3.32193	0.329	4.5896	2.1292	2.4604
ENSG00000113448	PDE4D	5	2.58496	0.403	4.5863	2.8122	1.7741
ENSG00000151773	CCDC122	2	1.58496	1.535	4.582	2.5348	2.0472
ENSG00000178882	RFLNA	10	3.45943	1.809	4.5733	2.0664	2.5069
ENSG00000178882	RFLNA	10	3.45943	1.809	4.5733	1.5526	3.0207
ENSG00000149182	ARFGAP2	6	2.80735	0.8	4.5699	1.9725	2.5974
ENSG00000171812	COL8A2	2	1.58496	1.139	4.569	1.14	3.429
ENSG00000139970	RTN1	1	1	0.621	4.5583	1.1494	3.4089
ENSG00000116273	PHF13	3	2	0.183	4.5451	1.0652	3.4799
ENSG00000165912	PACSIN3	6	2.80735	0.847	4.5427	1.9531	2.5896
ENSG00000130287	NCAN	5	2.58496	0.53	4.5404	3.4281	1.1123
ENSG00000055147	FAM114A2	2	1.58496	1.155	4.5394	1.6292	2.9102
ENSG00000170458	CD14	1	1	1.944	4.5379	3.5426	0.9953
ENSG00000015520	NPC1L1	7	3	0.955	4.5357	1.914	2.6217
ENSG00000179630	LACC1	6	2.80735	1.158	4.5354	2.5777	1.9577
ENSG00000004534	RBM6	11	3.58496	0.213	4.5317	2.3494	2.1823
ENSG00000143401	ANP32E	2	1.58496	0.762	4.5241	4.0325	0.4916
ENSG00000136271	DDX56	2	1.58496	0.905	4.5224	2.3141	2.2083
ENSG00000081189	MEF2C	15	4	0.212	4.5201	0.58461	3.93549
ENSG00000037749	MFAP3	3	2	0.658	4.52	1.6142	2.9058
ENSG00000136527	TRA2B	1	1	0.528	4.5154	0.79386	3.72154
ENSG00000185278	ZBTB37	2	1.58496	0.583	4.5106	2.7199	1.7907
ENSG00000159248	GJD2	4	2.32193	0.797	4.5078	0.46558	4.04222
ENSG00000108953	YWHAE	6	2.80735	0.175	4.5044	4.8513	-0.3469
ENSG00000171246	NPTX1	1	1	0.52	4.5007	3.8416	0.6591
ENSG00000101109	STK4	2	1.58496	0.6	4.4929	5.5535	-1.0606
ENSG00000112893	MAN2A1	1	1	0.752	4.4815	0.83458	3.64692
ENSG00000079841	RIMS1	2	1.58496	0.496	4.4731	4.836	-0.3629
ENSG00000147465	STAR	1	1	1.297	4.4652	3.3624	1.1028
ENSG00000163931	TKT	2	1.58496	0.923	4.4647	2.2948	2.1699
ENSG00000165061	ZMAT4	4	2.32193	0.935	4.4636	0.79387	3.66973
ENSG00000156735	BAG4	1	1	0.704	4.4606	3.3484	1.1122
ENSG00000183023	SLC8A1	6	2.80735	0.363	4.4503	1.9668	2.4835
ENSG00000184226	PCDH9	6	2.80735	0.409	4.4299	2.07	2.3599
ENSG00000072310	SREBF1	4	2.32193	0.662	4.4275	0.74382	3.68368
ENSG00000171174	RBKS	14	3.90689	1.28	4.4247	4.1174	0.3073
ENSG00000243147	MRPL33	2	1.58496	1.135	4.4207	3.5444	0.8763
ENSG00000151789	ZNF385D	3	2	0.611	4.4203	2.7361	1.6842
ENSG00000118292	C1orf54	2	1.58496	1.316	4.4191	3.7405	0.6786
ENSG00000120885	CLU	14	3.90689	0.716	4.4081	-0.39917	4.80727
ENSG00000174564	IL20RB	1	1	0.997	4.4079	2.1815	2.2264
ENSG00000140945	CDH13	13	3.80735	0.456	4.4073	2.9071	1.5002
ENSG00000153820	SPHKAP	4	2.32193	0.586	4.4073	2.5066	1.9007
ENSG00000105538	RASIP1	3	2	0.45	4.4057	1.1913	3.2144
ENSG00000175324	LSM1	1	1	1.398	4.4016	3.366	1.0356
ENSG00000141034	GID4	1	1	0.702	4.401	-0.020122	4.42112
ENSG00000117601	SERPINC1	1	1	0.44	4.3951	1.7995	2.5956
ENSG00000119737	GPR75	5	2.58496	1.395	4.3933	1.355	3.0383
ENSG00000156398	SFXN2	1	1	1.101	4.3876	2.5322	1.8554
ENSG00000213699	SLC35F6	1	1	1.262	4.3871	3.3027	1.0844
ENSG00000145242	EPHA5	8	3.16993	0.711	4.3869	1.3399	3.047
ENSG00000171962	DRC3	1	1	1.056	4.3857	0.27589	4.10981
ENSG00000105550	FGF21	4	2.32193	1.51	4.3798	1.2268	3.153
ENSG00000036257	CUL3	1	1	0.365	4.3786	2.7762	1.6024
ENSG00000198431	TXNRD1	1	1	1.006	4.3768	-0.38195	4.75875
ENSG00000116852	KIF21B	7	3	0.528	4.3711	2.3735	1.9976
ENSG00000152932	RAB3C	2	1.58496	1.069	4.3695	2.0728	2.2967
ENSG00000166166	TRMT61A	5	2.58496	1.183	4.3635	2.44	1.9235
ENSG00000197111	PCBP2	1	1	0.139	4.361	0.49388	3.86712
ENSG00000146215	CRIP3	10	3.45943	1.036	4.3521	4.5871	-0.235
ENSG00000072134	EPN2	1	1	0.804	4.3511	0.25769	4.09341
ENSG00000173327	MAP3K11	3	2	0.79	4.3475	-0.00080526	4.34831
ENSG00000175662	TOM1L2	2	1.58496	0.614	4.3454	0.53152	3.81388
ENSG00000145632	PLK2	5	2.58496	0.471	4.3448	0.21843	4.12637
ENSG00000183579	ZNRF3	22	4.52356	0.503	4.3416	-0.054857	4.39646
ENSG00000100399	CHADL	2	1.58496	1.415	4.3374	1.6538	2.6836
ENSG00000167771	RCOR2	8	3.16993	0.539	4.3347	4.5899	-0.2552
ENSG00000103423	DNAJA3	1	1	0.737	4.3287	1.9832	2.3455
ENSG00000137261	KIAA0319	1	1	0.886	4.3271	2.7804	1.5467
ENSG00000139436	GIT2	2	1.58496	0.701	4.3239	0.5859	3.738
ENSG00000119866	BCL11A	28	4.85798	0.125	4.3197	3.0787	1.241
ENSG00000100592	DAAM1	1	1	0.509	4.3141	1.2355	3.0786
ENSG00000185532	PRKG1	2	1.58496	0.534	4.3122	3.228	1.0842
ENSG00000184588	PDE4B	22	4.52356	0.374	4.3055	-0.68747	4.99297
ENSG00000104447	TRPS1	28	4.85798	0.114	4.3028	1.0657	3.2371
ENSG00000008300	CELSR3	2	1.58496	0.344	4.2968	1.2765	3.0203
ENSG00000100403	ZC3H7B	1	1	0.401	4.2962	1.4831	2.8131
ENSG00000109452	INPP4B	5	2.58496	0.639	4.2888	3.9964	0.2924
ENSG00000188580	NKAIN2	2	1.58496	0.904	4.284	3.4876	0.7964
ENSG00000141564	RPTOR	4	2.32193	0.205	4.2831	3.4996	0.7835
ENSG00000105738	SIPA1L3	3	2	0.559	4.2814	2.7631	1.5183
ENSG00000056972	TRAF3IP2	11	3.58496	0.771	4.2776	1.3869	2.8907
ENSG00000165997	ARL5B	2	1.58496	0.572	4.2755	1.4183	2.8572
ENSG00000241399	CD302	3	2	1.273	4.2748	0.27574	3.99906
ENSG00000102879	CORO1A	1	1	0.572	4.2656	3.5146	0.751
ENSG00000156113	KCNMA1	12	3.70044	0.331	4.2649	2.659	1.6059
ENSG00000196090	PTPRT	3	2	0.395	4.2581	3.5104	0.7477
ENSG00000182264	IZUMO1	3	2	1.34	4.2479	1.0009	3.247
ENSG00000150977	RILPL2	7	3	1.507	4.2465	0.69992	3.54658
ENSG00000140522	RLBP1	5	2.58496	0.954	4.2463	0.52707	3.71923
ENSG00000225190	PLEKHM1	3	2	0.433	4.238	1.3137	2.9243
ENSG00000171467	ZNF318	5	2.58496	0.545	4.2305	4.1861	0.0444
ENSG00000138030	KHK	1	1	1.362	4.2298	1.1827	3.0471
ENSG00000140525	FANCI	1	1	0.959	4.2255	-0.24062	4.46612
ENSG00000108256	NUFIP2	4	2.32193	0.199	4.2239	2.0138	2.2101
ENSG00000166888	STAT6	14	3.90689	0.515	4.2234	2.266	1.9574
ENSG00000213672	NCKIPSD	2	1.58496	0.886	4.2196	1.14	3.0796
ENSG00000110583	NAA40	3	2	0.955	4.2196	4.5058	-0.2862
ENSG00000143032	BARHL2	2	1.58496	0.629	4.2164	2.3131	1.9033
ENSG00000123384	LRP1	28	4.85798	0.118	4.2155	1.3624	2.8531
ENSG00000136141	LRCH1	6	2.80735	0.478	4.2136	0.65027	3.56333
ENSG00000188659	SAXO2	3	2	1.449	4.207	3.9981	0.2089
ENSG00000069667	RORA	34	5.12928	0.207	4.2041	0.11521	4.08889
ENSG00000137845	ADAM10	4	2.32193	0.276	4.2002	2.7981	1.4021
ENSG00000141086	CTRL	3	2	1.372	4.1998	3.91	0.2898
ENSG00000152133	GPATCH11	1	1	1.008	4.1967	1.2167	2.98
ENSG00000183049	CAMK1D	3	2	0.365	4.1915	1.8196	2.3719
ENSG00000104765	BNIP3L	1	1	0.659	4.1912	1.5837	2.6075
ENSG00000172817	CYP7B1	5	2.58496	0.889	4.1911	1.9855	2.2056
ENSG00000179915	NRXN1	4	2.32193	0.317	4.1908	3.5842	0.6066
ENSG00000218336	TENM3	1	1	0.305	4.1906	1.712	2.4786
ENSG00000148798	INA	2	1.58496	1.481	4.1898	0.34848	3.84132
ENSG00000159640	ACE	9	3.32193	0.88	4.1895	1.9633	2.2262
ENSG00000197136	PCNX3	3	2	0.395	4.1854	-0.080623	4.26602
ENSG00000003756	RBM5	6	2.80735	0.202	4.1837	2.5489	1.6348
ENSG00000197635	DPP4	7	3	0.901	4.183	0.99703	3.18597
ENSG00000066117	SMARCD1	1	1	0.339	4.1722	0.73392	3.43828
ENSG00000159251	ACTC1	1	1	0.511	4.1629	-0.33349	4.49639
ENSG00000163932	PRKCD	1	1	0.344	4.1629	2.4575	1.7054
ENSG00000078747	ITCH	4	2.32193	0.343	4.162	3.1112	1.0508
ENSG00000009413	REV3L	5	2.58496	0.261	4.1611	0.83778	3.32332
ENSG00000151327	FAM177A1	2	1.58496	1.32	4.157	0.59542	3.56158
ENSG00000168917	SLC35G2	4	2.32193	1.029	4.1537	2.7319	1.4218
ENSG00000128923	MINDY2	3	2	1.017	4.1535	3.1017	1.0518
ENSG00000156475	PPP2R2B	1	1	0.173	4.1527	3.5678	0.5849
ENSG00000156011	PSD3	2	1.58496	0.571	4.1508	0.60239	3.54841
ENSG00000005483	KMT2E	7	3	0.217	4.1494	4.55	-0.4006
ENSG00000174672	BRSK2	1	1	0.361	4.144	0.45404	3.68996
ENSG00000136928	GABBR2	1	1	0.394	4.1417	2.7902	1.3515
ENSG00000090263	MRPS33	8	3.16993	1.565	4.1394	4.9278	-0.7884
ENSG00000175048	ZDHHC14	1	1	0.514	4.1392	2.2549	1.8843
ENSG00000047932	GOPC	1	1	0.813	4.1387	2.4369	1.7018
ENSG00000130427	EPO	2	1.58496	0.819	4.1379	2.5677	1.5702
ENSG00000164114	MAP9	6	2.80735	1.359	4.1377	1.8024	2.3353
ENSG00000171786	NHLH1	3	2	1.19	4.1372	0.43107	3.70613
ENSG00000164037	SLC9B1	4	2.32193	1	4.1358	0.79229	3.34351
ENSG00000164037	SLC9B1	4	2.32193	1	4.1358	-1.8214	5.9572
ENSG00000197157	SND1	5	2.58496	0.386	4.1353	1.985	2.1503
ENSG00000172137	CALB2	1	1	0.958	4.1345	2.1829	1.9516
ENSG00000162676	GFI1	5	2.58496	0.715	4.1341	-1.4124	5.5465
ENSG00000197653	DNAH10	1	1	0.763	4.1309	1.5133	2.6176
ENSG00000068745	IP6K2	5	2.58496	0.385	4.1278	1.3093	2.8185
ENSG00000136536	MARCHF7	1	1	0.388	4.1274	-0.85161	4.97901
ENSG00000138411	HECW2	2	1.58496	0.498	4.1257	0.68479	3.44091
ENSG00000176204	LRRTM4	5	2.58496	0.693	4.1243	0.8225	3.3018
ENSG00000144677	CTDSPL	7	3	0.369	4.1224	2.2097	1.9127
ENSG00000159208	CIART	2	1.58496	0.606	4.1216	3.4354	0.6862
ENSG00000167207	NOD2	11	3.58496	1.033	4.1204	0.63681	3.48359
ENSG00000164181	ELOVL7	3	2	1.035	4.1155	0.0053087	4.11019
ENSG00000122584	NXPH1	1	1	0.426	4.1152	0.22917	3.88603
ENSG00000184144	CNTN2	4	2.32193	0.542	4.11	1.3201	2.7899
ENSG00000174951	FUT1	8	3.16993	1.892	4.1069	0.97145	3.13545
ENSG00000104885	DOT1L	8	3.16993	0.321	4.1021	0.087083	4.01502
ENSG00000083097	DOP1A	2	1.58496	0.395	4.102	0.95331	3.14869
ENSG00000099250	NRP1	3	2	0.408	4.0942	-0.044546	4.13875
ENSG00000176920	FUT2	43	5.45943	1.71	4.0942	0.75111	3.34309
ENSG00000146830	GIGYF1	3	2	0.735	4.091	2.5547	1.5363
ENSG00000149948	HMGA2	28	4.85798	1.688	4.0907	0.11327	3.97743
ENSG00000108671	PSMD11	1	1	0.082	4.0904	-0.089931	4.18033
ENSG00000143552	NUP210L	3	2	0.421	4.0891	1.9675	2.1216
ENSG00000163362	INAVA	14	3.90689	0.841	4.0873	3.439	0.6483
ENSG00000150760	DOCK1	1	1	0.637	4.0857	1.5294	2.5563
ENSG00000134198	TSPAN2	15	4	1.195	4.0789	2.8841	1.1948
ENSG00000103415	HMOX2	2	1.58496	1.087	4.0784	1.8302	2.2482
ENSG00000143382	ADAMTSL4	6	2.80735	0.92	4.0743	3.7797	0.2946
ENSG00000075711	DLG1	3	2	0.491	4.0742	0.62448	3.44972
ENSG00000114446	IFT57	1	1	1.425	4.0696	3.418	0.6516
ENSG00000138430	OLA1	1	1	0.494	4.0686	3.9024	0.1662
ENSG00000118689	FOXO3	7	3	0.26	4.0685	1.5285	2.54
ENSG00000145354	CISD2	5	2.58496	0.437	4.0631	0.77014	3.29296
ENSG00000115239	ASB3	4	2.32193	0.998	4.0561	0.85745	3.19865
ENSG00000115239	ASB3	4	2.32193	0.998	4.0561	0.97577	3.08033
ENSG00000100395	L3MBTL2	5	2.58496	0.649	4.0542	1.3887	2.6655
ENSG00000109332	UBE2D3	4	2.32193	0.22	4.0533	0.7727	3.2806
ENSG00000108591	DRG2	1	1	0.932	4.0511	0.063438	3.98766
ENSG00000187391	MAGI2	9	3.32193	0.369	4.0481	3.0993	0.9488
ENSG00000108557	RAI1	9	3.32193	0.129	4.0455	0.98176	3.06374
ENSG00000138821	SLC39A8	66	6.06609	0.602	4.0432	0.70087	3.34233
ENSG00000158092	NCK1	8	3.16993	0.72	4.0417	2.8496	1.1921
ENSG00000214595	EML6	5	2.58496	0.726	4.0383	2.3511	1.6872
ENSG00000075292	ZNF638	8	3.16993	0.249	4.0343	-0.439	4.4733
ENSG00000084764	MAPRE3	2	1.58496	0.163	4.0329	1.5814	2.4515
ENSG00000143374	TARS2	1	1	0.76	4.0323	4.311	-0.2787
ENSG00000128285	MCHR1	3	2	0.949	4.0288	4.6486	-0.6198
ENSG00000162374	ELAVL4	2	1.58496	0.137	4.0287	2.4251	1.6036
ENSG00000170802	FOXN2	1	1	0.735	4.0274	1.899	2.1284
ENSG00000153944	MSI2	8	3.16993	0.647	4.0236	1.4466	2.577
ENSG00000131558	EXOC4	4	2.32193	0.745	4.0226	1.385	2.6376
ENSG00000139323	POC1B	3	2	0.967	4.0104	0.66806	3.34234
ENSG00000188211	NCR3LG1	1	1	1.277	4.0102	0.83681	3.17339
ENSG00000185261	KIAA0825	1	1	0.943	4.008	3.2634	0.7446
ENSG00000157782	CABP1	2	1.58496	0.958	3.9989	2.238	1.7609
ENSG00000163125	RPRD2	7	3	0.145	3.9951	4.2026	-0.2075
ENSG00000070882	OSBPL3	1	1	0.735	3.9941	2.9804	1.0137
ENSG00000172461	FUT9	3	2	0.764	3.9935	0.73767	3.25583
ENSG00000117569	PTBP2	17	4.16993	0.42	3.9886	1.3411	2.6475
ENSG00000120733	KDM3B	10	3.45943	0.117	3.9875	3.7391	0.2484
ENSG00000133687	TMTC1	2	1.58496	0.805	3.9865	2.1172	1.8693
ENSG00000186094	AGBL4	4	2.32193	1.107	3.986	1.0043	2.9817
ENSG00000138182	KIF20B	4	2.32193	0.887	3.9845	-0.79865	4.78315
ENSG00000164076	CAMKV	1	1	0.202	3.9843	2.1525	1.8318
ENSG00000131409	LRRC4B	2	1.58496	1.505	3.9826	2.8189	1.1637
ENSG00000149571	KIRREL3	2	1.58496	0.676	3.9791	1.2692	2.7099
ENSG00000172818	OVOL1	25	4.70044	0.871	3.9791	0.36019	3.61891
ENSG00000184156	KCNQ3	2	1.58496	0.458	3.9771	2.1848	1.7923
ENSG00000153823	PID1	5	2.58496	0.905	3.9768	1.3425	2.6343
ENSG00000138622	HCN4	9	3.32193	0.571	3.9752	1.4986	2.4766
ENSG00000172922	RNASEH2C	5	2.58496	1.755	3.9696	0.56334	3.40626
ENSG00000197555	SIPA1L1	4	2.32193	0.226	3.9654	1.3835	2.5819
ENSG00000107984	DKK1	1	1	1.101	3.9603	1.1339	2.8264
ENSG00000023171	GRAMD1B	9	3.32193	0.717	3.9601	1.3336	2.6265
ENSG00000159224	GIP	3	2	1.478	3.96	0.11935	3.84065
ENSG00000110700	RPS13	1	1	0.237	3.9594	1.3913	2.5681
ENSG00000198797	BRINP2	3	2	0.411	3.9589	-0.94703	4.90593
ENSG00000172878	METAP1D	2	1.58496	1.235	3.9537	1.3346	2.6191
ENSG00000114541	FRMD4B	3	2	0.637	3.9457	-0.57776	4.52346
ENSG00000091536	MYO15A	2	1.58496	0.889	3.9456	0.35928	3.58632
ENSG00000140995	DEF8	18	4.24793	0.928	3.9351	3.1537	0.7814
ENSG00000188725	SMIM15	2	1.58496	1.463	3.9321	0.36807	3.56403
ENSG00000197077	KIAA1671	1	1	0.525	3.9313	0.93827	2.99303
ENSG00000135638	EMX1	1	1	1.324	3.918	2.0253	1.8927
ENSG00000159314	ARHGAP27	8	3.16993	0.709	3.9167	1.1827	2.734
ENSG00000159873	CCDC117	4	2.32193	0.254	3.9137	-0.67674	4.59044
ENSG00000175189	INHBC	3	2	1.176	3.9127	2.726	1.1867
ENSG00000137764	MAP2K5	3	2	1.201	3.9073	2.9776	0.9297
ENSG00000172575	RASGRP1	24	4.64386	0.538	3.9051	1.3701	2.535
ENSG00000143772	ITPKB	6	2.80735	0.34	3.9049	2.1084	1.7965
ENSG00000157895	C12orf43	3	2	1.183	3.9038	3.1358	0.768
ENSG00000163354	DCST2	3	2	0.941	3.9037	4.0581	-0.1544
ENSG00000101017	CD40	13	3.80735	0.677	3.8944	3.5503	0.3441
ENSG00000145012	LPP	59	5.90689	0.765	3.8942	3.1737	0.7205
ENSG00000178449	COX14	1	1	1.203	3.8923	1.0854	2.8069
ENSG00000112655	PTK7	1	1	0.422	3.8895	3.1369	0.7526
ENSG00000120899	PTK2B	6	2.80735	0.562	3.8871	-0.83413	4.72123
ENSG00000137776	SLTM	1	1	0.443	3.8868	3.8814	0.0054
ENSG00000145934	TENM2	15	4	0.258	3.8853	3.1181	0.7672
ENSG00000167526	RPL13	2	1.58496	0.25	3.8849	3.5608	0.3241
ENSG00000121964	GTDC1	3	2	1.492	3.8834	1.3033	2.5801
ENSG00000065833	ME1	2	1.58496	1.239	3.8828	2.5428	1.34
ENSG00000163531	NFASC	1	1	0.362	3.8823	2.0192	1.8631
ENSG00000142233	NTN5	2	1.58496	1.607	3.8808	0.55975	3.32105
ENSG00000237289	CKMT1B	2	1.58496	0.8	3.8802	1.725	2.1552
ENSG00000237289	CKMT1B	2	1.58496	0.8	3.8802	1.9116	1.9686
ENSG00000105866	SP4	5	2.58496	0.339	3.8788	5.3554	-1.4766
ENSG00000135100	HNF1A	24	4.64386	0.477	3.8778	3.6683	0.2095
ENSG00000115239	ASB3	4	2.32193	0.998	3.8776	0.85745	3.02015
ENSG00000115239	ASB3	4	2.32193	0.998	3.8776	0.97577	2.90183
ENSG00000168702	LRP1B	8	3.16993	0.419	3.8731	0.2379	3.6352
ENSG00000122482	ZNF644	1	1	0.224	3.8638	2.5996	1.2642
ENSG00000151838	CCDC175	3	2	1.235	3.861	2.6642	1.1968
ENSG00000100219	XBP1	4	2.32193	0.778	3.8607	-0.87808	4.73878
ENSG00000188315	C3orf62	4	2.32193	1.172	3.8588	0.76806	3.09074
ENSG00000075213	SEMA3A	3	2	0.453	3.8572	2.2189	1.6383
ENSG00000100883	SRP54	3	2	0.304	3.8561	1.64	2.2161
ENSG00000130167	TSPAN16	2	1.58496	1.178	3.8559	-0.67884	4.53474
ENSG00000163357	DCST1	3	2	1.032	3.853	4.0652	-0.2122
ENSG00000165417	GTF2A1	1	1	0.425	3.8507	-0.1466	3.9973
ENSG00000137601	NEK1	1	1	0.959	3.8411	0.61586	3.22524
ENSG00000163288	GABRB1	1	1	0.565	3.8388	2.1132	1.7256
ENSG00000126856	PRDM7	5	2.58496	1.002	3.8364	2.0113	1.8251
ENSG00000173421	IHO1	2	1.58496	0.587	3.8345	1.4227	2.4118
ENSG00000163510	CWC22	4	2.32193	0.875	3.832	3.7316	0.1004
ENSG00000146285	SCML4	4	2.32193	1.059	3.8233	-0.72425	4.54755
ENSG00000235750	KIAA0040	3	2	1.883	3.8224	2.6007	1.2217
ENSG00000197912	SPG7	6	2.80735	1.547	3.817	3.2775	0.5395
ENSG00000187772	LIN28B	5	2.58496	0.411	3.8167	0.48504	3.33166
ENSG00000133059	DSTYK	10	3.45943	0.445	3.8159	2.4354	1.3805
ENSG00000110906	KCTD10	3	2	0.571	3.8139	-0.085702	3.8996
ENSG00000102452	NALCN	1	1	0.579	3.8118	1.1931	2.6187
ENSG00000185909	KLHDC8B	7	3	1.016	3.8049	1.3948	2.4101
ENSG00000143537	ADAM15	12	3.70044	0.826	3.8039	3.9102	-0.1063
ENSG00000116161	CACYBP	6	2.80735	1.441	3.7998	3.7739	0.0259
ENSG00000217236	SP9	2	1.58496	0.731	3.7979	3.135	0.6629
ENSG00000100731	PCNX1	2	1.58496	0.408	3.795	-0.042751	3.83775
ENSG00000151148	UBE3B	4	2.32193	0.675	3.7933	-0.28218	4.07548
ENSG00000174527	MYO1H	5	2.58496	0.968	3.7868	0.87659	2.91021
ENSG00000151320	AKAP6	16	4.08746	0.367	3.7867	1.9502	1.8365
ENSG00000187098	MITF	12	3.70044	0.482	3.7853	2.2468	1.5385
ENSG00000143369	ECM1	1	1	1.051	3.7846	3.8667	-0.0821
ENSG00000177380	PPFIA3	3	2	0.264	3.7826	0.83739	2.94521
ENSG00000049618	ARID1B	9	3.32193	0.205	3.7802	2.2466	1.5336
ENSG00000169783	LINGO1	6	2.80735	0.55	3.7793	2.2475	1.5318
ENSG00000123836	PFKFB2	1	1	0.991	3.7789	1.4494	2.3295
ENSG00000137869	CYP19A1	18	4.24793	0.793	3.7771	-0.057077	3.83418
ENSG00000124193	SRSF6	1	1	0.639	3.7752	1.594	2.1812
ENSG00000151364	KCTD14	1	1	1.935	3.7695	2.7781	0.9914
ENSG00000151364	KCTD14	1	1	1.935	3.7695	2.767	1.0025
ENSG00000115808	STRN	10	3.45943	0.686	3.768	-0.24293	4.01093
ENSG00000113163	CERT1	1	1	0.656	3.766	1.8887	1.8773
ENSG00000054219	LY75	1	1	0.892	3.7612	-0.0076479	3.76885
ENSG00000054219	LY75	1	1	0.892	3.7612	0.267	3.4942
ENSG00000243364	EFNA4	1	1	1.332	3.76	3.9272	-0.1672
ENSG00000104897	SF3A2	4	2.32193	0.302	3.7592	-0.20933	3.96853
ENSG00000075413	MARK3	11	3.58496	0.73	3.7592	2.7553	1.0039
ENSG00000113327	GABRG2	1	1	0.428	3.7587	0.34401	3.41469
ENSG00000167208	SNX20	4	2.32193	1.455	3.758	0.21324	3.54476
ENSG00000154016	GRAP	1	1	1.351	3.7579	1.3174	2.4405
ENSG00000139624	CERS5	2	1.58496	0.981	3.7561	1.4867	2.2694
ENSG00000154217	PITPNC1	3	2	0.659	3.756	0.83539	2.92061
ENSG00000166126	AMN	5	2.58496	1.446	3.7556	2.9439	0.8117
ENSG00000146966	DENND2A	1	1	0.632	3.7526	2.8721	0.8805
ENSG00000108587	GOSR1	2	1.58496	1.753	3.7474	4.3211	-0.5737
ENSG00000081248	CACNA1S	4	2.32193	0.651	3.7449	1.1635	2.5814
ENSG00000196776	CD47	1	1	0.725	3.7383	4.865	-1.1267
ENSG00000172037	LAMB2	4	2.32193	0.652	3.7373	1.5505	2.1868
ENSG00000164815	ORC5	1	1	0.747	3.7337	1.4733	2.2604
ENSG00000088930	XRN2	9	3.32193	0.413	3.7308	-1.5227	5.2535
ENSG00000159023	EPB41	1	1	0.738	3.729	1.2207	2.5083
ENSG00000164465	DCBLD1	5	2.58496	0.942	3.7287	3.511	0.2177
ENSG00000143942	CHAC2	3	2	1.673	3.7283	1.1063	2.622
ENSG00000155090	KLF10	4	2.32193	0.817	3.726	1.947	1.779
ENSG00000105953	OGDH	1	1	0.415	3.7259	3.0705	0.6554
ENSG00000168137	SETD5	1	1	0.376	3.7255	1.2751	2.4504
ENSG00000151364	KCTD14	1	1	1.935	3.7241	2.7781	0.946
ENSG00000151364	KCTD14	1	1	1.935	3.7241	2.767	0.9571
ENSG00000153234	NR4A2	7	3	0.093	3.7232	3.2556	0.4676
ENSG00000152078	TLCD4	2	1.58496	0.527	3.7163	3.947	-0.2307
ENSG00000108582	CPD	2	1.58496	0.627	3.7127	4.0799	-0.3672
ENSG00000008196	TFAP2B	30	4.9542	0.353	3.7127	4.167	-0.4543
ENSG00000197323	TRIM33	1	1	0.23	3.7122	0.052993	3.65921
ENSG00000160563	MED27	6	2.80735	1.082	3.7121	0.8372	2.8749
ENSG00000108387	SEPTIN4	1	1	0.602	3.7119	2.1073	1.6046
ENSG00000170209	ANKK1	2	1.58496	1.382	3.7108	2.6226	1.0882
ENSG00000166035	LIPC	9	3.32193	1.102	3.709	1.0857	2.6233
ENSG00000140836	ZFHX3	33	5.08746	0.189	3.7083	1.5496	2.1587
ENSG00000159210	SNF8	5	2.58496	0.853	3.7008	0.265	3.4358
ENSG00000136379	ABHD17C	11	3.58496	0.919	3.6988	1.1881	2.5107
ENSG00000113734	BNIP1	3	2	1.231	3.6986	-1.6247	5.3233
ENSG00000150347	ARID5B	25	4.70044	0.211	3.6969	0.13318	3.56372
ENSG00000104388	RAB2A	9	3.32193	1.024	3.6946	-1.3039	4.9985
ENSG00000221914	PPP2R2A	2	1.58496	0.364	3.6945	1.0249	2.6696
ENSG00000176681	LRRC37A	9	3.32193	1.424	3.6898	1.33	2.3598
ENSG00000176681	LRRC37A	9	3.32193	1.424	3.6898	0.56738	3.12242
ENSG00000120333	MRPS14	1	1	1.264	3.689	3.4853	0.2037
ENSG00000055813	CCDC85A	1	1	1.058	3.6852	-0.067323	3.75252
ENSG00000158321	AUTS2	21	4.45943	0.232	3.6782	1.3972	2.281
ENSG00000188779	SKOR1	10	3.45943	0.805	3.6779	1.8871	1.7908
ENSG00000148655	LRMDA	13	3.80735	0.958	3.6778	2.6666	1.0112
ENSG00000213088	ACKR1	4	2.32193	1.841	3.6774	1.3302	2.3472
ENSG00000146250	PRSS35	1	1	1.459	3.6765	2.8242	0.8523
ENSG00000170374	SP7	1	1	0.808	3.6755	0.34535	3.33015
ENSG00000135519	KCNH3	1	1	0.519	3.6744	1.461	2.2134
ENSG00000104228	TRIM35	1	1	0.974	3.6741	-0.32581	3.99991
ENSG00000107882	SUFU	8	3.16993	0.214	3.6736	2.1453	1.5283
ENSG00000063660	GPC1	1	1	0.842	3.6716	1.2522	2.4194
ENSG00000128487	SPECC1	1	1	0.752	3.6715	0.29334	3.37816
ENSG00000159199	ATP5MC1	2	1.58496	0.723	3.6695	-1.0372	4.7067
ENSG00000153406	NMRAL1	1	1	1.471	3.6677	1.8438	1.8239
ENSG00000161328	LRRC56	1	1	1.225	3.6661	-1.7838	5.4499
ENSG00000118997	DNAH7	1	1	0.961	3.6622	3.0207	0.6415
ENSG00000133056	PIK3C2B	5	2.58496	0.557	3.6587	1.5056	2.1531
ENSG00000196498	NCOR2	18	4.24793	0.448	3.6583	3.4006	0.2577
ENSG00000109323	MANBA	14	3.90689	0.826	3.6574	-0.17617	3.83357
ENSG00000177352	CCDC71	5	2.58496	1.135	3.6559	1.4861	2.1698
ENSG00000101460	MAP1LC3A	6	2.80735	1.293	3.6515	3.7104	-0.0589
ENSG00000179912	R3HDM2	2	1.58496	0.389	3.6467	2.616	1.0307
ENSG00000105186	ANKRD27	1	1	0.965	3.6426	2.9225	0.7201
ENSG00000118058	KMT2A	1	1	0.065	3.6355	1.685	1.9505
ENSG00000136144	RCBTB1	2	1.58496	0.751	3.6316	3.4894	0.1422
ENSG00000145423	SFRP2	1	1	0.884	3.6311	0.52743	3.10367
ENSG00000145335	SNCA	6	2.80735	0.691	3.6309	2.2335	1.3974
ENSG00000171532	NEUROD2	1	1	0.897	3.6285	1.5955	2.033
ENSG00000015676	NUDCD3	1	1	0.492	3.6282	0.20326	3.42494
ENSG00000160145	KALRN	5	2.58496	0.231	3.6272	-0.0070794	3.63428
ENSG00000198917	SPOUT1	1	1	0.977	3.6257	0.89374	2.73196
ENSG00000138028	CGREF1	7	3	1.364	3.6233	1.1099	2.5134
ENSG00000101452	DHX35	6	2.80735	1.008	3.6186	3.213	0.4056
ENSG00000102580	DNAJC3	1	1	0.738	3.6165	2.292	1.3245
ENSG00000139269	INHBE	3	2	0.926	3.6158	3.5027	0.1131
ENSG00000001084	GCLC	2	1.58496	0.404	3.6155	2.4947	1.1208
ENSG00000173960	UBXN2A	1	1	1.121	3.6101	2.6594	0.9507
ENSG00000205352	PRR13	1	1	1.351	3.6084	0.48618	3.12222
ENSG00000173915	ATP5MK	1	1	1.615	3.6045	0.94417	2.66033
ENSG00000076641	PAG1	1	1	1.048	3.604	2.4482	1.1558
ENSG00000164038	SLC9B2	1	1	0.992	3.6028	0.55236	3.05044
ENSG00000131979	GCH1	6	2.80735	0.899	3.6025	-1.0637	4.6662
ENSG00000114316	USP4	3	2	0.723	3.5962	1.6345	1.9617
ENSG00000159202	UBE2Z	1	1	0.558	3.5947	0.15453	3.44017
ENSG00000103056	SMPD3	1	1	0.6	3.5913	2.5963	0.995
ENSG00000173093	CCDC63	9	3.32193	1.051	3.5856	2.9919	0.5937
ENSG00000258818	RNASE4	1	1	1.889	3.584	0.48867	3.09533
ENSG00000110921	MVK	6	2.80735	0.985	3.5832	0.13672	3.44648
ENSG00000132394	EEFSEC	22	4.52356	1.345	3.5819	0.73316	2.84874
ENSG00000185591	SP1	3	2	0.169	3.5794	0.50302	3.07638
ENSG00000095951	HIVEP1	3	2	0.231	3.579	2.7907	0.7883
ENSG00000171877	FRMD5	1	1	0.488	3.5773	1.2642	2.3131
ENSG00000139428	MMAB	5	2.58496	0.874	3.5746	0.17181	3.40279
ENSG00000141098	GFOD2	1	1	0.613	3.5743	3.9135	-0.3392
ENSG00000102977	ACD	2	1.58496	0.921	3.5728	4.0265	-0.4537
ENSG00000158113	LRRC43	9	3.32193	1.247	3.5713	1.8211	1.7502
ENSG00000196449	YRDC	1	1	1.259	3.5683	2.4775	1.0908
ENSG00000187778	MCRS1	1	1	0.504	3.5662	1.0727	2.4935
ENSG00000087085	ACHE	1	1	0.546	3.5653	3.7299	-0.1646
ENSG00000136378	ADAMTS7	17	4.16993	0.761	3.5616	0.74665	2.81495
ENSG00000106829	TLE4	6	2.80735	0.166	3.5604	1.4056	2.1548
ENSG00000144035	NAT8	2	1.58496	1.888	3.56	2.2156	1.3444
ENSG00000144035	NAT8	2	1.58496	1.888	3.56	2.4656	1.0944
ENSG00000127663	KDM4B	7	3	0.371	3.5595	0.58075	2.97875
ENSG00000160683	CXCR5	6	2.80735	1.29	3.559	0.95673	2.60227
ENSG00000118260	CREB1	1	1	0.189	3.5582	3.5055	0.0527
ENSG00000182667	NTM	4	2.32193	0.492	3.5579	3.6167	-0.0588
ENSG00000163576	EFHB	1	1	1.244	3.5514	2.3195	1.2319
ENSG00000163344	PMVK	4	2.32193	0.869	3.5501	4.2613	-0.7112
ENSG00000172354	GNB2	2	1.58496	0.372	3.5474	2.5627	0.9847
ENSG00000115306	SPTBN1	8	3.16993	0.159	3.5465	0.28634	3.26016
ENSG00000157445	CACNA2D3	2	1.58496	0.454	3.5418	-0.072841	3.61464
ENSG00000189045	ANKDD1B	2	1.58496	1.173	3.5397	0.97704	2.56266
ENSG00000182447	OTOL1	2	1.58496	1.525	3.5392	0.72379	2.81541
ENSG00000167653	PSCA	14	3.90689	1.865	3.5376	1.5631	1.9745
ENSG00000221955	SLC12A8	6	2.80735	1.105	3.5346	-0.1225	3.6571
ENSG00000119121	TRPM6	2	1.58496	0.494	3.5342	1.5593	1.9749
ENSG00000176697	BDNF	18	4.24793	0.233	3.5317	1.778	1.7537
ENSG00000104886	PLEKHJ1	1	1	1.593	3.5206	-0.029494	3.55009
ENSG00000142230	SAE1	1	1	0.49	3.519	0.78351	2.73549
ENSG00000221843	C2orf16	4	2.32193	1.789	3.5166	3.3861	0.1305
ENSG00000170004	CHD3	3	2	0.257	3.5166	-0.61085	4.12745
ENSG00000197006	METTL9	3	2	0.501	3.5165	2.8347	0.6818
ENSG00000171385	KCND3	7	3	0.303	3.5158	2.0733	1.4425
ENSG00000160446	ZDHHC12	5	2.58496	1.3	3.5153	0.14536	3.36994
ENSG00000075035	WSCD2	10	3.45943	0.653	3.5143	4.8695	-1.3552
ENSG00000163933	RFT1	3	2	0.894	3.5137	2.8335	0.6802
ENSG00000135114	OASL	3	2	1.049	3.5107	3.1341	0.3766
ENSG00000177565	TBL1XR1	12	3.70044	0.174	3.5106	0.5723	2.9383
ENSG00000065000	AP3D1	7	3	0.443	3.5104	0.93639	2.57401
ENSG00000154975	CA10	12	3.70044	0.682	3.5029	1.6505	1.8524
ENSG00000095794	CREM	2	1.58496	0.533	3.5027	2.0114	1.4913
ENSG00000068912	ERLEC1	2	1.58496	0.946	3.5025	0.9108	2.5917
ENSG00000161179	YDJC	7	3	1.926	3.5002	1.5545	1.9457
ENSG00000172977	KAT5	3	2	0.594	3.4995	0.85561	2.64389
ENSG00000124160	NCOA5	4	2.32193	0.321	3.4988	3.4175	0.0813
ENSG00000168993	CPLX1	1	1	0.756	3.4972	0.72413	2.77307
ENSG00000122008	POLK	1	1	0.924	3.4968	1.8575	1.6393
ENSG00000130158	DOCK6	2	1.58496	0.87	3.494	-0.019825	3.51383
ENSG00000095787	WAC	3	2	0.248	3.4921	4.0107	-0.5186
ENSG00000010319	SEMA3G	1	1	1.007	3.492	3.0648	0.4272
ENSG00000237289	CKMT1B	2	1.58496	0.8	3.4917	1.725	1.7667
ENSG00000237289	CKMT1B	2	1.58496	0.8	3.4917	1.9116	1.5801
ENSG00000148834	GSTO1	1	1	1.694	3.4896	2.4467	1.0429
ENSG00000114841	DNAH1	1	1	0.759	3.4893	2.9258	0.5635
ENSG00000125450	NUP85	1	1	0.352	3.4868	3.8503	-0.3635
ENSG00000262246	CORO7	3	2	1.089	3.4849	2.5279	0.957
ENSG00000108094	CUL2	3	2	0.305	3.4844	2.1032	1.3812
ENSG00000136295	TTYH3	1	1	0.684	3.4832	2.4551	1.0281
ENSG00000196092	PAX5	6	2.80735	0.361	3.4807	1.6648	1.8159
ENSG00000117360	PRPF3	8	3.16993	0.087	3.4792	3.2864	0.1928
ENSG00000204671	IL31	7	3	1.705	3.4745	2.6534	0.8211
ENSG00000166260	COX11	5	2.58496	0.79	3.4743	1.2569	2.2174
ENSG00000164180	TMEM161B	25	4.70044	0.79	3.4714	0.50071	2.97069
ENSG00000185658	BRWD1	10	3.45943	0.447	3.465	1.0461	2.4189
ENSG00000170485	NPAS2	5	2.58496	0.338	3.4635	-1.7638	5.2273
ENSG00000162105	SHANK2	3	2	0.417	3.4582	4.8997	-1.4415
ENSG00000163945	UVSSA	2	1.58496	1.214	3.4514	2.1509	1.3005
ENSG00000164182	NDUFAF2	1	1	1.107	3.4506	0.59085	2.85975
ENSG00000156218	ADAMTSL3	11	3.58496	0.692	3.45	3.1903	0.2597
ENSG00000137500	CCDC90B	1	1	1.112	3.4476	0.25692	3.19068
ENSG00000141127	PRPSAP2	1	1	0.786	3.4466	1.8584	1.5882
ENSG00000179520	SLC17A8	1	1	0.691	3.4466	2.6745	0.7721
ENSG00000119383	PTPA	2	1.58496	0.53	3.4459	1.2346	2.2113
ENSG00000157087	ATP2B2	3	2	0.19	3.4447	3.0483	0.3964
ENSG00000163346	PBXIP1	1	1	1.184	3.4421	3.8788	-0.4367
ENSG00000060069	CTDP1	4	2.32193	0.65	3.4384	2.3657	1.0727
ENSG00000148843	PDCD11	1	1	0.573	3.4339	0.42199	3.01191
ENSG00000101000	PROCR	20	4.39232	1.26	3.4323	1.9702	1.4621
ENSG00000173715	C11orf80	2	1.58496	1.157	3.4293	4.9607	-1.5314
ENSG00000244405	ETV5	9	3.32193	0.233	3.429	3.6935	-0.2645
ENSG00000185666	SYN3	9	3.32193	0.723	3.4287	1.44	1.9887
ENSG00000198053	SIRPA	3	2	0.31	3.4286	0.44481	2.98379
ENSG00000123843	C4BPB	1	1	1.147	3.4273	2.4666	0.9607
ENSG00000105784	RUNDC3B	1	1	0.697	3.4271	3.0725	0.3546
ENSG00000243943	ZNF512	3	2	0.489	3.4266	3.1069	0.3197
ENSG00000183347	GBP6	1	1	1.051	3.4257	0.24416	3.18154
ENSG00000188786	MTF1	1	1	0.417	3.4239	2.1643	1.2596
ENSG00000167258	CDK12	8	3.16993	0.21	3.4211	2.3441	1.077
ENSG00000128242	GAL3ST1	1	1	0.773	3.4186	2.3717	1.0469
ENSG00000179284	DAND5	1	1	1.521	3.4158	3.4033	0.0125
ENSG00000138593	SECISBP2L	6	2.80735	0.483	3.4153	1.194	2.2213
ENSG00000185274	GALNT17	3	2	0.61	3.4149	2.6464	0.7685
ENSG00000173621	LRFN4	1	1	0.805	3.4067	4.7775	-1.3708
ENSG00000162923	WDR26	1	1	0.144	3.4039	1.3058	2.0981
ENSG00000162419	GMEB1	1	1	0.151	3.4019	0.065036	3.33686
ENSG00000124207	CSE1L	2	1.58496	0.277	3.3997	2.4851	0.9146
ENSG00000185958	FAM186A	2	1.58496	0.852	3.3978	0.28291	3.11489
ENSG00000198522	GPN1	2	1.58496	1.431	3.3964	2.4677	0.9287
ENSG00000132535	DLG4	3	2	0.151	3.3946	0.71325	2.68135
ENSG00000099849	RASSF7	1	1	1.858	3.394	-1.7229	5.1169
ENSG00000095383	TBC1D2	4	2.32193	0.796	3.3896	1.2144	2.1752
ENSG00000213901	SLC23A3	1	1	0.79	3.3864	0.35304	3.03336
ENSG00000039523	RIPOR1	1	1	0.609	3.3864	3.4578	-0.0714
ENSG00000119537	KDSR	1	1	0.965	3.3849	1.304	2.0809
ENSG00000023191	RNH1	1	1	1.169	3.3841	-1.6895	5.0736
ENSG00000186765	FSCN2	2	1.58496	1.781	3.3837	1.256	2.1277
ENSG00000196335	STK31	3	2	0.779	3.3826	0.75956	2.62304
ENSG00000177692	DNAJC28	1	1	0.972	3.3802	0.51142	2.86878
ENSG00000153233	PTPRR	4	2.32193	0.633	3.3791	4.2858	-0.9067
ENSG00000131748	STARD3	3	2	0.812	3.3782	1.8355	1.5427
ENSG00000156374	PCGF6	2	1.58496	1.012	3.3772	0.46047	2.91673
ENSG00000183624	HMCES	4	2.32193	0.933	3.377	1.1482	2.2288
ENSG00000171914	TLN2	5	2.58496	0.456	3.3763	1.8882	1.4881
ENSG00000128268	MGAT3	4	2.32193	0.601	3.3681	-0.25861	3.62671
ENSG00000155052	CNTNAP5	9	3.32193	0.632	3.3675	1.4408	1.9267
ENSG00000132405	TBC1D14	1	1	0.432	3.3645	-0.45742	3.82192
ENSG00000162869	PPP1R21	1	1	1.029	3.3644	2.0359	1.3285
ENSG00000125686	MED1	2	1.58496	0.172	3.3608	2.2891	1.0717
ENSG00000157837	SPPL3	10	3.45943	0.249	3.3607	3.1743	0.1864
ENSG00000164483	SAMD3	1	1	1.292	3.3582	1.7239	1.6343
ENSG00000156575	PRG3	1	1	1.391	3.358	-0.09968	3.45768
ENSG00000118420	UBE3D	1	1	1.154	3.358	0.70184	2.65616
ENSG00000144868	TMEM108	1	1	0.586	3.3559	4.6919	-1.336
ENSG00000152061	RABGAP1L	3	2	0.586	3.3558	3.8406	-0.4848
ENSG00000134574	DDB2	3	2	0.719	3.3552	2.0578	1.2974
ENSG00000117016	RIMS3	1	1	0.746	3.3527	2.2317	1.121
ENSG00000186417	GLDN	4	2.32193	1.078	3.3525	0.37348	2.97902
ENSG00000205869	KRTAP5-1	1	1	1.882	3.3524	0.71761	2.63479
ENSG00000162706	CADM3	2	1.58496	0.381	3.3514	0.74945	2.60195
ENSG00000175792	RUVBL1	7	3	0.169	3.3499	0.55029	2.79961
ENSG00000171219	CDC42BPG	1	1	1.039	3.3447	1.2697	2.075
ENSG00000145416	MARCHF1	1	1	0.867	3.3446	2.107	1.2376
ENSG00000159753	CARMIL2	2	1.58496	0.701	3.3439	3.7079	-0.364
ENSG00000084734	GCKR	38	5.2854	1.138	3.343	2.0728	1.2702
ENSG00000162433	AK4	1	1	0.942	3.3415	-1.1977	4.5392
ENSG00000172292	CERS6	1	1	0.593	3.3412	5.1907	-1.8495
ENSG00000070061	ELP1	1	1	0.803	3.337	0.85393	2.48307
ENSG00000100410	PHF5A	2	1.58496	0.205	3.3335	1.1474	2.1861
ENSG00000139921	TMX1	2	1.58496	1.01	3.332	4.0143	-0.6823
ENSG00000108255	CRYBA1	2	1.58496	0.987	3.3314	2.5878	0.7436
ENSG00000104412	EMC2	3	2	1.84	3.3299	0.031559	3.29834
ENSG00000143409	MINDY1	2	1.58496	1.123	3.327	3.0713	0.2557
ENSG00000072778	ACADVL	2	1.58496	1.077	3.3246	0.72544	2.59916
ENSG00000102934	PLLP	1	1	1.399	3.3221	0.35221	2.96989
ENSG00000166482	MFAP4	2	1.58496	0.904	3.3217	0.39897	2.92273
ENSG00000140506	LMAN1L	5	2.58496	1.278	3.3207	2.3546	0.9661
ENSG00000153140	CETN3	3	2	1.75	3.3195	1.8211	1.4984
ENSG00000165966	PDZRN4	6	2.80735	0.894	3.3172	-0.69217	4.00937
ENSG00000187416	LHFPL3	2	1.58496	0.547	3.3166	1.2823	2.0343
ENSG00000019505	SYT13	4	2.32193	0.777	3.3142	2.4476	0.8666
ENSG00000104408	EIF3E	4	2.32193	0.825	3.314	-0.15414	3.46814
ENSG00000197982	C1orf122	2	1.58496	1.913	3.3118	2.4303	0.8815
ENSG00000164332	UBLCP1	5	2.58496	0.998	3.311	-0.24054	3.55154
ENSG00000100890	PRORP	4	2.32193	0.999	3.3107	-1.5004	4.8111
ENSG00000166263	STXBP4	2	1.58496	1.039	3.3082	0.53932	2.76888
ENSG00000141002	TCF25	6	2.80735	0.672	3.3066	3.0119	0.2947
ENSG00000159131	GART	2	1.58496	0.496	3.3049	0.67722	2.62768
ENSG00000074211	PPP2R2C	2	1.58496	0.375	3.302	1.9254	1.3766
ENSG00000103888	CEMIP	1	1	0.764	3.301	0.13024	3.17076
ENSG00000108306	FBXL20	6	2.80735	0.375	3.2999	2.1012	1.1987
ENSG00000004975	DVL2	2	1.58496	0.719	3.2976	0.85499	2.44261
ENSG00000170291	ELP5	2	1.58496	1.329	3.2976	0.85499	2.44261
ENSG00000125970	RALY	24	4.64386	0.734	3.2961	1.9738	1.3223
ENSG00000153558	FBXL2	1	1	0.693	3.2901	0.60755	2.68255
ENSG00000125820	NKX2-2	2	1.58496	0.64	3.2898	-1.5003	4.7901
ENSG00000122733	PHF24	1	1	0.803	3.2872	-1.4647	4.7519
ENSG00000143363	PRUNE1	1	1	0.902	3.2871	3.1743	0.1128
ENSG00000148677	ANKRD1	1	1	1.038	3.2852	1.7525	1.5327
ENSG00000129910	CDH15	2	1.58496	1.41	3.285	0.5677	2.7173
ENSG00000198719	DLL1	6	2.80735	0.236	3.2841	0.78888	2.49522
ENSG00000167081	PBX3	8	3.16993	0.356	3.2841	0.21607	3.06803
ENSG00000140553	UNC45A	1	1	0.885	3.2799	1.3462	1.9337
ENSG00000160447	PKN3	4	2.32193	0.987	3.2799	-0.29179	3.57169
ENSG00000163798	SLC4A1AP	3	2	0.814	3.2784	2.24	1.0384
ENSG00000120820	GLT8D2	1	1	1.331	3.2765	1.304	1.9725
ENSG00000169926	KLF13	5	2.58496	1.786	3.2759	1.0199	2.256
ENSG00000168300	PCMTD1	2	1.58496	0.443	3.2757	1.7862	1.4895
ENSG00000054219	LY75	1	1	0.892	3.2754	-0.0076479	3.28305
ENSG00000054219	LY75	1	1	0.892	3.2754	0.267	3.0084
ENSG00000105926	PALS2	4	2.32193	0.638	3.2749	2.3048	0.9701
ENSG00000163806	SPDYA	1	1	0.586	3.2747	2.397	0.8777
ENSG00000160888	IER2	1	1	0.955	3.2745	1.8748	1.3997
ENSG00000144668	ITGA9	3	2	0.555	3.2727	2.783	0.4897
ENSG00000170634	ACYP2	2	1.58496	1.728	3.2716	0.48126	2.79034
ENSG00000143575	HAX1	1	1	1.132	3.2715	3.6634	-0.3919
ENSG00000019485	PRDM11	14	3.90689	0.29	3.266	3.8834	-0.6174
ENSG00000019485	PRDM11	14	3.90689	0.29	3.266	3.8866	-0.6206
ENSG00000021645	NRXN3	15	4	0.319	3.2655	3.8846	-0.6191
ENSG00000107954	NEURL1	11	3.58496	1.036	3.2645	2.3062	0.9583
ENSG00000174842	GLMN	2	1.58496	1.705	3.2632	0.067962	3.19524
ENSG00000144283	PKP4	5	2.58496	0.752	3.2602	2.3152	0.945
ENSG00000161714	PLCD3	1	1	1.173	3.2572	2.3759	0.8813
ENSG00000169519	METTL15	26	4.75489	1.214	3.2567	-0.014815	3.27151
ENSG00000079819	EPB41L2	2	1.58496	0.514	3.2545	-0.71698	3.97148
ENSG00000112584	FAM120B	2	1.58496	0.997	3.252	0.58517	2.66683
ENSG00000131323	TRAF3	19	4.32193	0.321	3.2502	2.7898	0.4604
ENSG00000215114	UBXN2B	5	2.58496	0.985	3.2502	-0.43822	3.68842
ENSG00000173281	PPP1R3B	18	4.24793	0.908	3.2498	3.0143	0.2355
ENSG00000100003	SEC14L2	1	1	1.067	3.2375	0.77109	2.46641
ENSG00000172425	TTC36	1	1	1.796	3.231	0.93852	2.29248
ENSG00000114302	PRKAR2A	5	2.58496	0.746	3.2286	0.7743	2.4543
ENSG00000089177	KIF16B	1	1	0.786	3.226	1.7228	1.5032
ENSG00000117410	ATP6V0B	1	1	0.372	3.2257	2.856	0.3697
ENSG00000083799	CYLD	7	3	0.325	3.2238	1.1006	2.1232
ENSG00000123636	BAZ2B	1	1	0.386	3.2232	-1.5315	4.7547
ENSG00000117335	CD46	9	3.32193	0.763	3.223	2.3113	0.9117
ENSG00000099985	OSM	4	2.32193	0.917	3.2223	0.019165	3.20314
ENSG00000136267	DGKB	14	3.90689	0.755	3.221	2.2126	1.0084
ENSG00000187860	CCDC157	3	2	1.165	3.2198	0.74064	2.47916
ENSG00000124198	ARFGEF2	3	2	0.391	3.217	2.1882	1.0288
ENSG00000167261	DPEP2	3	2	1.089	3.2154	2.4299	0.7855
ENSG00000180776	ZDHHC20	2	1.58496	1.013	3.2141	-0.36871	3.58281
ENSG00000175121	WFDC5	1	1	1.462	3.2139	6.1601	-2.9462
ENSG00000181619	GPR135	1	1	1.944	3.2125	2.495	0.7175
ENSG00000198625	MDM4	16	4.08746	0.146	3.2117	1.8076	1.4041
ENSG00000151914	DST	3	2	0.297	3.2107	0.48666	2.72404
ENSG00000121653	MAPK8IP1	1	1	0.384	3.2107	3.0041	0.2066
ENSG00000196482	ESRRG	3	2	0.464	3.2101	0.62014	2.58996
ENSG00000156427	FGF18	7	3	0.477	3.2056	0.89881	2.30679
ENSG00000128833	MYO5C	2	1.58496	0.893	3.2054	1.7769	1.4285
ENSG00000160685	ZBTB7B	15	4	0.49	3.2027	2.5824	0.6203
ENSG00000104870	FCGRT	2	1.58496	0.706	3.2014	0.57244	2.62896
ENSG00000090530	P3H2	9	3.32193	1.249	3.2013	-2.5551	5.7564
ENSG00000123268	ATF1	7	3	0.683	3.2009	1.9729	1.228
ENSG00000108395	TRIM37	2	1.58496	0.789	3.1992	2.219	0.9802
ENSG00000159128	IFNGR2	5	2.58496	0.61	3.1984	0.093236	3.10516
ENSG00000181885	CLDN7	1	1	1.198	3.1972	0.40292	2.79428
ENSG00000157985	AGAP1	3	2	0.366	3.1958	0.84146	2.35434
ENSG00000115207	GTF3C2	1	1	0.22	3.1949	1.3062	1.8887
ENSG00000075303	SLC25A40	1	1	1.229	3.1949	2.9406	0.2543
ENSG00000187678	SPRY4	10	3.45943	0.724	3.1934	1.784	1.4094
ENSG00000174469	CNTNAP2	5	2.58496	0.721	3.1929	1.9414	1.2515
ENSG00000165476	REEP3	10	3.45943	1.184	3.1923	0.2217	2.9706
ENSG00000067208	EVI5	7	3	0.741	3.1917	-1.0895	4.2812
ENSG00000239282	CASTOR1	1	1	0.906	3.1912	0.40754	2.78366
ENSG00000157219	HTR5A	1	1	1.197	3.1907	-0.082806	3.27351
ENSG00000177733	HNRNPA0	1	1	1.349	3.1894	2.5009	0.6885
ENSG00000127328	RAB3IP	1	1	1.024	3.1891	0.90804	2.28106
ENSG00000181856	SLC2A4	2	1.58496	0.773	3.1879	0.39123	2.79667
ENSG00000090621	PABPC4	5	2.58496	0.311	3.1862	2.5053	0.6809
ENSG00000173950	XXYLT1	1	1	1.132	3.1861	2.738	0.4481
ENSG00000104237	RP1	5	2.58496	1.447	3.1843	0.090269	3.09403
ENSG00000183578	TNFAIP8L3	3	2	1.237	3.1837	2.0215	1.1622
ENSG00000100147	CCDC134	3	2	1.401	3.1826	1.0393	2.1433
ENSG00000213047	DENND1B	12	3.70044	0.798	3.1778	2.8426	0.3352
ENSG00000118369	USP35	3	2	1.082	3.1777	2.5637	0.614
ENSG00000198576	ARC	5	2.58496	1.393	3.1768	1.4412	1.7356
ENSG00000076356	PLXNA2	4	2.32193	0.525	3.175	1.83	1.345
ENSG00000125977	EIF2S2	1	1	0.261	3.1744	1.4624	1.712
ENSG00000100678	SLC8A3	1	1	0.794	3.1695	2.0599	1.1096
ENSG00000141744	PNMT	1	1	1.458	3.1671	2.7833	0.3838
ENSG00000142188	TMEM50B	2	1.58496	0.955	3.1667	0.051933	3.11477
ENSG00000130724	CHMP2A	3	2	0.508	3.1653	2.7938	0.3715
ENSG00000142534	RPS11	1	1	0.145	3.1653	1.1983	1.967
ENSG00000089012	SIRPG	4	2.32193	1.362	3.1649	1.2578	1.9071
ENSG00000196535	MYO18A	8	3.16993	0.414	3.1639	3.2943	-0.1304
ENSG00000156269	NAA11	9	3.32193	1.397	3.1626	1.7288	1.4338
ENSG00000183527	PSMG1	22	4.52356	0.926	3.1592	0.9128	2.2464
ENSG00000184897	H1-10	1	1	1.83	3.1591	-0.14265	3.30175
ENSG00000151623	NR3C2	13	3.80735	0.268	3.1588	1.6672	1.4916
ENSG00000176358	TAC4	2	1.58496	1.404	3.1574	-0.1319	3.2893
ENSG00000176358	TAC4	2	1.58496	1.404	3.1574	0.73492	2.42248
ENSG00000130725	UBE2M	1	1	0.272	3.1535	2.7693	0.3842
ENSG00000008283	CYB561	2	1.58496	0.707	3.1534	2.1677	0.9857
ENSG00000087077	TRIP6	1	1	0.901	3.1519	3.5938	-0.4419
ENSG00000124214	STAU1	3	2	0.327	3.1486	2.5902	0.5584
ENSG00000107863	ARHGAP21	5	2.58496	0.261	3.1469	-0.12418	3.27108
ENSG00000172840	PDP2	1	1	0.961	3.1439	2.5027	0.6412
ENSG00000154415	PPP1R3A	1	1	0.86	3.1437	-0.89892	4.04262
ENSG00000068796	KIF2A	3	2	0.617	3.1437	0.86743	2.27627
ENSG00000144451	SPAG16	10	3.45943	1.261	3.1433	0.54282	2.60048
ENSG00000150667	FSIP1	2	1.58496	1.366	3.1424	1.0805	2.0619
ENSG00000139514	SLC7A1	1	1	0.353	3.1413	0.10644	3.03486
ENSG00000125458	NT5C	1	1	1.187	3.1376	4.6507	-1.5131
ENSG00000078114	NEBL	8	3.16993	1.036	3.1362	1.9534	1.1828
ENSG00000115380	EFEMP1	32	5.04439	0.373	3.1348	-0.73725	3.87205
ENSG00000019485	PRDM11	14	3.90689	0.29	3.1328	3.8834	-0.7506
ENSG00000019485	PRDM11	14	3.90689	0.29	3.1328	3.8866	-0.7538
ENSG00000153560	UBP1	1	1	0.492	3.1321	0.48218	2.64992
ENSG00000185551	NR2F2	5	2.58496	0.197	3.1318	-0.57093	3.70273
ENSG00000124788	ATXN1	9	3.32193	0.264	3.1301	3.3453	-0.2152
ENSG00000187398	LUZP2	6	2.80735	1.227	3.1301	-0.44731	3.57741
ENSG00000114988	LMAN2L	9	3.32193	0.896	3.1265	3.5921	-0.4656
ENSG00000164087	POC1A	1	1	0.988	3.1238	1.9645	1.1593
ENSG00000256162	SMLR1	1	1	1.115	3.1237	-1.497	4.6207
ENSG00000121104	FAM117A	1	1	0.767	3.1206	-0.17027	3.29087
ENSG00000132874	SLC14A2	10	3.45943	1.008	3.1184	2.6003	0.5181
ENSG00000180304	OAZ2	1	1	1.16	3.1176	1.8737	1.2439
ENSG00000172340	SUCLG2	1	1	1.124	3.1167	-0.14196	3.25866
ENSG00000081320	STK17B	2	1.58496	0.89	3.1161	3.4489	-0.3328
ENSG00000148468	FAM171A1	1	1	0.446	3.1148	3.5099	-0.3951
ENSG00000139767	SRRM4	1	1	0.654	3.114	1.7416	1.3724
ENSG00000153976	HS3ST3A1	3	2	1.766	3.1116	-1.3339	4.4455
ENSG00000132911	NMUR2	11	3.58496	1.327	3.1095	2.3835	0.726
ENSG00000132698	RAB25	2	1.58496	1.253	3.1084	1.0039	2.1045
ENSG00000106331	PAX4	5	2.58496	1.056	3.1075	1.295	1.8125
ENSG00000177694	NAALADL2	1	1	1.137	3.1056	-1.3297	4.4353
ENSG00000164068	RNF123	2	1.58496	0.604	3.1052	1.945	1.1602
ENSG00000187068	C3orf70	2	1.58496	1.267	3.1052	-0.16123	3.26643
ENSG00000186487	MYT1L	2	1.58496	0.085	3.1049	1.6055	1.4994
ENSG00000239605	STPG4	1	1	1.605	3.1036	-0.62296	3.72656
ENSG00000159214	CCDC24	1	1	1.553	3.1034	3.1699	-0.0665
ENSG00000132703	APCS	3	2	1.826	3.1033	0.11707	2.98623
ENSG00000173769	TOPAZ1	2	1.58496	0.547	3.1022	3.158	-0.0558
ENSG00000184792	OSBP2	2	1.58496	0.893	3.0995	1.0871	2.0124
ENSG00000139438	FAM222A	2	1.58496	0.75	3.099	-0.19083	3.28983
ENSG00000107105	ELAVL2	11	3.58496	0.249	3.0971	1.2099	1.8872
ENSG00000157045	NTAN1	1	1	1.633	3.0947	0.72667	2.36803
ENSG00000159217	IGF2BP1	11	3.58496	0.189	3.094	-0.014731	3.10873
ENSG00000117592	PRDX6	4	2.32193	0.98	3.093	0.10108	2.99192
ENSG00000213639	PPP1CB	1	1	0.247	3.092	1.9164	1.1756
ENSG00000170549	IRX1	8	3.16993	1.125	3.0914	2.0432	1.0482
ENSG00000142541	RPL13A	1	1	0.303	3.0909	1.2853	1.8056
ENSG00000163141	BNIPL	2	1.58496	0.911	3.0885	2.6591	0.4294
ENSG00000153237	CCDC148	4	2.32193	1.209	3.0865	2.3421	0.7444
ENSG00000115211	EIF2B4	1	1	0.687	3.0859	0.9961	2.0898
ENSG00000163633	C4orf36	2	1.58496	1.445	3.0851	-0.32677	3.41187
ENSG00000204406	MBD5	1	1	0.161	3.0794	-0.86055	3.93995
ENSG00000171303	KCNK3	16	4.08746	0.826	3.0781	2.446	0.6321
ENSG00000124574	ABCC10	1	1	0.894	3.0776	2.793	0.2846
ENSG00000128573	FOXP2	34	5.12928	0.157	3.0752	0.79464	2.28056
ENSG00000101746	NOL4	2	1.58496	0.326	3.0744	3.1961	-0.1217
ENSG00000148572	NRBF2	10	3.45943	0.736	3.0742	0.98417	2.09003
ENSG00000181163	NPM1	2	1.58496	0.313	3.0732	1.0754	1.9978
ENSG00000164107	HAND2	8	3.16993	0.601	3.0707	-1.6838	4.7545
ENSG00000186834	HEXIM1	3	2	0.148	3.0705	1.9489	1.1216
ENSG00000183011	NAA38	6	2.80735	1.732	3.0704	-0.54679	3.61719
ENSG00000153317	ASAP1	1	1	0.439	3.0678	-0.36135	3.42915
ENSG00000138050	THUMPD2	1	1	1.396	3.0672	-0.27622	3.34342
ENSG00000041515	MYO16	6	2.80735	0.577	3.0659	2.221	0.8449
ENSG00000135205	CCDC146	5	2.58496	0.926	3.0648	-0.93243	3.99723
ENSG00000068615	REEP1	1	1	0.915	3.0632	1.2727	1.7905
ENSG00000100234	TIMP3	4	2.32193	0.66	3.0628	1.7765	1.2863
ENSG00000059377	TBXAS1	1	1	0.948	3.0627	-0.95448	4.01718
ENSG00000145779	TNFAIP8	8	3.16993	1.264	3.06	0.31767	2.74233
ENSG00000121101	TEX14	3	2	1.043	3.0598	2.4345	0.6253
ENSG00000213523	SRA1	1	1	1.518	3.059	2.567	0.492
ENSG00000188037	CLCN1	1	1	1.026	3.0582	-0.64824	3.70644
ENSG00000072657	TRHDE	2	1.58496	0.796	3.0563	0.92377	2.13253
ENSG00000100314	CABP7	1	1	0.817	3.055	0.84681	2.20819
ENSG00000100209	HSCB	1	1	0.908	3.0527	-0.6214	3.6741
ENSG00000106868	SUSD1	1	1	0.934	3.0527	1.9107	1.142
ENSG00000005844	ITGAL	5	2.58496	0.595	3.0519	2.7033	0.3486
ENSG00000112941	TENT4A	1	1	0.208	3.0499	1.7015	1.3484
ENSG00000141505	ASGR1	4	2.32193	1.323	3.0488	0.18712	2.86168
ENSG00000100372	SLC25A17	1	1	0.899	3.0468	4.1146	-1.0678
ENSG00000180957	PITPNB	12	3.70044	1.807	3.0463	-0.95679	4.00309
ENSG00000115138	POMC	10	3.45943	1.796	3.0446	1.0306	2.014
ENSG00000205683	DPF3	11	3.58496	0.491	3.0443	1.585	1.4593
ENSG00000143569	UBAP2L	2	1.58496	0.159	3.0439	3.414	-0.3701
ENSG00000161395	PGAP3	3	2	1.147	3.0427	3.3187	-0.276
ENSG00000139372	TDG	2	1.58496	0.811	3.0426	1.7837	1.2589
ENSG00000152219	ARL14EP	14	3.90689	0.823	3.0403	2.0186	1.0217
ENSG00000159231	CBR3	1	1	1.846	3.0403	-0.03175	3.07205
ENSG00000109991	P2RX3	1	1	1.041	3.0391	-0.3536	3.3927
ENSG00000113161	HMGCR	14	3.90689	0.447	3.039	2.1376	0.9014
ENSG00000099889	ARVCF	1	1	1.032	3.0376	2.0343	1.0033
ENSG00000115234	SNX17	4	2.32193	0.705	3.0349	1.4331	1.6018
ENSG00000167193	CRK	3	2	0.337	3.0344	3.2141	-0.1797
ENSG00000167646	DNAAF3	1	1	1.139	3.0334	2.5349	0.4985
ENSG00000007237	GAS7	6	2.80735	0.674	3.0328	-1.4466	4.4794
ENSG00000176358	TAC4	2	1.58496	1.404	3.0288	-0.1319	3.1607
ENSG00000176358	TAC4	2	1.58496	1.404	3.0288	0.73492	2.29388
ENSG00000172845	SP3	3	2	0.225	3.0271	1.8625	1.1646
ENSG00000107164	FUBP3	3	2	0.525	3.0262	0.86575	2.16045
ENSG00000186889	TMEM17	5	2.58496	1.295	3.0234	1.0599	1.9635
ENSG00000106571	GLI3	3	2	0.298	3.0219	0.63409	2.38781
ENSG00000204767	INSYN2B	1	1	0.564	3.0197	6.8073	-3.7876
ENSG00000157388	CACNA1D	4	2.32193	0.253	3.0166	3.6515	-0.6349
ENSG00000113048	MRPS27	1	1	1.15	3.0164	1.4875	1.5289
ENSG00000147526	TACC1	1	1	0.758	3.0145	1.2765	1.738
ENSG00000159556	ISL2	3	2	0.9	3.0145	1.4209	1.5936
ENSG00000198342	ZNF442	1	1	0.963	3.0136	0.2322	2.7814
ENSG00000134900	TPP2	1	1	0.29	3.013	4.0227	-1.0097
ENSG00000162753	SLC9C2	2	1.58496	0.706	3.0114	0.9388	2.0726
ENSG00000051523	CYBA	1	1	1.726	3.0105	2.5761	0.4344
ENSG00000167508	MVD	1	1	1.706	3.01	2.4092	0.6008
ENSG00000164047	CAMP	1	1	1.204	3.0097	1.2863	1.7234
ENSG00000133069	TMCC2	4	2.32193	0.484	3.0095	2.6146	0.3949
ENSG00000185742	C11orf87	2	1.58496	0.833	3.0046	-0.15484	3.15944
ENSG00000165495	PKNOX2	4	2.32193	0.391	3.0034	1.2869	1.7165
ENSG00000139117	CPNE8	4	2.32193	0.964	3.0032	2.2032	0.8
ENSG00000086205	FOLH1	7	3	0.801	3.0016	2.933	0.0686
ENSG00000086205	FOLH1	7	3	0.801	3.0016	0.66898	2.33262
ENSG00000136504	KAT7	2	1.58496	0.275	3.0009	-0.51474	3.51564
ENSG00000141736	ERBB2	3	2	0.518	2.9955	3.2308	-0.2353
ENSG00000144724	PTPRG	6	2.80735	0.714	2.995	0.35532	2.63968
ENSG00000175497	DPP10	1	1	0.378	2.9934	-0.20411	3.19751
ENSG00000130749	ZC3H4	5	2.58496	0.18	2.9913	0.85808	2.13322
ENSG00000164045	CDC25A	2	1.58496	0.489	2.9906	0.87533	2.11527
ENSG00000160299	PCNT	3	2	0.943	2.9891	3.0503	-0.0612
ENSG00000152954	NRSN1	10	3.45943	1.197	2.9856	2.9869	-0.0013
ENSG00000124920	MYRF	1	1	0.215	2.9848	6.5834	-3.5986
ENSG00000146828	SLC12A9	2	1.58496	1.007	2.9837	3.733	-0.7493
ENSG00000173207	CKS1B	2	1.58496	0.991	2.9832	2.9011	0.0821
ENSG00000153904	DDAH1	4	2.32193	1.137	2.9802	0.92567	2.05453
ENSG00000145996	CDKAL1	31	5	0.643	2.9799	-0.35905	3.33895
ENSG00000160803	UBQLN4	3	2	0.314	2.9798	0.9417	2.0381
ENSG00000134376	CRB1	8	3.16993	0.776	2.9756	1.6723	1.3033
ENSG00000179603	GRM8	4	2.32193	0.687	2.9748	1.1255	1.8493
ENSG00000163625	WDFY3	1	1	0.2	2.9744	-1.4358	4.4102
ENSG00000147488	ST18	1	1	0.555	2.9741	1.8314	1.1427
ENSG00000173531	MST1	27	4.80735	0.951	2.9732	1.7988	1.1744
ENSG00000185345	PRKN	5	2.58496	1.17	2.9725	-1.1765	4.149
ENSG00000162585	FAAP20	1	1	1.339	2.9723	2.374	0.5983
ENSG00000125952	MAX	2	1.58496	0.288	2.9722	0.33108	2.64112
ENSG00000121621	KIF18A	10	3.45943	0.728	2.9701	0.085194	2.88491
ENSG00000108576	SLC6A4	1	1	0.421	2.97	2.8298	0.1402
ENSG00000126804	ZBTB1	2	1.58496	0.381	2.9698	1.2252	1.7446
ENSG00000100196	KDELR3	1	1	1.394	2.9695	1.8768	1.0927
ENSG00000157827	FMNL2	2	1.58496	0.542	2.9686	3.4859	-0.5173
ENSG00000172318	B3GALT1	1	1	0.71	2.9681	0.54189	2.42621
ENSG00000185924	RTN4RL1	3	2	0.626	2.9663	4.0066	-1.0403
ENSG00000170234	PWWP2A	1	1	0.599	2.9634	-1.0364	3.9998
ENSG00000170128	GPR25	3	2	1.935	2.9627	2.8728	0.0899
ENSG00000203685	STUM	1	1	1.06	2.96	1.2596	1.7004
ENSG00000084710	EFR3B	3	2	0.747	2.9596	0.93683	2.02277
ENSG00000183765	CHEK2	60	5.93074	1.399	2.9589	-0.54043	3.49933
ENSG00000115241	PPM1G	1	1	0.326	2.9582	0.9866	1.9716
ENSG00000149187	CELF1	6	2.80735	0.247	2.955	2.6109	0.3441
ENSG00000170293	CMTM8	1	1	1.137	2.9543	0.88106	2.07324
ENSG00000198646	NCOA6	6	2.80735	0.359	2.9542	3.717	-0.7628
ENSG00000156958	GALK2	1	1	1.005	2.9537	0.76326	2.19044
ENSG00000115216	NRBP1	1	1	0.215	2.953	0.95672	1.99628
ENSG00000076067	RBMS2	1	1	0.872	2.9517	1.9646	0.9871
ENSG00000182771	GRID1	3	2	0.4	2.9497	1.2365	1.7132
ENSG00000151834	GABRA2	1	1	0.49	2.9469	4.5055	-1.5586
ENSG00000152818	UTRN	1	1	0.665	2.942	0.44629	2.49571
ENSG00000171791	BCL2	23	4.58496	0.368	2.9418	0.51835	2.42345
ENSG00000215440	NPEPL1	1	1	1.287	2.9416	0.61095	2.33065
ENSG00000103876	FAH	1	1	1.067	2.9401	1.9357	1.0044
ENSG00000164062	APEH	2	1.58496	0.87	2.9397	2.5898	0.3499
ENSG00000138722	MMRN1	2	1.58496	1.016	2.9396	0.87915	2.06045
ENSG00000138798	EGF	1	1	0.741	2.9388	-0.31515	3.25395
ENSG00000258839	MC1R	30	4.9542	1.933	2.9375	2.763	0.1745
ENSG00000164061	BSN	2	1.58496	0.271	2.9359	2.4931	0.4428
ENSG00000088881	EBF4	1	1	0.868	2.9352	0.79959	2.13561
ENSG00000176108	CHMP6	1	1	0.599	2.9337	1.4067	1.527
ENSG00000023228	NDUFS1	1	1	0.836	2.9334	1.9211	1.0123
ENSG00000168411	RFWD3	3	2	0.931	2.9311	0.20245	2.72865
ENSG00000100078	PLA2G3	1	1	0.967	2.9302	3.4438	-0.5136
ENSG00000136231	IGF2BP3	1	1	0.196	2.93	1.4033	1.5267
ENSG00000162630	B3GALT2	4	2.32193	0.587	2.9269	1.7027	1.2242
ENSG00000140848	CPNE2	3	2	0.771	2.9257	0.99294	1.93276
ENSG00000134780	DAGLA	2	1.58496	0.305	2.9248	4.3092	-1.3844
ENSG00000162385	MAGOH	1	1	0.309	2.9201	3.961	-1.0409
ENSG00000162385	MAGOH	1	1	0.309	2.9201	2.4505	0.4696
ENSG00000007341	ST7L	4	2.32193	0.962	2.9194	1.0081	1.9113
ENSG00000127603	MACF1	3	2	0.238	2.9187	1.779	1.1397
ENSG00000155363	MOV10	2	1.58496	0.435	2.9167	1.2974	1.6193
ENSG00000140538	NTRK3	6	2.80735	0.347	2.9146	2.1373	0.7773
ENSG00000168621	GDNF	4	2.32193	0.725	2.9144	1.061	1.8534
ENSG00000142867	BCL10	1	1	0.637	2.9141	0.79023	2.12387
ENSG00000167074	TEF	5	2.58496	0.389	2.9139	0.41057	2.50333
ENSG00000153208	MERTK	5	2.58496	0.787	2.913	0.86881	2.04419
ENSG00000176160	HSF5	2	1.58496	0.255	2.9129	1.8463	1.0666
ENSG00000196588	MRTFA	15	4	0.389	2.9122	2.5669	0.3453
ENSG00000116489	CAPZA1	3	2	0.329	2.9121	0.9621	1.95
ENSG00000170017	ALCAM	4	2.32193	0.474	2.9112	2.97	-0.0588
ENSG00000110536	PTPMT1	2	1.58496	1.032	2.9102	2.3613	0.5489
ENSG00000139364	TMEM132B	3	2	0.288	2.9094	2.5754	0.334
ENSG00000119596	YLPM1	2	1.58496	0.555	2.9072	-0.28978	3.19698
ENSG00000104825	NFKBIB	2	1.58496	0.831	2.9048	-0.024628	2.92943
ENSG00000205476	CCDC85C	1	1	0.947	2.904	-0.79028	3.69428
ENSG00000196782	MAML3	15	4	0.327	2.9035	2.445	0.4585
ENSG00000143416	SELENBP1	1	1	1.399	2.9026	2.5489	0.3537
ENSG00000131778	CHD1L	2	1.58496	1.152	2.9011	2.3382	0.5629
ENSG00000184584	STING1	2	1.58496	0.846	2.9009	1.5733	1.3276
ENSG00000158019	BABAM2	8	3.16993	0.753	2.8993	4.3998	-1.5005
ENSG00000151379	MSGN1	1	1	0.708	2.8982	1.2615	1.6367
ENSG00000171714	ANO5	2	1.58496	1.034	2.8966	0.24582	2.65078
ENSG00000185669	SNAI3	1	1	1.751	2.8964	2.212	0.6844
ENSG00000233276	GPX1	5	2.58496	1.38	2.8963	2.2315	0.6648
ENSG00000198961	PJA2	5	2.58496	0.48	2.896	-1.8792	4.7752
ENSG00000204954	C12orf73	1	1	1.879	2.8952	1.7336	1.1616
ENSG00000198208	RPS6KL1	1	1	0.978	2.8945	0.45474	2.43976
ENSG00000134802	SLC43A3	4	2.32193	0.804	2.8939	-0.45833	3.35223
ENSG00000092020	PPP2R3C	3	2	0.955	2.8937	-0.87467	3.76837
ENSG00000100095	SEZ6L	1	1	0.45	2.8927	1.4388	1.4539
ENSG00000183379	SYNDIG1L	1	1	1.177	2.8852	0.49817	2.38703
ENSG00000170703	TTLL6	2	1.58496	0.877	2.8852	-0.049863	2.93506
ENSG00000008441	NFIX	6	2.80735	0.092	2.8831	2.8528	0.0303
ENSG00000242265	PEG10	1	1	0.532	2.8815	2.0105	0.871
ENSG00000133958	UNC79	4	2.32193	0.168	2.8786	0.1502	2.7284
ENSG00000128595	CALU	3	2	0.556	2.8778	2.72	0.1578
ENSG00000104524	PYCR3	1	1	1.469	2.8774	0.27027	2.60713
ENSG00000131067	GGT7	6	2.80735	0.68	2.8762	2.6334	0.2428
ENSG00000172493	AFF1	10	3.45943	0.49	2.8727	1.2085	1.6642
ENSG00000185339	TCN2	5	2.58496	0.888	2.8725	0.68696	2.18554
ENSG00000138081	FBXO11	3	2	0.215	2.8723	2.3155	0.5568
ENSG00000090857	PDPR	4	2.32193	0.826	2.8723	0.70422	2.16808
ENSG00000100029	PES1	1	1	0.544	2.8717	0.62368	2.24802
ENSG00000205108	FAM205A	1	1	0.41	2.8717	-0.71298	3.58468
ENSG00000108963	DPH1	1	1	1.321	2.8715	0.73746	2.13404
ENSG00000114933	INO80D	11	3.58496	0.351	2.8696	3.5077	-0.6381
ENSG00000187474	FPR3	1	1	1.906	2.8687	-0.6394	3.5081
ENSG00000160710	ADAR	4	2.32193	0.449	2.8679	0.50781	2.36009
ENSG00000118200	CAMSAP2	5	2.58496	0.196	2.8674	2.5212	0.3462
ENSG00000143157	POGK	1	1	0.419	2.8642	1.1338	1.7304
ENSG00000174145	NWD2	4	2.32193	0.323	2.8621	2.5101	0.352
ENSG00000165084	C8orf34	2	1.58496	1.104	2.862	2.8126	0.0494
ENSG00000138778	CENPE	4	2.32193	0.451	2.8609	0.57022	2.29068
ENSG00000049883	PTCD2	3	2	0.797	2.8606	0.98621	1.87439
ENSG00000127990	SGCE	5	2.58496	0.628	2.8573	2.1588	0.6985
ENSG00000172264	MACROD2	4	2.32193	0.724	2.8572	3.9226	-1.0654
ENSG00000105048	TNNT1	1	1	1.415	2.856	2.3115	0.5445
ENSG00000064419	TNPO3	14	3.90689	0.654	2.8555	0.23245	2.62305
ENSG00000163947	ARHGEF3	7	3	0.591	2.8554	1.3793	1.4761
ENSG00000103653	CSK	3	2	0.222	2.854	1.9484	0.9056
ENSG00000198900	TOP1	7	3	0.122	2.8531	3.1877	-0.3346
ENSG00000099624	ATP5F1D	1	1	1.96	2.8528	1.4146	1.4382
ENSG00000128585	MKLN1	8	3.16993	0.443	2.8525	1.4797	1.3728
ENSG00000138696	BMPR1B	18	4.24793	0.331	2.8514	3.0532	-0.2018
ENSG00000169255	B3GALNT1	1	1	0.9	2.8513	-1.8831	4.7344
ENSG00000077063	CTTNBP2	5	2.58496	0.774	2.8502	3.2523	-0.4021
ENSG00000189157	FAM47E	1	1	1.172	2.8498	0.2948	2.555
ENSG00000168703	WFDC12	1	1	1.108	2.8493	5.9243	-3.075
ENSG00000168763	CNNM3	2	1.58496	1.23	2.8493	2.9053	-0.056
ENSG00000119771	KLHL29	7	3	0.398	2.8492	2.2207	0.6285
ENSG00000163618	CADPS	2	1.58496	0.445	2.847	2.0366	0.8104
ENSG00000154001	PPP2R5E	2	1.58496	0.193	2.8448	1.7118	1.133
ENSG00000109339	MAPK10	1	1	0.54	2.8446	3.2632	-0.4186
ENSG00000135333	EPHA7	3	2	0.282	2.8432	1.1557	1.6875
ENSG00000203737	GPR52	2	1.58496	0.577	2.8428	3.6247	-0.7819
ENSG00000145029	NICN1	3	2	1.034	2.8425	2.2418	0.6007
ENSG00000171988	JMJD1C	13	3.80735	0.157	2.8417	0.80962	2.03208
ENSG00000174607	UGT8	6	2.80735	0.44	2.8408	-0.52018	3.36098
ENSG00000179889	PDXDC1	1	1	0.634	2.8402	0.9905	1.8497
ENSG00000197616	MYH6	4	2.32193	0.634	2.8399	-1.3828	4.2227
ENSG00000134571	MYBPC3	3	2	0.915	2.8395	1.9304	0.9091
ENSG00000162402	USP24	4	2.32193	0.361	2.8381	0.063246	2.77485
ENSG00000037042	TUBG2	1	1	0.903	2.8354	0.057855	2.77754
ENSG00000169925	BRD3	2	1.58496	0.396	2.8342	3.2004	-0.3662
ENSG00000101216	GMEB2	13	3.80735	0.368	2.8336	1.8396	0.994
ENSG00000128564	VGF	1	1	0.864	2.8332	-0.04475	2.87795
ENSG00000176658	MYO1D	2	1.58496	0.787	2.83	-0.041635	2.87163
ENSG00000167283	ATP5MG	3	2	1.124	2.8274	2.6275	0.1999
ENSG00000176155	CCDC57	1	1	1.26	2.8274	2.1258	0.7016
ENSG00000140511	HAPLN3	5	2.58496	1.284	2.8253	0.64892	2.17638
ENSG00000131069	ACSS2	1	1	0.785	2.8247	2.1984	0.6263
ENSG00000135390	ATP5MC2	2	1.58496	1.471	2.824	0.18404	2.63996
ENSG00000108091	CCDC6	1	1	0.562	2.8238	2.729	0.0948
ENSG00000145020	AMT	1	1	0.805	2.8232	2.2284	0.5948
ENSG00000145990	GFOD1	2	1.58496	0.63	2.8207	2.3097	0.511
ENSG00000185760	KCNQ5	15	4	0.417	2.8187	2.1704	0.6483
ENSG00000169594	BNC1	1	1	0.212	2.8172	4.2564	-1.4392
ENSG00000077092	RARB	17	4.16993	0.477	2.8121	1.5506	1.2615
ENSG00000033030	ZCCHC8	2	1.58496	0.709	2.8104	2.0912	0.7192
ENSG00000117707	PROX1	15	4	0.222	2.807	2.3645	0.4425
ENSG00000100280	AP1B1	1	1	0.476	2.8061	1.3629	1.4432
ENSG00000182263	FIGN	13	3.80735	0.276	2.8042	0.18083	2.62337
ENSG00000182199	SHMT2	8	3.16993	0.794	2.8034	0.14123	2.66217
ENSG00000131018	SYNE1	15	4	0.564	2.8017	4.7878	-1.9861
ENSG00000108784	NAGLU	1	1	1.029	2.8004	0.19019	2.61021
ENSG00000178764	ZHX2	1	1	0.517	2.8002	1.1472	1.653
ENSG00000182197	EXT1	5	2.58496	0.339	2.7985	0.30842	2.49008
ENSG00000135549	PKIB	2	1.58496	1.002	2.7976	-0.36849	3.16609
ENSG00000032389	EIPR1	1	1	0.76	2.7954	0.38606	2.40934
ENSG00000188997	KCTD21	1	1	1.124	2.7948	2.2525	0.5423
ENSG00000140749	IGSF6	2	1.58496	1.765	2.7923	2.257	0.5353
ENSG00000115840	SLC25A12	1	1	0.525	2.7921	1.0308	1.7613
ENSG00000067560	RHOA	3	2	0.433	2.792	2.2356	0.5564
ENSG00000143499	SMYD2	4	2.32193	1.097	2.7919	1.9862	0.8057
ENSG00000179218	CALR	2	1.58496	0.423	2.7917	1.9999	0.7918
ENSG00000145675	PIK3R1	14	3.90689	0.363	2.7869	0.99709	1.78981
ENSG00000133110	POSTN	5	2.58496	0.797	2.7851	0.075455	2.70965
ENSG00000146592	CREB5	13	3.80735	0.421	2.785	1.9863	0.7987
ENSG00000100271	TTLL1	1	1	0.889	2.7849	2.9873	-0.2024
ENSG00000114270	COL7A1	2	1.58496	0.69	2.7815	0.72548	2.05602
ENSG00000175595	ERCC4	12	3.70044	0.984	2.7811	0.085532	2.69557
ENSG00000103042	SLC38A7	1	1	0.813	2.7759	2.7696	0.0063
ENSG00000140853	NLRC5	1	1	0.651	2.7753	1.5137	1.2616
ENSG00000102780	DGKH	4	2.32193	0.689	2.7711	0.46263	2.30847
ENSG00000213619	NDUFS3	1	1	0.856	2.7693	2.1115	0.6578
ENSG00000162734	PEA15	1	1	0.24	2.7683	1.9337	0.8346
ENSG00000124181	PLCG1	8	3.16993	0.504	2.7681	3.9173	-1.1492
ENSG00000128228	SDF2L1	1	1	1.849	2.7676	0.95333	1.81427
ENSG00000163624	CDS1	2	1.58496	0.965	2.7673	-0.62391	3.39121
ENSG00000155592	ZKSCAN2	1	1	0.516	2.7664	2.45	0.3164
ENSG00000138111	MFSD13A	9	3.32193	0.845	2.7659	0.9049	1.861
ENSG00000144645	OSBPL10	1	1	0.755	2.7657	0.83445	1.93125
ENSG00000172113	NME6	1	1	1.162	2.7646	0.83878	1.92582
ENSG00000186803	IFNA10	1	1	1.938	2.7644	-1.7804	4.5448
ENSG00000186575	NF2	4	2.32193	0.187	2.7639	1.1553	1.6086
ENSG00000166831	RBPMS2	2	1.58496	0.955	2.7639	0.84168	1.92222
ENSG00000179761	PIPOX	2	1.58496	1.108	2.7636	4.6817	-1.9181
ENSG00000121903	ZSCAN20	1	1	0.507	2.7621	1.4302	1.3319
ENSG00000186105	LRRC70	1	1	0.938	2.7606	0.40579	2.35481
ENSG00000063180	CA11	1	1	0.679	2.7605	0.90744	1.85306
ENSG00000066382	MPPED2	16	4.08746	0.345	2.7583	0.50796	2.25034
ENSG00000146021	KLHL3	2	1.58496	0.377	2.7581	1.9492	0.8089
ENSG00000162738	VANGL2	2	1.58496	0.426	2.7565	0.39124	2.36526
ENSG00000163577	EIF5A2	3	2	1.301	2.7564	-0.1831	2.9395
ENSG00000100979	PLTP	8	3.16993	1.002	2.7563	1.4844	1.2719
ENSG00000146839	ZAN	2	1.58496	1.053	2.7551	2.3803	0.3748
ENSG00000177150	FAM210A	3	2	0.76	2.7543	0.62034	2.13396
ENSG00000140474	ULK3	3	2	1.161	2.7515	1.6089	1.1426
ENSG00000143434	SEMA6C	1	1	0.656	2.751	1.8061	0.9449
ENSG00000151779	NBAS	2	1.58496	0.761	2.7489	1.7096	1.0393
ENSG00000115468	EFHD1	2	1.58496	1.121	2.7475	1.1759	1.5716
ENSG00000168175	MAPK1IP1L	1	1	0.752	2.7454	-0.98369	3.72909
ENSG00000113070	HBEGF	4	2.32193	0.737	2.7453	2.3084	0.4369
ENSG00000153827	TRIP12	1	1	0.145	2.7451	-1.2576	4.0027
ENSG00000127903	ZNF835	1	1	1.854	2.7446	1.8406	0.904
ENSG00000145022	TCTA	11	3.58496	1.439	2.7443	2.3258	0.4185
ENSG00000108578	BLMH	1	1	0.724	2.7436	2.5285	0.2151
ENSG00000157551	KCNJ15	1	1	0.902	2.7435	4.1832	-1.4397
ENSG00000137077	CCL21	2	1.58496	1.123	2.7431	-0.6991	3.4422
ENSG00000153107	ANAPC1	10	3.45943	0.273	2.7431	0.20374	2.53936
ENSG00000108960	MMD	1	1	1.291	2.743	3.4355	-0.6925
ENSG00000166167	BTRC	5	2.58496	0.643	2.7427	1.9536	0.7891
ENSG00000125966	MMP24	8	3.16993	0.595	2.7407	0.94295	1.79775
ENSG00000008294	SPAG9	1	1	0.262	2.7383	2.3746	0.3637
ENSG00000188803	SHISA6	6	2.80735	0.685	2.7381	2.724	0.0141
ENSG00000170525	PFKFB3	5	2.58496	0.618	2.7381	0.096655	2.64145
ENSG00000166450	PRTG	7	3	0.685	2.7378	3.588	-0.8502
ENSG00000128610	FEZF1	2	1.58496	0.42	2.7343	1.4366	1.2977
ENSG00000196517	SLC6A9	1	1	0.544	2.7341	2.7042	0.0299
ENSG00000049192	ADAMTS6	6	2.80735	0.228	2.7333	1.3345	1.3988
ENSG00000182179	UBA7	5	2.58496	0.883	2.7309	1.679	1.0519
ENSG00000184445	KNTC1	5	2.58496	0.835	2.7306	1.5746	1.156
ENSG00000177683	THAP5	1	1	1.089	2.7304	2.6832	0.0472
ENSG00000173402	DAG1	5	2.58496	0.298	2.7294	2.2437	0.4857
ENSG00000054967	RELT	4	2.32193	0.955	2.7293	1.4886	1.2407
ENSG00000221823	PPP3R1	3	2	0.677	2.7288	1.8981	0.8307
ENSG00000141699	RETREG3	1	1	0.671	2.7275	0.0045442	2.72296
ENSG00000081014	AP4E1	3	2	0.576	2.7273	1.4166	1.3107
ENSG00000137033	IL33	26	4.75489	1.684	2.726	1.7052	1.0208
ENSG00000169436	COL22A1	7	3	1.005	2.7248	-0.13289	2.85769
ENSG00000183873	SCN5A	10	3.45943	0.372	2.7246	0.12019	2.60441
ENSG00000138942	RNF185	2	1.58496	1.049	2.7239	3.8062	-1.0823
ENSG00000075151	EIF4G3	2	1.58496	0.213	2.7235	0.77325	1.95025
ENSG00000142611	PRDM16	20	4.39232	0.304	2.722	0.87022	1.85178
ENSG00000138587	MNS1	3	2	1.033	2.7211	0.51936	2.20174
ENSG00000008277	ADAM22	1	1	0.518	2.7201	0.50274	2.21736
ENSG00000170633	RNF34	4	2.32193	0.478	2.7188	3.0264	-0.3076
ENSG00000163630	SYNPR	2	1.58496	0.999	2.7143	0.30547	2.40883
ENSG00000161791	FMNL3	1	1	0.575	2.7118	0.0020422	2.70976
ENSG00000145147	SLIT2	3	2	0.226	2.7094	0.029614	2.67979
ENSG00000147724	FAM135B	1	1	0.444	2.7088	4.3853	-1.6765
ENSG00000110367	DDX6	20	4.39232	0.128	2.7085	1.148	1.5605
ENSG00000163154	TNFAIP8L2	2	1.58496	0.829	2.7083	1.7797	0.9286
ENSG00000169432	SCN9A	2	1.58496	0.855	2.7082	2.4041	0.3041
ENSG00000171703	TCEA2	2	1.58496	0.724	2.7072	2.174	0.5332
ENSG00000171435	KSR2	3	2	0.318	2.7066	3.877	-1.1704
ENSG00000157335	CLEC18C	4	2.32193	0.529	2.7066	0.41492	2.29168
ENSG00000172613	RAD9A	2	1.58496	0.866	2.7064	0.44387	2.26253
ENSG00000106536	POU6F2	3	2	0.592	2.7064	2.4897	0.2167
ENSG00000143858	SYT2	2	1.58496	0.585	2.706	0.53358	2.17242
ENSG00000164100	NDST3	1	1	0.699	2.7043	3.4003	-0.696
ENSG00000101464	PIGU	13	3.80735	0.675	2.6993	3.1503	-0.451
ENSG00000111011	RSRC2	1	1	0.135	2.6991	1.672	1.0271
ENSG00000183722	LHFPL6	1	1	0.811	2.6982	2.0414	0.6568
ENSG00000134245	WNT2B	13	3.80735	0.676	2.6971	0.13173	2.56537
ENSG00000140948	ZCCHC14	8	3.16993	0.313	2.696	0.71703	1.97897
ENSG00000123444	KBTBD4	2	1.58496	0.923	2.6958	2.1147	0.5811
ENSG00000078814	MYH7B	2	1.58496	1.015	2.6916	2.232	0.4596
ENSG00000174136	RGMB	4	2.32193	0.925	2.6901	1.5098	1.1803
ENSG00000172247	C1QTNF4	1	1	1.784	2.6896	2.2249	0.4647
ENSG00000091436	MAP3K20	3	2	0.569	2.6883	0.32657	2.36173
ENSG00000085491	SLC25A24	1	1	1.106	2.6879	0.027453	2.66045
ENSG00000168496	FEN1	2	1.58496	1.071	2.6875	7.0662	-4.3787
ENSG00000169327	OR5AU1	1	1	1.876	2.6866	0.98466	1.70194
ENSG00000188162	OTOG	1	1	1.091	2.6866	1.6073	1.0793
ENSG00000159256	MORC3	1	1	0.37	2.6861	0.48721	2.19889
ENSG00000164828	SUN1	3	2	0.712	2.6861	4.0091	-1.323
ENSG00000088298	EDEM2	3	2	0.749	2.6845	1.5518	1.1327
ENSG00000144228	SPOPL	1	1	0.585	2.6829	-0.61192	3.29482
ENSG00000157193	LRP8	2	1.58496	0.524	2.6798	4.101	-1.4212
ENSG00000125533	BHLHE23	1	1	1.892	2.6779	-0.48407	3.16197
ENSG00000175946	KLHL38	4	2.32193	1.264	2.6777	-0.63946	3.31716
ENSG00000141431	ASXL3	6	2.80735	0.229	2.6768	1.9855	0.6913
ENSG00000164600	NEUROD6	1	1	0.413	2.6764	-0.83106	3.50746
ENSG00000162761	LMX1A	3	2	0.476	2.676	2.2485	0.4275
ENSG00000184602	SNN	1	1	1.753	2.6746	0.17153	2.50307
ENSG00000066084	DIP2B	3	2	0.448	2.6716	2.1608	0.5108
ENSG00000100982	PCIF1	1	1	0.229	2.6658	1.6339	1.0319
ENSG00000085721	RRN3	2	1.58496	0.749	2.6656	1.066	1.5996
ENSG00000088756	ARHGAP28	3	2	0.796	2.6654	1.6107	1.0547
ENSG00000197385	ZNF860	1	1	1.892	2.6638	0.86455	1.79925
ENSG00000119681	LTBP2	4	2.32193	0.595	2.6634	0.010776	2.65262
ENSG00000165322	ARHGAP12	3	2	0.681	2.6631	0.38109	2.28201
ENSG00000166262	FAM227B	6	2.80735	1.869	2.6618	-0.22997	2.89177
ENSG00000067606	PRKCZ	5	2.58496	0.576	2.6614	2.15	0.5114
ENSG00000130589	HELZ2	9	3.32193	0.993	2.66	1.9561	0.7039
ENSG00000131508	UBE2D2	1	1	0.235	2.6596	0.18011	2.47949
ENSG00000100418	DESI1	1	1	1.118	2.6592	0.88293	1.77627
ENSG00000136938	ANP32B	3	2	0.364	2.6569	3.1935	-0.5366
ENSG00000161671	EMC10	1	1	1.606	2.6558	3.4052	-0.7494
ENSG00000147889	CDKN2A	15	4	0.791	2.6558	0.29074	2.36506
ENSG00000104442	ARMC1	2	1.58496	0.885	2.6545	1.726	0.9285
ENSG00000181449	SOX2	6	2.80735	0.302	2.6532	3.4898	-0.8366
ENSG00000170509	HSD17B13	6	2.80735	1.15	2.6528	-0.90209	3.55489
ENSG00000147596	PRDM14	2	1.58496	0.536	2.6526	-0.16915	2.82175
ENSG00000144285	SCN1A	5	2.58496	0.098	2.6517	1.1208	1.5309
ENSG00000142687	KIAA0319L	2	1.58496	0.61	2.6504	1.8527	0.7977
ENSG00000181827	RFX7	2	1.58496	0.3	2.6484	0.27058	2.37782
ENSG00000136099	PCDH8	1	1	1.146	2.6477	1.0356	1.6121
ENSG00000108100	CCNY	2	1.58496	0.761	2.6472	0.58658	2.06062
ENSG00000189056	RELN	10	3.45943	0.276	2.6471	0.16928	2.47782
ENSG00000117298	ECE1	3	2	0.482	2.6465	1.8685	0.778
ENSG00000007168	PAFAH1B1	2	1.58496	0.1	2.6462	-1.2148	3.861
ENSG00000150672	DLG2	4	2.32193	0.444	2.6443	1.0229	1.6214
ENSG00000150051	MKX	7	3	0.575	2.6437	-1.3091	3.9528
ENSG00000145526	CDH18	1	1	0.737	2.6413	-1.0471	3.6884
ENSG00000138814	PPP3CA	2	1.58496	0.243	2.6408	2.1457	0.4951
ENSG00000104976	SNAPC2	1	1	1.774	2.6401	1.2955	1.3446
ENSG00000101493	ZNF516	3	2	0.41	2.6401	3.0792	-0.4391
ENSG00000139083	ETV6	5	2.58496	0.44	2.64	1.9857	0.6543
ENSG00000078018	MAP2	1	1	0.134	2.6394	2.7767	-0.1373
ENSG00000100412	ACO2	1	1	0.489	2.6388	0.79615	1.84265
ENSG00000133226	SRRM1	1	1	0.225	2.6385	-0.28808	2.92658
ENSG00000154124	OTULIN	4	2.32193	0.667	2.6382	-0.46383	3.10203
ENSG00000078804	TP53INP2	2	1.58496	1.39	2.6334	2.6826	-0.0492
ENSG00000204084	INPP5B	14	3.90689	0.959	2.6321	2.0687	0.5634
ENSG00000144331	ZNF385B	4	2.32193	0.751	2.6319	0.35916	2.27274
ENSG00000117598	PLPPR5	2	1.58496	0.702	2.6318	-1.0858	3.7176
ENSG00000151466	SCLT1	1	1	1.099	2.6304	4.6354	-2.005
ENSG00000026652	AGPAT4	3	2	0.461	2.6281	0.0098932	2.61821
ENSG00000204217	BMPR2	4	2.32193	0.376	2.628	0.72435	1.90365
ENSG00000140937	CDH11	7	3	0.249	2.6269	1.7079	0.919
ENSG00000140832	MARVELD3	2	1.58496	1.294	2.6264	1.3388	1.2876
ENSG00000150722	PPP1R1C	2	1.58496	1.629	2.6262	1.0403	1.5859
ENSG00000177888	ZBTB41	4	2.32193	0.577	2.6258	-0.022758	2.64856
ENSG00000156639	ZFAND3	1	1	0.742	2.6251	2.1384	0.4867
ENSG00000095739	BAMBI	7	3	1.302	2.6242	3.2174	-0.5932
ENSG00000112715	VEGFA	47	5.58496	0.61	2.6236	2.2091	0.4145
ENSG00000126803	HSPA2	1	1	0.518	2.6217	0.83929	1.78241
ENSG00000105185	PDCD5	1	1	1.837	2.62	2.5275	0.0925
ENSG00000162624	LHX8	1	1	0.519	2.6191	-0.24181	2.86091
ENSG00000107736	CDH23	2	1.58496	0.685	2.6187	-0.32367	2.94237
ENSG00000131899	LLGL1	1	1	0.668	2.6178	0.88632	1.73148
ENSG00000066336	SPI1	2	1.58496	0.3	2.6169	1.4746	1.1423
ENSG00000085365	SCAMP1	5	2.58496	0.858	2.6162	3.0957	-0.4795
ENSG00000106069	CHN2	1	1	0.885	2.6158	1.3702	1.2456
ENSG00000134256	CD101	2	1.58496	0.889	2.6157	1.0954	1.5203
ENSG00000204138	PHACTR4	1	1	0.894	2.6145	0.59174	2.02276
ENSG00000058335	RASGRF1	3	2	0.35	2.6132	-0.99949	3.61269
ENSG00000175426	PCSK1	15	4	0.709	2.612	-2.0805	4.6925
ENSG00000102974	CTCF	2	1.58496	0.205	2.6108	1.8653	0.7455
ENSG00000103044	HAS3	2	1.58496	0.781	2.6088	2.0328	0.576
ENSG00000168243	GNG4	1	1	1.896	2.6083	-1.0912	3.6995
ENSG00000154511	DIPK1A	1	1	1.244	2.6079	-1.5458	4.1537
ENSG00000168959	GRM5	11	3.58496	0.43	2.6078	3.0641	-0.4563
ENSG00000136944	LMX1B	18	4.24793	0.409	2.6075	0.84931	1.75819
ENSG00000108984	MAP2K6	8	3.16993	0.637	2.6075	1.2722	1.3353
ENSG00000133019	CHRM3	2	1.58496	0.42	2.6064	0.055474	2.55093
ENSG00000143590	EFNA3	2	1.58496	1.033	2.6058	1.6496	0.9562
ENSG00000139289	PHLDA1	4	2.32193	1.409	2.605	2.2366	0.3684
ENSG00000069482	GAL	1	1	1.72	2.6031	1.9991	0.604
ENSG00000109787	KLF3	16	4.08746	0.469	2.6009	-1.2025	3.8034
ENSG00000006025	OSBPL7	3	2	0.706	2.6008	0.61331	1.98749
ENSG00000181915	ADO	46	5.55459	1.476	2.6006	3.712	-1.1114
ENSG00000164023	SGMS2	1	1	0.624	2.5966	1.5314	1.0652
ENSG00000185008	ROBO2	1	1	0.412	2.5964	1.1793	1.4171
ENSG00000176406	RIMS2	2	1.58496	0.395	2.5959	2.087	0.5089
ENSG00000172382	PRSS27	2	1.58496	1.343	2.5948	0.76329	1.83151
ENSG00000107669	ATE1	2	1.58496	0.687	2.5945	1.7143	0.8802
ENSG00000184599	TAFA3	1	1	1.246	2.5942	1.6467	0.9475
ENSG00000106976	DNM1	2	1.58496	0.417	2.5942	0.84076	1.75344
ENSG00000159692	CTBP1	4	2.32193	0.533	2.5898	2.3354	0.2544
ENSG00000110693	SOX6	14	3.90689	0.165	2.5885	-0.36467	2.95317
ENSG00000175175	PPM1E	3	2	0.478	2.5878	2.3805	0.2073
ENSG00000040731	CDH10	1	1	0.655	2.581	1.0227	1.5583
ENSG00000176547	OR4C3	3	2	1.905	2.5805	1.7139	0.8666
ENSG00000105778	AVL9	2	1.58496	0.811	2.5804	0.77076	1.80964
ENSG00000138668	HNRNPD	1	1	0.222	2.5794	0.34259	2.23681
ENSG00000141956	PRDM15	2	1.58496	0.608	2.579	-1.3136	3.8926
ENSG00000172803	SNX32	4	2.32193	1.232	2.5779	1.5989	0.979
ENSG00000078795	PKD2L2	4	2.32193	1.11	2.5769	1.7819	0.795
ENSG00000108788	MLX	11	3.58496	0.694	2.5748	0.35272	2.22208
ENSG00000112874	NUDT12	5	2.58496	1.239	2.5744	-0.41073	2.98513
ENSG00000163808	KIF15	2	1.58496	0.891	2.5738	4.6948	-2.121
ENSG00000100614	PPM1A	2	1.58496	0.38	2.5737	3.3565	-0.7828
ENSG00000155816	FMN2	3	2	0.51	2.5681	1.9887	0.5794
ENSG00000141376	BCAS3	24	4.64386	0.58	2.5675	-0.88743	3.45493
ENSG00000153956	CACNA2D1	5	2.58496	0.437	2.5653	1.5586	1.0067
ENSG00000143622	RIT1	2	1.58496	0.523	2.5645	-1.4518	4.0163
ENSG00000149115	TNKS1BP1	1	1	0.438	2.5639	-0.62366	3.18756
ENSG00000142552	RCN3	1	1	1.748	2.5636	-0.083255	2.64685
ENSG00000109851	DBX1	2	1.58496	0.98	2.5635	-1.1625	3.726
ENSG00000120903	CHRNA2	2	1.58496	1.195	2.5628	-0.6626	3.2254
ENSG00000186907	RTN4RL2	1	1	0.755	2.5627	-0.16118	2.72388
ENSG00000132842	AP3B1	2	1.58496	0.59	2.5618	1.577	0.9848
ENSG00000001626	CFTR	3	2	1.152	2.5611	-0.54889	3.10999
ENSG00000172201	ID4	16	4.08746	1.937	2.5595	0.68389	1.87561
ENSG00000024526	DEPDC1	3	2	0.931	2.5593	0.0019847	2.55732
ENSG00000173898	SPTBN2	2	1.58496	0.452	2.5588	4.5559	-1.9971
ENSG00000151025	GPR158	2	1.58496	0.679	2.5585	2.3051	0.2534
ENSG00000172500	FIBP	2	1.58496	1.009	2.5584	0.67804	1.88036
ENSG00000106804	C5	2	1.58496	0.779	2.5575	-0.47077	3.02827
ENSG00000111266	DUSP16	3	2	0.502	2.5571	0.2343	2.3228
ENSG00000185513	L3MBTL1	1	1	0.84	2.5552	1.8575	0.6977
ENSG00000136448	NMT1	2	1.58496	0.318	2.5548	2.8128	-0.258
ENSG00000126653	NSRP1	4	2.32193	0.582	2.5548	2.6918	-0.137
ENSG00000134757	DSG3	1	1	0.862	2.5538	3.6967	-1.1429
ENSG00000164306	PRIMPOL	1	1	1.148	2.5535	2.0285	0.525
ENSG00000099625	CBARP	1	1	1.107	2.5531	1.2471	1.306
ENSG00000176927	EFCAB5	1	1	0.908	2.5528	2.6337	-0.0809
ENSG00000106771	TMEM245	1	1	0.913	2.5517	1.2157	1.336
ENSG00000168818	STX18	3	2	0.914	2.5516	-0.20603	2.75763
ENSG00000131981	LGALS3	3	2	1.152	2.5515	-0.34984	2.90134
ENSG00000197465	GYPE	1	1	1.121	2.5514	-0.20465	2.75605
ENSG00000084774	CAD	2	1.58496	0.409	2.5491	1.8463	0.7028
ENSG00000166598	HSP90B1	1	1	0.326	2.5484	1.5972	0.9512
ENSG00000106367	AP1S1	1	1	1.078	2.5482	-1.0148	3.563
ENSG00000141298	SSH2	1	1	0.374	2.5479	2.2473	0.3006
ENSG00000144227	NXPH2	3	2	0.533	2.5478	1.5977	0.9501
ENSG00000162599	NFIA	22	4.52356	0.175	2.5476	1.6835	0.8641
ENSG00000177613	CSTF2T	1	1	0.647	2.5469	2.615	-0.0681
ENSG00000090686	USP48	1	1	0.373	2.5468	0.6081	1.9387
ENSG00000121057	AKAP1	1	1	0.526	2.546	1.8834	0.6626
ENSG00000134769	DTNA	1	1	0.523	2.5445	0.77841	1.76609
ENSG00000169126	ODAD2	2	1.58496	0.977	2.544	-0.12026	2.66426
ENSG00000136485	DCAF7	2	1.58496	0.235	2.5419	-1.3472	3.8891
ENSG00000170275	CRTAP	1	1	1.251	2.5415	-0.57575	3.11725
ENSG00000187605	TET3	3	2	0.213	2.5406	0.26212	2.27848
ENSG00000171316	CHD7	7	3	0.109	2.5399	1.4158	1.1241
ENSG00000102683	SGCG	6	2.80735	1.211	2.5395	0.71791	1.82159
ENSG00000166006	KCNC2	1	1	0.666	2.5386	2.4064	0.1322
ENSG00000007174	DNAH9	4	2.32193	0.775	2.5386	2.7661	-0.2275
ENSG00000041353	RAB27B	13	3.80735	0.963	2.5371	3.4149	-0.8778
ENSG00000182208	MOB2	2	1.58496	0.941	2.5357	0.47032	2.06538
ENSG00000143954	REG3G	1	1	1.412	2.5346	0.45165	2.08295
ENSG00000105612	DNASE2	1	1	1.195	2.5328	1.413	1.1198
ENSG00000151883	PARP8	4	2.32193	0.606	2.5321	-0.23891	2.77101
ENSG00000111052	LIN7A	1	1	1.381	2.5313	0.82887	1.70243
ENSG00000162642	C1orf52	1	1	0.615	2.531	0.88414	1.64686
ENSG00000033122	LRRC7	4	2.32193	0.203	2.5304	0.7025	1.8279
ENSG00000108684	ASIC2	1	1	0.591	2.5304	3.9184	-1.388
ENSG00000118363	SPCS2	1	1	0.389	2.5296	-1.6073	4.1369
ENSG00000146013	GFRA3	2	1.58496	0.829	2.5293	1.5308	0.9985
ENSG00000177042	TMEM80	1	1	1.696	2.5282	-1.0193	3.5475
ENSG00000111727	HCFC2	1	1	0.258	2.528	-0.0076603	2.53566
ENSG00000112782	CLIC5	6	2.80735	1.233	2.526	0.69318	1.83282
ENSG00000064666	CNN2	5	2.58496	1.006	2.5254	0.5726	1.9528
ENSG00000198901	PRC1	6	2.80735	0.705	2.5239	1.5771	0.9468
ENSG00000184545	DUSP8	1	1	0.813	2.5229	1.0885	1.4344
ENSG00000184545	DUSP8	1	1	0.813	2.5229	1.2309	1.292
ENSG00000243667	DNAAF10	1	1	0.991	2.5201	1.8748	0.6453
ENSG00000141434	MEP1B	2	1.58496	1.223	2.5194	3.0688	-0.5494
ENSG00000129158	SERGEF	1	1	1.101	2.5173	3.237	-0.7197
ENSG00000197959	DNM3	13	3.80735	0.689	2.5164	2.5285	-0.0121
ENSG00000169946	ZFPM2	14	3.90689	0.274	2.5158	2.4344	0.0814
ENSG00000103502	CDIPT	2	1.58496	1.042	2.5154	2.909	-0.3936
ENSG00000128915	ICE2	8	3.16993	0.996	2.5133	1.5067	1.0066
ENSG00000115946	PNO1	1	1	0.999	2.5131	1.9229	0.5902
ENSG00000196419	XRCC6	1	1	0.172	2.5108	0.63555	1.87525
ENSG00000137801	THBS1	4	2.32193	0.301	2.5104	0.95375	1.55665
ENSG00000092140	G2E3	1	1	0.6	2.5095	-0.53196	3.04146
ENSG00000156535	CD109	6	2.80735	1.092	2.5087	-0.72053	3.22923
ENSG00000241837	ATP5PO	1	1	0.87	2.5077	1.9292	0.5785
ENSG00000116991	SIPA1L2	5	2.58496	0.412	2.507	2.5741	-0.0671
ENSG00000132872	SYT4	3	2	0.319	2.5068	2.5331	-0.0263
ENSG00000068650	ATP11A	10	3.45943	0.596	2.5067	-0.2172	2.7239
ENSG00000155719	OTOA	5	2.58496	0.822	2.5055	2.5342	-0.0287
ENSG00000176422	SPRYD4	2	1.58496	1.077	2.5045	1.1844	1.3201
ENSG00000144426	NBEAL1	6	2.80735	0.907	2.5033	2.0981	0.4052
ENSG00000185737	NRG3	3	2	0.636	2.5019	1.5002	1.0017
ENSG00000089692	LAG3	1	1	0.893	2.5004	-0.36439	2.86479
ENSG00000196975	ANXA4	1	1	1.077	2.5	0.99564	1.50436
ENSG00000141837	CACNA1A	3	2	0.331	2.4995	0.5558	1.9437
ENSG00000105088	OLFM2	1	1	0.736	2.4967	3.1026	-0.6059
ENSG00000159674	SPON2	3	2	1.563	2.4936	1.4273	1.0663
ENSG00000146242	TPBG	1	1	1.064	2.4935	0.81608	1.67742
ENSG00000139174	PRICKLE1	6	2.80735	0.279	2.4929	1.7383	0.7546
ENSG00000120162	MOB3B	12	3.70044	0.669	2.4928	-0.20756	2.70036
ENSG00000176533	GNG7	1	1	0.869	2.4917	4.3182	-1.8265
ENSG00000116698	SMG7	2	1.58496	0.371	2.49	1.9803	0.5097
ENSG00000128159	TUBGCP6	2	1.58496	1.071	2.4896	0.7949	1.6947
ENSG00000175264	CHST1	4	2.32193	0.696	2.4884	3.6205	-1.1321
ENSG00000055483	USP36	4	2.32193	0.645	2.488	0.46028	2.02772
ENSG00000167094	TTC16	1	1	1.003	2.4867	0.40125	2.08545
ENSG00000123607	TTC21B	3	2	0.831	2.4867	-0.26847	2.75517
ENSG00000089693	MLF2	1	1	0.648	2.4854	-0.27842	2.76382
ENSG00000141627	DYM	2	1.58496	1.081	2.4853	1.2199	1.2654
ENSG00000198399	ITSN2	2	1.58496	0.763	2.4824	1.894	0.5884
ENSG00000111596	CNOT2	4	2.32193	0.211	2.4822	0.89974	1.58246
ENSG00000168488	ATXN2L	8	3.16993	0.297	2.4811	0.9521	1.529
ENSG00000145332	KLHL8	8	3.16993	0.781	2.4807	-0.1489	2.6296
ENSG00000182541	LIMK2	1	1	0.582	2.4799	3.9994	-1.5195
ENSG00000010017	RANBP9	5	2.58496	0.319	2.479	1.0196	1.4594
ENSG00000133985	TTC9	1	1	0.925	2.4783	-0.078562	2.55686
ENSG00000157150	TIMP4	10	3.45943	1.397	2.4782	3.2737	-0.7955
ENSG00000174482	LINGO2	11	3.58496	0.714	2.478	1.699	0.779
ENSG00000150681	RGS18	3	2	1.539	2.477	2.6032	-0.1262
ENSG00000145979	TBC1D7	1	1	1.431	2.4768	-0.95548	3.43228
ENSG00000109819	PPARGC1A	8	3.16993	0.38	2.4764	3.8002	-1.3238
ENSG00000132155	RAF1	1	1	0.353	2.4757	2.4709	0.0048
ENSG00000074755	ZZEF1	4	2.32193	0.517	2.4743	0.39638	2.07792
ENSG00000171094	ALK	1	1	0.562	2.4742	3.9096	-1.4354
ENSG00000180061	TMEM150B	1	1	1.755	2.4739	0.88141	1.59249
ENSG00000135535	CD164	2	1.58496	1.232	2.4738	0.97525	1.49855
ENSG00000005469	CROT	1	1	1.003	2.4737	0.82985	1.64385
ENSG00000105523	FAM83E	1	1	1.423	2.4703	0.93431	1.53599
ENSG00000114423	CBLB	7	3	0.406	2.4693	-1.1129	3.5822
ENSG00000115464	USP34	7	3	0.152	2.4678	1.5088	0.959
ENSG00000154175	ABI3BP	4	2.32193	0.945	2.4677	-0.048379	2.51608
ENSG00000153214	TMEM87B	3	2	1.331	2.4666	2.1281	0.3385
ENSG00000095637	SORBS1	5	2.58496	0.69	2.4654	-0.56126	3.02666
ENSG00000128708	HAT1	1	1	1.439	2.4651	1.0203	1.4448
ENSG00000064726	BTBD1	2	1.58496	1.105	2.4635	4.3524	-1.8889
ENSG00000182379	NXPH4	1	1	1.042	2.4633	-0.57102	3.03432
ENSG00000163749	CCDC158	3	2	0.957	2.4632	-1.3781	3.8413
ENSG00000115252	PDE1A	3	2	0.854	2.4625	0.28827	2.17423
ENSG00000115677	HDLBP	3	2	0.283	2.4619	-1.3051	3.767
ENSG00000204186	ZDBF2	1	1	1.396	2.4616	1.2615	1.2001
ENSG00000166501	PRKCB	4	2.32193	0.241	2.4613	5.3665	-2.9052
ENSG00000119318	RAD23B	4	2.32193	0.224	2.4595	-0.74907	3.20857
ENSG00000035499	DEPDC1B	1	1	0.959	2.4577	-1.1548	3.6125
ENSG00000198026	ZNF335	7	3	0.718	2.4577	1.2635	1.1942
ENSG00000198876	DCAF12	4	2.32193	0.698	2.4573	0.75657	1.70073
ENSG00000121297	TSHZ3	15	4	0.263	2.4557	2.1891	0.2666
ENSG00000153495	TEX29	1	1	1.804	2.4553	1.0227	1.4326
ENSG00000145362	ANK2	1	1	0.271	2.4552	3.1757	-0.7205
ENSG00000243477	NAA80	3	2	1.123	2.4536	2.9411	-0.4875
ENSG00000196576	PLXNB2	6	2.80735	0.545	2.4523	0.51669	1.93561
ENSG00000158636	EMSY	14	3.90689	0.262	2.4515	1.372	1.0795
ENSG00000186628	FSD2	1	1	1.098	2.4495	1.6089	0.8406
ENSG00000174306	ZHX3	7	3	0.43	2.4487	3.4411	-0.9924
ENSG00000120437	ACAT2	1	1	0.99	2.4482	2.0605	0.3877
ENSG00000178882	RFLNA	10	3.45943	1.809	2.4475	2.0664	0.3811
ENSG00000178882	RFLNA	10	3.45943	1.809	2.4475	1.5526	0.8949
ENSG00000165916	PSMC3	4	2.32193	0.352	2.4474	1.5086	0.9388
ENSG00000023516	AKAP11	17	4.16993	0.319	2.4459	1.6661	0.7798
ENSG00000166833	NAV2	9	3.32193	0.288	2.4443	0.28504	2.15926
ENSG00000184508	HDDC3	1	1	1.486	2.4438	1.4325	1.0113
ENSG00000136830	NIBAN2	2	1.58496	0.563	2.4432	0.46469	1.97851
ENSG00000125386	FAM193A	1	1	0.271	2.4429	0.66226	1.78064
ENSG00000158517	NCF1	9	3.32193	0.617	2.4428	-1.766	4.2088
ENSG00000115112	TFCP2L1	2	1.58496	0.277	2.4407	0.64168	1.79902
ENSG00000120217	CD274	1	1	0.476	2.4401	-0.26501	2.70511
ENSG00000135175	OCM2	2	1.58496	0.94	2.4401	-0.74148	3.18158
ENSG00000132359	RAP1GAP2	1	1	0.433	2.4394	0.28492	2.15448
ENSG00000182348	ZNF804B	5	2.58496	0.9	2.4346	0.75095	1.68365
ENSG00000042813	ZPBP	6	2.80735	0.84	2.4341	0.88893	1.54517
ENSG00000197712	FAM114A1	2	1.58496	1.149	2.4338	-2.0092	4.443
ENSG00000159461	AMFR	2	1.58496	0.633	2.4331	-0.44758	2.88068
ENSG00000205269	TMEM170B	8	3.16993	0.976	2.4313	0.17863	2.25267
ENSG00000170382	LRRN2	2	1.58496	0.516	2.4309	0.80042	1.63048
ENSG00000189337	KAZN	3	2	0.686	2.4279	1.5929	0.835
ENSG00000108375	RNF43	11	3.58496	0.632	2.4277	2.2882	0.1395
ENSG00000178952	TUFM	4	2.32193	0.703	2.4261	0.93011	1.49599
ENSG00000120949	TNFRSF8	6	2.80735	0.536	2.4255	0.88398	1.54152
ENSG00000166965	RCCD1	8	3.16993	1.692	2.4255	1.4865	0.939
ENSG00000178188	SH2B1	2	1.58496	0.374	2.4229	0.89121	1.53169
ENSG00000144959	NCEH1	1	1	0.529	2.4226	0.64851	1.77409
ENSG00000095752	IL11	6	2.80735	1.797	2.4223	0.72459	1.69771
ENSG00000133302	SLF1	1	1	1.019	2.4218	3.5049	-1.0831
ENSG00000162337	LRP5	4	2.32193	0.482	2.4212	0.03066	2.39054
ENSG00000179133	C10orf67	1	1	1.887	2.4211	-1.0911	3.5122
ENSG00000068305	MEF2A	3	2	0.762	2.4207	2.7297	-0.309
ENSG00000166073	GPR176	1	1	1.056	2.4202	-0.38947	2.80967
ENSG00000143554	SLC27A3	2	1.58496	1.365	2.4194	0.35611	2.06329
ENSG00000164758	MED30	1	1	0.847	2.4189	1.4497	0.9692
ENSG00000196814	MVB12B	1	1	0.508	2.4178	3.2265	-0.8087
ENSG00000166866	MYO1A	1	1	1	2.4175	1.5431	0.8744
ENSG00000165915	SLC39A13	11	3.58496	0.662	2.4171	1.5281	0.889
ENSG00000173728	C1orf100	5	2.58496	1.417	2.4168	0.96988	1.44692
ENSG00000176715	ACSF3	5	2.58496	1.715	2.4166	0.91655	1.50005
ENSG00000080298	RFX3	5	2.58496	0.212	2.4157	1.4119	1.0038
ENSG00000167840	ZNF232	2	1.58496	1.342	2.4153	1.3376	1.0777
ENSG00000161048	NAPEPLD	1	1	0.801	2.4151	0.063614	2.35149
ENSG00000129173	E2F8	1	1	0.539	2.4147	-0.60158	3.01628
ENSG00000139629	GALNT6	1	1	1.024	2.4122	2.5394	-0.1272
ENSG00000165917	RAPSN	2	1.58496	1.092	2.4116	1.8123	0.5993
ENSG00000162897	FCAMR	3	2	1.172	2.4087	0.55033	1.85837
ENSG00000129474	AJUBA	2	1.58496	0.581	2.4085	0.28719	2.12131
ENSG00000092108	SCFD1	2	1.58496	0.809	2.4072	-0.26521	2.67241
ENSG00000118434	SPACA1	1	1	1.005	2.4066	0.60457	1.80203
ENSG00000100503	NIN	3	2	0.62	2.4038	1.467	0.9368
ENSG00000160746	ANO10	5	2.58496	1.24	2.4028	0.78804	1.61476
ENSG00000166747	AP1G1	2	1.58496	0.113	2.402	1.809	0.593
ENSG00000109381	ELF2	1	1	0.271	2.4012	-0.1998	2.601
ENSG00000136436	CALCOCO2	1	1	0.933	2.3994	-0.48835	2.88775
ENSG00000172757	CFL1	1	1	0.408	2.3993	1.1299	1.2694
ENSG00000090316	MAEA	5	2.58496	0.703	2.3993	2.1524	0.2469
ENSG00000182985	CADM1	12	3.70044	0.422	2.3979	-0.66287	3.06077
ENSG00000131470	PSMC3IP	5	2.58496	0.981	2.3966	0.011304	2.3853
ENSG00000161929	SCIMP	1	1	1.266	2.3959	0.74558	1.65032
ENSG00000120306	CYSTM1	4	2.32193	0.657	2.3959	1.7731	0.6228
ENSG00000135966	TGFBRAP1	1	1	0.346	2.3956	1.798	0.5976
ENSG00000111725	PRKAB1	1	1	0.757	2.3944	1.7167	0.6777
ENSG00000122971	ACADS	4	2.32193	0.852	2.3944	2.8349	-0.4405
ENSG00000128342	LIF	8	3.16993	1.074	2.3935	0.21387	2.17963
ENSG00000100030	MAPK1	1	1	0.377	2.3932	4.2089	-1.8157
ENSG00000142669	SH3BGRL3	1	1	1.214	2.3924	-0.89563	3.28803
ENSG00000055130	CUL1	3	2	0.294	2.3916	-0.44799	2.83959
ENSG00000152413	HOMER1	1	1	0.185	2.391	3.4697	-1.0787
ENSG00000155530	LRGUK	5	2.58496	1.125	2.3908	0.69269	1.69811
ENSG00000100417	PMM1	4	2.32193	1.067	2.3905	0.30102	2.08948
ENSG00000174792	ODAPH	1	1	1.704	2.3903	1.1988	1.1915
ENSG00000073792	IGF2BP2	15	4	0.325	2.3898	2.0137	0.3761
ENSG00000178718	RPP25	1	1	1.722	2.3889	2.6926	-0.3037
ENSG00000188263	IL17REL	5	2.58496	1.141	2.3887	2.1666	0.2221
ENSG00000078295	ADCY2	8	3.16993	0.329	2.3874	4.6447	-2.2573
ENSG00000048471	SNX29	5	2.58496	0.947	2.3874	0.99799	1.38941
ENSG00000048471	SNX29	5	2.58496	0.947	2.3874	-0.43401	2.82141
ENSG00000154655	L3MBTL4	1	1	0.793	2.3873	2.4113	-0.024
ENSG00000148950	IMMP1L	1	1	1.781	2.3863	1.9959	0.3904
ENSG00000173156	RHOD	2	1.58496	1.191	2.3859	2.7181	-0.3322
ENSG00000106066	CPVL	11	3.58496	0.972	2.3851	-2.3377	4.7228
ENSG00000148948	LRRC4C	5	2.58496	0.297	2.385	1.7048	0.6802
ENSG00000176887	SOX11	7	3	1.148	2.3838	1.684	0.6998
ENSG00000167614	TTYH1	1	1	0.854	2.3822	-0.19674	2.57894
ENSG00000006432	MAP3K9	6	2.80735	0.674	2.382	0.55171	1.83029
ENSG00000163581	SLC2A2	4	2.32193	0.858	2.3793	-1.2797	3.659
ENSG00000150687	PRSS23	2	1.58496	0.955	2.3791	0.2124	2.1667
ENSG00000149256	TENM4	2	1.58496	0.416	2.3786	4.1201	-1.7415
ENSG00000133704	IPO8	1	1	0.575	2.3783	2.1636	0.2147
ENSG00000160714	UBE2Q1	2	1.58496	0.211	2.3778	0.39017	1.98763
ENSG00000163788	SNRK	6	2.80735	0.191	2.3775	0.19083	2.18667
ENSG00000250317	SMIM20	13	3.80735	0.908	2.3742	-0.1885	2.5627
ENSG00000166971	AKTIP	5	2.58496	0.612	2.3735	0.69777	1.67573
ENSG00000122515	ZMIZ2	3	2	0.398	2.3718	2.1372	0.2346
ENSG00000112130	RNF8	1	1	0.222	2.371	2.4561	-0.0851
ENSG00000152127	MGAT5	5	2.58496	0.415	2.3702	2.6762	-0.306
ENSG00000126777	KTN1	4	2.32193	0.768	2.3686	1.5486	0.82
ENSG00000213694	S1PR3	1	1	1.267	2.3682	0.23919	2.12901
ENSG00000173486	FKBP2	1	1	1.219	2.3674	3.8102	-1.4428
ENSG00000151422	FER	17	4.16993	0.723	2.3664	-0.13775	2.50415
ENSG00000143995	MEIS1	15	4	0.228	2.3658	0.98072	1.38508
ENSG00000146535	GNA12	12	3.70044	0.559	2.3655	0.10394	2.26156
ENSG00000152377	SPOCK1	5	2.58496	0.586	2.3635	0.55464	1.80886
ENSG00000153162	BMP6	16	4.08746	0.523	2.3633	0.60509	1.75821
ENSG00000248905	FMN1	12	3.70044	1.002	2.3628	-0.29725	2.66005
ENSG00000178217	SH2D4B	4	2.32193	1.022	2.3626	-0.044524	2.40712
ENSG00000100368	CSF2RB	8	3.16993	0.511	2.3612	-0.033157	2.39436
ENSG00000170417	TMEM182	7	3	1.092	2.36	1.1406	1.2194
ENSG00000096080	MRPS18A	3	2	1.415	2.3597	1.8529	0.5068
ENSG00000203883	SOX18	5	2.58496	1.483	2.3595	1.2927	1.0668
ENSG00000134291	TMEM106C	2	1.58496	1.155	2.359	0.954	1.405
ENSG00000105438	KDELR1	1	1	0.98	2.3587	-1.5874	3.9461
ENSG00000159579	RSPRY1	1	1	0.445	2.3587	-0.42758	2.78628
ENSG00000114554	PLXNA1	1	1	0.486	2.3583	2.6395	-0.2812
ENSG00000122756	CNTFR	1	1	0.547	2.3579	0.38917	1.96873
ENSG00000120341	SEC16B	8	3.16993	1.127	2.3576	1.757	0.6006
ENSG00000083544	TDRD3	1	1	0.682	2.3565	1.2614	1.0951
ENSG00000001617	SEMA3F	14	3.90689	0.416	2.3554	2.1769	0.1785
ENSG00000160838	LRRC71	1	1	1.087	2.3542	0.080101	2.2741
ENSG00000172638	EFEMP2	2	1.58496	0.56	2.354	0.77821	1.57579
ENSG00000163527	STT3B	1	1	0.48	2.3532	1.5326	0.8206
ENSG00000147481	SNTG1	2	1.58496	0.638	2.3523	1.7605	0.5918
ENSG00000162373	BEND5	1	1	0.755	2.3523	0.55616	1.79614
ENSG00000175619	OR4B1	1	1	1.943	2.3519	2.9745	-0.6226
ENSG00000164330	EBF1	22	4.52356	0.264	2.3513	2.7787	-0.4274
ENSG00000154438	ASZ1	2	1.58496	1.304	2.3492	-0.83111	3.18031
ENSG00000108551	RASD1	1	1	1.286	2.3491	-1.0743	3.4234
ENSG00000141258	SGSM2	1	1	0.851	2.3489	2.1833	0.1656
ENSG00000155093	PTPRN2	4	2.32193	0.811	2.3489	1.9725	0.3764
ENSG00000165118	C9orf64	1	1	1.12	2.3486	2.5863	-0.2377
ENSG00000157764	BRAF	2	1.58496	0.237	2.3478	2.3446	0.0032
ENSG00000181234	TMEM132C	1	1	0.719	2.3472	0.25842	2.08878
ENSG00000107130	NCS1	1	1	0.384	2.347	0.047798	2.2992
ENSG00000108924	HLF	4	2.32193	0.428	2.347	4.5068	-2.1598
ENSG00000198286	CARD11	6	2.80735	0.364	2.347	1.2844	1.0626
ENSG00000189308	LIN54	1	1	0.204	2.3467	1.1608	1.1859
ENSG00000143418	CERS2	5	2.58496	0.501	2.3455	2.4893	-0.1438
ENSG00000136717	BIN1	7	3	0.817	2.3445	0.26942	2.07508
ENSG00000187736	NHEJ1	5	2.58496	0.816	2.3444	-0.39707	2.74147
ENSG00000134825	TMEM258	24	4.64386	1.696	2.3414	7.0153	-4.6739
ENSG00000143228	NUF2	12	3.70044	0.989	2.3414	1.2256	1.1158
ENSG00000143412	ANXA9	1	1	1.091	2.3407	2.469	-0.1283
ENSG00000125246	CLYBL	2	1.58496	1.186	2.3405	1.3755	0.965
ENSG00000183864	TOB2	3	2	0.421	2.3403	0.38538	1.95492
ENSG00000213341	CHUK	4	2.32193	0.61	2.34	4.4327	-2.0927
ENSG00000118922	KLF12	13	3.80735	0.398	2.3399	2.8757	-0.5358
ENSG00000198492	YTHDF2	1	1	0.132	2.3396	0.59647	1.74313
ENSG00000147642	SYBU	2	1.58496	0.893	2.3393	-0.83168	3.17098
ENSG00000138336	TET1	2	1.58496	0.151	2.3379	3.3538	-1.0159
ENSG00000175764	TTLL11	2	1.58496	1.044	2.3377	-0.15288	2.49058
ENSG00000178177	LCORL	3	2	0.341	2.3372	-0.10367	2.44087
ENSG00000151575	TEX9	4	2.32193	1.392	2.3368	0.0325	2.3043
ENSG00000137766	UNC13C	1	1	0.857	2.336	2.1425	0.1935
ENSG00000115594	IL1R1	3	2	0.629	2.3335	-1.2887	3.6222
ENSG00000158458	NRG2	3	2	0.58	2.3302	3.1704	-0.8402
ENSG00000106355	LSM5	4	2.32193	1.441	2.3296	0.43391	1.89569
ENSG00000164761	TNFRSF11B	11	3.58496	0.543	2.3279	0.4428	1.8851
ENSG00000070718	AP3M2	3	2	0.858	2.3277	0.25885	2.06885
ENSG00000128626	MRPS12	1	1	1.568	2.3268	0.46646	1.86034
ENSG00000106683	LIMK1	7	3	0.338	2.3262	2.1182	0.208
ENSG00000066629	EML1	2	1.58496	0.36	2.3255	4.7483	-2.4228
ENSG00000142166	IFNAR1	1	1	1.73	2.3247	-1.265	3.5897
ENSG00000108797	CNTNAP1	1	1	0.578	2.3236	0.068701	2.2549
ENSG00000136816	TOR1B	3	2	0.768	2.3217	-1.3095	3.6312
ENSG00000124222	STX16	1	1	0.977	2.3181	1.1161	1.202
ENSG00000019144	PHLDB1	8	3.16993	0.604	2.318	0.67737	1.64063
ENSG00000146038	DCDC2	3	2	1.062	2.3133	3.6762	-1.3629
ENSG00000144711	IQSEC1	2	1.58496	0.471	2.3127	-0.44752	2.76022
ENSG00000091656	ZFHX4	13	3.80735	0.244	2.3127	0.43074	1.88196
ENSG00000149743	TRPT1	1	1	1.228	2.3123	3.7772	-1.4649
ENSG00000183426	NPIPA1	1	1	0.61	2.3114	1.9144	0.397
ENSG00000158079	PTPDC1	1	1	0.838	2.3099	-0.37283	2.68273
ENSG00000006704	GTF2IRD1	6	2.80735	0.309	2.3098	0.56529	1.74451
ENSG00000136122	BORA	2	1.58496	0.759	2.3083	0.61697	1.69133
ENSG00000169019	COMMD8	1	1	1.369	2.3082	0.54378	1.76442
ENSG00000083067	TRPM3	2	1.58496	0.48	2.3075	1.2387	1.0688
ENSG00000163792	TCF23	1	1	1.171	2.3073	1.2675	1.0398
ENSG00000164241	C5orf63	2	1.58496	1.956	2.3068	-0.048659	2.35546
ENSG00000182534	MXRA7	1	1	1.824	2.306	2.4135	-0.1075
ENSG00000134030	CTIF	1	1	0.487	2.3057	1.0666	1.2391
ENSG00000186509	OR9Q1	9	3.32193	1.318	2.3035	0.64729	1.65621
ENSG00000213246	SUPT4H1	7	3	1.048	2.302	2.858	-0.556
ENSG00000143278	F13B	2	1.58496	0.893	2.3019	-0.32802	2.62992
ENSG00000164176	EDIL3	3	2	0.705	2.3003	2.7989	-0.4986
ENSG00000145217	SLC26A1	1	1	1.849	2.2989	1.7853	0.5136
ENSG00000181264	TLCD5	5	2.58496	1.05	2.2979	0.72556	1.57234
ENSG00000147576	ADHFE1	2	1.58496	0.966	2.2965	1.7587	0.5378
ENSG00000182168	UNC5C	5	2.58496	0.646	2.2945	2.0177	0.2768
ENSG00000174080	CTSF	4	2.32193	1.296	2.2932	5.3029	-3.0097
ENSG00000254093	PINX1	15	4	1.921	2.2925	0.67038	1.62212
ENSG00000140526	ABHD2	6	2.80735	0.57	2.2919	0.36751	1.92439
ENSG00000173852	DPY19L1	1	1	0.633	2.2914	0.42382	1.86758
ENSG00000164325	TMEM174	2	1.58496	1.23	2.2903	1.5604	0.7299
ENSG00000166949	SMAD3	82	6.37504	0.373	2.2901	3.2096	-0.9195
ENSG00000108001	EBF3	3	2	0.353	2.2899	2.1277	0.1622
ENSG00000135643	KCNMB4	2	1.58496	0.399	2.289	0.81588	1.47312
ENSG00000100324	TAB1	1	1	0.752	2.2888	-0.23181	2.52061
ENSG00000040341	STAU2	3	2	0.479	2.2886	1.2655	1.0231
ENSG00000153071	DAB2	6	2.80735	0.479	2.2881	0.91961	1.36849
ENSG00000168385	SEPTIN2	2	1.58496	0.985	2.2876	-1.2684	3.556
ENSG00000196296	ATP2A1	5	2.58496	0.881	2.2873	0.68297	1.60433
ENSG00000169862	CTNND2	2	1.58496	0.228	2.2852	2.4969	-0.2117
ENSG00000160593	JAML	1	1	0.836	2.2844	-1.4669	3.7513
ENSG00000138613	APH1B	3	2	1.327	2.2841	0.60602	1.67808
ENSG00000183508	TENT5C	7	3	0.448	2.283	-0.56979	2.85279
ENSG00000162434	JAK1	6	2.80735	0.168	2.2824	0.7714	1.511
ENSG00000145681	HAPLN1	1	1	0.64	2.2818	0.84089	1.44091
ENSG00000059588	TARBP1	1	1	0.95	2.2794	-0.56947	2.84887
ENSG00000067141	NEO1	3	2	0.495	2.2776	-0.0090666	2.28667
ENSG00000186479	RGS7BP	1	1	0.595	2.2775	1.5507	0.7268
ENSG00000205884	DEFB136	5	2.58496	1.968	2.2773	2.1469	0.1304
ENSG00000197016	ZNF470	1	1	1.369	2.2768	1.3854	0.8914
ENSG00000074370	ATP2A3	4	2.32193	0.759	2.2767	0.74842	1.52828
ENSG00000163596	ICA1L	13	3.80735	0.858	2.2766	2.3999	-0.1233
ENSG00000156931	VPS8	3	2	0.688	2.2761	0.81681	1.45929
ENSG00000121316	PLBD1	2	1.58496	1.227	2.2761	-0.29614	2.57224
ENSG00000033627	ATP6V0A1	1	1	0.478	2.2745	-0.24038	2.51488
ENSG00000169224	GCSAML	3	2	1.827	2.2743	0.56529	1.70901
ENSG00000092068	SLC7A8	1	1	0.793	2.2736	0.28918	1.98442
ENSG00000151690	MFSD6	5	2.58496	0.61	2.2724	0.0057917	2.26661
ENSG00000138380	CARF	10	3.45943	0.782	2.2721	2.4075	-0.1354
ENSG00000136153	LMO7	7	3	0.644	2.2716	1.6106	0.661
ENSG00000120915	EPHX2	2	1.58496	1.093	2.2691	0.11127	2.15783
ENSG00000198408	OGA	6	2.80735	0.32	2.2684	1.5829	0.6855
ENSG00000059691	GATB	12	3.70044	0.839	2.2676	2.1033	0.1643
ENSG00000144278	GALNT13	3	2	0.735	2.2653	0.51119	1.75411
ENSG00000172379	ARNT2	5	2.58496	0.498	2.2646	2.0842	0.1804
ENSG00000131808	FSHB	21	4.45943	1.163	2.2637	1.644	0.6197
ENSG00000164756	SLC30A8	11	3.58496	0.921	2.262	-1.6774	3.9394
ENSG00000144339	TMEFF2	2	1.58496	0.683	2.261	1.9744	0.2866
ENSG00000183723	CMTM4	3	2	1.136	2.2608	1.1262	1.1346
ENSG00000100359	SGSM3	3	2	1.175	2.2575	1.8499	0.4076
ENSG00000128645	HOXD1	1	1	1.378	2.2574	0.88488	1.37252
ENSG00000158816	VWA5B1	1	1	1.18	2.2574	0.74483	1.51257
ENSG00000127418	FGFRL1	4	2.32193	1.162	2.2573	1.6592	0.5981
ENSG00000075426	FOSL2	15	4	0.279	2.2563	1.2191	1.0372
ENSG00000078070	MCCC1	2	1.58496	0.819	2.253	3.0671	-0.8141
ENSG00000067082	KLF6	3	2	0.108	2.2526	-1.0871	3.3397
ENSG00000106785	TRIM14	1	1	1.062	2.2524	2.5923	-0.3399
ENSG00000168214	RBPJ	1	1	0.267	2.2505	0.28461	1.96589
ENSG00000172732	MUS81	1	1	1.116	2.2502	1.4959	0.7543
ENSG00000111913	RIPOR2	8	3.16993	0.502	2.248	1.3092	0.9388
ENSG00000134824	FADS2	44	5.49185	0.415	2.2477	6.9075	-4.6598
ENSG00000157036	EXOG	4	2.32193	1.772	2.2471	0.062989	2.18411
ENSG00000104093	DMXL2	7	3	0.36	2.247	1.9533	0.2937
ENSG00000143384	MCL1	4	2.32193	0.395	2.2448	2.8799	-0.6351
ENSG00000146416	AIG1	2	1.58496	1.279	2.2433	1.3658	0.8775
ENSG00000130720	FIBCD1	2	1.58496	1.53	2.2432	-0.46187	2.70507
ENSG00000122966	CIT	3	2	0.353	2.2409	-0.31975	2.56065
ENSG00000161011	SQSTM1	1	1	1.13	2.2392	0.1526	2.0866
ENSG00000115750	TAF1B	2	1.58496	0.73	2.2378	1.722	0.5158
ENSG00000162104	ADCY9	9	3.32193	0.603	2.2376	1.1983	1.0393
ENSG00000108669	CYTH1	2	1.58496	0.414	2.2376	0.8026	1.435
ENSG00000138107	ACTR1A	4	2.32193	0.337	2.2371	0.95928	1.27782
ENSG00000140299	BNIP2	1	1	1.048	2.237	-0.33994	2.57694
ENSG00000237388	OR4A47	9	3.32193	1.619	2.2366	2.3735	-0.1369
ENSG00000169609	C15orf40	1	1	1.07	2.234	4.3857	-2.1517
ENSG00000225526	MKRN2OS	1	1	1.326	2.2331	2.5676	-0.3345
ENSG00000122786	CALD1	7	3	0.498	2.2327	-0.36819	2.60089
ENSG00000104872	PIH1D1	2	1.58496	1.017	2.2325	1.2672	0.9653
ENSG00000101115	SALL4	1	1	0.184	2.232	1.6752	0.5568
ENSG00000160716	CHRNB2	1	1	1.116	2.2319	0.098483	2.13342
ENSG00000095587	TLL2	1	1	0.99	2.2317	0.47758	1.75412
ENSG00000173598	NUDT4	2	1.58496	1.776	2.2313	-1.2082	3.4395
ENSG00000113068	PFDN1	1	1	1.861	2.2309	1.1297	1.1012
ENSG00000170946	DNAJC24	4	2.32193	1.514	2.2309	1.5493	0.6816
ENSG00000122481	RWDD3	3	2	1.605	2.2297	3.1102	-0.8805
ENSG00000069275	NUCKS1	6	2.80735	0.285	2.2295	2.8846	-0.6551
ENSG00000070831	CDC42	13	3.80735	0.611	2.2289	-1.3345	3.5634
ENSG00000057252	SOAT1	4	2.32193	0.988	2.2287	1.7272	0.5015
ENSG00000138663	COPS4	4	2.32193	0.304	2.2228	0.88545	1.33735
ENSG00000166171	DPCD	1	1	1.07	2.2205	2.0032	0.2173
ENSG00000169282	KCNAB1	4	2.32193	0.758	2.2189	0.98198	1.23692
ENSG00000067715	SYT1	3	2	0.332	2.2182	2.8521	-0.6339
ENSG00000118263	KLF7	8	3.16993	0.219	2.2177	0.66221	1.55549
ENSG00000145246	ATP10D	1	1	0.707	2.2168	1.0902	1.1266
ENSG00000259803	SLC22A31	2	1.58496	1.892	2.216	-0.038112	2.25411
ENSG00000110075	PPP6R3	3	2	0.481	2.2142	-0.082598	2.2968
ENSG00000188730	VWC2	1	1	1.101	2.2135	1.8803	0.3332
ENSG00000100934	SEC23A	3	2	0.708	2.2131	2.2521	-0.039
ENSG00000110080	ST3GAL4	10	3.45943	0.762	2.2119	2.0081	0.2038
ENSG00000102935	ZNF423	3	2	0.196	2.2103	1.8327	0.3776
ENSG00000101421	CHMP4B	3	2	0.208	2.2102	0.90605	1.30415
ENSG00000158717	RNF166	5	2.58496	1.299	2.2102	1.8615	0.3487
ENSG00000149305	HTR3B	2	1.58496	1.212	2.2097	0.83913	1.37057
ENSG00000173273	TNKS	7	3	0.639	2.2085	2.9082	-0.6997
ENSG00000109919	MTCH2	3	2	0.751	2.2082	2.0346	0.1736
ENSG00000165660	ABRAXAS2	4	2.32193	0.641	2.2081	1.646	0.5621
ENSG00000196781	TLE1	4	2.32193	0.343	2.2074	3.2627	-1.0553
ENSG00000156232	WHAMM	2	1.58496	1.22	2.2069	1.2618	0.9451
ENSG00000077514	POLD3	10	3.45943	0.41	2.2065	0.67639	1.53011
ENSG00000164305	CASP3	2	1.58496	0.859	2.2064	2.0447	0.1617
ENSG00000119682	AREL1	5	2.58496	0.739	2.2063	0.96353	1.24277
ENSG00000144057	ST6GAL2	1	1	0.978	2.2058	1.5273	0.6785
ENSG00000186468	RPS23	2	1.58496	0.184	2.2057	0.77824	1.42746
ENSG00000149782	PLCB3	1	1	0.468	2.2043	3.6849	-1.4806
ENSG00000171132	PRKCE	10	3.45943	0.278	2.2033	2.0946	0.1087
ENSG00000205363	INSYN1	2	1.58496	0.727	2.2023	4.6742	-2.4719
ENSG00000254636	ARMS2	22	4.52356	1.815	2.202	-0.11268	2.31468
ENSG00000143458	GABPB2	1	1	0.852	2.201	1.3411	0.8599
ENSG00000075975	MKRN2	1	1	0.95	2.2002	2.6101	-0.4099
ENSG00000078369	GNB1	2	1.58496	0.222	2.1959	2.1859	0.01
ENSG00000185630	PBX1	5	2.58496	0.212	2.1955	0.33295	1.86255
ENSG00000183092	BEGAIN	1	1	0.961	2.1944	3.1754	-0.981
ENSG00000117280	RAB29	3	2	0.788	2.1941	2.6446	-0.4505
ENSG00000163050	COQ8A	2	1.58496	0.999	2.1937	2.3319	-0.1382
ENSG00000143387	CTSK	1	1	0.748	2.1936	2.021	0.1726
ENSG00000184545	DUSP8	1	1	0.813	2.1935	1.0885	1.105
ENSG00000184545	DUSP8	1	1	0.813	2.1935	1.2309	0.9626
ENSG00000062370	ZNF112	1	1	0.588	2.1927	0.71878	1.47392
ENSG00000153015	CWC27	13	3.80735	1.181	2.1921	1.5735	0.6186
ENSG00000140479	PCSK6	5	2.58496	0.909	2.1901	-0.077827	2.26793
ENSG00000061337	LZTS1	1	1	1.006	2.1881	2.4701	-0.282
ENSG00000138433	CIR1	2	1.58496	0.971	2.1869	2.9633	-0.7764
ENSG00000104043	ATP8B4	3	2	1.013	2.1866	-0.21242	2.39902
ENSG00000166862	CACNG2	1	1	0.271	2.186	2.6693	-0.4833
ENSG00000166689	PLEKHA7	4	2.32193	0.726	2.1858	1.3545	0.8313
ENSG00000143322	ABL2	4	2.32193	0.578	2.1856	0.68077	1.50483
ENSG00000180316	PNPLA1	2	1.58496	0.945	2.1855	1.8204	0.3651
ENSG00000144810	COL8A1	13	3.80735	0.684	2.1853	0.32284	1.86246
ENSG00000145247	OCIAD2	1	1	1.965	2.1845	2.3922	-0.2077
ENSG00000197852	INKA2	2	1.58496	0.931	2.1844	0.73283	1.45157
ENSG00000117713	ARID1A	8	3.16993	0.141	2.1843	-0.15456	2.33886
ENSG00000146374	RSPO3	30	4.9542	0.751	2.184	0.19525	1.98875
ENSG00000164548	TRA2A	1	1	0.979	2.1834	0.73674	1.44666
ENSG00000159921	GNE	1	1	0.821	2.1832	-0.14893	2.33213
ENSG00000173889	PHC3	1	1	0.185	2.1821	1.7449	0.4372
ENSG00000157322	CLEC18A	7	3	0.63	2.182	1.3018	0.8802
ENSG00000157322	CLEC18A	7	3	0.63	2.182	-0.75429	2.93629
ENSG00000091844	RGS17	4	2.32193	0.708	2.1817	4.5524	-2.3707
ENSG00000155158	TTC39B	6	2.80735	1.153	2.1812	1.0407	1.1405
ENSG00000099834	CDHR5	1	1	1.479	2.1807	-1.12	3.3007
ENSG00000124299	PEPD	3	2	1.132	2.1805	0.7896	1.3909
ENSG00000120215	MLANA	1	1	1.933	2.1789	-1.9555	4.1344
ENSG00000213930	GALT	1	1	0.935	2.1785	0.65882	1.51968
ENSG00000131153	GINS2	1	1	1.755	2.1771	0.19027	1.98683
ENSG00000138442	WDR12	5	2.58496	0.902	2.1766	2.435	-0.2584
ENSG00000007312	CD79B	1	1	0.421	2.1765	0.4908	1.6857
ENSG00000164151	ICE1	4	2.32193	0.429	2.1758	1.1994	0.9764
ENSG00000076984	MAP2K7	2	1.58496	0.454	2.1755	1.4811	0.6944
ENSG00000167468	GPX4	3	2	1.385	2.1753	-0.45335	2.62865
ENSG00000026025	VIM	1	1	0.542	2.1743	1.7319	0.4424
ENSG00000123095	BHLHE41	3	2	1.219	2.1739	2.8315	-0.6576
ENSG00000104047	DTWD1	5	2.58496	1.283	2.1738	-0.31869	2.49249
ENSG00000120662	MTRF1	1	1	1.017	2.1723	0.82555	1.34675
ENSG00000105419	MEIS3	1	1	1.084	2.1712	0.36129	1.80991
ENSG00000173890	GPR160	2	1.58496	1.648	2.1698	1.1671	1.0027
ENSG00000170606	HSPA4	8	3.16993	0.316	2.1696	2.8797	-0.7101
ENSG00000114999	TTL	1	1	0.423	2.168	1.4069	0.7611
ENSG00000103035	PSMD7	4	2.32193	0.676	2.1676	0.79023	1.37737
ENSG00000066027	PPP2R5A	1	1	0.777	2.1672	-0.74031	2.90751
ENSG00000211460	TSN	1	1	0.309	2.1666	1.4611	0.7055
ENSG00000118690	ARMC2	6	2.80735	0.936	2.1643	0.69426	1.47004
ENSG00000153993	SEMA3D	4	2.32193	1.074	2.1642	-0.90289	3.06709
ENSG00000139163	ETNK1	2	1.58496	0.369	2.1638	0.39043	1.77337
ENSG00000152217	SETBP1	19	4.32193	0.143	2.1637	2.737	-0.5733
ENSG00000143971	ETAA1	13	3.80735	0.849	2.163	0.74514	1.41786
ENSG00000143437	ARNT	2	1.58496	0.387	2.1617	2.1248	0.0369
ENSG00000116406	EDEM3	1	1	0.671	2.1609	-0.53849	2.69939
ENSG00000172009	THOP1	1	1	0.876	2.1606	3.9908	-1.8302
ENSG00000168675	LDLRAD4	1	1	0.666	2.1605	1.9606	0.1999
ENSG00000156265	MAP3K7CL	8	3.16993	1.299	2.1601	0.56461	1.59549
ENSG00000050555	LAMC3	1	1	0.909	2.16	-0.48437	2.64437
ENSG00000160207	HSF2BP	1	1	1.257	2.1582	0.4612	1.697
ENSG00000107518	ATRNL1	2	1.58496	0.538	2.1578	0.88516	1.27264
ENSG00000131668	BARX1	8	3.16993	1.266	2.1572	0.53552	1.62168
ENSG00000178971	CTC1	2	1.58496	0.776	2.1564	-0.14442	2.30082
ENSG00000143850	PLEKHA6	1	1	0.692	2.1558	1.1807	0.9751
ENSG00000127914	AKAP9	1	1	0.662	2.1553	1.649	0.5063
ENSG00000005471	ABCB4	7	3	0.623	2.1546	1.0737	1.0809
ENSG00000128965	CHAC1	3	2	1.425	2.1541	0.30978	1.84432
ENSG00000170185	USP38	5	2.58496	0.641	2.1533	1.413	0.7403
ENSG00000117143	UAP1	1	1	0.625	2.1523	0.70782	1.44448
ENSG00000197520	FAM177B	6	2.80735	1.767	2.1521	2.6972	-0.5451
ENSG00000174963	ZIC4	2	1.58496	0.827	2.1513	0.81928	1.33202
ENSG00000166169	POLL	1	1	0.963	2.151	2.0152	0.1358
ENSG00000155511	GRIA1	9	3.32193	0.448	2.1505	0.9883	1.1622
ENSG00000198162	MAN1A2	1	1	0.525	2.1502	0.76908	1.38112
ENSG00000105939	ZC3HAV1	4	2.32193	0.595	2.15	2.2162	-0.0662
ENSG00000103494	RPGRIP1L	6	2.80735	0.907	2.1493	0.086243	2.06306
ENSG00000162889	MAPKAPK2	1	1	0.303	2.1488	-0.72834	2.87714
ENSG00000134853	PDGFRA	3	2	0.264	2.1474	-0.9111	3.0585
ENSG00000198844	ARHGEF15	1	1	0.917	2.1474	-0.045153	2.19255
ENSG00000055163	CYFIP2	2	1.58496	0.274	2.1467	-0.20938	2.35608
ENSG00000147813	NAPRT	1	1	1.486	2.1463	0.6507	1.4956
ENSG00000128654	MTX2	7	3	1.103	2.1458	-0.54746	2.69326
ENSG00000133943	DGLUCY	1	1	1.215	2.1455	1.4141	0.7314
ENSG00000069869	NEDD4	8	3.16993	0.858	2.1448	1.7291	0.4157
ENSG00000240764	PCDHGC5	2	1.58496	0.564	2.1429	2.0208	0.1221
ENSG00000240764	PCDHGC5	2	1.58496	0.564	2.1429	1.653	0.4899
ENSG00000167210	LOXHD1	1	1	0.896	2.1415	-0.19309	2.33459
ENSG00000090382	LYZ	2	1.58496	1.652	2.1413	2.6117	-0.4704
ENSG00000094916	CBX5	1	1	0.726	2.1362	2.169	-0.0328
ENSG00000115159	GPD2	7	3	0.796	2.1351	1.355	0.7801
ENSG00000126432	PRDX5	1	1	1.237	2.1351	3.1083	-0.9732
ENSG00000005379	TSPOAP1	3	2	0.573	2.1342	2.1502	-0.016
ENSG00000075539	FRYL	2	1.58496	0.434	2.1334	3.2371	-1.1037
ENSG00000205143	ARID3C	1	1	1.716	2.1334	0.65155	1.48185
ENSG00000155096	AZIN1	1	1	0.36	2.1333	2.2274	-0.0941
ENSG00000101773	RBBP8	6	2.80735	0.981	2.1325	0.42655	1.70595
ENSG00000115457	IGFBP2	1	1	0.98	2.1316	-0.63922	2.77082
ENSG00000080345	RIF1	1	1	0.254	2.1305	0.33447	1.79603
ENSG00000148408	CACNA1B	3	2	0.425	2.1304	2.5237	-0.3933
ENSG00000137221	TJAP1	5	2.58496	0.954	2.1292	2.3275	-0.1983
ENSG00000120837	NFYB	1	1	0.877	2.1278	-1.2479	3.3757
ENSG00000011275	RNF216	2	1.58496	0.819	2.127	-0.53451	2.66151
ENSG00000125459	MSTO1	1	1	0.831	2.1259	1.1144	1.0115
ENSG00000165521	EML5	1	1	0.565	2.1254	0.75955	1.36585
ENSG00000177182	CLVS1	3	2	0.473	2.1243	1.6147	0.5096
ENSG00000114739	ACVR2B	2	1.58496	0.408	2.1238	0.54247	1.58133
ENSG00000164919	COX6C	1	1	1.231	2.1238	1.3376	0.7862
ENSG00000155366	RHOC	3	2	1.024	2.1212	1.265	0.8562
ENSG00000164796	CSMD3	2	1.58496	0.464	2.1195	-0.31777	2.43727
ENSG00000144560	VGLL4	10	3.45943	0.818	2.119	2.6743	-0.5553
ENSG00000008513	ST3GAL1	1	1	0.728	2.1188	1.0292	1.0896
ENSG00000142192	APP	6	2.80735	0.41	2.1188	0.1713	1.9475
ENSG00000108312	UBTF	2	1.58496	0.133	2.1176	5.828	-3.7104
ENSG00000075884	ARHGAP15	28	4.85798	1.134	2.1174	2.2315	-0.1141
ENSG00000124678	TCP11	16	4.08746	0.948	2.1167	0.95021	1.16649
ENSG00000138439	FAM117B	3	2	0.764	2.1161	1.3391	0.777
ENSG00000185305	ARL15	8	3.16993	1.304	2.1159	2.1955	-0.0796
ENSG00000164627	KIF6	1	1	1.132	2.1157	-1.5802	3.6959
ENSG00000151490	PTPRO	5	2.58496	0.513	2.1154	2.5477	-0.4323
ENSG00000078687	TNRC6C	1	1	0.201	2.1152	-0.59561	2.71081
ENSG00000165609	NUDT5	5	2.58496	0.976	2.115	3.4521	-1.3371
ENSG00000132693	CRP	9	3.32193	1.932	2.1136	-1.4059	3.5195
ENSG00000100290	BIK	3	2	1.838	2.1119	2.8437	-0.7318
ENSG00000064012	CASP8	22	4.52356	0.695	2.1093	1.8892	0.2201
ENSG00000152404	CWF19L2	2	1.58496	1.035	2.1084	1.6012	0.5072
ENSG00000162341	TPCN2	17	4.16993	0.977	2.1084	1.4469	0.6615
ENSG00000165730	STOX1	2	1.58496	0.933	2.108	2.014	0.094
ENSG00000138166	DUSP5	4	2.32193	1.069	2.1074	0.63802	1.46938
ENSG00000170266	GLB1	14	3.90689	0.938	2.1072	-0.42071	2.52791
ENSG00000170266	GLB1	14	3.90689	0.938	2.1072	-0.42071	2.52791
ENSG00000170266	GLB1	14	3.90689	0.938	2.1072	-0.42071	2.52791
ENSG00000170266	GLB1	14	3.90689	0.938	2.1072	-0.42071	2.52791
ENSG00000206432	TMEM200C	2	1.58496	1.778	2.1064	1.1036	1.0028
ENSG00000184381	PLA2G6	10	3.45943	0.972	2.1062	-0.63743	2.74363
ENSG00000168575	SLC20A2	2	1.58496	0.644	2.1059	2.721	-0.6151
ENSG00000179456	ZBTB18	3	2	0.128	2.1045	0.7522	1.3523
ENSG00000169744	LDB2	2	1.58496	0.435	2.1041	0.48567	1.61843
ENSG00000128298	BAIAP2L2	3	2	1.468	2.1014	-0.72739	2.82879
ENSG00000163584	RPL22L1	4	2.32193	1.797	2.1006	-0.089135	2.18974
ENSG00000106554	CHCHD3	1	1	0.869	2.1002	-0.66646	2.76666
ENSG00000087258	GNAO1	1	1	0.105	2.0978	-0.83136	2.92916
ENSG00000133065	SLC41A1	1	1	0.587	2.0977	2.7517	-0.654
ENSG00000138738	PRDM5	9	3.32193	0.899	2.0974	-0.034112	2.13151
ENSG00000168582	CRYGA	1	1	1.245	2.0964	1.0795	1.0169
ENSG00000213967	ZNF726	1	1	1.841	2.0955	0.43243	1.66307
ENSG00000103599	IQCH	8	3.16993	0.861	2.0955	4.1267	-2.0312
ENSG00000136243	NUP42	1	1	1.526	2.0953	0.77392	1.32138
ENSG00000101204	CHRNA4	12	3.70044	0.834	2.0948	1.7305	0.3643
ENSG00000139910	NOVA1	5	2.58496	0.378	2.094	-1.2934	3.3874
ENSG00000246705	H2AJ	1	1	0.885	2.0939	0.37076	1.72314
ENSG00000111664	GNB3	4	2.32193	1.072	2.0935	2.613	-0.5195
ENSG00000104490	NCALD	5	2.58496	0.874	2.0934	-0.5495	2.6429
ENSG00000138483	CCDC54	5	2.58496	1.573	2.0914	0.4739	1.6175
ENSG00000074527	NTN4	2	1.58496	0.533	2.0909	0.80274	1.28816
ENSG00000147883	CDKN2B	148	7.21917	1.836	2.0906	0.096076	1.99452
ENSG00000124140	SLC12A5	6	2.80735	0.225	2.0897	1.3294	0.7603
ENSG00000177469	CAVIN1	3	2	1.092	2.0881	-0.17294	2.26104
ENSG00000055044	NOP58	2	1.58496	0.995	2.0878	1.2679	0.8199
ENSG00000100354	TNRC6B	9	3.32193	0.332	2.0875	-0.53794	2.62544
ENSG00000100991	TRPC4AP	12	3.70044	0.564	2.087	2.1249	-0.0379
ENSG00000140545	MFGE8	6	2.80735	1.045	2.0865	0.98968	1.09682
ENSG00000162849	KIF26B	2	1.58496	0.571	2.0855	1.0425	1.043
ENSG00000169951	ZNF764	2	1.58496	1.338	2.0852	0.59385	1.49135
ENSG00000174405	LIG4	1	1	1.043	2.084	2.2061	-0.1221
ENSG00000259956	RBM15B	2	1.58496	0.394	2.0835	1.0676	1.0159
ENSG00000182053	TRIM49B	3	2	0.945	2.0825	1.6957	0.3868
ENSG00000085377	PREP	3	2	0.395	2.0816	-1.2166	3.2982
ENSG00000104915	STX10	1	1	1.299	2.0804	1.1279	0.9525
ENSG00000155324	GRAMD2B	3	2	1.224	2.0803	0.21877	1.86153
ENSG00000140481	CCDC33	1	1	1.17	2.0802	0.79147	1.28873
ENSG00000154229	PRKCA	7	3	0.397	2.0787	3.8661	-1.7874
ENSG00000177994	C2orf73	2	1.58496	1.888	2.0787	2.8064	-0.7277
ENSG00000152953	STK32B	1	1	1.057	2.0784	-0.66412	2.74252
ENSG00000168916	ZNF608	9	3.32193	0.161	2.0782	-1.016	3.0942
ENSG00000114166	KAT2B	4	2.32193	0.461	2.0775	2.4849	-0.4074
ENSG00000174099	MSRB3	4	2.32193	0.961	2.0775	1.6563	0.4212
ENSG00000087338	GMCL1	2	1.58496	1.481	2.0764	0.92979	1.14661
ENSG00000176624	MEX3C	1	1	0.715	2.076	0.28481	1.79119
ENSG00000219626	FAM228B	2	1.58496	1.375	2.0757	0.6889	1.3868
ENSG00000179242	CDH4	3	2	0.533	2.0735	0.83915	1.23435
ENSG00000144681	STAC	5	2.58496	1.18	2.0732	0.0007161	2.07248
ENSG00000113552	GNPDA1	3	2	1.169	2.0715	-0.68309	2.75459
ENSG00000139219	COL2A1	6	2.80735	0.183	2.0711	0.26555	1.80555
ENSG00000117533	VAMP4	2	1.58496	1.584	2.0694	2.8082	-0.7388
ENSG00000151952	TMEM132D	1	1	0.5	2.0692	0.4799	1.5893
ENSG00000031003	FAM13B	4	2.32193	0.586	2.0691	1.2811	0.788
ENSG00000121440	PDZRN3	5	2.58496	0.591	2.0691	1.8833	0.1858
ENSG00000120029	ARMH3	3	2	0.765	2.0665	1.8212	0.2453
ENSG00000162814	SPATA17	2	1.58496	1.32	2.0658	-0.0098857	2.07569
ENSG00000160191	PDE9A	1	1	1.092	2.0655	2.1918	-0.1263
ENSG00000140400	MAN2C1	1	1	1.013	2.0626	-0.0009501	2.06355
ENSG00000129911	KLF16	2	1.58496	1.928	2.0625	0.68047	1.38203
ENSG00000027075	PRKCH	2	1.58496	0.467	2.0615	0.51099	1.55051
ENSG00000164031	DNAJB14	1	1	0.64	2.0613	1.9612	0.1001
ENSG00000142973	CYP4B1	1	1	1.016	2.0591	-0.062011	2.12111
ENSG00000174640	SLCO2A1	3	2	1.036	2.0582	-0.67522	2.73342
ENSG00000140600	SH3GL3	2	1.58496	1.434	2.0578	2.2992	-0.2414
ENSG00000169062	UPF3A	1	1	1.198	2.0551	0.97408	1.08102
ENSG00000151532	VTI1A	7	3	0.864	2.053	1.4976	0.5554
ENSG00000177710	SLC35G5	3	2	1.213	2.0519	2.1989	-0.147
ENSG00000177710	SLC35G5	3	2	1.213	2.0519	0.92472	1.12718
ENSG00000175318	GRAMD2A	2	1.58496	0.933	2.0509	0.10025	1.95065
ENSG00000164663	USP49	1	1	0.576	2.0506	-0.20262	2.25322
ENSG00000196455	PIK3R4	1	1	0.362	2.0501	-0.46711	2.51721
ENSG00000101152	DNAJC5	1	1	0.205	2.0493	3.3575	-1.3082
ENSG00000140374	ETFA	3	2	1.166	2.0491	1.4113	0.6378
ENSG00000168792	ABHD15	1	1	1.479	2.049	2.8972	-0.8482
ENSG00000250361	GYPB	2	1.58496	1.69	2.0476	-0.7398	2.7874
ENSG00000160208	RRP1B	1	1	0.963	2.0462	0.58323	1.46297
ENSG00000128655	PDE11A	2	1.58496	1.118	2.0418	-1.0104	3.0522
ENSG00000172020	GAP43	2	1.58496	0.358	2.0407	2.6025	-0.5618
ENSG00000114378	HYAL1	1	1	0.875	2.0401	2.8125	-0.7724
ENSG00000141639	MAPK4	1	1	0.752	2.0386	0.61369	1.42491
ENSG00000122641	INHBA	5	2.58496	0.166	2.0385	0.45614	1.58236
ENSG00000073921	PICALM	8	3.16993	0.647	2.0377	2.8105	-0.7728
ENSG00000172059	KLF11	2	1.58496	1.07	2.0374	2.1492	-0.1118
ENSG00000078902	TOLLIP	1	1	0.747	2.037	0.84209	1.19491
ENSG00000064703	DDX20	3	2	0.965	2.0363	0.6714	1.3649
ENSG00000178951	ZBTB7A	7	3	0.878	2.0362	0.57529	1.46091
ENSG00000110888	CAPRIN2	2	1.58496	0.58	2.0338	2.0086	0.0252
ENSG00000152409	JMY	3	2	0.648	2.0334	0.37603	1.65737
ENSG00000164935	DCSTAMP	2	1.58496	1.003	2.0324	-0.33262	2.36502
ENSG00000167549	CORO6	1	1	1.177	2.0324	1.6061	0.4263
ENSG00000165355	FBXO33	1	1	0.683	2.0299	-0.4834	2.5133
ENSG00000102554	KLF5	20	4.39232	0.519	2.0293	2.1403	-0.111
ENSG00000149485	FADS1	26	4.75489	0.428	2.0292	7.0665	-5.0373
ENSG00000000971	CFH	17	4.16993	0.43	2.0287	2.2183	-0.1896
ENSG00000164500	SPATA48	7	3	1.354	2.0287	-0.43158	2.46028
ENSG00000155269	GPR78	2	1.58496	1.975	2.0283	1.2465	0.7818
ENSG00000182568	SATB1	26	4.75489	0.209	2.0281	0.74309	1.28501
ENSG00000198720	ANKRD13B	1	1	0.672	2.0264	2.4315	-0.4051
ENSG00000107614	TRDMT1	5	2.58496	1.437	2.0257	0.90825	1.11745
ENSG00000125851	PCSK2	1	1	0.249	2.0249	-1.4236	3.4485
ENSG00000111530	CAND1	1	1	0.076	2.0237	0.74519	1.27851
ENSG00000179562	GCC1	6	2.80735	0.724	2.0225	0.59529	1.42721
ENSG00000128617	OPN1SW	1	1	1.03	2.0219	2.9132	-0.8913
ENSG00000111877	MCM9	1	1	0.916	2.0218	0.50909	1.51271
ENSG00000118900	UBN1	4	2.32193	0.193	2.021	2.5842	-0.5632
ENSG00000119509	INVS	4	2.32193	0.941	2.0209	1.5093	0.5116
ENSG00000080815	PSEN1	1	1	0.425	2.0207	1.3798	0.6409
ENSG00000205581	HMGN1	2	1.58496	0.894	2.0204	0.49244	1.52796
ENSG00000129167	TPH1	1	1	0.921	2.0203	2.825	-0.8047
ENSG00000125630	POLR1B	2	1.58496	0.363	2.0203	1.8407	0.1796
ENSG00000149177	PTPRJ	19	4.32193	1.043	2.0202	2.899	-0.8788
ENSG00000178567	EPM2AIP1	1	1	0.691	2.0196	3.4104	-1.3908
ENSG00000204442	NALF1	2	1.58496	0.197	2.0184	0.59369	1.42471
ENSG00000154639	CXADR	13	3.80735	0.751	2.0161	0.098386	1.91771
ENSG00000151917	BEND6	2	1.58496	1.085	2.0159	0.42107	1.59483
ENSG00000112139	MDGA1	4	2.32193	0.767	2.0157	2.0168	-0.0011
ENSG00000188994	ZNF292	1	1	0.161	2.0154	0.82498	1.19042
ENSG00000119599	DCAF4	1	1	0.787	2.015	1.4995	0.5155
ENSG00000134247	PTGFRN	2	1.58496	0.553	2.0147	0.52998	1.48472
ENSG00000048740	CELF2	10	3.45943	0.294	2.0134	2.3863	-0.3729
ENSG00000124664	SPDEF	3	2	0.578	2.0133	0.72906	1.28424
ENSG00000104626	ERI1	2	1.58496	1.526	2.0127	2.3045	-0.2918
ENSG00000186867	QRFPR	3	2	1.532	2.0117	-2.4674	4.4791
ENSG00000163958	ZDHHC19	1	1	1.205	2.0103	1.1303	0.88
ENSG00000120332	TNN	1	1	1.089	2.0095	1.5005	0.509
ENSG00000182389	CACNB4	1	1	0.778	2.0087	1.7196	0.2891
ENSG00000163626	COX18	2	1.58496	1.682	2.0085	0.9739	1.0346
ENSG00000127948	POR	1	1	0.887	2.0075	2.4248	-0.4173
ENSG00000105821	DNAJC2	1	1	0.466	2.0075	0.34829	1.65921
ENSG00000111605	CPSF6	2	1.58496	0.306	2.0074	3.5166	-1.5092
ENSG00000171017	LRRC8E	1	1	1.906	2.0065	1.8074	0.1991
ENSG00000108852	MPP2	1	1	0.881	2.0061	1.036	0.9701
ENSG00000143207	COP1	9	3.32193	0.557	2.0057	2.1922	-0.1865
ENSG00000173442	EHBP1L1	6	2.80735	1.062	2.0046	-1.839	3.8436
ENSG00000069020	MAST4	2	1.58496	0.66	2.0042	0.28476	1.71944
ENSG00000111404	RERGL	6	2.80735	1.254	2.003	-1.7169	3.7199
ENSG00000154188	ANGPT1	5	2.58496	0.414	2.0016	0.042609	1.95899
ENSG00000152767	FARP1	5	2.58496	0.548	2.0006	1.2258	0.7748
ENSG00000072201	LNX1	4	2.32193	0.938	1.9994	1.5662	0.4332
ENSG00000128604	IRF5	32	5.04439	0.536	1.9994	0.59222	1.40718
ENSG00000140386	SCAPER	6	2.80735	0.666	1.9984	1.8753	0.1231
ENSG00000076242	MLH1	2	1.58496	0.639	1.9975	3.4476	-1.4501
ENSG00000025434	NR1H3	5	2.58496	0.556	1.9971	1.856	0.1411
ENSG00000048405	ZNF800	11	3.58496	0.358	1.996	1.8162	0.1798
ENSG00000112031	MTRF1L	1	1	1.232	1.9951	2.3374	-0.3423
ENSG00000091592	NLRP1	1	1	0.835	1.9938	1.5624	0.4314
ENSG00000181284	TMEM102	3	2	1.573	1.9937	1.7506	0.2431
ENSG00000118482	PHF3	4	2.32193	0.301	1.9936	2.7567	-0.7631
ENSG00000115507	OTX1	4	2.32193	0.508	1.9936	0.79542	1.19818
ENSG00000150394	CDH8	5	2.58496	0.369	1.9922	3.8683	-1.8761
ENSG00000100031	GGT1	5	2.58496	0.574	1.9902	-1.1477	3.1379
ENSG00000100031	GGT1	5	2.58496	0.574	1.9902	0.076024	1.91418
ENSG00000100031	GGT1	5	2.58496	0.574	1.9902	3.046	-1.0558
ENSG00000123405	NFE2	1	1	0.798	1.9902	0.35986	1.63034
ENSG00000171680	PLEKHG5	1	1	0.706	1.9898	0.61653	1.37327
ENSG00000130508	PXDN	1	1	0.677	1.9884	0.27277	1.71563
ENSG00000166510	CCDC68	9	3.32193	0.923	1.9868	-0.40979	2.39659
ENSG00000225968	ELFN1	25	4.70044	1.841	1.9865	0.68553	1.30097
ENSG00000196275	GTF2IRD2	7	3	0.871	1.9864	-1.766	3.7524
ENSG00000188322	SBK1	1	1	1.14	1.9855	0.62725	1.35825
ENSG00000154122	ANKH	6	2.80735	0.463	1.9849	-0.13316	2.11806
ENSG00000105662	CRTC1	14	3.90689	0.417	1.9843	3.0789	-1.0946
ENSG00000155876	RRAGA	2	1.58496	0.837	1.9835	0.29132	1.69218
ENSG00000090989	EXOC1	1	1	0.686	1.9825	-0.30027	2.28277
ENSG00000143469	SYT14	3	2	0.553	1.9824	3.454	-1.4716
ENSG00000115504	EHBP1	8	3.16993	0.557	1.9815	1.3095	0.672
ENSG00000173578	XCR1	5	2.58496	1.728	1.9808	-0.73793	2.71873
ENSG00000112249	ASCC3	4	2.32193	0.677	1.9804	2.1664	-0.186
ENSG00000124507	PACSIN1	6	2.80735	0.425	1.9802	-0.27095	2.25115
ENSG00000150275	PCDH15	2	1.58496	0.819	1.9797	-0.56092	2.54062
ENSG00000101040	ZMYND8	7	3	0.336	1.9783	1.5972	0.3811
ENSG00000168092	PAFAH1B2	1	1	0.671	1.9782	2.1523	-0.1741
ENSG00000110076	NRXN2	3	2	0.317	1.9778	3.7402	-1.7624
ENSG00000122642	FKBP9	1	1	0.729	1.9762	-0.79227	2.76847
ENSG00000144035	NAT8	2	1.58496	1.888	1.9745	2.2156	-0.2411
ENSG00000144035	NAT8	2	1.58496	1.888	1.9745	2.4656	-0.4911
ENSG00000124614	RPS10	3	2	0.265	1.9734	1.1194	0.854
ENSG00000162670	BRINP3	15	4	0.364	1.973	0.47654	1.49646
ENSG00000139515	PDX1	4	2.32193	1.642	1.9728	-0.74674	2.71954
ENSG00000121068	TBX2	19	4.32193	0.832	1.9723	0.54167	1.43063
ENSG00000143376	SNX27	3	2	0.52	1.9705	0.35823	1.61227
ENSG00000153006	SREK1IP1	9	3.32193	0.937	1.9705	1.8952	0.0753
ENSG00000187689	AMTN	1	1	1.656	1.9704	0.89792	1.07248
ENSG00000178966	RMI1	2	1.58496	0.997	1.9702	2.5823	-0.6121
ENSG00000117154	IGSF21	1	1	0.858	1.9695	1.093	0.8765
ENSG00000142173	COL6A2	6	2.80735	0.895	1.9694	-0.31028	2.27968
ENSG00000006607	FARP2	5	2.58496	1.005	1.9693	-1.4626	3.4319
ENSG00000149591	TAGLN	1	1	1.062	1.9693	2.5618	-0.5925
ENSG00000163689	CFAP20DC	1	1	0.894	1.9683	-0.082907	2.05121
ENSG00000151923	TIAL1	1	1	0.213	1.9675	1.1419	0.8256
ENSG00000128652	HOXD3	5	2.58496	0.637	1.966	0.23598	1.73002
ENSG00000128652	HOXD3	5	2.58496	0.637	1.966	-0.55895	2.52495
ENSG00000145808	ADAMTS19	1	1	0.83	1.9642	3.6633	-1.6991
ENSG00000112029	FBXO5	1	1	0.362	1.9614	2.5906	-0.6292
ENSG00000244414	CFHR1	4	2.32193	1.208	1.9606	0.91478	1.04582
ENSG00000189325	BNIP5	1	1	1.112	1.9598	-0.16499	2.12479
ENSG00000149557	FEZ1	1	1	0.658	1.9597	0.53826	1.42144
ENSG00000122550	KLHL7	1	1	0.789	1.9595	1.1766	0.7829
ENSG00000196569	LAMA2	7	3	0.801	1.9594	0.90082	1.05858
ENSG00000213413	PVRIG	3	2	1.254	1.9579	2.7317	-0.7738
ENSG00000144290	SLC4A10	1	1	0.403	1.9569	3.1737	-1.2168
ENSG00000066279	ASPM	3	2	0.766	1.9566	-0.28888	2.24548
ENSG00000185052	SLC24A3	7	3	0.429	1.9561	0.89573	1.06037
ENSG00000116761	CTH	5	2.58496	1.078	1.9552	0.51382	1.44138
ENSG00000163803	PLB1	3	2	1.114	1.9534	0.33567	1.61773
ENSG00000104499	GML	2	1.58496	1.831	1.9529	1.1386	0.8143
ENSG00000197893	NRAP	1	1	1.045	1.9527	0.71428	1.23842
ENSG00000132466	ANKRD17	8	3.16993	0.118	1.9524	0.64684	1.30556
ENSG00000092208	GEMIN2	1	1	1.805	1.9521	1.9082	0.0439
ENSG00000133216	EPHB2	3	2	0.265	1.9516	-0.84859	2.80019
ENSG00000077549	CAPZB	11	3.58496	0.221	1.9499	-0.020745	1.97064
ENSG00000178026	LRRC75B	2	1.58496	1.725	1.9486	3.0077	-1.0591
ENSG00000171759	PAH	3	2	1.265	1.9484	0.021091	1.92731
ENSG00000196247	ZNF107	2	1.58496	1.932	1.9483	2.8498	-0.9015
ENSG00000079313	REXO1	2	1.58496	0.616	1.9481	0.60939	1.33871
ENSG00000242372	EIF6	1	1	0.623	1.9481	1.4746	0.4735
ENSG00000122034	GTF3A	1	1	1.893	1.9481	-0.79782	2.74592
ENSG00000114948	ADAM23	3	2	0.416	1.9472	1.7943	0.1529
ENSG00000124191	TOX2	3	2	0.505	1.9472	-1.0607	3.0079
ENSG00000158715	SLC45A3	1	1	0.728	1.9469	3.4021	-1.4552
ENSG00000198746	GPATCH3	2	1.58496	1.009	1.9461	-0.54717	2.49327
ENSG00000100652	SLC10A1	1	1	1.956	1.9461	0.57941	1.36669
ENSG00000165671	NSD1	3	2	0.144	1.946	0.31571	1.63029
ENSG00000155846	PPARGC1B	11	3.58496	0.444	1.9447	3.3867	-1.442
ENSG00000175354	PTPN2	23	4.58496	0.618	1.9445	0.8253	1.1192
ENSG00000221866	PLXNA4	1	1	0.289	1.9444	3.6141	-1.6697
ENSG00000112414	ADGRG6	3	2	0.63	1.9444	-0.31265	2.25705
ENSG00000166226	CCT2	1	1	0.445	1.9443	3.0974	-1.1531
ENSG00000186452	TMPRSS12	1	1	1.494	1.9435	0.39398	1.54952
ENSG00000158062	UBXN11	1	1	0.949	1.9433	0.22665	1.71665
ENSG00000138136	LBX1	3	2	0.753	1.9432	1.6509	0.2923
ENSG00000169964	TMEM42	1	1	1.022	1.9426	4.7711	-2.8285
ENSG00000157540	DYRK1A	2	1.58496	0.172	1.9424	2.2152	-0.2728
ENSG00000169230	PRELID1	5	2.58496	0.75	1.9408	0.31795	1.62285
ENSG00000066933	MYO9A	1	1	0.414	1.9404	0.19086	1.74954
ENSG00000161180	CCDC116	5	2.58496	1.158	1.9394	0.41602	1.52338
ENSG00000198018	ENTPD7	2	1.58496	0.813	1.9392	-1.2196	3.1588
ENSG00000111481	COPZ1	1	1	0.443	1.9387	0.32263	1.61607
ENSG00000110063	DCPS	2	1.58496	1	1.9376	1.4112	0.5264
ENSG00000188763	FZD9	2	1.58496	1.368	1.937	1.4767	0.4603
ENSG00000070018	LRP6	1	1	0.27	1.9364	-0.54552	2.48192
ENSG00000155287	SLC25A28	6	2.80735	0.576	1.9364	-1.2048	3.1412
ENSG00000135097	MSI1	3	2	0.524	1.9364	3.7372	-1.8008
ENSG00000135426	TESPA1	13	3.80735	0.763	1.9363	-0.57468	2.51098
ENSG00000108602	ALDH3A1	1	1	1.246	1.9358	0.26374	1.67206
ENSG00000130177	CDC16	1	1	0.657	1.9356	0.82482	1.11078
ENSG00000146457	WTAP	1	1	0.343	1.9349	1.9575	-0.0226
ENSG00000167656	LY6D	3	2	1.923	1.9342	1.8476	0.0866
ENSG00000007944	MYLIP	3	2	0.786	1.9316	1.8236	0.108
ENSG00000101082	SLA2	1	1	1.036	1.9313	3.8483	-1.917
ENSG00000105954	NPVF	4	2.32193	1.737	1.9288	0.59974	1.32906
ENSG00000143507	DUSP10	17	4.16993	0.704	1.9286	1.2846	0.644
ENSG00000163590	PPM1L	1	1	0.624	1.9286	-0.46201	2.39061
ENSG00000103227	LMF1	3	2	1.436	1.9286	0.6184	1.3102
ENSG00000228075	BOD1L2	4	2.32193	1.797	1.9284	1.2176	0.7108
ENSG00000107566	ERLIN1	9	3.32193	1.049	1.9274	3.5878	-1.6604
ENSG00000093167	LRRFIP2	3	2	1.144	1.927	3.4236	-1.4966
ENSG00000160588	MPZL3	3	2	1.176	1.9268	1.0401	0.8867
ENSG00000160113	NR2F6	2	1.58496	1.256	1.925	0.67898	1.24602
ENSG00000101331	CCM2L	1	1	0.907	1.9236	-0.26781	2.19141
ENSG00000169760	NLGN1	6	2.80735	0.291	1.9223	1.3394	0.5829
ENSG00000075945	KIFAP3	3	2	1.006	1.9219	1.8614	0.0605
ENSG00000063015	SEZ6	1	1	0.708	1.9214	2.8406	-0.9192
ENSG00000137968	SLC44A5	1	1	0.865	1.9208	2.1168	-0.196
ENSG00000125998	FAM83C	2	1.58496	1.321	1.9205	1.9064	0.0141
ENSG00000147896	IFNK	1	1	1.642	1.9204	0.24057	1.67983
ENSG00000162687	KCNT2	8	3.16993	0.744	1.9187	-0.17519	2.09389
ENSG00000136250	AOAH	3	2	0.876	1.9187	1.3719	0.5468
ENSG00000100154	TTC28	23	4.58496	0.386	1.9185	-0.77894	2.69744
ENSG00000071242	RPS6KA2	1	1	0.624	1.9176	5.4999	-3.5823
ENSG00000196950	SLC39A10	2	1.58496	0.328	1.9168	2.3353	-0.4185
ENSG00000164032	H2AZ1	1	1	0.4	1.9166	1.8321	0.0845
ENSG00000137558	PI15	1	1	1.599	1.9161	-0.14636	2.06246
ENSG00000172548	NIPAL4	1	1	1.037	1.915	0.25037	1.66463
ENSG00000143190	POU2F1	1	1	0.256	1.9149	-1.1193	3.0342
ENSG00000164823	OSGIN2	1	1	0.454	1.9148	2.2437	-0.3289
ENSG00000233232	NPIPB7	2	1.58496	1.446	1.9143	1.4125	0.5018
ENSG00000116667	C1orf21	1	1	0.349	1.9139	0.79719	1.11671
ENSG00000113196	HAND1	1	1	1.188	1.9124	-0.026818	1.93922
ENSG00000011198	ABHD5	3	2	0.922	1.9119	1.1677	0.7442
ENSG00000012171	SEMA3B	1	1	1.219	1.9115	3.2097	-1.2982
ENSG00000170214	ADRA1B	1	1	1.449	1.9111	-0.15132	2.06242
ENSG00000114353	GNAI2	1	1	0.228	1.911	3.2236	-1.3126
ENSG00000164742	ADCY1	2	1.58496	0.346	1.9104	-0.48931	2.39971
ENSG00000149577	SIDT2	3	2	0.71	1.9097	2.0939	-0.1842
ENSG00000185104	FAF1	18	4.24793	0.45	1.9095	3.7977	-1.8882
ENSG00000090905	TNRC6A	9	3.32193	0.257	1.9091	1.1952	0.7139
ENSG00000165487	MICU2	1	1	1.354	1.9083	0.13622	1.77208
ENSG00000167077	MEI1	1	1	0.853	1.908	0.66601	1.24199
ENSG00000169174	PCSK9	23	4.58496	1.25	1.906	1.7339	0.1721
ENSG00000152583	SPARCL1	1	1	0.932	1.905	1.5297	0.3753
ENSG00000188674	C2orf80	2	1.58496	1.303	1.9048	0.85327	1.05153
ENSG00000177917	ARL6IP6	1	1	1.43	1.9002	3.4898	-1.5896
ENSG00000137692	DCUN1D5	1	1	0.443	1.9001	1.2218	0.6783
ENSG00000165496	RPL10L	8	3.16993	1.361	1.8999	0.3132	1.5867
ENSG00000153815	CMIP	9	3.32193	0.189	1.8992	1.5567	0.3425
ENSG00000253148	RGS21	2	1.58496	1.862	1.8989	1.1518	0.7471
ENSG00000102837	OLFM4	26	4.75489	1.163	1.8984	2.2832	-0.3848
ENSG00000180758	GPR157	1	1	1.164	1.8984	-0.6624	2.5608
ENSG00000146233	CYP39A1	1	1	1.094	1.898	1.0833	0.8147
ENSG00000187164	SHTN1	3	2	0.619	1.8976	2.7477	-0.8501
ENSG00000138621	PPCDC	7	3	1.319	1.8964	0.16156	1.73484
ENSG00000139832	RAB20	5	2.58496	1.742	1.8951	1.0358	0.8593
ENSG00000080546	SESN1	8	3.16993	0.707	1.8951	0.23842	1.65668
ENSG00000144320	LNPK	3	2	0.964	1.8948	1.5177	0.3771
ENSG00000145919	BOD1	5	2.58496	1.335	1.8948	0.64848	1.24632
ENSG00000143595	AQP10	1	1	0.991	1.8948	3.0489	-1.1541
ENSG00000104723	TUSC3	2	1.58496	1.31	1.8946	0.26924	1.62536
ENSG00000106328	FSCN3	2	1.58496	1.118	1.8943	0.84666	1.04764
ENSG00000237515	SHISA9	11	3.58496	0.574	1.894	3.9313	-2.0373
ENSG00000122877	EGR2	4	2.32193	0.401	1.8914	3.7066	-1.8152
ENSG00000105855	ITGB8	17	4.16993	0.614	1.891	1.5316	0.3594
ENSG00000112576	CCND3	1	1	0.548	1.89	-0.090396	1.9804
ENSG00000143340	FAM163A	1	1	1.204	1.8893	0.87548	1.01382
ENSG00000172987	HPSE2	4	2.32193	0.837	1.889	2.2158	-0.3268
ENSG00000136848	DAB2IP	8	3.16993	0.407	1.888	-1.0254	2.9134
ENSG00000169180	XPO6	1	1	0.04	1.8876	0.95428	0.93332
ENSG00000122574	WIPF3	2	1.58496	1.169	1.8874	4.7719	-2.8845
ENSG00000185774	KCNIP4	4	2.32193	0.854	1.8874	-1.3324	3.2198
ENSG00000187240	DYNC2H1	2	1.58496	0.859	1.8872	0.94205	0.94515
ENSG00000174721	FGFBP3	1	1	1.685	1.8872	-0.35803	2.24523
ENSG00000158683	PKD1L1	1	1	0.793	1.8871	0.24996	1.63714
ENSG00000131620	ANO1	6	2.80735	0.618	1.8868	0.8997	0.9871
ENSG00000164221	CCDC112	3	2	0.875	1.8867	-0.14618	2.03288
ENSG00000106617	PRKAG2	13	3.80735	0.582	1.8866	1.7465	0.1401
ENSG00000204160	ZDHHC18	3	2	0.91	1.8865	-0.39449	2.28099
ENSG00000166145	SPINT1	1	1	0.889	1.8864	2.1637	-0.2773
ENSG00000164300	SERINC5	1	1	0.911	1.886	1.5397	0.3463
ENSG00000056487	PHF21B	3	2	0.676	1.8846	2.2959	-0.4113
ENSG00000145692	BHMT	2	1.58496	0.884	1.8836	0.173	1.7106
ENSG00000185838	GNB1L	1	1	1.02	1.883	0.98561	0.89739
ENSG00000134697	GNL2	3	2	0.812	1.8829	1.9537	-0.0708
ENSG00000130956	HABP4	1	1	1.648	1.8822	-0.72719	2.60939
ENSG00000053108	FSTL4	1	1	0.441	1.8819	0.27602	1.60588
ENSG00000253719	ATXN7L3B	1	1	1.663	1.8812	1.3154	0.5658
ENSG00000173406	DAB1	5	2.58496	0.407	1.881	-0.47797	2.35897
ENSG00000138670	RASGEF1B	4	2.32193	0.641	1.8805	0.69538	1.18512
ENSG00000106348	IMPDH1	1	1	0.763	1.8805	1.7115	0.169
ENSG00000152952	PLOD2	4	2.32193	1.209	1.8803	0.61185	1.26845
ENSG00000153789	CIBAR2	1	1	1.39	1.8799	1.1411	0.7388
ENSG00000101084	RAB5IF	2	1.58496	1.144	1.8795	2.6435	-0.764
ENSG00000112245	PTP4A1	1	1	0.803	1.879	2.1195	-0.2405
ENSG00000021826	CPS1	12	3.70044	0.764	1.8784	3.2909	-1.4125
ENSG00000135903	PAX3	3	2	0.409	1.8778	0.14672	1.73108
ENSG00000104856	RELB	1	1	0.512	1.8759	2.5434	-0.6675
ENSG00000070019	GUCY2C	1	1	1.118	1.8744	-1.3085	3.1829
ENSG00000100490	CDKL1	1	1	1.207	1.873	1.4211	0.4519
ENSG00000138669	PRKG2	7	3	0.479	1.8729	-2.1971	4.07
ENSG00000147419	CCDC25	2	1.58496	0.923	1.8723	4.5691	-2.6968
ENSG00000186591	UBE2H	3	2	0.244	1.8715	0.28093	1.59057
ENSG00000160282	FTCD	3	2	1.61	1.8709	2.5242	-0.6533
ENSG00000058404	CAMK2B	3	2	0.45	1.8702	1.3802	0.49
ENSG00000127129	EDN2	2	1.58496	0.969	1.869	-0.48753	2.35653
ENSG00000132793	LPIN3	2	1.58496	0.996	1.8678	2.7684	-0.9006
ENSG00000196502	SULT1A1	8	3.16993	1.33	1.8676	1.1341	0.7335
ENSG00000169105	CHST14	1	1	0.917	1.8671	3.2314	-1.3643
ENSG00000164402	SEPTIN8	5	2.58496	0.59	1.8666	0.65098	1.21562
ENSG00000179922	ZNF784	1	1	1.93	1.8664	0.30072	1.56568
ENSG00000169375	SIN3A	2	1.58496	0.14	1.8662	0.19232	1.67388
ENSG00000116745	RPE65	2	1.58496	0.998	1.8662	-0.5904	2.4566
ENSG00000099810	MTAP	21	4.45943	1.489	1.8659	-0.95746	2.82336
ENSG00000134516	DOCK2	3	2	0.421	1.8648	5.8587	-3.9939
ENSG00000184985	SORCS2	1	1	0.977	1.8642	0.98303	0.88117
ENSG00000131023	LATS1	2	1.58496	0.319	1.8622	1.0639	0.7983
ENSG00000174165	ZDHHC24	1	1	1.504	1.8605	4.3139	-2.4534
ENSG00000103018	CYB5B	1	1	1.092	1.8605	2.1308	-0.2703
ENSG00000178409	BEND3	6	2.80735	0.339	1.8586	2.2746	-0.416
ENSG00000142606	MMEL1	7	3	1.028	1.8583	3.5511	-1.6928
ENSG00000079308	TNS1	26	4.75489	0.446	1.8576	0.63749	1.22011
ENSG00000132669	RIN2	7	3	0.637	1.8572	-0.45336	2.31056
ENSG00000186367	MINAR2	3	2	1.822	1.8566	3.1275	-1.2709
ENSG00000116539	ASH1L	5	2.58496	0.104	1.856	1.1363	0.7197
ENSG00000105357	MYH14	4	2.32193	0.647	1.8554	1.1722	0.6832
ENSG00000104549	SQLE	1	1	0.629	1.8552	0.3945	1.4607
ENSG00000085276	MECOM	24	4.64386	0.161	1.8544	1.7735	0.0809
ENSG00000086062	B4GALT1	4	2.32193	0.739	1.8536	0.68504	1.16856
ENSG00000219438	TAFA5	2	1.58496	0.82	1.8535	-0.20782	2.06132
ENSG00000132437	DDC	4	2.32193	0.922	1.8526	-0.32891	2.18151
ENSG00000161682	FAM171A2	1	1	0.599	1.8521	1.5648	0.2873
ENSG00000112685	EXOC2	11	3.58496	0.626	1.8514	1.0501	0.8013
ENSG00000005059	MCUB	5	2.58496	1.487	1.8509	2.0717	-0.2208
ENSG00000148680	HTR7	1	1	0.745	1.8508	-0.21392	2.06472
ENSG00000165923	AGBL2	5	2.58496	0.944	1.8506	1.8562	-0.0056
ENSG00000106462	EZH2	4	2.32193	0.272	1.8506	0.14855	1.70205
ENSG00000114395	CYB561D2	1	1	1.135	1.8491	2.5235	-0.6744
ENSG00000151640	DPYSL4	1	1	0.886	1.849	1.5495	0.2995
ENSG00000149573	MPZL2	2	1.58496	1.703	1.8476	1.9588	-0.1112
ENSG00000196345	ZKSCAN7	1	1	0.804	1.8468	3.9842	-2.1374
ENSG00000167914	GSDMA	5	2.58496	1.241	1.8453	4.1116	-2.2663
ENSG00000173110	HSPA6	7	3	1.883	1.8453	-0.023332	1.86863
ENSG00000174599	TRAM1L1	3	2	1.635	1.8423	-0.90772	2.75002
ENSG00000184056	VPS33B	2	1.58496	0.971	1.8423	0.931	0.9113
ENSG00000165383	LRRC18	2	1.58496	1.506	1.842	1.9078	-0.0658
ENSG00000048028	USP28	5	2.58496	0.864	1.8419	1.3113	0.5306
ENSG00000170426	SDR9C7	3	2	0.844	1.8411	1.4111	0.43
ENSG00000157426	AASDH	2	1.58496	0.946	1.8401	0.38352	1.45658
ENSG00000166225	FRS2	4	2.32193	0.392	1.8395	2.4322	-0.5927
ENSG00000141664	ZCCHC2	3	2	0.557	1.8391	2.9754	-1.1363
ENSG00000198276	UCKL1	2	1.58496	1.405	1.8381	3.3916	-1.5535
ENSG00000170175	CHRNB1	4	2.32193	1.047	1.8378	2.0805	-0.2427
ENSG00000185651	UBE2L3	11	3.58496	0.303	1.8376	-0.18896	2.02656
ENSG00000021852	C8B	4	2.32193	1.18	1.8374	-1.086	2.9234
ENSG00000137166	FOXP4	8	3.16993	0.496	1.8368	0.19382	1.64298
ENSG00000100749	VRK1	2	1.58496	0.747	1.8367	2.3247	-0.488
ENSG00000149516	MS4A3	1	1	1.15	1.8359	-0.99105	2.82695
ENSG00000163349	HIPK1	2	1.58496	0.356	1.8351	2.6715	-0.8364
ENSG00000011426	ANLN	1	1	0.537	1.8327	1.8716	-0.0389
ENSG00000067798	NAV3	5	2.58496	0.426	1.8323	0.10183	1.73047
ENSG00000048462	TNFRSF17	1	1	1.659	1.8316	-0.16153	1.99313
ENSG00000169330	MINAR1	1	1	0.762	1.8311	-1.688	3.5191
ENSG00000011347	SYT7	1	1	0.553	1.831	0.78694	1.04406
ENSG00000119915	ELOVL3	1	1	1.134	1.8305	1.5815	0.249
ENSG00000151136	BTBD11	2	1.58496	0.451	1.8303	-0.098799	1.9291
ENSG00000150361	KLHL1	7	3	0.751	1.8298	1.7878	0.042
ENSG00000080802	CNOT4	2	1.58496	0.236	1.8294	0.6497	1.1797
ENSG00000188404	SELL	10	3.45943	1.165	1.8292	1.6584	0.1708
ENSG00000166682	TMPRSS5	7	3	1.319	1.829	0.51196	1.31704
ENSG00000107957	SH3PXD2A	28	4.85798	0.376	1.8288	1.7367	0.0921
ENSG00000068137	PLEKHH3	1	1	1.082	1.8287	0.20017	1.62853
ENSG00000053524	MCF2L2	1	1	0.809	1.8283	-1.1522	2.9805
ENSG00000180938	ZNF572	1	1	1.516	1.8283	0.18552	1.64278
ENSG00000141510	TP53	42	5.42626	0.449	1.8277	0.25285	1.57485
ENSG00000183401	CCDC159	1	1	1.11	1.8268	-1.6207	3.4475
ENSG00000128245	YWHAH	3	2	0.599	1.8263	3.4172	-1.5909
ENSG00000163006	CCDC138	1	1	0.915	1.8254	1.2935	0.5319
ENSG00000107187	LHX3	1	1	1.024	1.8249	0.87191	0.95299
ENSG00000172830	SSH3	1	1	1.069	1.8238	0.40619	1.41761
ENSG00000182446	NPLOC4	4	2.32193	0.426	1.8235	3.1541	-1.3306
ENSG00000134086	VHL	3	2	0.987	1.8234	-0.33864	2.16204
ENSG00000122025	FLT3	8	3.16993	0.468	1.8233	2.2218	-0.3985
ENSG00000110768	GTF2H1	1	1	0.416	1.8228	2.8231	-1.0003
ENSG00000007908	SELE	1	1	0.86	1.8225	1.8499	-0.0274
ENSG00000132003	ZSWIM4	3	2	0.83	1.8224	0.20564	1.61676
ENSG00000185022	MAFF	11	3.58496	1.953	1.8224	-0.31179	2.13419
ENSG00000180340	FZD2	1	1	0.69	1.8216	1.6336	0.188
ENSG00000188981	MSANTD1	4	2.32193	0.733	1.8216	1.9469	-0.1253
ENSG00000138172	CALHM2	1	1	1.212	1.8214	1.436	0.3854
ENSG00000081052	COL4A4	7	3	0.607	1.8208	0.20028	1.62052
ENSG00000137073	UBAP2	5	2.58496	0.625	1.8195	2.477	-0.6575
ENSG00000064999	ANKS1A	8	3.16993	0.549	1.8188	0.15791	1.66089
ENSG00000151465	CDC123	8	3.16993	1.013	1.8187	3.3348	-1.5161
ENSG00000173821	RNF213	4	2.32193	0.692	1.8182	1.3052	0.513
ENSG00000197106	SLC6A17	2	1.58496	0.451	1.8181	-0.048446	1.86655
ENSG00000154723	ATP5PF	5	2.58496	1.118	1.8175	0.058522	1.75898
ENSG00000177989	ODF3B	2	1.58496	1.521	1.8175	0.90341	0.91409
ENSG00000167191	GPRC5B	6	2.80735	0.785	1.8169	1.6025	0.2144
ENSG00000134121	CHL1	2	1.58496	0.678	1.8168	-0.61121	2.42801
ENSG00000118096	IFT46	1	1	0.704	1.8162	1.2348	0.5814
ENSG00000137573	SULF1	8	3.16993	0.471	1.815	0.75547	1.05953
ENSG00000168610	STAT3	12	3.70044	0.109	1.815	0.17328	1.64172
ENSG00000143727	ACP1	3	2	1.547	1.8142	1.2888	0.5254
ENSG00000187672	ERC2	11	3.58496	0.476	1.8141	0.58583	1.22827
ENSG00000132819	RBM38	2	1.58496	0.868	1.8115	0.45532	1.35618
ENSG00000182054	IDH2	2	1.58496	0.502	1.8111	0.085684	1.72542
ENSG00000187140	FOXD3	3	2	1.889	1.8103	-1.3955	3.2058
ENSG00000143799	PARP1	5	2.58496	0.454	1.8101	2.487	-0.6769
ENSG00000181830	SLC35C1	2	1.58496	0.664	1.8095	2.2168	-0.4073
ENSG00000106153	CHCHD2	1	1	1.586	1.8085	1.3931	0.4154
ENSG00000183421	RIPK4	5	2.58496	0.577	1.8082	1.72	0.0882
ENSG00000166197	NOLC1	1	1	0.64	1.808	2.2067	-0.3987
ENSG00000160469	BRSK1	2	1.58496	0.299	1.8069	-0.16879	1.97569
ENSG00000123080	CDKN2C	14	3.90689	0.94	1.8068	3.669	-1.8622
ENSG00000166069	TMCO5A	4	2.32193	1.143	1.8062	1.9172	-0.111
ENSG00000114770	ABCC5	1	1	0.455	1.8058	1.8273	-0.0215
ENSG00000198948	MFAP3L	1	1	0.577	1.8054	2.8897	-1.0843
ENSG00000009950	MLXIPL	11	3.58496	0.884	1.8051	1.1718	0.6333
ENSG00000166033	HTRA1	31	5	0.873	1.8043	0.042365	1.76194
ENSG00000164161	HHIP	16	4.08746	0.293	1.8039	0.057552	1.74635
ENSG00000164841	TMEM74	3	2	1.072	1.8033	0.84805	0.95525
ENSG00000123364	HOXC13	2	1.58496	0.828	1.8027	-0.92167	2.72437
ENSG00000165806	CASP7	2	1.58496	0.993	1.8021	0.91844	0.88366
ENSG00000006695	COX10	1	1	0.934	1.8021	0.135	1.6671
ENSG00000132170	PPARG	20	4.39232	0.628	1.8018	2.7661	-0.9643
ENSG00000163879	DNALI1	1	1	1.202	1.8011	2.2251	-0.424
ENSG00000133794	ARNTL	18	4.24793	0.25	1.8008	4.5951	-2.7943
ENSG00000100031	GGT1	5	2.58496	0.574	1.8007	-1.1477	2.9484
ENSG00000100031	GGT1	5	2.58496	0.574	1.8007	0.076024	1.72468
ENSG00000100031	GGT1	5	2.58496	0.574	1.8007	3.046	-1.2453
ENSG00000136546	SCN7A	1	1	1.124	1.8007	1.3148	0.4859
ENSG00000127249	ATP13A4	1	1	0.896	1.8001	-1.7481	3.5482
ENSG00000052795	FNIP2	1	1	0.42	1.7984	-0.6976	2.496
ENSG00000154727	GABPA	1	1	0.083	1.7975	-0.20667	2.00417
ENSG00000115616	SLC9A2	1	1	0.77	1.7974	-1.2576	3.055
ENSG00000074706	IPCEF1	3	2	0.693	1.7973	0.20591	1.59139
ENSG00000115935	WIPF1	4	2.32193	0.565	1.7966	0.63116	1.16544
ENSG00000161618	ALDH16A1	6	2.80735	1.183	1.7965	1.1985	0.598
ENSG00000149262	INTS4	1	1	0.731	1.7957	0.93007	0.86563
ENSG00000130487	KLHDC7B	3	2	1.949	1.7955	0.92296	0.87254
ENSG00000107902	LHPP	6	2.80735	1.263	1.7953	1.2639	0.5314
ENSG00000020426	MNAT1	1	1	1.285	1.7946	-0.28501	2.07961
ENSG00000100714	MTHFD1	2	1.58496	0.51	1.794	0.90707	0.88693
ENSG00000124688	MAD2L1BP	1	1	1.071	1.794	1.9819	-0.1879
ENSG00000177885	GRB2	1	1	0.216	1.7931	1.5017	0.2914
ENSG00000133121	STARD13	5	2.58496	0.706	1.7931	0.21899	1.57411
ENSG00000186086	NBPF6	1	1	1.354	1.793	0.11282	1.68018
ENSG00000125510	OPRL1	1	1	0.718	1.7929	0.74145	1.05145
ENSG00000149403	GRIK4	1	1	0.587	1.7921	2.3258	-0.5337
ENSG00000061492	WNT8A	5	2.58496	1.052	1.7919	1.713	0.0789
ENSG00000248746	ACTN3	3	2	0.944	1.79	4.1758	-2.3858
ENSG00000184005	ST6GALNAC3	1	1	0.994	1.7894	2.3801	-0.5907
ENSG00000113369	ARRDC3	5	2.58496	0.325	1.7894	-0.48259	2.27199
ENSG00000161040	FBXL13	3	2	0.881	1.7893	-0.47728	2.26658
ENSG00000183431	SF3A3	6	2.80735	0.26	1.7889	2.0911	-0.3022
ENSG00000100605	ITPK1	11	3.58496	0.71	1.7888	-0.55746	2.34626
ENSG00000082781	ITGB5	6	2.80735	0.568	1.7886	-0.48704	2.27564
ENSG00000135976	ANKRD36	1	1	1.132	1.7884	2.6022	-0.8138
ENSG00000105967	TFEC	1	1	0.905	1.7878	-0.31722	2.10502
ENSG00000125388	GRK4	1	1	1.262	1.7876	0.89415	0.89345
ENSG00000240764	PCDHGC5	2	1.58496	0.564	1.7874	2.0208	-0.2334
ENSG00000240764	PCDHGC5	2	1.58496	0.564	1.7874	1.653	0.1344
ENSG00000115738	ID2	17	4.16993	0.758	1.7858	0.86828	0.91752
ENSG00000142698	C1orf94	1	1	1.022	1.784	0.48639	1.29761
ENSG00000107679	PLEKHA1	8	3.16993	0.956	1.7837	-0.49858	2.28228
ENSG00000143420	ENSA	2	1.58496	0.79	1.7833	2.1802	-0.3969
ENSG00000183682	BMP8A	5	2.58496	1.337	1.7828	1.5402	0.2426
ENSG00000058063	ATP11B	6	2.80735	0.522	1.7819	4.0401	-2.2582
ENSG00000107968	MAP3K8	5	2.58496	0.58	1.7799	0.44468	1.33522
ENSG00000243317	STMP1	3	2	1.551	1.7784	1.3267	0.4517
ENSG00000160712	IL6R	23	4.58496	0.965	1.7779	1.7418	0.0361
ENSG00000131626	PPFIA1	2	1.58496	0.224	1.7759	-0.67692	2.45282
ENSG00000162598	C1orf87	4	2.32193	1.155	1.7741	0.53873	1.23537
ENSG00000149201	CCDC81	1	1	1.125	1.7741	0.19544	1.57866
ENSG00000136059	VILL	10	3.45943	1.107	1.7731	1.592	0.1811
ENSG00000130513	GDF15	3	2	1.723	1.773	3.6106	-1.8376
ENSG00000059728	MXD1	1	1	0.7	1.7727	0.2817	1.491
ENSG00000107242	PIP5K1B	1	1	0.887	1.772	0.42669	1.34531
ENSG00000160294	MCM3AP	2	1.58496	0.769	1.7717	2.2932	-0.5215
ENSG00000070770	CSNK2A2	1	1	0.424	1.7717	0.44705	1.32465
ENSG00000151748	SAV1	3	2	0.707	1.7709	1.0865	0.6844
ENSG00000125084	WNT1	2	1.58496	0.957	1.7706	1.9942	-0.2236
ENSG00000124787	RPP40	3	2	1.089	1.7703	1.0144	0.7559
ENSG00000166562	SEC11C	2	1.58496	0.884	1.7696	3.0663	-1.2967
ENSG00000165588	OTX2	4	2.32193	0.324	1.7691	0.4963	1.2728
ENSG00000137819	PAQR5	2	1.58496	0.789	1.769	1.2472	0.5218
ENSG00000143867	OSR1	15	4	0.466	1.7679	0.083717	1.68418
ENSG00000074966	TXK	1	1	0.841	1.7666	0.56903	1.19757
ENSG00000023318	ERP44	3	2	0.816	1.7663	1.3349	0.4314
ENSG00000184155	OR10J5	2	1.58496	1.955	1.7663	-0.30165	2.06795
ENSG00000131848	ZSCAN5A	1	1	0.838	1.766	-1.3364	3.1024
ENSG00000113790	EHHADH	1	1	0.873	1.7658	-0.72037	2.48617
ENSG00000108828	VAT1	3	2	1.02	1.7658	-1.3538	3.1196
ENSG00000167904	TMEM68	2	1.58496	0.942	1.7651	-0.51323	2.27833
ENSG00000107341	UBE2R2	2	1.58496	0.19	1.7645	2.444	-0.6795
ENSG00000138039	LHCGR	3	2	1.056	1.7645	1.8277	-0.0632
ENSG00000187010	RHD	1	1	0.742	1.7627	0.57463	1.18807
ENSG00000031081	ARHGAP31	4	2.32193	0.38	1.7626	0.27787	1.48473
ENSG00000165006	UBAP1	1	1	0.285	1.7619	2.1467	-0.3848
ENSG00000159363	ATP13A2	3	2	0.713	1.7615	2.3472	-0.5857
ENSG00000163946	TASOR	2	1.58496	0.378	1.7614	2.5362	-0.7748
ENSG00000104324	CPQ	3	2	1.077	1.7595	-0.62964	2.38914
ENSG00000123240	OPTN	2	1.58496	0.877	1.7591	-1.951	3.7101
ENSG00000168297	PXK	5	2.58496	0.588	1.7581	1.3384	0.4197
ENSG00000196072	BLOC1S2	1	1	1.085	1.758	3.8784	-2.1204
ENSG00000197093	GAL3ST4	1	1	1.284	1.7571	2.856	-1.0989
ENSG00000126351	THRA	1	1	0.439	1.7569	4.4473	-2.6904
ENSG00000172057	ORMDL3	4	2.32193	0.912	1.7551	4.1624	-2.4073
ENSG00000186063	AIDA	3	2	0.545	1.7551	2.9363	-1.1812
ENSG00000123219	CENPK	3	2	1.643	1.7546	1.6919	0.0627
ENSG00000126822	PLEKHG3	1	1	0.809	1.7543	2.8617	-1.1074
ENSG00000138435	CHRNA1	2	1.58496	0.943	1.7528	-0.50622	2.25902
ENSG00000103942	HOMER2	1	1	0.921	1.7518	3.6282	-1.8764
ENSG00000130517	PGPEP1	3	2	1.251	1.75	2.9931	-1.2431
ENSG00000008197	TFAP2D	5	2.58496	0.389	1.7493	1.5045	0.2448
ENSG00000154127	UBASH3B	5	2.58496	0.58	1.7492	1.82	-0.0708
ENSG00000164251	F2RL1	1	1	0.989	1.7488	1.7642	-0.0154
ENSG00000111262	KCNA1	1	1	0.935	1.7485	0.63434	1.11416
ENSG00000164715	LMTK2	4	2.32193	0.408	1.7481	0.50621	1.24189
ENSG00000135636	DYSF	4	2.32193	0.836	1.7474	0.3537	1.3937
ENSG00000253250	C8orf88	1	1	1.909	1.7461	0.61266	1.13344
ENSG00000205213	LGR4	3	2	0.726	1.7461	-1.1759	2.922
ENSG00000170604	IRF2BP1	10	3.45943	0.538	1.7438	-0.76917	2.51297
ENSG00000182185	RAD51B	32	5.04439	1.247	1.7435	0.25303	1.49047
ENSG00000153201	RANBP2	1	1	0.231	1.7425	1.0268	0.7157
ENSG00000116117	PARD3B	6	2.80735	0.912	1.7417	1.0172	0.7245
ENSG00000157064	NMNAT2	1	1	0.494	1.7411	1.6453	0.0958
ENSG00000058262	SEC61A1	1	1	0.404	1.7407	-0.23316	1.97386
ENSG00000178796	RIIAD1	2	1.58496	1.96	1.7402	0.70339	1.03681
ENSG00000035115	SH3YL1	2	1.58496	1.284	1.74	1.2099	0.5301
ENSG00000109511	ANXA10	1	1	1.146	1.7396	0.1532	1.5864
ENSG00000186638	KIF24	3	2	0.732	1.7395	2.415	-0.6755
ENSG00000163121	NEURL3	2	1.58496	1.915	1.7394	3.6026	-1.8632
ENSG00000088726	TMEM40	1	1	1.061	1.7394	1.0573	0.6821
ENSG00000243927	MRPS6	2	1.58496	1.037	1.7393	0.48641	1.25289
ENSG00000132475	H3-3B	4	2.32193	0.485	1.7392	0.73474	1.00446
ENSG00000132475	H3-3B	4	2.32193	0.485	1.7392	2.4934	-0.7542
ENSG00000186146	DEFB131A	2	1.58496	1.909	1.7392	-0.82162	2.56082
ENSG00000186146	DEFB131A	2	1.58496	1.909	1.7392	-0.18617	1.92537
ENSG00000138795	LEF1	15	4	0.459	1.7391	0.009469	1.72963
ENSG00000100330	MTMR3	10	3.45943	0.302	1.7389	0.012132	1.72677
ENSG00000132259	CNGA4	1	1	0.924	1.7386	-1.2158	2.9544
ENSG00000006468	ETV1	8	3.16993	0.658	1.7384	-2.2825	4.0209
ENSG00000137413	TAF8	1	1	1.66	1.738	0.16772	1.57028
ENSG00000134389	CFHR5	4	2.32193	1.466	1.7374	0.077449	1.65995
ENSG00000196843	ARID5A	1	1	0.802	1.7371	3.7239	-1.9868
ENSG00000094796	KRT31	1	1	0.879	1.7368	-0.10425	1.84105
ENSG00000189362	NEMP2	1	1	1.35	1.7363	0.57235	1.16395
ENSG00000142784	WDTC1	1	1	0.246	1.7352	0.6213	1.1139
ENSG00000184986	TMEM121	10	3.45943	1.157	1.7349	1.0649	0.67
ENSG00000143742	SRP9	1	1	0.624	1.7347	1.7436	-0.0089
ENSG00000091732	ZC3HC1	12	3.70044	0.81	1.734	2.5187	-0.7847
ENSG00000176165	FOXG1	8	3.16993	0.36	1.733	3.6534	-1.9204
ENSG00000078269	SYNJ2	3	2	0.968	1.7329	1.9431	-0.2102
ENSG00000095209	TMEM38B	3	2	1.329	1.732	0.46503	1.26697
ENSG00000188848	BEND4	2	1.58496	0.756	1.7308	1.9026	-0.1718
ENSG00000152223	EPG5	1	1	0.58	1.7303	0.96771	0.76259
ENSG00000160072	ATAD3B	2	1.58496	1.152	1.7303	-0.57	2.3003
ENSG00000173166	RAPH1	3	2	0.378	1.73	1.2942	0.4358
ENSG00000000460	C1orf112	2	1.58496	0.885	1.7286	1.7381	-0.0095
ENSG00000180878	C11orf42	1	1	1.222	1.7272	-1.2582	2.9854
ENSG00000167037	SGSM1	1	1	0.673	1.7267	2.0031	-0.2764
ENSG00000146648	EGFR	8	3.16993	0.475	1.7265	0.9182	0.8083
ENSG00000170419	VSTM2A	5	2.58496	0.747	1.7265	-0.86882	2.59532
ENSG00000197217	ENTPD4	2	1.58496	0.905	1.726	0.79234	0.93366
ENSG00000165805	C12orf50	1	1	0.797	1.7254	-0.27877	2.00417
ENSG00000143179	UCK2	2	1.58496	0.421	1.7246	0.35453	1.37007
ENSG00000180155	LYNX1	4	2.32193	1.575	1.7245	1.9121	-0.1876
ENSG00000101191	DIDO1	1	1	0.235	1.724	1.664	0.06
ENSG00000170959	DCDC1	5	2.58496	1.093	1.7232	-1.584	3.3072
ENSG00000170959	DCDC1	5	2.58496	1.093	1.7232	1.5769	0.1463
ENSG00000132205	EMILIN2	2	1.58496	1.047	1.7224	0.12964	1.59276
ENSG00000188549	CCDC9B	2	1.58496	1.164	1.7216	1.6254	0.0962
ENSG00000104059	FAM189A1	2	1.58496	1.124	1.7216	3.3021	-1.5805
ENSG00000184719	RNLS	15	4	1.206	1.7215	-0.7939	2.5154
ENSG00000158497	HMHB1	3	2	1.918	1.7211	1.3792	0.3419
ENSG00000188785	ZNF548	1	1	1.653	1.721	1.0685	0.6525
ENSG00000113648	MACROH2A1	2	1.58496	0.154	1.7209	1.3112	0.4097
ENSG00000128596	CCDC136	4	2.32193	0.924	1.7184	2.634	-0.9156
ENSG00000109084	TMEM97	1	1	1.083	1.7182	1.6665	0.0517
ENSG00000198553	KCNRG	16	4.08746	1.496	1.7165	1.1763	0.5402
ENSG00000124772	CPNE5	2	1.58496	0.695	1.7161	1.2635	0.4526
ENSG00000203867	RBM20	3	2	0.568	1.7155	0.62916	1.08634
ENSG00000130701	RBBP8NL	3	2	1.52	1.7154	0.3021	1.4133
ENSG00000141655	TNFRSF11A	16	4.08746	0.879	1.7148	1.9752	-0.2604
ENSG00000132475	H3-3B	4	2.32193	0.485	1.7145	0.73474	0.97976
ENSG00000132475	H3-3B	4	2.32193	0.485	1.7145	2.4934	-0.7789
ENSG00000152104	PTPN14	7	3	0.523	1.7141	1.6067	0.1074
ENSG00000188042	ARL4C	3	2	0.796	1.7138	0.84304	0.87076
ENSG00000146006	LRRTM2	1	1	0.551	1.7133	-0.75373	2.46703
ENSG00000112078	KCTD20	1	1	1.093	1.7128	0.2795	1.4333
ENSG00000165209	STRBP	3	2	0.281	1.7127	-0.36478	2.07748
ENSG00000167106	FAM102A	1	1	0.76	1.7125	1.2205	0.492
ENSG00000152601	MBNL1	5	2.58496	0.317	1.711	-1.2909	3.0019
ENSG00000133027	PEMT	1	1	1.31	1.7102	0.46601	1.24419
ENSG00000156642	NPTN	1	1	0.288	1.7101	2.515	-0.8049
ENSG00000099331	MYO9B	4	2.32193	0.43	1.7084	0.97139	0.73701
ENSG00000014824	SLC30A9	9	3.32193	0.587	1.7079	1.9972	-0.2893
ENSG00000134183	GNAT2	2	1.58496	1.176	1.7077	0.72578	0.98192
ENSG00000171843	MLLT3	5	2.58496	0.167	1.7077	0.98238	0.72532
ENSG00000175745	NR2F1	11	3.58496	0.133	1.7063	1.6129	0.0934
ENSG00000109576	AADAT	1	1	0.625	1.7062	0.65652	1.04968
ENSG00000136732	GYPC	5	2.58496	1.775	1.7061	1.0159	0.6902
ENSG00000140323	DISP2	1	1	0.813	1.7056	1.6222	0.0834
ENSG00000160613	PCSK7	1	1	0.881	1.7056	2.6554	-0.9498
ENSG00000162032	SPSB3	1	1	0.925	1.7054	1.551	0.1544
ENSG00000072422	RHOBTB1	1	1	0.68	1.7053	1.0647	0.6406
ENSG00000095203	EPB41L4B	1	1	0.286	1.7051	0.43672	1.26838
ENSG00000164751	PEX2	2	1.58496	1.057	1.7046	0.31754	1.38706
ENSG00000176463	SLCO3A1	3	2	0.638	1.7039	-0.60166	2.30556
ENSG00000197506	SLC28A3	2	1.58496	0.928	1.7038	0.71607	0.98773
ENSG00000030066	NUP160	5	2.58496	0.595	1.7034	1.5787	0.1247
ENSG00000162777	DENND2D	1	1	0.785	1.703	1.5295	0.1735
ENSG00000177508	IRX3	12	3.70044	1.003	1.6998	-0.48274	2.18254
ENSG00000197123	ZNF679	1	1	1.377	1.6997	-0.8488	2.5485
ENSG00000197123	ZNF679	1	1	1.377	1.6997	-0.86407	2.56377
ENSG00000164808	SPIDR	1	1	0.978	1.6995	-0.1948	1.8943
ENSG00000197165	SULT1A2	1	1	1.237	1.6994	0.94406	0.75534
ENSG00000106052	TAX1BP1	9	3.32193	0.786	1.6993	4.5281	-2.8288
ENSG00000140807	NKD1	14	3.90689	0.708	1.6984	0.52728	1.17112
ENSG00000185933	CALHM1	2	1.58496	1.293	1.6983	1.4954	0.2029
ENSG00000163811	WDR43	3	2	0.24	1.6978	2.0981	-0.4003
ENSG00000135063	FAM189A2	1	1	0.947	1.6975	3.972	-2.2745
ENSG00000109255	NMU	2	1.58496	1.283	1.6958	1.4915	0.2043
ENSG00000196937	FAM3C	5	2.58496	0.907	1.695	-0.38104	2.07604
ENSG00000178394	HTR1A	4	2.32193	0.961	1.695	1.0196	0.6754
ENSG00000196821	ILRUN	18	4.24793	0.188	1.692	0.71118	0.98082
ENSG00000198060	MARCHF5	1	1	0.394	1.6915	0.77267	0.91883
ENSG00000136235	GPNMB	2	1.58496	1.496	1.6905	1.5277	0.1628
ENSG00000163131	CTSS	16	4.08746	0.664	1.6885	1.8194	-0.1309
ENSG00000198756	COLGALT2	11	3.58496	0.8	1.688	-1.4429	3.1309
ENSG00000144460	NYAP2	8	3.16993	0.697	1.6879	1.2601	0.4278
ENSG00000125877	ITPA	2	1.58496	1.159	1.6879	1.481	0.2069
ENSG00000177710	SLC35G5	3	2	1.213	1.6877	2.1989	-0.5112
ENSG00000177710	SLC35G5	3	2	1.213	1.6877	0.92472	0.76298
ENSG00000183775	KCTD16	8	3.16993	0.537	1.6875	0.19029	1.49721
ENSG00000114686	MRPL3	1	1	1.403	1.686	1.013	0.673
ENSG00000183741	CBX6	2	1.58496	0.583	1.6859	-0.64823	2.33413
ENSG00000168884	TNIP2	5	2.58496	1.174	1.6851	0.83711	0.84799
ENSG00000186642	PDE2A	2	1.58496	0.564	1.6849	1.0775	0.6074
ENSG00000135749	PCNX2	2	1.58496	0.866	1.6847	0.28675	1.39795
ENSG00000137642	SORL1	9	3.32193	0.545	1.6844	-0.36917	2.05357
ENSG00000137414	FAM8A1	3	2	1.241	1.6837	2.0374	-0.3537
ENSG00000174748	RPL15	1	1	0.132	1.6827	-0.26038	1.94308
ENSG00000135503	ACVR1B	2	1.58496	0.403	1.6818	1.6701	0.0117
ENSG00000123838	C4BPA	1	1	0.717	1.6818	2.0276	-0.3458
ENSG00000175336	APOF	5	2.58496	1.885	1.6811	0.41621	1.26489
ENSG00000110514	MADD	4	2.32193	0.725	1.6788	1.9813	-0.3025
ENSG00000041982	TNC	14	3.90689	0.608	1.6775	2.2862	-0.6087
ENSG00000119977	TCTN3	1	1	0.938	1.6768	-0.41563	2.09243
ENSG00000182141	ZNF708	1	1	1.304	1.6766	-0.75791	2.43451
ENSG00000138760	SCARB2	1	1	0.683	1.6763	0.58281	1.09349
ENSG00000101134	DOK5	1	1	0.932	1.6758	2.0494	-0.3736
ENSG00000175309	PHYKPL	1	1	1.02	1.6743	1.0872	0.5871
ENSG00000171408	PDE7B	5	2.58496	0.792	1.6737	2.2893	-0.6156
ENSG00000112137	PHACTR1	25	4.70044	0.336	1.6736	3.6297	-1.9561
ENSG00000014919	COX15	1	1	1.198	1.6723	-0.92874	2.60104
ENSG00000183072	NKX2-5	10	3.45943	0.321	1.6712	0.21532	1.45588
ENSG00000114491	UMPS	5	2.58496	0.735	1.671	-0.035158	1.70616
ENSG00000164172	MOCS2	12	3.70044	1.066	1.6708	0.0742	1.5966
ENSG00000167173	C15orf39	4	2.32193	0.658	1.6696	-0.23496	1.90456
ENSG00000175707	KDF1	3	2	0.569	1.6687	0.82243	0.84627
ENSG00000042493	CAPG	1	1	0.947	1.6687	1.8202	-0.1515
ENSG00000197826	CFAP299	6	2.80735	1.358	1.668	-0.11178	1.77978
ENSG00000106038	EVX1	6	2.80735	1.097	1.6675	0.47341	1.19409
ENSG00000255307	OR52B2	1	1	1.708	1.6673	-1.0521	2.7194
ENSG00000145700	ANKRD31	1	1	0.844	1.6672	2.6104	-0.9432
ENSG00000204006	C1orf185	5	2.58496	1.674	1.6669	3.2558	-1.5889
ENSG00000112212	TSPO2	1	1	1.64	1.6666	0.62363	1.04297
ENSG00000119650	IFT43	1	1	1.282	1.6663	-0.042351	1.70865
ENSG00000115365	LANCL1	1	1	1.304	1.6627	1.5875	0.0752
ENSG00000164236	ANKRD33B	1	1	0.682	1.6622	-0.80104	2.46324
ENSG00000133422	MORC2	1	1	0.3	1.662	-0.57358	2.23558
ENSG00000117616	RSRP1	1	1	1.423	1.662	0.89807	0.76393
ENSG00000163239	TDRD10	1	1	1.061	1.6613	-1.5231	3.1844
ENSG00000182149	IST1	5	2.58496	0.922	1.661	2.4354	-0.7744
ENSG00000148840	PPRC1	1	1	0.248	1.6609	2.0131	-0.3522
ENSG00000043039	BARX2	2	1.58496	0.729	1.6604	0.4984	1.162
ENSG00000082898	XPO1	2	1.58496	0.083	1.6585	1.0541	0.6044
ENSG00000136936	XPA	5	2.58496	1.068	1.6583	-0.039511	1.69781
ENSG00000115561	CHMP3	1	1	0.543	1.6578	1.7406	-0.0828
ENSG00000115561	CHMP3	1	1	0.543	1.6578	2.2105	-0.5527
ENSG00000112282	MED23	1	1	0.768	1.6576	0.3475	1.3101
ENSG00000114251	WNT5A	5	2.58496	0.437	1.6576	0.58499	1.07261
ENSG00000127445	PIN1	1	1	1.176	1.6574	2.197	-0.5396
ENSG00000165029	ABCA1	17	4.16993	0.563	1.6562	-0.39373	2.04993
ENSG00000164308	ERAP2	6	2.80735	1.284	1.656	1.5701	0.0859
ENSG00000163687	DNASE1L3	6	2.80735	1.122	1.6545	-0.026524	1.68102
ENSG00000163877	SNIP1	3	2	0.865	1.6541	2.1589	-0.5048
ENSG00000154654	NCAM2	1	1	0.413	1.6541	0.76538	0.88872
ENSG00000117115	PADI2	1	1	1.325	1.6541	1.3044	0.3497
ENSG00000089101	CFAP61	1	1	0.892	1.6531	0.12745	1.52565
ENSG00000110218	PANX1	3	2	0.983	1.653	0.86552	0.78748
ENSG00000071051	NCK2	1	1	0.731	1.6528	-0.73236	2.38516
ENSG00000135940	COX5B	1	1	0.766	1.6524	2.0304	-0.378
ENSG00000154736	ADAMTS5	5	2.58496	0.818	1.6522	1.3012	0.351
ENSG00000101489	CELF4	15	4	0.546	1.6517	0.62378	1.02792
ENSG00000108510	MED13	3	2	0.13	1.6516	0.70608	0.94552
ENSG00000117614	SYF2	2	1.58496	0.878	1.6506	1.1301	0.5205
ENSG00000179088	C12orf42	12	3.70044	1.781	1.6506	0.72917	0.92143
ENSG00000160691	SHC1	4	2.32193	0.705	1.6506	0.71653	0.93407
ENSG00000100347	SAMM50	3	2	0.878	1.6496	1.0385	0.6111
ENSG00000198570	RD3	3	2	1.116	1.6494	0.85504	0.79436
ENSG00000152578	GRIA4	3	2	0.412	1.6488	0.52557	1.12323
ENSG00000168071	CCDC88B	18	4.24793	1.009	1.6485	3.0269	-1.3784
ENSG00000064995	TAF11	1	1	0.656	1.6482	0.33348	1.31472
ENSG00000250254	PTTG2	1	1	1.945	1.6479	-1.0277	2.6756
ENSG00000066827	ZFAT	2	1.58496	0.679	1.6478	-1.0114	2.6592
ENSG00000169218	RSPO1	3	2	1.005	1.6476	1.0076	0.64
ENSG00000181523	SGSH	5	2.58496	1.26	1.6469	0.17826	1.46864
ENSG00000130787	HIP1R	5	2.58496	1.215	1.6453	0.10023	1.54507
ENSG00000166575	TMEM135	7	3	0.743	1.6439	1.2804	0.3635
ENSG00000170777	TPD52L3	5	2.58496	1.802	1.6436	1.3986	0.245
ENSG00000058866	DGKG	3	2	0.915	1.6425	2.7867	-1.1442
ENSG00000183463	URAD	3	2	1.917	1.6422	0.48467	1.15753
ENSG00000205730	ITPRIPL2	1	1	1.342	1.6413	1.0148	0.6265
ENSG00000156564	LRFN2	6	2.80735	0.731	1.6412	1.9093	-0.2681
ENSG00000141556	TBCD	1	1	0.763	1.6405	0.34136	1.29914
ENSG00000100985	MMP9	4	2.32193	1.208	1.6403	0.75413	0.88617
ENSG00000168301	KCTD6	1	1	0.779	1.6398	1.681	-0.0412
ENSG00000182621	PLCB1	4	2.32193	0.357	1.6397	1.5032	0.1365
ENSG00000147862	NFIB	9	3.32193	0.3	1.6396	1.7951	-0.1555
ENSG00000138326	RPS24	1	1	0.182	1.6396	0.9411	0.6985
ENSG00000011332	DPF1	2	1.58496	0.415	1.6392	1.6563	-0.0171
ENSG00000162552	WNT4	18	4.24793	0.694	1.6392	-0.641	2.2802
ENSG00000176390	CRLF3	2	1.58496	0.871	1.639	1.6418	-0.0028
ENSG00000196313	POM121	1	1	0.633	1.6379	-0.87557	2.51347
ENSG00000153774	CFDP1	25	4.70044	1.1	1.6374	0.85196	0.78544
ENSG00000154997	SEPTIN14	1	1	1.804	1.6365	1.6221	0.0144
ENSG00000198626	RYR2	2	1.58496	0.424	1.636	1.4016	0.2344
ENSG00000197406	DIO3	1	1	0.537	1.6349	2.3056	-0.6707
ENSG00000132676	DAP3	2	1.58496	0.706	1.6344	0.43201	1.20239
ENSG00000160789	LMNA	3	2	0.412	1.6343	-0.39742	2.03172
ENSG00000152894	PTPRK	10	3.45943	0.51	1.634	0.71263	0.92137
ENSG00000128891	CCDC32	1	1	0.76	1.6333	2.5324	-0.8991
ENSG00000068489	PRR11	1	1	0.955	1.633	0.75669	0.87631
ENSG00000109689	STIM2	4	2.32193	0.506	1.633	1.148	0.485
ENSG00000183137	CEP57L1	5	2.58496	0.949	1.632	0.20464	1.42736
ENSG00000107864	CPEB3	1	1	0.585	1.6314	0.42292	1.20848
ENSG00000139291	TMEM19	2	1.58496	0.929	1.6306	0.43056	1.20004
ENSG00000171806	METTL18	1	1	1.116	1.6304	1.5647	0.0657
ENSG00000111647	UHRF1BP1L	1	1	0.578	1.6298	0.30689	1.32291
ENSG00000221968	FADS3	2	1.58496	0.727	1.6277	4.0393	-2.4116
ENSG00000143515	ATP8B2	3	2	0.624	1.6271	2.6995	-1.0724
ENSG00000159164	SV2A	2	1.58496	0.429	1.6267	1.6916	-0.0649
ENSG00000115841	RMDN2	3	2	1.585	1.6257	0.37221	1.25349
ENSG00000100325	ASCC2	6	2.80735	0.593	1.6252	0.43822	1.18698
ENSG00000170044	ZPLD1	1	1	1.037	1.6249	2.4276	-0.8027
ENSG00000164576	SAP30L	1	1	0.819	1.6239	-0.24994	1.87384
ENSG00000036530	CYP46A1	7	3	0.501	1.623	1.2207	0.4023
ENSG00000172893	DHCR7	1	1	1.087	1.6223	1.0365	0.5858
ENSG00000166183	ASPG	1	1	1.226	1.6222	0.048992	1.57321
ENSG00000104327	CALB1	1	1	0.612	1.6213	3.0074	-1.3861
ENSG00000106070	GRB10	13	3.80735	0.365	1.6207	1.8094	-0.1887
ENSG00000162620	LRRIQ3	2	1.58496	1.602	1.6206	-0.10228	1.72288
ENSG00000008118	CAMK1G	3	2	0.617	1.6205	-0.056391	1.67689
ENSG00000073605	GSDMB	36	5.20945	1.03	1.62	3.9737	-2.3537
ENSG00000173933	RBM4	3	2	0.423	1.6197	3.7381	-2.1184
ENSG00000173933	RBM4	3	2	0.423	1.6197	3.4957	-1.876
ENSG00000196914	ARHGEF12	3	2	0.369	1.6197	0.82201	0.79769
ENSG00000198589	LRBA	7	3	0.515	1.6192	-1.5073	3.1265
ENSG00000144847	IGSF11	2	1.58496	0.814	1.6192	1.5401	0.0791
ENSG00000169241	SLC50A1	1	1	1.071	1.6189	0.28516	1.33374
ENSG00000102760	RGCC	1	1	1.972	1.6188	-1.3951	3.0139
ENSG00000163440	PDCL2	1	1	1.267	1.6183	0.81914	0.79916
ENSG00000175161	CADM2	22	4.52356	0.516	1.6166	4.7927	-3.1761
ENSG00000125944	HNRNPR	1	1	0.129	1.6164	-0.12495	1.74135
ENSG00000158125	XDH	1	1	0.99	1.616	1.219	0.397
ENSG00000185436	IFNLR1	3	2	0.769	1.6157	0.43965	1.17605
ENSG00000169047	IRS1	19	4.32193	0.674	1.6147	0.12226	1.49244
ENSG00000180336	MEIOC	2	1.58496	0.219	1.614	-0.62678	2.24078
ENSG00000064225	ST3GAL6	5	2.58496	0.963	1.6135	-1.3038	2.9173
ENSG00000159788	RGS12	6	2.80735	0.696	1.6125	3.1348	-1.5223
ENSG00000107862	GBF1	5	2.58496	0.642	1.6122	1.0167	0.5955
ENSG00000107560	RAB11FIP2	8	3.16993	0.483	1.6104	-0.41365	2.02405
ENSG00000164749	HNF4G	14	3.90689	0.421	1.6104	2.2402	-0.6298
ENSG00000162722	TRIM58	1	1	1.888	1.6103	-0.84304	2.45334
ENSG00000166822	TMEM170A	7	3	1.909	1.6095	0.64298	0.96652
ENSG00000163565	IFI16	2	1.58496	0.936	1.6087	-1.0643	2.673
ENSG00000122545	SEPTIN7	2	1.58496	0.313	1.6082	2.5087	-0.9005
ENSG00000108344	PSMD3	4	2.32193	0.171	1.6068	4.2155	-2.6087
ENSG00000128250	RFPL1	3	2	1.341	1.6066	1.9229	-0.3163
ENSG00000134107	BHLHE40	5	2.58496	0.219	1.6066	-0.63584	2.24244
ENSG00000118894	EEF2KMT	1	1	1.377	1.606	-1.7172	3.3232
ENSG00000136573	BLK	20	4.39232	1.295	1.606	3.2131	-1.6071
ENSG00000123609	NMI	1	1	1.46	1.6059	-0.98031	2.58621
ENSG00000115421	PAPOLG	3	2	0.471	1.6047	0.88	0.7247
ENSG00000172602	RND1	1	1	0.561	1.6046	2.504	-0.8994
ENSG00000137040	RANBP6	9	3.32193	0.465	1.6044	0.50366	1.10074
ENSG00000169242	EFNA1	7	3	0.59	1.6041	0.070476	1.53362
ENSG00000137871	ZNF280D	4	2.32193	0.499	1.6032	2.5011	-0.8979
ENSG00000100997	ABHD12	1	1	0.967	1.6024	-1.3889	2.9913
ENSG00000087274	ADD1	1	1	0.387	1.6022	0.89723	0.70497
ENSG00000184916	JAG2	1	1	0.495	1.6021	0.93955	0.66255
ENSG00000173020	GRK2	3	2	0.29	1.6015	0.67507	0.92643
ENSG00000233041	PHGR1	1	1	1.446	1.6013	1.6523	-0.051
ENSG00000116954	RRAGC	2	1.58496	0.545	1.6013	1.5292	0.0721
ENSG00000160752	FDPS	2	1.58496	0.744	1.6007	1.8982	-0.2975
ENSG00000162959	MEMO1	2	1.58496	0.351	1.6006	-0.011659	1.61226
ENSG00000140505	CYP1A2	7	3	1.355	1.6005	2.0736	-0.4731
ENSG00000184730	APOBR	19	4.32193	0.99	1.6003	1.017	0.5833
ENSG00000148606	POLR3A	1	1	0.836	1.5991	0.63621	0.96289
ENSG00000125813	PAX1	7	3	0.86	1.5981	1.9501	-0.352
ENSG00000169155	ZBTB43	3	2	0.799	1.5978	0.89287	0.70493
ENSG00000188878	FBF1	1	1	1.133	1.5978	0.058857	1.53894
ENSG00000162877	PM20D1	1	1	1.177	1.5976	1.3629	0.2347
ENSG00000176946	THAP4	1	1	0.585	1.597	-0.90268	2.49968
ENSG00000073282	TP63	16	4.08746	0.296	1.5962	1.5513	0.0449
ENSG00000064201	TSPAN32	4	2.32193	1.649	1.5957	-0.46215	2.05785
ENSG00000167693	NXN	4	2.32193	0.64	1.594	1.6393	-0.0453
ENSG00000185787	MORF4L1	9	3.32193	0.271	1.594	0.41954	1.17446
ENSG00000095917	TPSD1	3	2	1.747	1.594	0.75347	0.84053
ENSG00000101337	TM9SF4	1	1	0.377	1.5936	-0.56623	2.15983
ENSG00000163684	RPP14	2	1.58496	1.569	1.593	1.75	-0.157
ENSG00000234224	TMEM229A	1	1	1.138	1.5928	-0.63786	2.23066
ENSG00000049130	KITLG	8	3.16993	0.581	1.5916	2.4749	-0.8833
ENSG00000198108	CHSY3	6	2.80735	0.892	1.5916	1.1537	0.4379
ENSG00000103245	CIAO3	1	1	1.14	1.5904	-0.67007	2.26047
ENSG00000160179	ABCG1	1	1	0.573	1.5903	2.1395	-0.5492
ENSG00000137561	TTPA	3	2	1.276	1.5895	0.21066	1.37884
ENSG00000118508	RAB32	1	1	1.339	1.5894	-1.0085	2.5979
ENSG00000119004	CYP20A1	1	1	1.611	1.5887	1.199	0.3897
ENSG00000084676	NCOA1	2	1.58496	0.298	1.5881	-1.7142	3.3023
ENSG00000196700	ZNF512B	2	1.58496	0.413	1.5872	3.4124	-1.8252
ENSG00000113758	DBN1	4	2.32193	0.347	1.5871	0.087723	1.49938
ENSG00000170502	NUDT9	1	1	1.06	1.5869	0.63882	0.94808
ENSG00000178950	GAK	3	2	0.687	1.5865	0.0024478	1.58405
ENSG00000178802	MPI	2	1.58496	1.04	1.5864	1.405	0.1814
ENSG00000104331	BPNT2	2	1.58496	0.619	1.5862	0.011477	1.57472
ENSG00000128563	PRKRIP1	1	1	1.315	1.586	-0.78973	2.37573
ENSG00000128563	PRKRIP1	1	1	1.315	1.586	-1.1116	2.6976
ENSG00000128829	EIF2AK4	3	2	0.75	1.5852	-0.46385	2.04905
ENSG00000099204	ABLIM1	1	1	0.515	1.5848	3.3068	-1.722
ENSG00000120647	CCDC77	1	1	1.077	1.5842	1.6391	-0.0549
ENSG00000146469	VIP	1	1	1.468	1.5841	1.0628	0.5213
ENSG00000137709	POU2F3	4	2.32193	0.577	1.5833	1.1755	0.4078
ENSG00000158485	CD1B	1	1	1.334	1.5833	1.5635	0.0198
ENSG00000165379	LRFN5	8	3.16993	0.629	1.5833	1.4926	0.0907
ENSG00000025770	NCAPH2	1	1	0.792	1.5817	0.72398	0.85772
ENSG00000184486	POU3F2	3	2	0.822	1.5814	2.1208	-0.5394
ENSG00000107798	LIPA	12	3.70044	1.377	1.5812	0.7815	0.7997
ENSG00000128536	CDHR3	9	3.32193	1.087	1.5812	0.90648	0.67472
ENSG00000132026	RTBDN	1	1	1.608	1.5803	-0.36083	1.94113
ENSG00000147894	C9orf72	4	2.32193	0.989	1.5788	-0.17254	1.75134
ENSG00000115548	KDM3A	1	1	0.469	1.5779	1.3532	0.2247
ENSG00000184305	CCSER1	4	2.32193	0.59	1.5771	-0.14977	1.72687
ENSG00000165684	SNAPC4	4	2.32193	0.995	1.5766	1.5933	-0.0167
ENSG00000143226	FCGR2A	15	4	0.922	1.5749	-0.047481	1.62238
ENSG00000110031	LPXN	2	1.58496	0.787	1.5729	1.1462	0.4267
ENSG00000204278	TMEM235	1	1	1.736	1.5726	0.19032	1.38228
ENSG00000196504	PRPF40A	1	1	0.44	1.572	3.3058	-1.7338
ENSG00000106638	TBL2	6	2.80735	1.054	1.5718	0.54643	1.02537
ENSG00000111245	MYL2	18	4.24793	1.157	1.5714	0.75999	0.81141
ENSG00000135547	HEY2	7	3	1.292	1.5707	1.519	0.0517
ENSG00000198283	OR5B21	1	1	1.723	1.5704	1.2865	0.2839
ENSG00000136240	KDELR2	4	2.32193	1.316	1.5702	0.35201	1.21819
ENSG00000100364	KIAA0930	7	3	0.837	1.5699	1.6126	-0.0427
ENSG00000146618	FERD3L	1	1	1.341	1.5696	2.1401	-0.5705
ENSG00000155980	KIF5A	2	1.58496	0.315	1.5692	2.0524	-0.4832
ENSG00000121671	CRY2	2	1.58496	0.596	1.5686	2.7224	-1.1538
ENSG00000167080	B4GALNT2	4	2.32193	1.112	1.5665	0.419	1.1475
ENSG00000171735	CAMTA1	4	2.32193	0.227	1.5662	3.3129	-1.7467
ENSG00000155115	GTF3C6	1	1	1.372	1.5657	0.43188	1.13382
ENSG00000009954	BAZ1B	2	1.58496	0.201	1.5649	0.67859	0.88631
ENSG00000133961	NUMB	3	2	0.646	1.5643	0.80382	0.76048
ENSG00000137251	TINAG	2	1.58496	1.362	1.5639	1.6173	-0.0534
ENSG00000184058	TBX1	8	3.16993	0.703	1.5637	0.60774	0.95596
ENSG00000108588	CCDC47	1	1	0.918	1.5633	-2.1917	3.755
ENSG00000118523	CCN2	1	1	1.05	1.563	-0.048469	1.61147
ENSG00000189079	ARID2	4	2.32193	0.224	1.5618	2.3254	-0.7636
ENSG00000002745	WNT16	12	3.70044	0.804	1.5596	0.35379	1.20581
ENSG00000164116	GUCY1A1	7	3	0.959	1.5591	0.64521	0.91389
ENSG00000122180	MYOG	2	1.58496	0.715	1.5591	0.75059	0.80851
ENSG00000106636	YKT6	6	2.80735	0.636	1.5585	2.0023	-0.4438
ENSG00000121075	TBX4	2	1.58496	0.379	1.5583	-0.25486	1.81316
ENSG00000163320	CGGBP1	1	1	0.767	1.5582	-0.064193	1.62239
ENSG00000138685	FGF2	1	1	1.164	1.5576	1.1621	0.3955
ENSG00000151240	DIP2C	3	2	0.235	1.5576	2.1287	-0.5711
ENSG00000162493	PDPN	2	1.58496	0.689	1.5556	-0.28194	1.83754
ENSG00000029534	ANK1	3	2	0.299	1.5552	2.5881	-1.0329
ENSG00000033170	FUT8	2	1.58496	0.667	1.5539	0.83365	0.72025
ENSG00000163064	EN1	13	3.80735	0.724	1.5535	-0.18078	1.73428
ENSG00000127324	TSPAN8	6	2.80735	0.912	1.5535	1.2723	0.2812
ENSG00000153303	FRMD1	1	1	1.237	1.5534	-0.50884	2.06224
ENSG00000109920	FNBP4	3	2	0.352	1.5533	1.6158	-0.0625
ENSG00000151208	DLG5	4	2.32193	0.333	1.5533	0.12069	1.43261
ENSG00000051382	PIK3CB	2	1.58496	0.319	1.5532	-0.33141	1.88461
ENSG00000143194	MAEL	2	1.58496	1.06	1.5529	1.6582	-0.1053
ENSG00000171262	FAM98B	1	1	1.282	1.5528	2.0652	-0.5124
ENSG00000184185	KCNJ12	2	1.58496	0.369	1.552	2.2222	-0.6702
ENSG00000269404	SPIB	2	1.58496	0.57	1.552	1.6753	-0.1233
ENSG00000173757	STAT5B	4	2.32193	0.277	1.5515	0.41722	1.13428
ENSG00000111961	SASH1	7	3	0.412	1.5509	0.76033	0.79057
ENSG00000110400	NECTIN1	4	2.32193	0.659	1.5507	0.98269	0.56801
ENSG00000176182	MYPOP	3	2	1.724	1.5506	-0.63803	2.18863
ENSG00000173530	TNFRSF10D	1	1	0.917	1.5506	-3.2964	4.847
ENSG00000179021	C3orf38	1	1	0.92	1.5506	0.010844	1.53976
ENSG00000175471	MCTP1	2	1.58496	0.877	1.5505	3.1414	-1.5909
ENSG00000104881	PPP1R13L	1	1	0.974	1.5501	0.42744	1.12266
ENSG00000120254	MTHFD1L	3	2	0.856	1.5499	-1.483	3.0329
ENSG00000070961	ATP2B1	22	4.52356	0.172	1.5498	-1.9082	3.458
ENSG00000119655	NPC2	3	2	1.422	1.5496	0.5863	0.9633
ENSG00000174059	CD34	2	1.58496	1.184	1.5495	0.6855	0.864
ENSG00000134812	CBLIF	4	2.32193	0.865	1.5487	0.46215	1.08655
ENSG00000145358	DDIT4L	2	1.58496	1.266	1.5487	1.0214	0.5273
ENSG00000134262	AP4B1	10	3.45943	0.777	1.5485	1.9284	-0.3799
ENSG00000131242	RAB11FIP4	3	2	0.536	1.5484	1.6468	-0.0984
ENSG00000184374	COLEC10	5	2.58496	1.082	1.5479	0.72636	0.82154
ENSG00000113600	C9	6	2.80735	1.223	1.5476	0.29144	1.25616
ENSG00000163900	TMEM41A	1	1	1.183	1.546	0.83665	0.70935
ENSG00000004059	ARF5	2	1.58496	0.685	1.5457	1.1406	0.4051
ENSG00000071575	TRIB2	10	3.45943	0.223	1.5455	1.5379	0.0076
ENSG00000123178	SPRYD7	2	1.58496	1.022	1.5446	0.9968	0.5478
ENSG00000189292	ALKAL2	14	3.90689	1.297	1.5443	1.3489	0.1954
ENSG00000171621	SPSB1	20	4.39232	0.642	1.5441	0.7834	0.7607
ENSG00000140285	FGF7	14	3.90689	0.643	1.5438	-1.137	2.6808
ENSG00000162618	ADGRL4	3	2	1.44	1.5437	1.9888	-0.4451
ENSG00000134575	ACP2	6	2.80735	0.804	1.5427	1.936	-0.3933
ENSG00000104320	NBN	1	1	1.057	1.5421	3.1504	-1.6083
ENSG00000158955	WNT9B	5	2.58496	0.683	1.5412	1.9299	-0.3887
ENSG00000198513	ATL1	1	1	0.57	1.5409	1.53	0.0109
ENSG00000099864	PALM	1	1	0.955	1.5406	-0.14626	1.68686
ENSG00000130511	SSBP4	1	1	0.723	1.5401	1.789	-0.2489
ENSG00000152591	DSPP	2	1.58496	1.271	1.54	1.4882	0.0518
ENSG00000001461	NIPAL3	2	1.58496	1.092	1.5396	-1.6798	3.2194
ENSG00000014138	POLA2	1	1	0.699	1.5394	0.67975	0.85965
ENSG00000168779	SHOX2	10	3.45943	0.769	1.5387	-1.1686	2.7073
ENSG00000101146	RAE1	1	1	0.411	1.538	0.21766	1.32034
ENSG00000167632	TRAPPC9	1	1	0.786	1.5377	1.123	0.4147
ENSG00000182329	KIAA2012	1	1	0.927	1.5369	-1.0697	2.6066
ENSG00000143970	ASXL2	4	2.32193	0.239	1.5367	0.45208	1.08462
ENSG00000153086	ACMSD	1	1	1.063	1.5361	1.6227	-0.0866
ENSG00000184752	NDUFA12	3	2	1.188	1.5357	0.62355	0.91215
ENSG00000089094	KDM2B	3	2	0.266	1.5338	3.083	-1.5492
ENSG00000124194	GDAP1L1	1	1	0.883	1.5337	1.3226	0.2111
ENSG00000135374	ELF5	1	1	1.064	1.5335	-0.52133	2.05483
ENSG00000082068	WDR70	1	1	0.73	1.5332	-1.3805	2.9137
ENSG00000213626	LBH	9	3.32193	1.071	1.5331	0.11621	1.41689
ENSG00000142156	COL6A1	4	2.32193	0.706	1.533	2.5649	-1.0319
ENSG00000009709	PAX7	5	2.58496	0.504	1.5324	1.3103	0.2221
ENSG00000128944	KNSTRN	2	1.58496	1.109	1.5315	1.2542	0.2773
ENSG00000182782	HCAR2	2	1.58496	1.871	1.5306	2.8485	-1.3179
ENSG00000162385	MAGOH	1	1	0.309	1.5306	3.961	-2.4304
ENSG00000162385	MAGOH	1	1	0.309	1.5306	2.4505	-0.9199
ENSG00000126218	F10	4	2.32193	0.968	1.5299	1.4192	0.1107
ENSG00000164040	PGRMC2	1	1	0.848	1.5298	0.94588	0.58392
ENSG00000087128	TMPRSS11E	4	2.32193	1.059	1.5286	-0.7172	2.2458
ENSG00000089169	RPH3A	14	3.90689	0.639	1.5279	1.008	0.5199
ENSG00000196917	HCAR1	1	1	1.775	1.5278	1.294	0.2338
ENSG00000011454	RABGAP1	6	2.80735	0.241	1.5266	-0.84035	2.36695
ENSG00000184347	SLIT3	2	1.58496	0.476	1.5266	3.1689	-1.6423
ENSG00000169067	ACTBL2	2	1.58496	1.624	1.5265	-0.45207	1.97857
ENSG00000000457	SCYL3	3	2	0.666	1.5254	1.9158	-0.3904
ENSG00000175600	SUGCT	15	4	1.145	1.5233	2.0124	-0.4891
ENSG00000110696	C11orf58	4	2.32193	0.445	1.5227	-0.60936	2.13206
ENSG00000175315	CST6	2	1.58496	1.488	1.5226	3.2377	-1.7151
ENSG00000154328	NEIL2	2	1.58496	1.565	1.5226	0.86498	0.65762
ENSG00000213658	LAT	4	2.32193	0.474	1.522	-0.5972	2.1192
ENSG00000183475	ASB7	5	2.58496	0.277	1.522	0.31982	1.20218
ENSG00000140320	BAHD1	1	1	0.447	1.5205	2.321	-0.8005
ENSG00000091583	APOH	8	3.16993	1.542	1.5203	1.2241	0.2962
ENSG00000163898	LIPH	1	1	0.811	1.5187	0.64608	0.87262
ENSG00000176208	ATAD5	1	1	0.417	1.5181	1.3846	0.1335
ENSG00000127838	PNKD	1	1	1.131	1.5177	-0.30638	1.82408
ENSG00000168447	SCNN1B	2	1.58496	0.81	1.5174	-0.17353	1.69093
ENSG00000169410	PTPN9	2	1.58496	0.529	1.5171	-0.29002	1.80712
ENSG00000266173	STRADA	1	1	0.649	1.517	-2.2324	3.7494
ENSG00000169855	ROBO1	4	2.32193	0.856	1.5163	-1.4403	2.9566
ENSG00000127419	TMEM175	5	2.58496	1.295	1.5163	0.5489	0.9674
ENSG00000112079	STK38	2	1.58496	0.639	1.516	-0.72343	2.23943
ENSG00000149679	CABLES2	3	2	1	1.5159	0.46772	1.04818
ENSG00000173120	KDM2A	6	2.80735	0.057	1.5139	0.77408	0.73982
ENSG00000177125	ZBTB34	2	1.58496	0.137	1.5139	0.55682	0.95708
ENSG00000071082	RPL31	3	2	0.217	1.5137	-0.06666	1.58036
ENSG00000179165	PXT1	3	2	1.363	1.5133	0.31959	1.19371
ENSG00000158560	DYNC1I1	6	2.80735	0.647	1.513	1.2547	0.2583
ENSG00000145569	OTULINL	7	3	1.212	1.5127	-1.7175	3.2302
ENSG00000005513	SOX8	1	1	0.904	1.5125	0.73381	0.77869
ENSG00000127325	BEST3	1	1	1.275	1.5119	2.2885	-0.7766
ENSG00000174125	TLR1	19	4.32193	1.348	1.5119	-1.0401	2.552
ENSG00000129514	FOXA1	5	2.58496	0.575	1.5115	-0.63991	2.15141
ENSG00000185559	DLK1	5	2.58496	0.461	1.5114	1.6581	-0.1467
ENSG00000105655	ISYNA1	3	2	1.004	1.5113	1.2372	0.2741
ENSG00000163106	HPGDS	3	2	1.925	1.5102	2.2886	-0.7784
ENSG00000109756	RAPGEF2	3	2	0.371	1.5098	0.21729	1.29251
ENSG00000101003	GINS1	1	1	1.888	1.5091	-1.3996	2.9087
ENSG00000051009	FHIP1B	2	1.58496	0.467	1.5088	-0.49831	2.00711
ENSG00000239697	TNFSF12	7	3	0.971	1.5085	1.3659	0.1426
ENSG00000239697	TNFSF12	7	3	0.971	1.5085	1.397	0.1115
ENSG00000145920	CPLX2	1	1	0.683	1.5075	0.65362	0.85388
ENSG00000003137	CYP26B1	6	2.80735	0.371	1.5073	0.36321	1.14409
ENSG00000141503	MINK1	1	1	0.403	1.5072	0.30071	1.20649
ENSG00000154734	ADAMTS1	1	1	0.329	1.5072	0.86497	0.64223
ENSG00000108239	TBC1D12	3	2	0.875	1.507	0.97928	0.52772
ENSG00000116701	NCF2	7	3	0.799	1.5064	1.361	0.1454
ENSG00000125266	EFNB2	1	1	0.261	1.5053	2.2235	-0.7182
ENSG00000158315	RHBDL2	1	1	1.2	1.5047	2.1884	-0.6837
ENSG00000147854	UHRF2	3	2	0.321	1.5042	2.0538	-0.5496
ENSG00000149972	CNTN5	12	3.70044	0.73	1.504	5.15	-3.646
ENSG00000176771	NCKAP5	5	2.58496	0.628	1.5017	0.41739	1.08431
ENSG00000038219	BOD1L1	3	2	0.412	1.5013	-0.23735	1.73865
ENSG00000186660	ZFP91	1	1	0.237	1.5001	1.1757	0.3244
ENSG00000160688	FLAD1	1	1	0.809	1.4993	-0.17887	1.67817
ENSG00000154305	MIA3	9	3.32193	0.551	1.4986	3.5678	-2.0692
ENSG00000166295	ANAPC16	1	1	0.847	1.4985	-0.60531	2.10381
ENSG00000005001	PRSS22	2	1.58496	1.296	1.4985	0.070033	1.42847
ENSG00000128908	INO80	4	2.32193	0.165	1.4984	0.97198	0.52642
ENSG00000131669	NINJ1	1	1	1.103	1.4983	0.24971	1.24859
ENSG00000112116	IL17F	2	1.58496	1.11	1.4974	-0.54276	2.04016
ENSG00000163681	SLMAP	2	1.58496	0.531	1.4973	-1.1378	2.6351
ENSG00000154319	FAM167A	2	1.58496	1.934	1.497	2.2367	-0.7397
ENSG00000143036	SLC44A3	2	1.58496	1.176	1.4965	0.3736	1.1229
ENSG00000118094	TREH	6	2.80735	1.19	1.4957	0.55558	0.94012
ENSG00000138792	ENPEP	3	2	1.026	1.4949	0.1994	1.2955
ENSG00000139865	TTC6	6	2.80735	0.945	1.4946	-0.48176	1.97636
ENSG00000175155	YPEL2	2	1.58496	0.372	1.4936	1.5607	-0.0671
ENSG00000064692	SNCAIP	1	1	0.636	1.4934	0.058066	1.43533
ENSG00000092964	DPYSL2	1	1	0.29	1.493	0.075396	1.4176
ENSG00000174738	NR1D2	4	2.32193	0.702	1.4929	-0.025442	1.51834
ENSG00000141741	MIEN1	1	1	1.452	1.4928	2.7514	-1.2586
ENSG00000143368	SF3B4	1	1	0.259	1.4922	1.4225	0.0697
ENSG00000139292	LGR5	2	1.58496	0.739	1.4919	0.67393	0.81797
ENSG00000176890	TYMS	2	1.58496	0.882	1.4916	1.388	0.1036
ENSG00000239697	TNFSF12	7	3	0.971	1.4914	1.3659	0.1255
ENSG00000239697	TNFSF12	7	3	0.971	1.4914	1.397	0.0944
ENSG00000255398	HCAR3	1	1	1.824	1.4912	3.0144	-1.5232
ENSG00000089159	PXN	2	1.58496	0.828	1.4909	1.4175	0.0734
ENSG00000188425	NANOS2	3	2	1.142	1.4901	-0.34535	1.83545
ENSG00000104763	ASAH1	4	2.32193	1.435	1.4899	1.0675	0.4224
ENSG00000176542	USF3	1	1	0.258	1.4891	-0.76755	2.25665
ENSG00000135999	EPC2	2	1.58496	0.203	1.4883	-0.60728	2.09558
ENSG00000171444	MCC	1	1	0.918	1.4882	0.79347	0.69473
ENSG00000123096	SSPN	17	4.16993	1.565	1.4882	2.9269	-1.4387
ENSG00000156150	ALX3	2	1.58496	1.051	1.4881	0.18473	1.30337
ENSG00000160584	SIK3	5	2.58496	0.268	1.4879	2.9443	-1.4564
ENSG00000232237	ASCL5	1	1	1.704	1.4871	-0.24136	1.72846
ENSG00000104936	DMPK	4	2.32193	0.67	1.4867	-0.72138	2.20808
ENSG00000144554	FANCD2	3	2	0.777	1.4853	-0.42301	1.90831
ENSG00000140465	CYP1A1	2	1.58496	1.472	1.4848	2.2392	-0.7544
ENSG00000175166	PSMD2	1	1	0.141	1.4838	4.299	-2.8152
ENSG00000112309	B3GAT2	1	1	1.36	1.4828	1.8613	-0.3785
ENSG00000177570	SAMD12	3	2	1.077	1.4828	-0.21732	1.70012
ENSG00000156170	NDUFAF6	2	1.58496	1.566	1.4827	0.95661	0.52609
ENSG00000181195	PENK	1	1	1.388	1.4823	-0.49026	1.97256
ENSG00000181322	NME9	1	1	1.393	1.4823	0.081554	1.40075
ENSG00000172890	NADSYN1	4	2.32193	1.01	1.4816	1.5919	-0.1103
ENSG00000185728	YTHDF3	1	1	0.272	1.481	-0.3296	1.8106
ENSG00000184361	SPATA32	4	2.32193	1.081	1.4807	0.20297	1.27773
ENSG00000054523	KIF1B	2	1.58496	0.376	1.4788	1.2292	0.2496
ENSG00000056558	TRAF1	8	3.16993	0.745	1.4781	-0.25941	1.73751
ENSG00000166840	GLYATL1	1	1	1.068	1.4779	1.3894	0.0885
ENSG00000197123	ZNF679	1	1	1.377	1.4772	-0.8488	2.326
ENSG00000197123	ZNF679	1	1	1.377	1.4772	-0.86407	2.34127
ENSG00000255423	EBLN2	1	1	1.962	1.4772	2.9975	-1.5203
ENSG00000126778	SIX1	4	2.32193	0.692	1.476	-0.45175	1.92775
ENSG00000143847	PPFIA4	5	2.58496	0.916	1.4743	0.27383	1.20047
ENSG00000136111	TBC1D4	4	2.32193	0.973	1.4738	3.0007	-1.5269
ENSG00000188394	GPR21	2	1.58496	0.64	1.4721	-1.1947	2.6668
ENSG00000173611	SCAI	4	2.32193	0.697	1.4721	-0.734	2.2061
ENSG00000102678	FGF9	6	2.80735	0.418	1.472	-0.66303	2.13503
ENSG00000138600	SPPL2A	3	2	1.074	1.4715	1.4963	-0.0248
ENSG00000197891	SLC22A12	3	2	1.411	1.4711	3.0575	-1.5864
ENSG00000106635	BCL7B	1	1	0.867	1.4701	0.67524	0.79486
ENSG00000134962	KLB	9	3.32193	0.644	1.4698	1.6421	-0.1723
ENSG00000023839	ABCC2	3	2	0.985	1.4694	-0.41307	1.88247
ENSG00000155754	C2CD6	2	1.58496	0.908	1.4693	0.17643	1.29287
ENSG00000113282	CLINT1	7	3	0.419	1.4686	0.55374	0.91486
ENSG00000162775	RBM15	1	1	0.208	1.4672	-1.338	2.8052
ENSG00000107014	RLN2	1	1	1.784	1.4661	-2.1266	3.5927
ENSG00000020256	ZFP64	11	3.58496	0.436	1.4656	0.55802	0.90758
ENSG00000118473	SGIP1	6	2.80735	0.431	1.4656	2.6791	-1.2135
ENSG00000152348	ATG10	2	1.58496	1.744	1.4644	0.0053366	1.45906
ENSG00000165973	NELL1	1	1	0.826	1.4643	-0.81401	2.27831
ENSG00000043514	TRIT1	1	1	1.006	1.4637	3.0858	-1.6221
ENSG00000143776	CDC42BPA	5	2.58496	0.464	1.4635	2.1441	-0.6806
ENSG00000166123	GPT2	1	1	0.677	1.4633	1.2022	0.2611
ENSG00000145817	YIPF5	2	1.58496	0.464	1.4626	0.91427	0.54833
ENSG00000077942	FBLN1	1	1	0.497	1.4607	-0.42269	1.88339
ENSG00000197024	ZNF398	1	1	0.776	1.4592	0.74892	0.71028
ENSG00000144468	RHBDD1	2	1.58496	1.429	1.4578	0.68215	0.77565
ENSG00000131475	VPS25	1	1	1.023	1.4573	-0.51914	1.97644
ENSG00000160216	AGPAT3	1	1	0.21	1.4571	0.66695	0.79015
ENSG00000092067	CEBPE	2	1.58496	0.848	1.4568	0.65938	0.79742
ENSG00000168350	DEGS2	1	1	1.125	1.4565	2.415	-0.9585
ENSG00000123360	PDE1B	1	1	0.377	1.4563	1.4345	0.0218
ENSG00000072110	ACTN1	5	2.58496	0.331	1.4561	-0.18547	1.64157
ENSG00000173548	SNX33	1	1	0.731	1.4538	-1.2077	2.6615
ENSG00000119414	PPP6C	1	1	0.422	1.4537	-0.36453	1.81823
ENSG00000001460	STPG1	1	1	1.089	1.4535	-1.6116	3.0651
ENSG00000148702	HABP2	11	3.58496	1.413	1.4531	1.6328	-0.1797
ENSG00000239306	RBM14	2	1.58496	0.196	1.4521	3.5973	-2.1452
ENSG00000205882	DEFB134	2	1.58496	1.672	1.4521	1.4731	-0.021
ENSG00000007372	PAX6	10	3.45943	0.226	1.4516	1.469	-0.0174
ENSG00000109861	CTSC	3	2	1.051	1.4515	0.15166	1.29984
ENSG00000176571	CNBD1	1	1	1.78	1.4507	0.79157	0.65913
ENSG00000100625	SIX4	2	1.58496	0.676	1.4504	-1.3037	2.7541
ENSG00000197345	MRPL21	3	2	0.964	1.4502	1.3734	0.0768
ENSG00000188064	WNT7B	17	4.16993	0.761	1.4499	1.3119	0.138
ENSG00000150054	MPP7	1	1	0.969	1.4497	0.13484	1.31486
ENSG00000123908	AGO2	8	3.16993	0.102	1.4496	1.2929	0.1567
ENSG00000107020	PLGRKT	2	1.58496	1.954	1.4491	-0.99626	2.44536
ENSG00000145321	GC	3	2	1.492	1.4476	-0.095645	1.54324
ENSG00000013503	POLR3B	1	1	0.84	1.4471	0.62752	0.81958
ENSG00000082438	COBLL1	5	2.58496	0.664	1.4466	0.93713	0.50947
ENSG00000135315	CEP162	2	1.58496	1.101	1.4461	-1.1269	2.573
ENSG00000105352	CEACAM4	3	2	1.452	1.446	0.30595	1.14005
ENSG00000183914	DNAH2	1	1	0.655	1.4459	-0.14535	1.59125
ENSG00000124201	ZNFX1	1	1	0.489	1.445	2.27	-0.825
ENSG00000173705	SUSD5	1	1	1.604	1.4449	1.1923	0.2526
ENSG00000196466	ZNF799	2	1.58496	1.052	1.4437	1.5294	-0.0857
ENSG00000172301	COPRS	5	2.58496	0.974	1.4434	-1.936	3.3794
ENSG00000123104	ITPR2	7	3	0.724	1.4409	-0.61249	2.05339
ENSG00000010818	HIVEP2	10	3.45943	0.114	1.4405	0.038691	1.40181
ENSG00000196562	SULF2	4	2.32193	0.614	1.4402	0.34635	1.09385
ENSG00000182831	C16orf72	3	2	0.464	1.44	4.9946	-3.5546
ENSG00000248713	C4orf54	1	1	1.025	1.4394	-0.43834	1.87774
ENSG00000138802	SEC24B	1	1	0.442	1.4391	1.2088	0.2303
ENSG00000137699	TRIM29	1	1	1.154	1.4369	1.1251	0.3118
ENSG00000138684	IL21	14	3.90689	0.45	1.4364	3.1454	-1.709
ENSG00000164171	ITGA2	6	2.80735	0.789	1.4363	-1.0619	2.4982
ENSG00000135090	TAOK3	1	1	0.339	1.4363	0.23492	1.20138
ENSG00000100626	GALNT16	2	1.58496	0.583	1.4354	-0.53329	1.96869
ENSG00000183773	AIFM3	1	1	1.109	1.4353	-0.49959	1.93489
ENSG00000198892	SHISA4	1	1	0.991	1.4353	2.0191	-0.5838
ENSG00000136270	TBRG4	2	1.58496	0.825	1.4349	3.0324	-1.5975
ENSG00000103449	SALL1	12	3.70044	0.228	1.4347	2.2663	-0.8316
ENSG00000117122	MFAP2	1	1	1.065	1.4346	2.2516	-0.817
ENSG00000069188	SDK2	1	1	0.554	1.4345	1.4305	0.004
ENSG00000165626	BEND7	3	2	0.842	1.4343	-0.082607	1.51691
ENSG00000103591	AAGAB	9	3.32193	1.156	1.432	3.053	-1.621
ENSG00000152580	IGSF10	1	1	1.068	1.4315	-0.78438	2.21588
ENSG00000168329	CX3CR1	2	1.58496	1.381	1.4314	2.4698	-1.0384
ENSG00000172071	EIF2AK3	2	1.58496	0.606	1.4313	-0.098669	1.52997
ENSG00000157870	PRXL2B	12	3.70044	1.847	1.4307	3.5896	-2.1589
ENSG00000132881	CPLANE2	1	1	1.649	1.4301	-0.79359	2.22369
ENSG00000179348	GATA2	4	2.32193	0.335	1.4297	0.89004	0.53966
ENSG00000134215	VAV3	7	3	0.842	1.4284	3.4745	-2.0461
ENSG00000093217	XYLB	5	2.58496	1.055	1.4274	1.131	0.2964
ENSG00000163686	ABHD6	1	1	1.067	1.4268	1.3099	0.1169
ENSG00000132383	RPA1	14	3.90689	0.818	1.426	0.67066	0.75534
ENSG00000148154	UGCG	1	1	0.36	1.4259	1.2081	0.2178
ENSG00000244045	TMEM199	4	2.32193	1.374	1.4256	0.93748	0.48812
ENSG00000121634	GJA8	2	1.58496	1.304	1.4253	0.71328	0.71202
ENSG00000163352	LENEP	1	1	1.598	1.4252	-0.07302	1.49822
ENSG00000142494	SLC47A1	1	1	1.105	1.4251	0.42721	0.99789
ENSG00000152359	POC5	5	2.58496	0.995	1.4247	0.79555	0.62915
ENSG00000005961	ITGA2B	4	2.32193	0.763	1.4244	1.979	-0.5546
ENSG00000146733	PSPH	3	2	1.063	1.4232	1.8824	-0.4592
ENSG00000175105	ZNF654	1	1	0.305	1.4226	-0.20507	1.62767
ENSG00000143379	SETDB1	2	1.58496	0.29	1.422	1.5964	-0.1744
ENSG00000242689	CNTF	3	2	1.555	1.4214	1.0985	0.3229
ENSG00000175489	LRRC25	4	2.32193	0.566	1.4191	2.0269	-0.6078
ENSG00000254685	FPGT	1	1	1.118	1.418	-0.84205	2.26005
ENSG00000116785	CFHR3	4	2.32193	1.302	1.4178	1.3106	0.1072
ENSG00000214063	TSPAN4	1	1	1.616	1.4172	0.86879	0.54841
ENSG00000135506	OS9	1	1	0.891	1.4166	1.5435	-0.1269
ENSG00000136854	STXBP1	1	1	0.099	1.4166	0.15948	1.25712
ENSG00000072041	SLC6A15	9	3.32193	0.596	1.4154	-0.25055	1.66595
ENSG00000171502	COL24A1	6	2.80735	0.956	1.4151	1.2653	0.1498
ENSG00000117139	KDM5B	1	1	0.858	1.4148	0.68754	0.72726
ENSG00000143006	DMRTB1	1	1	0.716	1.4146	-0.0072263	1.42183
ENSG00000121481	RNF2	1	1	0.321	1.414	0.81321	0.60079
ENSG00000197933	ZNF823	1	1	0.873	1.4137	-0.54193	1.95563
ENSG00000148156	ACTL7B	3	2	1.414	1.4134	1.0702	0.3432
ENSG00000144152	FBLN7	5	2.58496	1.034	1.4118	1.8406	-0.4288
ENSG00000187796	CARD9	6	2.80735	1.143	1.4112	2.1507	-0.7395
ENSG00000273079	GRIN2B	1	1	0.102	1.4112	1.8918	-0.4806
ENSG00000174226	SNX31	1	1	1.097	1.4107	0.28224	1.12846
ENSG00000186088	GSAP	8	3.16993	1.2	1.4099	-1.5683	2.9782
ENSG00000105376	ICAM5	4	2.32193	0.673	1.4098	-1.833	3.2428
ENSG00000162398	LEXM	1	1	1.196	1.4098	0.39571	1.01409
ENSG00000213221	DNLZ	5	2.58496	1.955	1.4097	2.232	-0.8223
ENSG00000137831	UACA	4	2.32193	0.833	1.4087	0.81542	0.59328
ENSG00000113302	IL12B	25	4.70044	0.999	1.4062	-0.2484	1.6546
ENSG00000010803	SCMH1	6	2.80735	0.654	1.4061	2.1602	-0.7541
ENSG00000168502	MTCL1	1	1	0.663	1.406	1.1565	0.2495
ENSG00000007129	CEACAM21	1	1	1.429	1.406	-1.8758	3.2818
ENSG00000245848	CEBPA	3	2	1.372	1.4058	1.1786	0.2272
ENSG00000136244	IL6	19	4.32193	0.881	1.404	0.44327	0.96073
ENSG00000111452	ADGRD1	2	1.58496	0.826	1.4026	0.49751	0.90509
ENSG00000158869	FCER1G	7	3	0.698	1.4024	4.0452	-2.6428
ENSG00000214688	C10orf105	1	1	1.968	1.4017	0.55561	0.84609
ENSG00000132740	IGHMBP2	1	1	1.019	1.4008	1.5505	-0.1497
ENSG00000082805	ERC1	1	1	0.503	1.4006	0.39788	1.00272
ENSG00000163331	DAPL1	1	1	1.834	1.3999	-0.33597	1.73587
ENSG00000168140	VASN	2	1.58496	1.904	1.3997	2.7927	-1.393
ENSG00000107771	CCSER2	3	2	0.589	1.3991	-0.036184	1.43528
ENSG00000099875	MKNK2	1	1	1.463	1.399	2.6024	-1.2034
ENSG00000158859	ADAMTS4	1	1	0.732	1.3985	4.196	-2.7975
ENSG00000186075	ZPBP2	27	4.80735	1.228	1.3985	2.6413	-1.2428
ENSG00000198846	TOX	7	3	0.326	1.3985	3.5096	-2.1111
ENSG00000168454	TXNDC2	1	1	1.903	1.398	0.87281	0.52519
ENSG00000163104	SMARCAD1	5	2.58496	0.257	1.3975	2.6974	-1.2999
ENSG00000183324	REC114	2	1.58496	1.268	1.397	2.764	-1.367
ENSG00000177051	FBXO46	1	1	0.67	1.3955	0.077369	1.31813
ENSG00000164362	TERT	84	6.40939	0.593	1.3952	0.19686	1.19834
ENSG00000089041	P2RX7	1	1	0.958	1.3941	1.9706	-0.5765
ENSG00000179639	FCER1A	1	1	1.425	1.3938	0.37469	1.01911
ENSG00000014914	MTMR11	16	4.08746	0.999	1.3936	1.4049	-0.0113
ENSG00000169228	RAB24	5	2.58496	0.437	1.3931	0.23123	1.16187
ENSG00000130876	SLC7A10	26	4.75489	0.773	1.393	0.46055	0.93245
ENSG00000112306	RPS12	4	2.32193	0.364	1.3916	0.23183	1.15977
ENSG00000152208	GRID2	3	2	0.332	1.3913	0.75804	0.63326
ENSG00000105519	CAPS	1	1	1.458	1.3908	0.041433	1.34937
ENSG00000184601	C14orf180	2	1.58496	1.631	1.3906	1.5415	-0.1509
ENSG00000008083	JARID2	5	2.58496	0.202	1.3904	1.0947	0.2957
ENSG00000100038	TOP3B	1	1	0.632	1.39	2.2726	-0.8826
ENSG00000170178	HOXD12	2	1.58496	1.684	1.39	1.0567	0.3333
ENSG00000007402	CACNA2D2	1	1	0.396	1.3891	2.7384	-1.3493
ENSG00000197253	TPSB2	1	1	1.803	1.3885	0.98128	0.40722
ENSG00000120149	MSX2	1	1	1.013	1.3874	-0.24697	1.63437
ENSG00000103855	CD276	1	1	0.888	1.3873	2.6185	-1.2312
ENSG00000171873	ADRA1D	1	1	1.772	1.3872	-0.64582	2.03302
ENSG00000012983	MAP4K5	3	2	0.764	1.3861	1.644	-0.2579
ENSG00000198890	PRMT6	4	2.32193	1.052	1.386	1.5065	-0.1205
ENSG00000109471	IL2	16	4.08746	0.645	1.3844	4.0465	-2.6621
ENSG00000100600	LGMN	1	1	0.852	1.3843	0.77881	0.60549
ENSG00000136997	MYC	50	5.67243	0.128	1.3843	0.62893	0.75537
ENSG00000197272	IL27	5	2.58496	0.702	1.384	0.78965	0.59435
ENSG00000182463	TSHZ2	5	2.58496	0.406	1.3838	1.1801	0.2037
ENSG00000142657	PGD	2	1.58496	0.552	1.3837	1.8088	-0.4251
ENSG00000131773	KHDRBS3	3	2	1.11	1.3834	0.4462	0.9372
ENSG00000152291	TGOLN2	1	1	0.913	1.3833	2.2461	-0.8628
ENSG00000157322	CLEC18A	7	3	0.63	1.3829	1.3018	0.0811
ENSG00000157322	CLEC18A	7	3	0.63	1.3829	-0.75429	2.13719
ENSG00000100784	RPS6KA5	1	1	0.486	1.3829	2.0167	-0.6338
ENSG00000034971	MYOC	4	2.32193	1.343	1.382	1.9374	-0.5554
ENSG00000130520	LSM4	1	1	1.026	1.3808	2.0673	-0.6865
ENSG00000168765	GSTM4	1	1	1.214	1.3799	1.1285	0.2514
ENSG00000128519	TAS2R16	1	1	1.887	1.3796	-0.2648	1.6444
ENSG00000135473	PAN2	3	2	0.594	1.3795	0.28338	1.09612
ENSG00000109606	DHX15	5	2.58496	0.156	1.3789	0.68195	0.69695
ENSG00000176635	HORMAD2	19	4.32193	1.524	1.3782	0.29498	1.08322
ENSG00000137727	ARHGAP20	1	1	0.613	1.3781	0.26219	1.11591
ENSG00000184500	PROS1	7	3	0.53	1.3773	0.5912	0.7861
ENSG00000103126	AXIN1	3	2	0.563	1.377	1.8367	-0.4597
ENSG00000068697	LAPTM4A	1	1	1.176	1.3762	-0.27796	1.65416
ENSG00000186073	CDIN1	5	2.58496	0.931	1.3762	0.53387	0.84233
ENSG00000173838	MARCHF10	1	1	0.932	1.3758	-0.38107	1.75687
ENSG00000138303	ASCC1	3	2	1.002	1.3756	-0.58606	1.96166
ENSG00000196417	ZNF765	1	1	1.074	1.3753	0.35528	1.02002
ENSG00000125629	INSIG2	6	2.80735	0.626	1.3752	1.4434	-0.0682
ENSG00000134438	RAX	1	1	1.197	1.3748	-0.38725	1.76205
ENSG00000162086	ZNF75A	1	1	0.954	1.3747	0.37049	1.00421
ENSG00000075568	TMEM131	1	1	0.374	1.3722	3.5537	-2.1815
ENSG00000168539	CHRM1	1	1	0.325	1.3708	1.7753	-0.4045
ENSG00000133454	MYO18B	2	1.58496	0.911	1.3704	0.76603	0.60437
ENSG00000054796	SPO11	2	1.58496	1.261	1.3691	-0.17697	1.54607
ENSG00000077943	ITGA8	1	1	0.801	1.369	0.52254	0.84646
ENSG00000136925	TSTD2	1	1	1.023	1.3684	0.72265	0.64575
ENSG00000152402	GUCY1A2	2	1.58496	0.704	1.3625	1.225	0.1375
ENSG00000080845	DLGAP4	3	2	0.331	1.3622	1.0123	0.3499
ENSG00000107201	DDX58	2	1.58496	0.985	1.3621	0.61683	0.74527
ENSG00000205085	FAM71F2	1	1	1.355	1.36	0.23047	1.12953
ENSG00000164334	FAM170A	1	1	1.07	1.3598	-2.5191	3.8789
ENSG00000143452	HORMAD1	6	2.80735	0.747	1.3596	1.8186	-0.459
ENSG00000171448	ZBTB26	2	1.58496	0.586	1.3593	-0.78292	2.14222
ENSG00000140153	WDR20	1	1	0.198	1.3589	0.68154	0.67736
ENSG00000109182	CWH43	1	1	1.313	1.3583	0.42323	0.93507
ENSG00000134317	GRHL1	3	2	0.834	1.358	1.4186	-0.0606
ENSG00000142765	SYTL1	1	1	1.047	1.3579	1.2616	0.0963
ENSG00000104643	MTMR9	1	1	0.771	1.3576	2.0124	-0.6548
ENSG00000010810	FYN	6	2.80735	0.215	1.3572	3.0255	-1.6683
ENSG00000160991	ORAI2	2	1.58496	1.028	1.3557	-1.5959	2.9516
ENSG00000143457	GOLPH3L	4	2.32193	1.514	1.3547	1.8788	-0.5241
ENSG00000183621	ZNF438	5	2.58496	0.882	1.3545	-0.85241	2.20691
ENSG00000162951	LRRTM1	1	1	0.39	1.3541	0.54028	0.81382
ENSG00000173320	STOX2	1	1	0.574	1.354	1.5618	-0.2078
ENSG00000146904	EPHA1	2	1.58496	0.989	1.353	1.0809	0.2721
ENSG00000132432	SEC61G	3	2	1.615	1.3527	0.14221	1.21049
ENSG00000002016	RAD52	2	1.58496	1.185	1.3526	-0.11778	1.47038
ENSG00000170615	SLC26A5	7	3	0.765	1.3517	0.029022	1.32268
ENSG00000113845	TIMMDC1	6	2.80735	1.023	1.3497	1.4829	-0.1332
ENSG00000076864	RAP1GAP	4	2.32193	0.593	1.3495	2.0813	-0.7318
ENSG00000152785	BMP3	5	2.58496	0.835	1.3492	-0.62425	1.97345
ENSG00000254004	ZNF260	1	1	0.966	1.3492	0.94834	0.40086
ENSG00000149212	SESN3	1	1	0.425	1.348	0.91551	0.43249
ENSG00000174669	SLC29A2	1	1	1.015	1.3478	4.0794	-2.7316
ENSG00000183762	KREMEN1	3	2	0.848	1.3475	2.9129	-1.5654
ENSG00000157111	TMEM171	3	2	1.229	1.3474	2.5349	-1.1875
ENSG00000137812	KNL1	3	2	0.366	1.3471	2.273	-0.9259
ENSG00000164619	BMPER	1	1	0.652	1.3437	2.0599	-0.7162
ENSG00000188816	HMX2	1	1	1.214	1.3435	2.5429	-1.1994
ENSG00000144218	AFF3	12	3.70044	0.318	1.3434	1.1591	0.1843
ENSG00000136859	ANGPTL2	4	2.32193	0.643	1.3433	1.4968	-0.1535
ENSG00000108018	SORCS1	3	2	0.506	1.3424	0.050253	1.29215
ENSG00000135074	ADAM19	5	2.58496	0.739	1.3414	0.57219	0.76921
ENSG00000175866	BAIAP2	1	1	0.446	1.3414	0.85942	0.48198
ENSG00000149218	ENDOD1	1	1	1.843	1.341	0.14134	1.19966
ENSG00000178623	GPR35	12	3.70044	1.893	1.3399	3.6573	-2.3174
ENSG00000178573	MAF	28	4.85798	0.852	1.3399	0.50364	0.83626
ENSG00000062038	CDH3	4	2.32193	0.823	1.3399	0.11837	1.22153
ENSG00000107521	HPS1	1	1	0.879	1.3393	1.3007	0.0386
ENSG00000100321	SYNGR1	6	2.80735	0.901	1.3384	0.74655	0.59185
ENSG00000215912	TTC34	6	2.80735	1.467	1.3381	3.2441	-1.906
ENSG00000125166	GOT2	3	2	0.591	1.3377	2.8837	-1.546
ENSG00000175203	DCTN2	1	1	0.54	1.3369	1.6009	-0.264
ENSG00000132334	PTPRE	2	1.58496	0.635	1.3362	1.4006	-0.0644
ENSG00000154265	ABCA5	1	1	0.97	1.3355	-0.19538	1.53088
ENSG00000109320	NFKB1	19	4.32193	0.178	1.3355	0.77854	0.55696
ENSG00000129810	SGO1	5	2.58496	1.036	1.335	0.98222	0.35278
ENSG00000205089	CCNI2	2	1.58496	1.451	1.3349	0.63197	0.70293
ENSG00000133895	MEN1	2	1.58496	0.206	1.3349	1.0834	0.2515
ENSG00000174928	C3orf33	1	1	1.382	1.3337	3.1878	-1.8541
ENSG00000189120	SP6	1	1	0.873	1.3326	1.1379	0.1947
ENSG00000106333	PCOLCE	1	1	1.074	1.3311	2.0044	-0.6733
ENSG00000172171	TEFM	10	3.45943	0.808	1.331	1.0974	0.2336
ENSG00000054793	ATP9A	4	2.32193	0.455	1.3298	3.5886	-2.2588
ENSG00000178691	SUZ12	1	1	0.344	1.3294	-1.6574	2.9868
ENSG00000146731	CCT6A	2	1.58496	0.234	1.3284	1.7793	-0.4509
ENSG00000130402	ACTN4	2	1.58496	0.238	1.328	2.4123	-1.0843
ENSG00000083307	GRHL2	4	2.32193	0.367	1.3276	0.26451	1.06309
ENSG00000084731	KIF3C	4	2.32193	0.266	1.3276	0.12418	1.20342
ENSG00000114349	GNAT1	1	1	1.138	1.3275	2.3394	-1.0119
ENSG00000119927	GPAM	3	2	0.747	1.3272	1.86	-0.5328
ENSG00000164442	CITED2	8	3.16993	0.588	1.3269	1.6944	-0.3675
ENSG00000048540	LMO3	1	1	0.506	1.3265	0.086647	1.23985
ENSG00000132623	ANKEF1	1	1	0.77	1.3258	0.14329	1.18251
ENSG00000132471	WBP2	1	1	1.078	1.3257	1.0763	0.2494
ENSG00000112992	NNT	3	2	0.588	1.3256	-0.059792	1.38539
ENSG00000167880	EVPL	1	1	0.999	1.3256	0.57778	0.74782
ENSG00000182512	GLRX5	3	2	1.741	1.3248	0.83568	0.48912
ENSG00000157954	WIPI2	1	1	0.77	1.3245	-0.45692	1.78142
ENSG00000119913	TECTB	2	1.58496	1.256	1.3243	3.0462	-1.7219
ENSG00000126217	MCF2L	8	3.16993	0.77	1.3239	-0.44054	1.76444
ENSG00000180535	BHLHA15	2	1.58496	1.642	1.3236	0.32608	0.99752
ENSG00000129646	QRICH2	1	1	0.832	1.3236	0.16979	1.15381
ENSG00000112210	RAB23	4	2.32193	0.838	1.3231	0.40306	0.92004
ENSG00000172399	MYOZ2	1	1	1.033	1.3231	0.85185	0.47125
ENSG00000164620	RELL2	1	1	0.919	1.3227	0.44966	0.87304
ENSG00000163638	ADAMTS9	15	4	0.469	1.3223	-0.44533	1.76763
ENSG00000138688	KIAA1109	19	4.32193	0.579	1.322	3.4916	-2.1696
ENSG00000164363	SLC6A18	7	3	1.143	1.3212	-1.036	2.3572
ENSG00000186998	EMID1	5	2.58496	0.994	1.3208	1.3036	0.0172
ENSG00000257727	CNPY2	2	1.58496	1.039	1.3203	0.15054	1.16976
ENSG00000187800	PEAR1	1	1	1.051	1.3201	-0.19849	1.51859
ENSG00000179674	ARL14	2	1.58496	1.682	1.3201	0.81909	0.50101
ENSG00000130703	OSBPL2	1	1	0.467	1.3198	5.5337	-4.2139
ENSG00000130638	ATXN10	1	1	0.719	1.3194	1.2199	0.0995
ENSG00000168079	SCARA5	6	2.80735	1.394	1.3191	1.258	0.0611
ENSG00000008838	MED24	6	2.80735	0.761	1.3187	4.5581	-3.2394
ENSG00000182093	GET1	2	1.58496	1.237	1.3181	-0.49004	1.80814
ENSG00000128928	IVD	2	1.58496	0.776	1.3175	1.1879	0.1296
ENSG00000085265	FCN1	3	2	1.486	1.3173	1.7866	-0.4693
ENSG00000136280	CCM2	5	2.58496	0.753	1.3152	2.3226	-1.0074
ENSG00000129559	NEDD8	2	1.58496	0.352	1.3141	-1.0114	2.3255
ENSG00000172456	FGGY	9	3.32193	1.2	1.314	1.3563	-0.0423
ENSG00000184178	SCFD2	2	1.58496	1.182	1.3131	2.1923	-0.8792
ENSG00000095596	CYP26A1	8	3.16993	1.427	1.3128	0.013178	1.29962
ENSG00000140365	COMMD4	1	1	0.982	1.3126	0.041918	1.27068
ENSG00000139405	RITA1	1	1	1.93	1.3126	-1.1083	2.4209
ENSG00000189233	NUGGC	1	1	0.764	1.3121	2.0875	-0.7754
ENSG00000175390	EIF3F	5	2.58496	0.46	1.312	0.92951	0.38249
ENSG00000163810	TGM4	1	1	0.968	1.3106	3.3952	-2.0846
ENSG00000197980	LEKR1	4	2.32193	1.212	1.3103	1.2904	0.0199
ENSG00000197415	VEPH1	4	2.32193	1.068	1.31	-0.57593	1.88593
ENSG00000008130	NADK	2	1.58496	0.628	1.3099	2.2104	-0.9005
ENSG00000065060	UHRF1BP1	19	4.32193	0.679	1.3081	0.37935	0.92875
ENSG00000173933	RBM4	3	2	0.423	1.308	3.7381	-2.4301
ENSG00000173933	RBM4	3	2	0.423	1.308	3.4957	-2.1877
ENSG00000124783	SSR1	8	3.16993	0.654	1.3079	2.8856	-1.5777
ENSG00000171681	ATF7IP	6	2.80735	0.294	1.3079	2.0908	-0.7829
ENSG00000090339	ICAM1	6	2.80735	0.876	1.3074	-1.5164	2.8238
ENSG00000165323	FAT3	8	3.16993	0.347	1.3073	0.80206	0.50524
ENSG00000166405	RIC3	2	1.58496	1.217	1.3071	-0.72666	2.03376
ENSG00000183655	KLHL25	6	2.80735	1.726	1.3056	0.77922	0.52638
ENSG00000167674	HDGFL2	1	1	0.735	1.3052	1.6672	-0.362
ENSG00000142039	CCDC97	12	3.70044	1.149	1.3047	-0.57983	1.88453
ENSG00000127995	CASD1	1	1	0.617	1.304	1.9245	-0.6205
ENSG00000186212	SOWAHB	2	1.58496	1.342	1.3039	-0.08812	1.39202
ENSG00000110944	IL23A	1	1	1.401	1.3037	0.094158	1.20954
ENSG00000102962	CCL22	1	1	1.634	1.3036	2.4479	-1.1443
ENSG00000155749	FLACC1	12	3.70044	1.205	1.3029	1.4646	-0.1617
ENSG00000169398	PTK2	14	3.90689	0.399	1.3021	0.46787	0.83423
ENSG00000167447	SMG8	1	1	0.726	1.302	1.0396	0.2624
ENSG00000175334	BANF1	2	1.58496	0.286	1.3013	2.7583	-1.457
ENSG00000186205	MTARC1	4	2.32193	1.23	1.3009	-0.26314	1.56404
ENSG00000090006	LTBP4	6	2.80735	0.734	1.2987	1.3495	-0.0508
ENSG00000106025	TSPAN12	1	1	0.655	1.2979	1.2005	0.0974
ENSG00000123066	MED13L	8	3.16993	0.041	1.2973	1.6636	-0.3663
ENSG00000167553	TUBA1C	5	2.58496	0.688	1.2969	0.89874	0.39816
ENSG00000261701	HPR	8	3.16993	1.569	1.2956	3.4806	-2.185
ENSG00000173068	BNC2	37	5.24793	0.365	1.2949	1.1311	0.1638
ENSG00000177054	ZDHHC13	1	1	1.314	1.2945	-2.4659	3.7604
ENSG00000144821	MYH15	2	1.58496	1.02	1.2938	2.8529	-1.5591
ENSG00000138771	SHROOM3	10	3.45943	0.448	1.2937	0.71939	0.57431
ENSG00000118946	PCDH17	9	3.32193	0.425	1.2933	2.5054	-1.2121
ENSG00000044524	EPHA3	10	3.45943	0.508	1.2926	1.1139	0.1787
ENSG00000072818	ACAP1	9	3.32193	0.579	1.2926	0.29271	0.99989
ENSG00000169435	RASSF6	6	2.80735	1.522	1.2922	1.1799	0.1123
ENSG00000002726	AOC1	6	2.80735	1.253	1.292	0.95432	0.33768
ENSG00000171867	PRNP	2	1.58496	1.036	1.2918	-1.5505	2.8423
ENSG00000120549	KIAA1217	3	2	0.62	1.2912	-0.92724	2.21844
ENSG00000146409	SLC18B1	2	1.58496	1.537	1.2912	-0.0047362	1.29594
ENSG00000216490	IFI30	4	2.32193	1.503	1.2891	2.1583	-0.8692
ENSG00000164411	GJB7	1	1	1.967	1.288	0.26027	1.02773
ENSG00000133665	DYDC2	1	1	1.404	1.2876	0.30331	0.98429
ENSG00000170577	SIX2	1	1	1.24	1.2874	0.94702	0.34038
ENSG00000139567	ACVRL1	1	1	0.57	1.2871	-0.53404	1.82114
ENSG00000177455	CD19	1	1	0.627	1.2865	-0.9058	2.1923
ENSG00000197183	NOL4L	4	2.32193	0.187	1.2864	-0.34998	1.63638
ENSG00000161405	IKZF3	5	2.58496	0.244	1.2856	2.0732	-0.7876
ENSG00000088305	DNMT3B	6	2.80735	0.396	1.2854	0.5192	0.7662
ENSG00000196159	FAT4	3	2	0.317	1.2851	0.26437	1.02073
ENSG00000116106	EPHA4	2	1.58496	0.256	1.2842	1.7321	-0.4479
ENSG00000198898	CAPZA2	2	1.58496	0.444	1.2839	0.4928	0.7911
ENSG00000145685	LHFPL2	3	2	0.745	1.2836	2.0648	-0.7812
ENSG00000152556	PFKM	2	1.58496	0.774	1.2831	-0.23603	1.51913
ENSG00000120725	SIL1	1	1	1.023	1.283	0.67746	0.60554
ENSG00000049540	ELN	11	3.58496	0.696	1.2828	1.613	-0.3302
ENSG00000182612	TSPAN10	18	4.24793	1.454	1.2826	2.9418	-1.6592
ENSG00000119403	PHF19	4	2.32193	0.473	1.2824	-0.34376	1.62616
ENSG00000117500	TMED5	1	1	1.662	1.282	0.92502	0.35698
ENSG00000198963	RORB	9	3.32193	0.257	1.2818	3.1424	-1.8606
ENSG00000109805	NCAPG	4	2.32193	0.671	1.2807	-0.43271	1.71341
ENSG00000157216	SSBP3	2	1.58496	0.175	1.28	1.5976	-0.3176
ENSG00000136933	RABEPK	1	1	1.071	1.2797	-0.39002	1.66972
ENSG00000003393	ALS2	2	1.58496	0.649	1.2792	-0.061925	1.34112
ENSG00000205810	KLRC3	1	1	1.252	1.2778	0.15696	1.12084
ENSG00000065618	COL17A1	7	3	0.909	1.2765	-0.22482	1.50132
ENSG00000107859	PITX3	2	1.58496	0.691	1.2754	0.91283	0.36257
ENSG00000137960	GIPC2	2	1.58496	1.917	1.2751	3.0175	-1.7424
ENSG00000257017	HP	12	3.70044	1.013	1.2741	3.1567	-1.8826
ENSG00000175591	P2RY2	2	1.58496	1.917	1.2737	0.42494	0.84876
ENSG00000154721	JAM2	3	2	0.93	1.2731	-1.1223	2.3954
ENSG00000118655	DCLRE1B	9	3.32193	0.545	1.2729	1.5362	-0.2633
ENSG00000168036	CTNNB1	17	4.16993	0.139	1.2727	1.2049	0.0678
ENSG00000119541	VPS4B	1	1	0.548	1.2727	0.54811	0.72459
ENSG00000153107	ANAPC1	10	3.45943	0.273	1.272	0.20374	1.06826
ENSG00000170180	GYPA	1	1	1.717	1.2718	0.82898	0.44282
ENSG00000204033	LRIT2	3	2	1.379	1.2711	0.28723	0.98387
ENSG00000039987	BEST2	1	1	0.966	1.2704	1.5293	-0.2589
ENSG00000214787	MS4A4E	5	2.58496	1.859	1.2689	-0.34344	1.61234
ENSG00000188389	PDCD1	5	2.58496	0.891	1.2689	-0.018532	1.28743
ENSG00000162885	B3GALNT2	2	1.58496	1.041	1.2683	-0.88955	2.15785
ENSG00000106031	HOXA13	7	3	0.482	1.2664	0.42654	0.83986
ENSG00000133105	RXFP2	11	3.58496	1.095	1.2662	1.8692	-0.603
ENSG00000189319	FAM53B	5	2.58496	0.568	1.2661	0.73885	0.52725
ENSG00000064655	EYA2	12	3.70044	0.647	1.2657	-0.13343	1.39913
ENSG00000177971	IMP3	2	1.58496	1.955	1.2656	-0.7647	2.0303
ENSG00000149596	JPH2	3	2	1.051	1.2651	0.80809	0.45701
ENSG00000069849	ATP1B3	1	1	0.619	1.2651	2.7048	-1.4397
ENSG00000163507	CIP2A	1	1	1.057	1.2651	3.1247	-1.8596
ENSG00000130383	FUT5	4	2.32193	1.814	1.2642	-0.15653	1.42073
ENSG00000220201	ZGLP1	3	2	0.898	1.2638	0.48943	0.77437
ENSG00000105656	ELL	11	3.58496	0.466	1.2635	1.1273	0.1362
ENSG00000178700	DHFR2	3	2	1.32	1.2632	0.72785	0.53535
ENSG00000152582	SPEF2	4	2.32193	0.923	1.2631	-1.4568	2.7199
ENSG00000138629	UBL7	2	1.58496	0.751	1.2629	2.4354	-1.1725
ENSG00000185800	DMWD	4	2.32193	0.65	1.2621	-0.95906	2.22116
ENSG00000183098	GPC6	3	2	0.384	1.2617	1.258	0.0037
ENSG00000104044	OCA2	24	4.64386	0.869	1.2612	0.60855	0.65265
ENSG00000115009	CCL20	6	2.80735	1.849	1.2609	-0.3592	1.6201
ENSG00000158864	NDUFS2	1	1	0.69	1.2605	3.6851	-2.4246
ENSG00000079387	SENP1	1	1	0.426	1.2605	-0.29819	1.55869
ENSG00000104375	STK3	1	1	1.065	1.2604	1.9253	-0.6649
ENSG00000105371	ICAM4	5	2.58496	1.261	1.2603	-1.9035	3.1638
ENSG00000110074	FOXRED1	1	1	1.118	1.2597	1.5097	-0.25
ENSG00000115561	CHMP3	1	1	0.543	1.2597	1.7406	-0.4809
ENSG00000115561	CHMP3	1	1	0.543	1.2597	2.2105	-0.9508
ENSG00000136026	CKAP4	1	1	1.377	1.259	2.4028	-1.1438
ENSG00000115085	ZAP70	11	3.58496	0.624	1.2588	3.4425	-2.1837
ENSG00000128815	WDFY4	3	2	0.528	1.2587	1.3962	-0.1375
ENSG00000180917	CMTR2	1	1	1.009	1.2583	2.3688	-1.1105
ENSG00000134480	CCNH	1	1	1.05	1.2573	0.23232	1.02498
ENSG00000178233	TMEM151B	1	1	0.986	1.2571	0.80652	0.45058
ENSG00000095110	NXPE1	3	2	1.266	1.2566	-0.14512	1.40172
ENSG00000140968	IRF8	27	4.80735	0.462	1.2564	0.74077	0.51563
ENSG00000155760	FZD7	4	2.32193	0.781	1.2549	-1.4768	2.7317
ENSG00000092758	COL9A3	1	1	1.026	1.2548	0.068539	1.18626
ENSG00000162927	PUS10	14	3.90689	1.073	1.2536	1.6146	-0.361
ENSG00000172164	SNTB1	3	2	0.987	1.2535	2.7482	-1.4947
ENSG00000146360	GPR6	1	1	1.137	1.2535	1.5928	-0.3393
ENSG00000182718	ANXA2	1	1	0.985	1.2533	1.7705	-0.5172
ENSG00000134644	PUM1	2	1.58496	0.165	1.2531	2.5122	-1.2591
ENSG00000134283	PPHLN1	1	1	0.798	1.252	0.10791	1.14409
ENSG00000138639	ARHGAP24	3	2	0.797	1.252	-0.22804	1.48004
ENSG00000146350	TBC1D32	2	1.58496	0.984	1.2519	0.73645	0.51545
ENSG00000101019	UQCC1	26	4.75489	1.14	1.2517	2.0902	-0.8385
ENSG00000166923	GREM1	26	4.75489	0.856	1.2511	0.039154	1.21195
ENSG00000079805	DNM2	2	1.58496	0.239	1.251	2.8675	-1.6165
ENSG00000137473	TTC29	11	3.58496	0.887	1.251	1.857	-0.606
ENSG00000122483	CCDC18	1	1	0.901	1.2506	0.83987	0.41073
ENSG00000002919	SNX11	4	2.32193	0.884	1.2499	-0.34588	1.59578
ENSG00000172197	MBOAT1	2	1.58496	1.23	1.2494	1.2803	-0.0309
ENSG00000180999	C1orf105	3	2	0.915	1.2494	2.5941	-1.3447
ENSG00000065183	WDR3	1	1	0.779	1.2488	1.7067	-0.4579
ENSG00000178163	ZNF518B	1	1	0.551	1.2484	0.369	0.8794
ENSG00000171497	PPID	2	1.58496	1.303	1.2482	-1.3412	2.5894
ENSG00000118492	ADGB	1	1	0.941	1.2477	1.3953	-0.1476
ENSG00000169371	SNUPN	1	1	0.798	1.2475	-1.1347	2.3822
ENSG00000204764	RANBP17	3	2	1.38	1.2474	-0.084865	1.33227
ENSG00000168734	PKIG	2	1.58496	1.079	1.2469	-1.5358	2.7827
ENSG00000141380	SS18	1	1	0.474	1.2467	0.42755	0.81915
ENSG00000124177	CHD6	6	2.80735	0.221	1.2466	0.20484	1.04176
ENSG00000165752	STK32C	2	1.58496	0.863	1.2459	1.3383	-0.0924
ENSG00000100523	DDHD1	3	2	0.642	1.2455	0.040657	1.20484
ENSG00000188859	FAM78B	1	1	0.898	1.2455	-0.87836	2.12386
ENSG00000213762	ZNF134	1	1	1.959	1.244	0.93758	0.30642
ENSG00000054938	CHRDL2	7	3	0.994	1.2434	-1.7779	3.0213
ENSG00000109072	VTN	1	1	1.038	1.2421	1.081	0.1611
ENSG00000109072	VTN	1	1	1.038	1.2421	1.009	0.2331
ENSG00000111962	UST	1	1	0.719	1.2419	0.39164	0.85026
ENSG00000168646	AXIN2	2	1.58496	0.397	1.2416	-0.36453	1.60613
ENSG00000120686	UFM1	1	1	0.85	1.2415	-0.61175	1.85325
ENSG00000165732	DDX21	1	1	0.29	1.2412	0.68592	0.55528
ENSG00000137818	RPLP1	7	3	1.003	1.241	-2.1928	3.4338
ENSG00000162302	RPS6KA4	6	2.80735	0.627	1.2404	2.7309	-1.4905
ENSG00000165410	CFL2	2	1.58496	0.91	1.2402	0.19227	1.04793
ENSG00000143498	TAF1A	2	1.58496	0.801	1.2398	3.3819	-2.1421
ENSG00000130783	CCDC62	2	1.58496	1.012	1.2382	-0.10245	1.34065
ENSG00000106034	CPED1	1	1	1.142	1.2379	-0.095996	1.3339
ENSG00000163257	DCAF16	1	1	0.985	1.2375	-0.32325	1.56075
ENSG00000136828	RALGPS1	8	3.16993	0.358	1.2374	1.093	0.1444
ENSG00000102572	STK24	3	2	0.532	1.2369	1.8859	-0.649
ENSG00000025039	RRAGD	1	1	0.63	1.2368	-0.58885	1.82565
ENSG00000183230	CTNNA3	7	3	0.875	1.2355	1.2385	-0.003
ENSG00000196405	EVL	1	1	0.501	1.2354	2.6164	-1.381
ENSG00000157570	TSPAN18	4	2.32193	0.781	1.2349	0.2265	1.0084
ENSG00000087245	MMP2	3	2	0.654	1.2343	1.7015	-0.4672
ENSG00000185262	UBALD2	1	1	1.852	1.2335	-1.3237	2.5572
ENSG00000138780	GSTCD	2	1.58496	0.83	1.2333	-1.0249	2.2582
ENSG00000197142	ACSL5	1	1	0.702	1.233	2.5311	-1.2981
ENSG00000113597	TRAPPC13	1	1	1.108	1.2327	1.5734	-0.3407
ENSG00000118557	PMFBP1	19	4.32193	1.03	1.2322	3.878	-2.6458
ENSG00000183020	AP2A2	1	1	0.437	1.2321	1.0837	0.1484
ENSG00000139168	ZCRB1	1	1	1.057	1.2319	-0.087038	1.31894
ENSG00000152611	CAPSL	3	2	1.17	1.2305	0.4948	0.7357
ENSG00000114805	PLCH1	1	1	0.654	1.2288	4.1676	-2.9388
ENSG00000178695	KCTD12	2	1.58496	1.51	1.2287	-0.83221	2.06091
ENSG00000170788	DYDC1	1	1	1.06	1.228	0.36387	0.86413
ENSG00000172738	TMEM217	1	1	1.755	1.228	2.9077	-1.6797
ENSG00000198700	IPO9	3	2	0.31	1.2279	1.926	-0.6981
ENSG00000136935	GOLGA1	1	1	0.687	1.2277	-1.1963	2.424
ENSG00000149452	SLC22A8	1	1	1.003	1.2274	0.72528	0.50212
ENSG00000022355	GABRA1	1	1	0.282	1.2273	2.3501	-1.1228
ENSG00000197296	FITM2	1	1	0.989	1.2273	0.092791	1.13451
ENSG00000068784	SRBD1	4	2.32193	0.872	1.2267	-0.06724	1.29394
ENSG00000152193	OBI1	1	1	1.172	1.2267	2.1948	-0.9681
ENSG00000171310	CHST11	1	1	0.511	1.2265	2.4017	-1.1752
ENSG00000153066	TXNDC11	1	1	1.204	1.2262	0.88082	0.34538
ENSG00000130518	IQCN	4	2.32193	0.886	1.2254	0.59291	0.63249
ENSG00000175445	LPL	29	4.90689	1.075	1.2229	-0.39748	1.62038
ENSG00000109072	VTN	1	1	1.038	1.2225	1.081	0.1415
ENSG00000109072	VTN	1	1	1.038	1.2225	1.009	0.2135
ENSG00000183778	B3GALT5	2	1.58496	1.868	1.2224	0.19993	1.02247
ENSG00000108468	CBX1	2	1.58496	0.721	1.222	-0.51198	1.73398
ENSG00000091428	RAPGEF4	1	1	0.542	1.2205	2.1036	-0.8831
ENSG00000116793	PHTF1	14	3.90689	0.993	1.2205	1.0076	0.2129
ENSG00000135346	CGA	1	1	0.796	1.2193	0.8625	0.3568
ENSG00000080709	KCNN2	6	2.80735	0.661	1.2187	4.2102	-2.9915
ENSG00000197110	IFNL3	1	1	1.474	1.2181	-0.90985	2.12795
ENSG00000183709	IFNL2	1	1	1.361	1.2181	-0.90985	2.12795
ENSG00000105509	HAS1	2	1.58496	1.249	1.2178	0.26069	0.95711
ENSG00000146232	NFKBIE	1	1	0.655	1.2172	0.55656	0.66064
ENSG00000179361	ARID3B	1	1	0.332	1.2166	2.3583	-1.1417
ENSG00000163832	ELP6	2	1.58496	1.204	1.2166	1.4745	-0.2579
ENSG00000180071	ANKRD18A	1	1	0.872	1.2164	-0.0037509	1.22015
ENSG00000130762	ARHGEF16	5	2.58496	1.018	1.2152	0.4846	0.7306
ENSG00000100344	PNPLA3	45	5.52356	1.239	1.2151	0.79546	0.41964
ENSG00000157703	SVOPL	1	1	1.175	1.2146	2.8288	-1.6142
ENSG00000141560	FN3KRP	2	1.58496	1.409	1.2139	0.39673	0.81717
ENSG00000163468	CCT3	4	2.32193	0.282	1.2138	-1.262	2.4758
ENSG00000198909	MAP3K3	1	1	0.209	1.2133	-1.4156	2.6289
ENSG00000134255	CEPT1	1	1	0.359	1.2132	1.8669	-0.6537
ENSG00000113387	SUB1	1	1	0.394	1.213	-0.76548	1.97848
ENSG00000101074	R3HDML	1	1	1.198	1.2116	0.28706	0.92454
ENSG00000043355	ZIC2	4	2.32193	0.52	1.2113	-0.024813	1.23611
ENSG00000152683	SLC30A6	1	1	1	1.2107	0.91567	0.29503
ENSG00000143819	EPHX1	1	1	1.1	1.2105	1.9743	-0.7638
ENSG00000179142	CYP11B2	2	1.58496	1.008	1.2104	1.0835	0.1269
ENSG00000116641	DOCK7	2	1.58496	0.551	1.2093	-1.89	3.0993
ENSG00000138101	DTNB	7	3	0.936	1.2074	-0.90851	2.11591
ENSG00000080371	RAB21	1	1	1.354	1.207	0.70013	0.50687
ENSG00000197894	ADH5	1	1	1.191	1.2066	0.92783	0.27877
ENSG00000090581	GNPTG	1	1	1.369	1.2062	0.046314	1.15989
ENSG00000104613	INTS10	2	1.58496	0.686	1.206	0.62158	0.58442
ENSG00000105929	ATP6V0A4	1	1	0.916	1.2051	1.7841	-0.579
ENSG00000142920	AZIN2	1	1	0.797	1.2047	0.33663	0.86807
ENSG00000188191	PRKAR1B	1	1	0.686	1.2044	3.1525	-1.9481
ENSG00000164818	DNAAF5	1	1	1.12	1.2041	3.2275	-2.0234
ENSG00000145284	SCD5	1	1	0.907	1.203	-0.48235	1.68535
ENSG00000176438	SYNE3	2	1.58496	1.131	1.2025	-0.13161	1.33411
ENSG00000176601	MAP3K19	2	1.58496	0.961	1.2018	2.0646	-0.8628
ENSG00000174744	BRMS1	1	1	0.874	1.2017	4.0511	-2.8494
ENSG00000131437	KIF3A	4	2.32193	0.299	1.2011	0.60145	0.59965
ENSG00000139218	SCAF11	1	1	0.412	1.2009	2.3895	-1.1886
ENSG00000006747	SCIN	1	1	1.162	1.2006	0.32731	0.87329
ENSG00000005175	RPAP3	1	1	1.144	1.2005	2.2649	-1.0644
ENSG00000121879	PIK3CA	1	1	0.221	1.2003	-0.052871	1.25317
ENSG00000017260	ATP2C1	2	1.58496	0.402	1.199	0.19934	0.99966
ENSG00000140090	SLC24A4	6	2.80735	0.862	1.1987	3.2326	-2.0339
ENSG00000111850	SMIM8	1	1	1.714	1.1984	0.27873	0.91967
ENSG00000145623	OSMR	5	2.58496	0.927	1.1973	1.7493	-0.552
ENSG00000120457	KCNJ5	6	2.80735	0.912	1.1967	-1.0243	2.221
ENSG00000131187	F12	2	1.58496	1.286	1.1966	-0.20803	1.40463
ENSG00000137807	KIF23	1	1	0.279	1.1944	-1.9334	3.1278
ENSG00000162613	FUBP1	11	3.58496	0.277	1.1932	0.85151	0.34169
ENSG00000101624	CEP76	1	1	0.716	1.1922	1.6234	-0.4312
ENSG00000178222	RNF212	3	2	1.348	1.191	-0.35292	1.54392
ENSG00000101367	MAPRE1	3	2	0.376	1.1908	0.73114	0.45966
ENSG00000163472	TMEM79	1	1	1.302	1.1906	-0.70279	1.89339
ENSG00000148090	AUH	6	2.80735	0.994	1.1887	-0.75144	1.94014
ENSG00000171163	ZNF692	2	1.58496	1.109	1.1886	1.4035	-0.2149
ENSG00000143297	FCRL5	2	1.58496	1.009	1.1879	0.1575	1.0304
ENSG00000185946	RNPC3	1	1	1.041	1.1876	1.2297	-0.0421
ENSG00000105383	CD33	1	1	1.072	1.1874	0.2363	0.9511
ENSG00000088367	EPB41L1	9	3.32193	0.386	1.1872	1.9116	-0.7244
ENSG00000198919	DZIP3	1	1	0.781	1.1865	3.1673	-1.9808
ENSG00000107099	DOCK8	4	2.32193	0.622	1.1857	0.93765	0.24805
ENSG00000206557	TRIM71	3	2	0.275	1.1852	0.81625	0.36895
ENSG00000198860	TSEN15	8	3.16993	1.116	1.1848	-0.79611	1.98091
ENSG00000111707	SUDS3	1	1	0.732	1.1844	-0.39918	1.58358
ENSG00000170852	KBTBD2	2	1.58496	0.409	1.1833	-0.3212	1.5045
ENSG00000155011	DKK2	3	2	0.621	1.1831	0.021253	1.16185
ENSG00000158186	MRAS	12	3.70044	0.444	1.183	0.34322	0.83978
ENSG00000132855	ANGPTL3	9	3.32193	1.209	1.1823	-1.2944	2.4767
ENSG00000176476	SGF29	1	1	0.582	1.1813	0.39151	0.78979
ENSG00000134343	ANO3	5	2.58496	0.911	1.1802	1.3357	-0.1555
ENSG00000167103	PIP5KL1	2	1.58496	1.724	1.1795	1.6255	-0.446
ENSG00000176435	CLEC14A	2	1.58496	1.883	1.179	-0.15136	1.33036
ENSG00000183691	NOG	13	3.80735	0.367	1.1787	-0.69816	1.87686
ENSG00000196305	IARS1	1	1	0.911	1.1786	-0.38665	1.56525
ENSG00000198734	F5	45	5.52356	0.704	1.1784	1.0571	0.1213
ENSG00000134533	RERG	1	1	1.528	1.1781	1.8466	-0.6685
ENSG00000162494	LRRC38	1	1	0.612	1.1778	2.2835	-1.1057
ENSG00000165568	AKR1E2	2	1.58496	1.302	1.1775	-0.17933	1.35683
ENSG00000136147	PHF11	1	1	1.931	1.1765	1.6613	-0.4848
ENSG00000198055	GRK6	1	1	0.604	1.1761	0.035398	1.1407
ENSG00000163083	INHBB	17	4.16993	0.558	1.1758	2.1014	-0.9256
ENSG00000129235	TXNDC17	2	1.58496	1.38	1.1746	-1.3806	2.5552
ENSG00000124786	SLC35B3	2	1.58496	1.138	1.1738	-1.0336	2.2074
ENSG00000151224	MAT1A	2	1.58496	0.653	1.1731	1.1214	0.0517
ENSG00000149600	COMMD7	5	2.58496	1.147	1.1723	-0.14135	1.31365
ENSG00000171992	SYNPO	3	2	0.579	1.1714	-0.28769	1.45909
ENSG00000174417	TRHR	1	1	0.751	1.171	-1.3316	2.5026
ENSG00000172785	CBWD1	1	1	0.658	1.1707	-0.2859	1.4566
ENSG00000172785	CBWD1	1	1	0.658	1.1707	0.14606	1.02464
ENSG00000043143	JADE2	12	3.70044	0.25	1.1706	3.2421	-2.0715
ENSG00000140396	NCOA2	7	3	0.211	1.1694	0.89474	0.27466
ENSG00000155367	PPM1J	1	1	1.067	1.1679	0.89207	0.27583
ENSG00000069702	TGFBR3	12	3.70044	0.636	1.1676	0.52754	0.64006
ENSG00000163611	SPICE1	1	1	0.895	1.1668	0.70888	0.45792
ENSG00000171552	BCL2L1	2	1.58496	0.261	1.1667	0.79882	0.36788
ENSG00000122644	ARL4A	2	1.58496	0.77	1.165	0.39752	0.76748
ENSG00000048052	HDAC9	18	4.24793	0.377	1.165	0.67241	0.49259
ENSG00000181222	POLR2A	4	2.32193	0.202	1.1647	2.3294	-1.1647
ENSG00000076382	SPAG5	1	1	0.764	1.1645	1.5242	-0.3597
ENSG00000168056	LTBP3	13	3.80735	0.824	1.1643	-2.0242	3.1885
ENSG00000164244	PRRC1	1	1	1.139	1.1642	1.4932	-0.329
ENSG00000175832	ETV4	1	1	0.821	1.1633	1.9276	-0.7643
ENSG00000107593	PKD2L1	2	1.58496	1.003	1.1623	3.059	-1.8967
ENSG00000158528	PPP1R9A	2	1.58496	0.505	1.1615	1.8806	-0.7191
ENSG00000198216	CACNA1E	1	1	0.221	1.1606	1.8494	-0.6888
ENSG00000114867	EIF4G1	1	1	0.048	1.1605	4.3016	-3.1411
ENSG00000196683	TOMM7	2	1.58496	1.584	1.1593	-0.32611	1.48541
ENSG00000133878	DUSP26	3	2	0.977	1.1592	2.144	-0.9848
ENSG00000175470	PPP2R2D	2	1.58496	0.605	1.1587	0.84283	0.31587
ENSG00000128652	HOXD3	5	2.58496	0.637	1.1586	0.23598	0.92262
ENSG00000128652	HOXD3	5	2.58496	0.637	1.1586	-0.55895	1.71755
ENSG00000163535	SGO2	2	1.58496	0.817	1.1582	1.3888	-0.2306
ENSG00000187017	ESPN	1	1	1.307	1.1567	0.48076	0.67594
ENSG00000168143	FAM83B	1	1	0.915	1.1558	1.9303	-0.7745
ENSG00000180448	ARHGAP45	4	2.32193	0.75	1.1551	-0.01175	1.16685
ENSG00000074410	CA12	5	2.58496	0.968	1.1535	0.9918	0.1617
ENSG00000143842	SOX13	1	1	0.631	1.1533	0.92345	0.22985
ENSG00000125520	SLC2A4RG	4	2.32193	0.979	1.1528	1.3384	-0.1856
ENSG00000176142	TMEM39A	2	1.58496	0.58	1.1521	1.4548	-0.3027
ENSG00000182224	CYB5D1	5	2.58496	1.58	1.1514	-0.62672	1.77812
ENSG00000165841	CYP2C19	1	1	1.668	1.1514	1.625	-0.4736
ENSG00000145088	EAF2	1	1	1.136	1.1508	-0.46087	1.61167
ENSG00000085415	SEH1L	1	1	0.629	1.1505	1.5977	-0.4472
ENSG00000160882	CYP11B1	2	1.58496	0.923	1.1491	1.5391	-0.39
ENSG00000106460	TMEM106B	18	4.24793	0.813	1.1486	2.7488	-1.6002
ENSG00000204381	LAYN	6	2.80735	1.082	1.1485	2.7328	-1.5843
ENSG00000132824	SERINC3	1	1	0.633	1.1484	-1.7029	2.8513
ENSG00000146247	PHIP	1	1	0.246	1.1467	1.7988	-0.6521
ENSG00000254858	MPV17L2	1	1	1.535	1.1465	1.4266	-0.2801
ENSG00000151726	ACSL1	2	1.58496	0.555	1.1465	-0.052126	1.19863
ENSG00000187091	PLCD1	9	3.32193	0.954	1.146	0.60343	0.54257
ENSG00000197818	SLC9A8	1	1	1.01	1.1459	2.4824	-1.3365
ENSG00000112038	OPRM1	3	2	1.082	1.1436	-0.62689	1.77049
ENSG00000182704	TSKU	7	3	0.912	1.1433	0.77353	0.36977
ENSG00000183726	TMEM50A	1	1	0.753	1.1426	0.28602	0.85658
ENSG00000054690	PLEKHH1	1	1	0.854	1.1424	-1.1783	2.3207
ENSG00000136824	SMC2	12	3.70044	0.408	1.1423	1.718	-0.5757
ENSG00000133639	BTG1	1	1	0.458	1.142	0.84136	0.30064
ENSG00000039139	DNAH5	2	1.58496	0.764	1.1418	-0.38733	1.52913
ENSG00000258873	DUXA	5	2.58496	1.18	1.1411	-0.16065	1.30175
ENSG00000137078	SIT1	1	1	1.24	1.141	-0.45356	1.59456
ENSG00000121858	TNFSF10	6	2.80735	0.807	1.1405	-0.1023	1.2428
ENSG00000129219	PLD2	1	1	0.933	1.1401	0.64877	0.49133
ENSG00000184838	PRR16	9	3.32193	0.622	1.1378	2.1365	-0.9987
ENSG00000171720	HDAC3	2	1.58496	0.463	1.1372	0.35864	0.77856
ENSG00000171858	RPS21	6	2.80735	0.899	1.1365	0.7623	0.3742
ENSG00000065675	PRKCQ	14	3.90689	0.571	1.1363	1.8856	-0.7493
ENSG00000171224	FAM241B	1	1	1.332	1.1355	-0.441	1.5765
ENSG00000132963	POMP	1	1	1.191	1.1354	0.23747	0.89793
ENSG00000213614	HEXA	1	1	0.947	1.1354	-0.30833	1.44373
ENSG00000134046	MBD2	3	2	0.539	1.1351	2.8868	-1.7517
ENSG00000118257	NRP2	3	2	0.562	1.135	0.94894	0.18606
ENSG00000113638	TTC33	3	2	1.132	1.1329	0.068943	1.06396
ENSG00000174948	GPR149	3	2	1.285	1.1328	-0.50774	1.64054
ENSG00000196839	ADA	1	1	1.184	1.1328	1.4232	-0.2904
ENSG00000122585	NPY	1	1	1.419	1.1321	-0.45481	1.58691
ENSG00000006555	TTC22	2	1.58496	1.378	1.1312	0.094814	1.03639
ENSG00000114268	PFKFB4	2	1.58496	0.915	1.1311	0.52109	0.61001
ENSG00000104689	TNFRSF10A	6	2.80735	1.292	1.1305	-1.372	2.5025
ENSG00000184276	DEFB108B	1	1	1.849	1.1303	-0.65318	1.78348
ENSG00000115339	GALNT3	6	2.80735	0.804	1.1297	0.14976	0.97994
ENSG00000154556	SORBS2	5	2.58496	0.599	1.1284	1.6262	-0.4978
ENSG00000038002	AGA	1	1	0.938	1.1276	-0.72863	1.85623
ENSG00000168913	ENHO	3	2	1.871	1.1276	0.38555	0.74205
ENSG00000111224	PARP11	1	1	1.061	1.1272	1.8092	-0.682
ENSG00000097046	CDC7	3	2	0.889	1.1271	0.78221	0.34489
ENSG00000060982	BCAT1	3	2	1.219	1.1264	1.2022	-0.0758
ENSG00000148175	STOM	2	1.58496	1.126	1.125	0.21559	0.90941
ENSG00000125848	FLRT3	4	2.32193	0.585	1.125	1.6444	-0.5194
ENSG00000112699	GMDS	15	4	0.719	1.1235	1.1287	-0.0052
ENSG00000145390	USP53	3	2	0.907	1.1232	-0.52248	1.64568
ENSG00000185880	TRIM69	1	1	0.979	1.1228	1.8096	-0.6868
ENSG00000125864	BFSP1	1	1	1.371	1.1225	-0.28721	1.40971
ENSG00000226807	MROH5	2	1.58496	1.553	1.1225	-0.42239	1.54489
ENSG00000132549	VPS13B	3	2	0.708	1.1208	0.87815	0.24265
ENSG00000151778	SERP2	6	2.80735	1.84	1.1204	-0.23477	1.35517
ENSG00000100485	SOS2	6	2.80735	0.415	1.12	0.0017892	1.11821
ENSG00000153246	PLA2R1	3	2	1	1.1179	0.63246	0.48544
ENSG00000164535	DAGLB	5	2.58496	1.121	1.1177	0.85599	0.26171
ENSG00000134851	TMEM165	1	1	1.071	1.1166	-0.73183	1.84843
ENSG00000053918	KCNQ1	18	4.24793	0.915	1.1164	0.33396	0.78244
ENSG00000034533	ASTE1	1	1	1.291	1.116	-0.30389	1.41989
ENSG00000138772	ANXA3	2	1.58496	1.244	1.1154	0.4475	0.6679
ENSG00000106128	GHRHR	2	1.58496	0.984	1.1154	-1.0537	2.1691
ENSG00000123612	ACVR1C	2	1.58496	0.6	1.1147	-1.1537	2.2684
ENSG00000002587	HS3ST1	2	1.58496	0.709	1.1138	0.26588	0.84792
ENSG00000063761	ADCK1	1	1	0.916	1.1134	-0.87012	1.98352
ENSG00000032219	ARID4A	4	2.32193	0.339	1.1124	1.4343	-0.3219
ENSG00000160013	PTGIR	2	1.58496	1.878	1.1119	1.6645	-0.5526
ENSG00000167363	FN3K	3	2	1.503	1.1111	0.46069	0.65041
ENSG00000145740	SLC30A5	3	2	0.673	1.1104	1.9984	-0.888
ENSG00000108509	CAMTA2	1	1	0.512	1.1103	0.63161	0.47869
ENSG00000166987	MBD6	1	1	0.5	1.1099	1.0487	0.0612
ENSG00000132153	DHX30	1	1	0.08	1.1095	0.83462	0.27488
ENSG00000151692	RNF144A	4	2.32193	0.55	1.1094	1.2984	-0.189
ENSG00000111424	VDR	2	1.58496	0.714	1.1093	1.0626	0.0467
ENSG00000104369	JPH1	1	1	0.365	1.1091	2.9136	-1.8045
ENSG00000118515	SGK1	3	2	0.716	1.1079	-0.44699	1.55489
ENSG00000100567	PSMA3	1	1	0.406	1.1078	2.3672	-1.2594
ENSG00000128789	PSMG2	2	1.58496	0.788	1.1075	1.5793	-0.4718
ENSG00000185634	SHC4	2	1.58496	0.717	1.1071	-0.074697	1.1818
ENSG00000164855	TMEM184A	1	1	1.346	1.1068	-0.1079	1.2147
ENSG00000249581	CLRN2	2	1.58496	1.19	1.1066	0.5975	0.5091
ENSG00000139842	CUL4A	1	1	0.324	1.1058	5.5059	-4.4001
ENSG00000134640	MTNR1B	9	3.32193	1.917	1.1056	-0.24603	1.35163
ENSG00000175115	PACS1	3	2	0.3	1.1054	5.8022	-4.6968
ENSG00000136827	TOR1A	1	1	0.84	1.1049	-0.8748	1.9797
ENSG00000184640	SEPTIN9	5	2.58496	0.39	1.1047	-0.20877	1.31347
ENSG00000136929	HEMGN	2	1.58496	0.942	1.1039	2.076	-0.9721
ENSG00000149084	HSD17B12	4	2.32193	1.311	1.1036	-0.61857	1.72217
ENSG00000101306	MYLK2	1	1	0.635	1.1028	0.55011	0.55269
ENSG00000100307	CBX7	1	1	0.767	1.1028	2.3101	-1.2073
ENSG00000149503	INCENP	5	2.58496	0.539	1.1021	1.4377	-0.3356
ENSG00000126561	STAT5A	2	1.58496	0.364	1.102	0.5708	0.5312
ENSG00000122859	NEUROG3	3	2	1.892	1.1014	1.3079	-0.2065
ENSG00000081019	RSBN1	4	2.32193	0.507	1.1013	1.7119	-0.6106
ENSG00000197948	FCHSD1	2	1.58496	1.319	1.1012	0.73467	0.36653
ENSG00000139220	PPFIA2	1	1	0.362	1.101	1.9852	-0.8842
ENSG00000106633	GCK	12	3.70044	0.866	1.1005	1.6126	-0.5121
ENSG00000184828	ZBTB7C	1	1	0.629	1.1	0.4926	0.6074
ENSG00000144749	LRIG1	4	2.32193	0.646	1.0996	1.2259	-0.1263
ENSG00000113520	IL4	4	2.32193	0.797	1.0995	1.121	-0.0215
ENSG00000181722	ZBTB20	11	3.58496	0.3	1.0994	1.5753	-0.4759
ENSG00000119900	OGFRL1	2	1.58496	1.306	1.0977	0.38442	0.71328
ENSG00000049247	UTS2	1	1	1.299	1.0975	-0.37109	1.46859
ENSG00000163964	PIGX	1	1	1.737	1.0973	-0.96765	2.06495
ENSG00000129003	VPS13C	5	2.58496	0.857	1.0971	2.8014	-1.7043
ENSG00000143333	RGS16	1	1	0.991	1.0967	2.5941	-1.4974
ENSG00000137714	FDX1	4	2.32193	1.293	1.0965	0.22747	0.86903
ENSG00000005073	HOXA11	1	1	0.605	1.0961	0.12445	0.97165
ENSG00000109189	USP46	1	1	0.482	1.0961	-0.6991	1.7952
ENSG00000123179	EBPL	1	1	1.412	1.096	1.6688	-0.5728
ENSG00000184302	SIX6	6	2.80735	0.921	1.096	-0.62737	1.72337
ENSG00000185869	ZNF829	3	2	0.911	1.0953	1.5912	-0.4959
ENSG00000148604	RGR	1	1	1.413	1.0946	0.14294	0.95166
ENSG00000120370	GORAB	4	2.32193	0.802	1.0944	-1.4988	2.5932
ENSG00000101187	SLCO4A1	4	2.32193	1.059	1.0941	-1.0295	2.1236
ENSG00000139343	SNRPF	2	1.58496	1.174	1.0932	0.20076	0.89244
ENSG00000148143	ZNF462	11	3.58496	0.082	1.0918	0.66375	0.42805
ENSG00000112541	PDE10A	9	3.32193	0.427	1.0916	0.46079	0.63081
ENSG00000158748	HTR6	1	1	1.412	1.0909	5.0464	-3.9555
ENSG00000188636	RTL6	2	1.58496	1.2	1.0904	2.1991	-1.1087
ENSG00000176171	BNIP3	3	2	1.095	1.0902	0.58873	0.50147
ENSG00000113719	ERGIC1	7	3	0.683	1.0901	-0.44057	1.53067
ENSG00000071127	WDR1	3	2	0.449	1.09	-2.2042	3.2942
ENSG00000122965	RBM19	1	1	0.952	1.09	0.80726	0.28274
ENSG00000165929	TC2N	3	2	1.165	1.0899	0.77572	0.31418
ENSG00000130479	MAP1S	3	2	0.777	1.0893	2.7834	-1.6941
ENSG00000272325	NUDT3	4	2.32193	0.679	1.0873	0.59569	0.49161
ENSG00000143512	HHIPL2	2	1.58496	1.163	1.087	3.6875	-2.6005
ENSG00000153094	BCL2L11	37	5.24793	1.23	1.0866	1.6618	-0.5752
ENSG00000181004	BBS12	3	2	1.419	1.086	0.72047	0.36553
ENSG00000178425	NT5DC1	6	2.80735	1.406	1.0857	3.898	-2.8123
ENSG00000253457	SMIM18	1	1	1.443	1.0856	1.0885	-0.0029
ENSG00000142089	IFITM3	2	1.58496	1.667	1.085	-2.0036	3.0886
ENSG00000088727	KIF9	1	1	0.873	1.0841	1.8478	-0.7637
ENSG00000122176	FMOD	1	1	0.805	1.0834	0.91873	0.16467
ENSG00000169194	IL13	25	4.70044	1.364	1.0818	0.54175	0.54005
ENSG00000253276	CCDC71L	17	4.16993	1.748	1.0817	-2.6683	3.75
ENSG00000183798	EMILIN3	1	1	1.127	1.0815	2.1579	-1.0764
ENSG00000144036	EXOC6B	1	1	0.688	1.0814	1.7245	-0.6431
ENSG00000170385	SLC30A1	1	1	0.409	1.0811	1.5704	-0.4893
ENSG00000177000	MTHFR	6	2.80735	0.859	1.0798	1.3022	-0.2224
ENSG00000103657	HERC1	2	1.58496	0.33	1.0797	1.978	-0.8983
ENSG00000137266	SLC22A23	5	2.58496	0.63	1.0797	0.28294	0.79676
ENSG00000162437	RAVER2	6	2.80735	0.815	1.0788	1.3295	-0.2507
ENSG00000174628	IQCK	1	1	1.582	1.0786	-0.16414	1.24274
ENSG00000213809	KLRK1	2	1.58496	1.663	1.0785	0.66853	0.40997
ENSG00000148384	INPP5E	3	2	1.179	1.0777	1.6671	-0.5894
ENSG00000060558	GNA15	1	1	0.906	1.0764	0.18151	0.89489
ENSG00000174807	CD248	6	2.80735	1.594	1.0763	3.8233	-2.747
ENSG00000140455	USP3	4	2.32193	0.456	1.0761	2.8274	-1.7513
ENSG00000110446	SLC15A3	1	1	1.19	1.0761	-0.48025	1.55635
ENSG00000139547	RDH16	1	1	1.466	1.0758	0.93822	0.13758
ENSG00000133083	DCLK1	1	1	0.31	1.0744	-0.042614	1.11701
ENSG00000153093	ACOXL	23	4.58496	1.239	1.0716	0.92961	0.14199
ENSG00000183779	ZNF703	2	1.58496	1.576	1.0708	0.33806	0.73274
ENSG00000197361	FBXL22	10	3.45943	1.736	1.0707	2.7895	-1.7188
ENSG00000130363	RSPH3	2	1.58496	0.784	1.07	1.7116	-0.6416
ENSG00000241973	PI4KA	1	1	0.548	1.0699	-0.62802	1.69792
ENSG00000159433	STARD9	2	1.58496	0.909	1.0691	5.3675	-4.2984
ENSG00000129521	EGLN3	2	1.58496	0.8	1.0676	-0.022341	1.08994
ENSG00000135926	TMBIM1	5	2.58496	1.114	1.0672	-0.13222	1.19942
ENSG00000197586	ENTPD6	1	1	0.949	1.0668	-0.45895	1.52575
ENSG00000103460	TOX3	26	4.75489	0.47	1.0667	1.6803	-0.6136
ENSG00000162881	OXER1	1	1	1.913	1.0667	-0.25371	1.32041
ENSG00000165409	TSHR	10	3.45943	1.012	1.0652	1.7177	-0.6525
ENSG00000055118	KCNH2	5	2.58496	0.568	1.065	1.1142	-0.0492
ENSG00000189139	FSCB	1	1	1.816	1.0648	-0.27084	1.33564
ENSG00000011021	CLCN6	10	3.45943	0.787	1.064	1.3264	-0.2624
ENSG00000197265	GTF2E2	2	1.58496	1.107	1.0631	1.1949	-0.1318
ENSG00000105989	WNT2	11	3.58496	0.511	1.0629	0.79729	0.26561
ENSG00000179008	C14orf39	9	3.32193	1.306	1.0624	-0.18575	1.24815
ENSG00000158258	CLSTN2	3	2	0.578	1.0621	0.41765	0.64445
ENSG00000183542	KLRC4	1	1	0.91	1.0621	0.68278	0.37932
ENSG00000167701	GPT	3	2	1.6	1.0612	-0.53409	1.59529
ENSG00000117505	DR1	2	1.58496	0.649	1.0612	0.66808	0.39312
ENSG00000130429	ARPC1B	2	1.58496	0.876	1.0604	0.83432	0.22608
ENSG00000116717	GADD45A	2	1.58496	0.781	1.0601	-1.1896	2.2497
ENSG00000165474	GJB2	2	1.58496	1.965	1.0597	1.6974	-0.6377
ENSG00000116678	LEPR	3	2	0.589	1.0592	-0.68294	1.74214
ENSG00000116678	LEPR	3	2	0.589	1.0592	-0.63667	1.69587
ENSG00000182010	RTKN2	10	3.45943	1.447	1.0587	1.1063	-0.0476
ENSG00000185009	AP3M1	5	2.58496	0.823	1.0567	2.5581	-1.5014
ENSG00000080608	PUM3	3	2	1.363	1.0559	1.108	-0.0521
ENSG00000173467	AGR3	3	2	1.932	1.0552	1.0757	-0.0205
ENSG00000101246	ARFRP1	9	3.32193	0.935	1.055	1.4575	-0.4025
ENSG00000144229	THSD7B	4	2.32193	0.763	1.0545	0.85792	0.19658
ENSG00000103510	KAT8	2	1.58496	0.852	1.0538	0.47163	0.58217
ENSG00000196990	FAM163B	7	3	1.565	1.0534	0.43485	0.61855
ENSG00000109458	GAB1	1	1	0.503	1.0532	0.35669	0.69651
ENSG00000137252	HCRTR2	1	1	0.6	1.0514	1.9359	-0.8845
ENSG00000197168	NEK5	1	1	0.937	1.0513	0.13236	0.91894
ENSG00000205403	CFI	9	3.32193	1.076	1.051	-0.29768	1.34868
ENSG00000124562	SNRPC	17	4.16993	0.904	1.0493	0.26975	0.77955
ENSG00000180488	MIGA1	2	1.58496	1.029	1.0487	0.8697	0.179
ENSG00000147874	HAUS6	7	3	1.211	1.0483	-0.47892	1.52722
ENSG00000077498	TYR	43	5.45943	1.346	1.0483	3.001	-1.9527
ENSG00000132773	TOE1	1	1	1.225	1.0483	1.2566	-0.2083
ENSG00000114784	EIF1B	2	1.58496	0.8	1.0482	1.6992	-0.651
ENSG00000197584	KCNMB2	2	1.58496	0.586	1.0475	2.4337	-1.3862
ENSG00000130477	UNC13A	4	2.32193	0.389	1.0474	2.4705	-1.4231
ENSG00000034152	MAP2K3	4	2.32193	0.993	1.0472	1.524	-0.4768
ENSG00000135862	LAMC1	13	3.80735	0.264	1.0458	-1.3799	2.4257
ENSG00000020633	RUNX3	27	4.80735	0.698	1.0457	0.5235	0.5222
ENSG00000112081	SRSF3	3	2	0.145	1.0453	-1.135	2.1803
ENSG00000184014	DENND5A	1	1	0.574	1.045	1.0159	0.0291
ENSG00000099958	DERL3	2	1.58496	1.414	1.0443	-0.66336	1.70766
ENSG00000204978	ERICH4	1	1	1.89	1.0441	0.4233	0.6208
ENSG00000110455	ACCS	1	1	0.899	1.0437	1.7038	-0.6601
ENSG00000085831	TTC39A	5	2.58496	0.75	1.0419	0.15993	0.88197
ENSG00000256223	ZNF10	1	1	1.204	1.0418	-1.4634	2.5052
ENSG00000038427	VCAN	3	2	0.223	1.0413	-0.10663	1.14793
ENSG00000131507	NDFIP1	14	3.90689	0.582	1.0411	0.27057	0.77053
ENSG00000170162	VGLL2	8	3.16993	1.219	1.0405	0.041289	0.999211
ENSG00000133477	FAM83F	1	1	1.55	1.0388	1.0723	-0.0335
ENSG00000114331	ACAP2	1	1	0.47	1.0379	1.8432	-0.8053
ENSG00000116678	LEPR	3	2	0.589	1.0379	-0.68294	1.72084
ENSG00000116678	LEPR	3	2	0.589	1.0379	-0.63667	1.67457
ENSG00000121380	BCL2L14	3	2	0.96	1.0377	-0.76041	1.79811
ENSG00000184428	TOP1MT	1	1	1.266	1.0375	1.4382	-0.4007
ENSG00000174175	SELP	2	1.58496	0.972	1.0374	1.7934	-0.756
ENSG00000032742	IFT88	1	1	1.023	1.0368	0.59462	0.44218
ENSG00000148396	SEC16A	5	2.58496	0.621	1.0365	1.6934	-0.6569
ENSG00000162779	AXDND1	3	2	0.981	1.0363	1.6366	-0.6003
ENSG00000095397	WHRN	2	1.58496	0.808	1.0347	0.85309	0.18161
ENSG00000087589	CASS4	2	1.58496	0.53	1.0345	-1.8465	2.881
ENSG00000181541	MAB21L2	3	2	0.727	1.0345	-0.39436	1.42886
ENSG00000163820	FYCO1	2	1.58496	0.847	1.034	-1.1454	2.1794
ENSG00000075223	SEMA3C	4	2.32193	0.738	1.0337	-0.56567	1.59937
ENSG00000110448	CD5	4	2.32193	0.835	1.0322	0.98252	0.04968
ENSG00000173226	IQCB1	2	1.58496	0.889	1.031	-0.45343	1.48443
ENSG00000135218	CD36	2	1.58496	1.953	1.0308	-1.7941	2.8249
ENSG00000163904	SENP2	3	2	0.254	1.0304	-0.157	1.1874
ENSG00000156127	BATF	4	2.32193	0.739	1.0299	0.60081	0.42909
ENSG00000099991	CABIN1	1	1	0.661	1.0297	-0.79359	1.82329
ENSG00000167984	NLRC3	1	1	1.386	1.0292	0.1286	0.9006
ENSG00000163485	ADORA1	6	2.80735	0.598	1.0286	0.15976	0.86884
ENSG00000134061	CD180	3	2	1.886	1.0281	-0.89123	1.91933
ENSG00000138785	INTS12	4	2.32193	0.532	1.028	-0.85306	1.88106
ENSG00000101126	ADNP	1	1	0.106	1.0278	0.88939	0.13841
ENSG00000116580	GON4L	4	2.32193	0.49	1.0277	0.35231	0.67539
ENSG00000079215	SLC1A3	1	1	0.607	1.0276	2.3902	-1.3626
ENSG00000099994	SUSD2	1	1	1.138	1.0274	-0.71143	1.73883
ENSG00000211584	SLC48A1	1	1	1.022	1.0271	2.9048	-1.8777
ENSG00000160551	TAOK1	1	1	0.216	1.027	2.0873	-1.0603
ENSG00000140105	WARS1	2	1.58496	0.456	1.0268	-0.33505	1.36185
ENSG00000140391	TSPAN3	3	2	0.709	1.0268	2.9992	-1.9724
ENSG00000186566	GPATCH8	1	1	0.253	1.025	1.9929	-0.9679
ENSG00000123329	ARHGAP9	1	1	1.023	1.0242	2.5634	-1.5392
ENSG00000139233	LLPH	9	3.32193	1.076	1.0238	1.2438	-0.22
ENSG00000166573	GALR1	1	1	0.983	1.0236	0.90201	0.12159
ENSG00000214290	COLCA2	15	4	0.699	1.0226	2.1502	-1.1276
ENSG00000204262	COL5A2	3	2	0.106	1.0225	-0.47531	1.49781
ENSG00000173706	HEG1	2	1.58496	0.645	1.0219	1.004	0.0179
ENSG00000079263	SP140	9	3.32193	0.745	1.0215	-1.0986	2.1201
ENSG00000108799	EZH1	1	1	0.439	1.0214	0.15584	0.86556
ENSG00000006788	MYH13	1	1	0.859	1.021	-0.12978	1.15078
ENSG00000145087	STXBP5L	2	1.58496	0.504	1.0207	2.1452	-1.1245
ENSG00000178750	STX19	1	1	1.419	1.0205	1.0967	-0.0762
ENSG00000179407	DNAJB8	4	2.32193	1.786	1.0198	0.83639	0.18341
ENSG00000082126	MPP4	1	1	1.1	1.0192	0.21679	0.80241
ENSG00000183908	LRRC55	5	2.58496	0.912	1.019	-1.2038	2.2228
ENSG00000110628	SLC22A18	2	1.58496	1.362	1.0185	-0.54382	1.56232
ENSG00000134138	MEIS2	9	3.32193	0.255	1.0175	0.14059	0.87691
ENSG00000170011	MYRIP	2	1.58496	0.636	1.0158	1.4141	-0.3983
ENSG00000135127	BICDL1	1	1	0.444	1.0157	1.2728	-0.2571
ENSG00000061936	SFSWAP	1	1	0.24	1.0147	1.15	-0.1353
ENSG00000164283	ESM1	1	1	0.862	1.0141	-0.2778	1.2919
ENSG00000110148	CCKBR	5	2.58496	1.18	1.0133	-0.39171	1.40501
ENSG00000179213	SIGLECL1	1	1	1.161	1.0121	0.79803	0.21407
ENSG00000137731	FXYD2	1	1	1.239	1.0121	1.0442	-0.0321
ENSG00000122042	UBL3	1	1	0.692	1.012	0.32027	0.69173
ENSG00000173436	MICOS10	1	1	1.398	1.0117	-0.25314	1.26484
ENSG00000176974	SHMT1	1	1	1.077	1.0115	-0.06861	1.08011
ENSG00000159184	HOXB13	5	2.58496	1.273	1.0109	0.47198	0.53892
ENSG00000123353	ORMDL2	1	1	1.281	1.0107	0.06813	0.94257
ENSG00000011566	MAP4K3	1	1	0.792	1.0092	1.8225	-0.8133
ENSG00000053254	FOXN3	3	2	0.373	1.0076	3.5359	-2.5283
ENSG00000003400	CASP10	3	2	1.046	1.0064	1.5271	-0.5207
ENSG00000050820	BCAR1	3	2	0.778	1.0059	0.29269	0.71321
ENSG00000179051	RCC2	7	3	0.508	1.0059	-0.083378	1.08928
ENSG00000128563	PRKRIP1	1	1	1.315	1.0059	-0.78973	1.79563
ENSG00000128563	PRKRIP1	1	1	1.315	1.0059	-1.1116	2.1175
ENSG00000167601	AXL	1	1	0.625	1.0054	-1.3994	2.4048
ENSG00000161955	TNFSF13	7	3	0.852	1.0044	1.3155	-0.3111
ENSG00000112561	TFEB	3	2	0.467	1.0034	1.0489	-0.0455
ENSG00000030419	IKZF2	11	3.58496	0.5	1.0026	0.72064	0.28196
ENSG00000116604	MEF2D	8	3.16993	0.285	1.0025	1.0092	-0.0067
ENSG00000136810	TXN	1	1	1.471	1.0024	0.9917	0.0107
ENSG00000145715	RASA1	2	1.58496	0.3	1.0022	0.42848	0.57372
ENSG00000104756	KCTD9	5	2.58496	0.444	1.0021	3.1215	-2.1194
ENSG00000006016	CRLF1	3	2	1.045	1.0021	2.4183	-1.4162
ENSG00000115073	ACTR1B	2	1.58496	0.968	1.0015	1.7187	-0.7172
ENSG00000240583	AQP1	5	2.58496	0.915	1.0014	-0.53858	1.53998
ENSG00000057657	PRDM1	17	4.16993	0.314	1.001	0.93628	0.06472
ENSG00000167580	AQP2	1	1	1.375	0.99921	2.0115	-1.01229
ENSG00000171044	XKR6	8	3.16993	0.639	0.99725	2.309	-1.31175
ENSG00000114670	NEK11	1	1	1.167	0.99649	0.35971	0.63678
ENSG00000121691	CAT	3	2	0.9	0.99569	-0.30526	1.30095
ENSG00000185100	ADSS1	3	2	1.245	0.99566	-0.65057	1.64623
ENSG00000166825	ANPEP	4	2.32193	0.705	0.9954	-1.2163	2.2117
ENSG00000253293	HOXA10	2	1.58496	0.834	0.99522	0.13712	0.8581
ENSG00000162604	TM2D1	4	2.32193	1.098	0.99433	1.1786	-0.18427
ENSG00000100526	CDKN3	2	1.58496	1.123	0.99347	1.9353	-0.94183
ENSG00000004864	SLC25A13	28	4.85798	0.937	0.99322	0.10296	0.89026
ENSG00000137168	PPIL1	1	1	1.073	0.99232	0.86619	0.12613
ENSG00000158716	DUSP23	1	1	1.352	0.99083	2.1712	-1.18037
ENSG00000146192	FGD2	2	1.58496	0.893	0.99042	1.2502	-0.25978
ENSG00000176046	NUPR1	2	1.58496	1.751	0.99032	0.13231	0.85801
ENSG00000102466	FGF14	2	1.58496	0.482	0.99004	0.54911	0.44093
ENSG00000145349	CAMK2D	11	3.58496	0.447	0.98948	-0.045618	1.0351
ENSG00000105364	MRPL4	1	1	1.236	0.98912	-0.6248	1.61392
ENSG00000087460	GNAS	9	3.32193	0.302	0.98805	2.9024	-1.91435
ENSG00000139318	DUSP6	10	3.45943	0.45	0.98793	0.3645	0.62343
ENSG00000149311	ATM	11	3.58496	0.847	0.98768	1.0525	-0.06482
ENSG00000113916	BCL6	16	4.08746	0.221	0.98757	0.035854	0.951716
ENSG00000158477	CD1A	2	1.58496	1.644	0.98729	1.3892	-0.40191
ENSG00000132481	TRIM47	2	1.58496	1.351	0.98719	1.1952	-0.20801
ENSG00000134873	CLDN10	3	2	1.208	0.98716	0.5013	0.48586
ENSG00000171862	PTEN	2	1.58496	0.685	0.98665	-0.90258	1.88923
ENSG00000184860	SDR42E1	2	1.58496	1.805	0.98636	0.9871	-0.00074
ENSG00000140577	CRTC3	4	2.32193	0.544	0.98595	2.0774	-1.09145
ENSG00000153786	ZDHHC7	1	1	0.528	0.98577	0.48345	0.50232
ENSG00000109472	CPE	2	1.58496	0.565	0.9848	1.9572	-0.9724
ENSG00000166926	MS4A6E	1	1	1.053	0.98445	-0.87419	1.85864
ENSG00000157881	PANK4	1	1	0.66	0.98395	3.1432	-2.15925
ENSG00000127054	INTS11	1	1	1.223	0.98391	0.38163	0.60228
ENSG00000163873	GRIK3	1	1	0.396	0.9837	-0.64862	1.63232
ENSG00000118777	ABCG2	14	3.90689	1.308	0.98276	-0.39066	1.37342
ENSG00000155893	PXYLP1	1	1	0.639	0.98115	-0.56781	1.54896
ENSG00000139631	CSAD	1	1	0.972	0.98044	2.0893	-1.10886
ENSG00000144559	TAMM41	1	1	1.08	0.98028	1.9611	-0.98082
ENSG00000168003	SLC3A2	1	1	0.907	0.97969	1.0574	-0.07771
ENSG00000137948	BRDT	1	1	0.801	0.97922	1.2806	-0.30138
ENSG00000116824	CD2	2	1.58496	1.143	0.97899	0.97177	0.00722
ENSG00000090612	ZNF268	3	2	1.411	0.97799	-0.91207	1.89006
ENSG00000029363	BCLAF1	1	1	0.213	0.97787	0.21795	0.75992
ENSG00000106789	CORO2A	1	1	0.902	0.97754	0.55222	0.42532
ENSG00000060491	OGFR	2	1.58496	0.984	0.97742	-0.051695	1.02912
ENSG00000157077	ZFYVE9	1	1	0.408	0.9771	-0.2583	1.2354
ENSG00000267673	FDX2	1	1	1.164	0.97652	0.7225	0.25402
ENSG00000196371	FUT4	1	1	1.216	0.9763	2.4649	-1.4886
ENSG00000188827	SLX4	1	1	0.896	0.9763	0.1811	0.7952
ENSG00000168594	ADAM29	5	2.58496	1.939	0.97607	1.7036	-0.72753
ENSG00000158966	CACHD1	2	1.58496	0.633	0.9754	-1.1766	2.152
ENSG00000016391	CHDH	1	1	1.092	0.975	2.0439	-1.0689
ENSG00000198369	SPRED2	14	3.90689	1.361	0.97472	0.23951	0.73521
ENSG00000163623	NKX6-1	4	2.32193	1.021	0.97386	-0.65151	1.62537
ENSG00000100201	DDX17	2	1.58496	0.252	0.97358	0.90487	0.06871
ENSG00000107854	TNKS2	1	1	0.713	0.97352	0.29444	0.67908
ENSG00000111859	NEDD9	1	1	0.432	0.97261	0.98545	-0.01284
ENSG00000180011	ZADH2	1	1	1.166	0.97261	-1.1968	2.16941
ENSG00000116786	PLEKHM2	3	2	1.086	0.97258	0.95632	0.01626
ENSG00000137563	GGH	3	2	1.488	0.97174	0.94572	0.02602
ENSG00000164123	C4orf45	1	1	1.795	0.97016	-0.37518	1.34534
ENSG00000082014	SMARCD3	2	1.58496	0.372	0.96956	2.9323	-1.96274
ENSG00000254656	RTL1	4	2.32193	1.869	0.96859	-0.81182	1.78041
ENSG00000061794	MRPS35	1	1	1.169	0.96844	0.68451	0.28393
ENSG00000175387	SMAD2	2	1.58496	0.249	0.96803	1.304	-0.33597
ENSG00000177302	TOP3A	1	1	0.737	0.96658	0.30646	0.66012
ENSG00000170613	FAM71B	2	1.58496	1.248	0.96647	-0.066981	1.03345
ENSG00000220205	VAMP2	2	1.58496	0.176	0.96581	1.0018	-0.03599
ENSG00000099783	HNRNPM	1	1	0.4	0.96556	0.12208	0.84348
ENSG00000164867	NOS3	28	4.85798	0.9	0.96443	1.4685	-0.50407
ENSG00000080493	SLC4A4	1	1	0.329	0.96419	0.66891	0.29528
ENSG00000165813	CCDC186	1	1	0.56	0.96403	1.076	-0.11197
ENSG00000187166	H1-7	4	2.32193	1.934	0.96397	-0.091291	1.05526
ENSG00000112234	FBXL4	1	1	0.841	0.96366	2.7753	-1.81164
ENSG00000162989	KCNJ3	3	2	0.223	0.96357	2.8152	-1.85163
ENSG00000184661	CDCA2	6	2.80735	0.84	0.96281	3.0254	-2.06259
ENSG00000178562	CD28	15	4	0.634	0.9628	0.87189	0.09091
ENSG00000183640	KRTAP8-1	1	1	1.619	0.96272	1.137	-0.17428
ENSG00000145014	TMEM44	2	1.58496	1.311	0.96076	0.010898	0.949862
ENSG00000142405	NLRP12	1	1	1.336	0.96045	-0.50392	1.46437
ENSG00000108342	CSF3	4	2.32193	1.237	0.96007	3.81	-2.84993
ENSG00000167969	ECI1	2	1.58496	1.485	0.95986	1.0635	-0.10364
ENSG00000134242	PTPN22	71	6.16993	0.944	0.95922	1.5851	-0.62588
ENSG00000135622	SEMA4F	1	1	0.825	0.95891	1.2964	-0.33749
ENSG00000157823	AP3S2	7	3	1.304	0.95874	-0.95255	1.91129
ENSG00000157823	AP3S2	7	3	1.304	0.95874	-1.1116	2.07034
ENSG00000146221	TCTE1	1	1	1.217	0.95747	0.53161	0.42586
ENSG00000174282	ZBTB4	7	3	0.385	0.95703	2.3637	-1.40667
ENSG00000129351	ILF3	11	3.58496	0.309	0.9569	3.938	-2.9811
ENSG00000198732	SMOC1	4	2.32193	0.6	0.95663	0.57959	0.37704
ENSG00000138496	PARP9	2	1.58496	0.821	0.95614	2.2633	-1.30716
ENSG00000170035	UBE2E3	6	2.80735	0.415	0.95573	5.0137	-4.05797
ENSG00000064545	TMEM161A	1	1	1.082	0.95563	0.93174	0.02389
ENSG00000088812	ATRN	2	1.58496	0.395	0.95441	1.0451	-0.09069
ENSG00000113231	PDE8B	11	3.58496	0.351	0.95427	-0.17298	1.12725
ENSG00000139155	SLCO1C1	5	2.58496	1.151	0.95342	0.29963	0.65379
ENSG00000135392	DNAJC14	2	1.58496	0.272	0.9534	-0.91034	1.86374
ENSG00000117602	RCAN3	2	1.58496	1.306	0.95311	-1.5361	2.48921
ENSG00000118873	RAB3GAP2	1	1	0.535	0.95294	2.8669	-1.91396
ENSG00000146197	SCUBE3	2	1.58496	0.402	0.95248	-0.59262	1.5451
ENSG00000103342	GSPT1	1	1	0.27	0.95217	0.084186	0.867984
ENSG00000106819	ASPN	1	1	1.526	0.95197	-0.45376	1.40573
ENSG00000167397	VKORC1	1	1	1.172	0.95192	0.42255	0.52937
ENSG00000178175	ZNF366	6	2.80735	0.601	0.95188	1.2025	-0.25062
ENSG00000081026	MAGI3	5	2.58496	0.472	0.95166	0.85329	0.09837
ENSG00000123737	EXOSC9	1	1	1.121	0.95108	0.094825	0.856255
ENSG00000049656	CLPTM1L	51	5.70044	0.737	0.95101	-0.21648	1.16749
ENSG00000175356	SCUBE2	1	1	1.001	0.95074	0.98059	-0.02985
ENSG00000173627	APOBEC4	1	1	1.412	0.95067	0.1447	0.80597
ENSG00000100225	FBXO7	1	1	0.955	0.95063	-0.56042	1.51105
ENSG00000158042	MRPL17	1	1	1.208	0.95046	-0.73496	1.68542
ENSG00000122378	PRXL2A	2	1.58496	1.423	0.95043	0.43838	0.51205
ENSG00000132692	BCAN	3	2	0.695	0.95038	-0.79123	1.74161
ENSG00000034053	APBA2	1	1	0.524	0.94943	2.6596	-1.71017
ENSG00000131355	ADGRE3	1	1	1.265	0.94935	1.4485	-0.49915
ENSG00000181026	AEN	1	1	1.666	0.94909	2.5751	-1.62601
ENSG00000138375	SMARCAL1	2	1.58496	0.795	0.94788	3.1571	-2.20922
ENSG00000185920	PTCH1	14	3.90689	0.146	0.94725	1.7756	-0.82835
ENSG00000157368	IL34	3	2	1.311	0.94601	2.019	-1.07299
ENSG00000155868	MED7	2	1.58496	0.761	0.9459	0.1749	0.771
ENSG00000136068	FLNB	6	2.80735	0.504	0.9454	-1.3729	2.3183
ENSG00000011422	PLAUR	5	2.58496	0.911	0.94387	0.063306	0.880564
ENSG00000153250	RBMS1	5	2.58496	0.411	0.94355	0.96708	-0.02353
ENSG00000103528	SYT17	1	1	0.665	0.94341	-0.3794	1.32281
ENSG00000087510	TFAP2C	8	3.16993	0.417	0.94297	-0.77028	1.71325
ENSG00000136531	SCN2A	2	1.58496	0.161	0.94266	2.4989	-1.55624
ENSG00000130584	ZBTB46	18	4.24793	0.379	0.94234	-0.54308	1.48542
ENSG00000174953	DHX36	4	2.32193	0.401	0.94184	0.17091	0.77093
ENSG00000183780	SLC35F3	2	1.58496	0.697	0.93877	1.6243	-0.68553
ENSG00000115355	CCDC88A	1	1	0.25	0.93866	0.23558	0.70308
ENSG00000138777	PPA2	4	2.32193	1.324	0.9386	-0.057045	0.995645
ENSG00000184470	TXNRD2	2	1.58496	1.18	0.93741	1.6351	-0.69769
ENSG00000137824	RMDN3	2	1.58496	0.802	0.93691	2.4279	-1.49099
ENSG00000168395	ING5	3	2	0.654	0.93677	0.72089	0.21588
ENSG00000113430	IRX4	6	2.80735	1.129	0.93639	1.0087	-0.07231
ENSG00000169347	GP2	6	2.80735	1.091	0.93622	1.6876	-0.75138
ENSG00000196678	ERI2	1	1	0.981	0.93606	0.94002	-0.00396
ENSG00000140015	KCNH5	2	1.58496	0.555	0.936	0.76854	0.16746
ENSG00000196132	MYT1	5	2.58496	0.257	0.93595	-0.69119	1.62714
ENSG00000214960	CRPPA	1	1	1.462	0.93527	0.41022	0.52505
ENSG00000175548	ALG10B	2	1.58496	1.018	0.93458	0.2122	0.72238
ENSG00000134323	MYCN	9	3.32193	0.311	0.93408	0.27558	0.6585
ENSG00000068097	HEATR6	1	1	0.882	0.93375	-0.14169	1.07544
ENSG00000089127	OAS1	7	3	0.817	0.93359	-0.54462	1.47821
ENSG00000113851	CRBN	1	1	1.147	0.93327	-0.040608	0.973878
ENSG00000181104	F2R	1	1	0.88	0.9328	1.0767	-0.1439
ENSG00000175305	CCNE2	2	1.58496	0.537	0.93252	1.3624	-0.42988
ENSG00000134775	FHOD3	2	1.58496	0.595	0.93197	2.8546	-1.92263
ENSG00000138823	MTTP	1	1	0.672	0.93183	-0.17595	1.10778
ENSG00000110079	MS4A4A	1	1	1.356	0.93172	-0.64048	1.5722
ENSG00000057019	DCBLD2	1	1	0.808	0.9315	-0.34795	1.27945
ENSG00000140519	RHCG	2	1.58496	0.917	0.93137	1.414	-0.48263
ENSG00000138653	NDST4	3	2	0.773	0.93087	-0.45389	1.38476
ENSG00000103351	CLUAP1	4	2.32193	1.23	0.93086	-0.99109	1.92195
ENSG00000102755	FLT1	5	2.58496	0.379	0.92886	1.6654	-0.73654
ENSG00000099956	SMARCB1	4	2.32193	0.221	0.92869	-0.0057053	0.934395
ENSG00000106927	AMBP	1	1	1.017	0.92828	0.32877	0.59951
ENSG00000141569	TRIM65	1	1	1.949	0.92798	0.60065	0.32733
ENSG00000149257	SERPINH1	4	2.32193	0.971	0.92781	0.88058	0.04723
ENSG00000156006	NAT2	9	3.32193	1.938	0.9278	1.0848	-0.157
ENSG00000152192	POU4F1	2	1.58496	0.713	0.92777	1.9566	-1.02883
ENSG00000082213	C5orf22	1	1	0.924	0.92763	0.63324	0.29439
ENSG00000119508	NR4A3	2	1.58496	0.437	0.92725	-0.95644	1.88369
ENSG00000144118	RALB	3	2	1.177	0.92697	2.4388	-1.51183
ENSG00000111671	SPSB2	1	1	1.632	0.92572	2.9179	-1.99218
ENSG00000167460	TPM4	2	1.58496	0.801	0.92562	0.18528	0.74034
ENSG00000103489	XYLT1	4	2.32193	0.478	0.9254	1.0604	-0.135
ENSG00000185013	NT5C1B	5	2.58496	0.953	0.92502	1.4386	-0.51358
ENSG00000260456	C16orf95	5	2.58496	1.694	0.9246	1.2745	-0.3499
ENSG00000104381	GDAP1	2	1.58496	0.963	0.92434	2.35	-1.42566
ENSG00000205978	NYNRIN	2	1.58496	0.696	0.924	0.25815	0.66585
ENSG00000172262	ZNF131	1	1	0.19	0.9226	0.82447	0.09813
ENSG00000115165	CYTIP	1	1	0.897	0.92167	-0.048558	0.970228
ENSG00000105281	SLC1A5	2	1.58496	1.076	0.92142	2.2709	-1.34948
ENSG00000099203	TMED1	1	1	1.435	0.92071	2.4226	-1.50189
ENSG00000164794	KCNV1	2	1.58496	0.177	0.92041	1.0969	-0.17649
ENSG00000154080	CHST9	2	1.58496	1.422	0.92036	0.9093	0.01106
ENSG00000111110	PPM1H	1	1	0.813	0.9203	-0.73695	1.65725
ENSG00000047365	ARAP2	2	1.58496	0.884	0.92028	2.1381	-1.21782
ENSG00000189057	FAM111B	1	1	1.817	0.92004	-1.3041	2.22414
ENSG00000143355	LHX9	2	1.58496	0.411	0.91953	2.2765	-1.35697
ENSG00000052344	PRSS8	1	1	0.789	0.91798	0.3516	0.56638
ENSG00000119912	IDE	1	1	0.638	0.91788	-0.74036	1.65824
ENSG00000121989	ACVR2A	5	2.58496	0.222	0.91726	0.044993	0.872267
ENSG00000112175	BMP5	21	4.45943	0.711	0.91573	0.4813	0.43443
ENSG00000142168	SOD1	2	1.58496	1.514	0.91525	0.86262	0.05263
ENSG00000100554	ATP6V1D	1	1	0.828	0.91364	1.2868	-0.37316
ENSG00000167751	KLK2	1	1	1.122	0.91344	-0.96129	1.87473
ENSG00000141441	GAREM1	3	2	0.507	0.91324	2.1124	-1.19916
ENSG00000182261	NLRP10	1	1	1.258	0.91317	0.94999	-0.03682
ENSG00000089737	DDX24	1	1	0.521	0.91268	0.62976	0.28292
ENSG00000147416	ATP6V1B2	1	1	0.457	0.91235	-0.77845	1.6908
ENSG00000139990	DCAF5	6	2.80735	0.191	0.91222	-0.33163	1.24385
ENSG00000143536	CRNN	1	1	1.111	0.91213	-1.1564	2.06853
ENSG00000083123	BCKDHB	6	2.80735	1.206	0.91213	0.80737	0.10476
ENSG00000113296	THBS4	1	1	0.946	0.91171	3.1756	-2.26389
ENSG00000078237	TIGAR	2	1.58496	1.194	0.91144	-0.66425	1.57569
ENSG00000143337	TOR1AIP1	1	1	0.869	0.91136	0.99024	-0.07888
ENSG00000154719	MRPL39	2	1.58496	1.178	0.91099	-0.62865	1.53964
ENSG00000158669	GPAT4	1	1	0.433	0.91071	0.32065	0.59006
ENSG00000176566	DCAF4L2	5	2.58496	1.096	0.91068	-0.7581	1.66878
ENSG00000120094	HOXB1	4	2.32193	0.749	0.91045	-0.72829	1.63874
ENSG00000181929	PRKAG1	1	1	0.735	0.91034	3.7416	-2.83126
ENSG00000082641	NFE2L1	4	2.32193	0.417	0.90999	0.77027	0.13972
ENSG00000135541	AHI1	14	3.90689	1.069	0.90978	-1.5273	2.43708
ENSG00000170464	DNAJC18	3	2	1	0.90964	0.70763	0.20201
ENSG00000149308	NPAT	3	2	0.474	0.9088	1.0395	-0.1307
ENSG00000170345	FOS	2	1.58496	0.581	0.90807	2.1828	-1.27473
ENSG00000163466	ARPC2	1	1	0.319	0.90802	0.061299	0.846721
ENSG00000125821	DTD1	3	2	0.809	0.90718	0.50816	0.39902
ENSG00000111331	OAS3	5	2.58496	1.112	0.90654	-0.64197	1.54851
ENSG00000118985	ELL2	4	2.32193	0.348	0.90654	-0.34785	1.25439
ENSG00000160256	SLX9	1	1	1.458	0.90563	2.2457	-1.34007
ENSG00000135272	MDFIC	19	4.32193	1.501	0.90532	-1.7951	2.70042
ENSG00000075391	RASAL2	1	1	0.552	0.9048	0.76149	0.14331
ENSG00000184990	SIVA1	1	1	0.972	0.90446	-0.26788	1.17234
ENSG00000142632	ARHGEF19	2	1.58496	1.327	0.90443	0.48204	0.42239
ENSG00000173702	MUC13	1	1	0.833	0.90406	-0.59115	1.49521
ENSG00000165181	SHOC1	2	1.58496	0.892	0.90381	0.030018	0.873792
ENSG00000127318	IL22	3	2	1.529	0.90364	0.23897	0.66467
ENSG00000140319	SRP14	6	2.80735	0.322	0.90353	0.059946	0.843584
ENSG00000173114	LRRN3	8	3.16993	0.559	0.90339	1.4882	-0.58481
ENSG00000102804	TSC22D1	1	1	0.199	0.90203	0.42364	0.47839
ENSG00000157168	NRG1	18	4.24793	0.397	0.90176	2.1779	-1.27614
ENSG00000127329	PTPRB	5	2.58496	0.466	0.90165	3.4953	-2.59365
ENSG00000184517	ZFP1	1	1	1.061	0.90099	-0.59524	1.49623
ENSG00000174891	RSRC1	12	3.70044	1.263	0.89978	-0.69234	1.59212
ENSG00000163132	MSX1	6	2.80735	1.289	0.89969	-0.36988	1.26957
ENSG00000135211	TMEM60	3	2	0.814	0.89952	-1.1739	2.07342
ENSG00000197114	ZGPAT	1	1	1.101	0.89927	1.4701	-0.57083
ENSG00000188624	IGFL3	2	1.58496	1.159	0.89749	1.5762	-0.67871
ENSG00000131196	NFATC1	20	4.39232	0.461	0.89723	-0.55397	1.4512
ENSG00000112972	HMGCS1	1	1	0.176	0.89621	0.31795	0.57826
ENSG00000120318	ARAP3	2	1.58496	0.598	0.89598	0.74549	0.15049
ENSG00000051180	RAD51	3	2	0.467	0.89559	2.2404	-1.34481
ENSG00000165097	KDM1B	2	1.58496	0.761	0.89517	0.28132	0.61385
ENSG00000213024	NUP62	4	2.32193	0.158	0.89479	1.6845	-0.78971
ENSG00000175274	TP53I11	1	1	0.655	0.89457	0.86004	0.03453
ENSG00000215262	KCNU1	9	3.32193	1.034	0.89449	0.68139	0.2131
ENSG00000100365	NCF4	7	3	1.005	0.89445	-0.5469	1.44135
ENSG00000138750	NUP54	2	1.58496	0.611	0.89334	0.10938	0.78396
ENSG00000113391	FAM172A	3	2	0.986	0.89326	1.2489	-0.35564
ENSG00000168952	STXBP6	6	2.80735	1.118	0.89263	0.94835	-0.05572
ENSG00000100242	SUN2	2	1.58496	0.756	0.89198	1.9121	-1.02012
ENSG00000102970	CCL17	1	1	1.797	0.89137	2.5441	-1.65273
ENSG00000061918	GUCY1B1	4	2.32193	0.798	0.89113	-0.2083	1.09943
ENSG00000164188	RANBP3L	1	1	1.205	0.89038	0.29199	0.59839
ENSG00000198324	PHETA1	8	3.16993	1.942	0.89024	-0.23256	1.1228
ENSG00000112339	HBS1L	12	3.70044	0.787	0.89023	-0.023906	0.914136
ENSG00000162367	TAL1	3	2	0.991	0.89001	0.29813	0.59188
ENSG00000006576	PHTF2	2	1.58496	1.115	0.8898	-0.60572	1.49552
ENSG00000127870	RNF6	2	1.58496	0.603	0.88945	-0.50077	1.39022
ENSG00000147697	GSDMC	29	4.90689	1.15	0.88941	0.35836	0.53105
ENSG00000005243	COPZ2	3	2	1.367	0.88915	0.37411	0.51504
ENSG00000138386	NAB1	8	3.16993	0.653	0.88902	2.0938	-1.20478
ENSG00000116017	ARID3A	5	2.58496	0.442	0.88789	0.032763	0.855127
ENSG00000116151	MORN1	3	2	1.391	0.88752	-0.78805	1.67557
ENSG00000128713	HOXD11	2	1.58496	1.425	0.88698	0.72292	0.16406
ENSG00000132938	MTUS2	2	1.58496	0.502	0.88689	1.0861	-0.19921
ENSG00000109184	DCUN1D4	1	1	0.787	0.88658	-0.29311	1.17969
ENSG00000198168	SVIP	4	2.32193	1.889	0.88651	0.49387	0.39264
ENSG00000074047	GLI2	5	2.58496	0.364	0.88632	1.0158	-0.12948
ENSG00000073614	KDM5A	2	1.58496	0.27	0.88631	1.5973	-0.71099
ENSG00000102543	CDADC1	1	1	0.917	0.88575	0.040357	0.845393
ENSG00000180902	D2HGDH	20	4.39232	0.909	0.88564	1.9609	-1.07526
ENSG00000101440	ASIP	5	2.58496	1.794	0.88527	0.34351	0.54176
ENSG00000076043	REXO2	1	1	1.314	0.88475	-0.23206	1.11681
ENSG00000157554	ERG	19	4.32193	0.234	0.88397	1.5627	-0.67873
ENSG00000141504	SAT2	1	1	1.073	0.88391	1.5434	-0.65949
ENSG00000126785	RHOJ	1	1	0.849	0.88345	2.1898	-1.30635
ENSG00000196372	ASB13	3	2	1.686	0.88324	0.09105	0.79219
ENSG00000130751	NPAS1	1	1	0.918	0.88314	0.90381	-0.02067
ENSG00000071189	SNX13	1	1	0.505	0.88247	0.37702	0.50545
ENSG00000183644	HOATZ	1	1	1.372	0.88156	2.5977	-1.71614
ENSG00000110315	RNF141	3	2	1.144	0.88109	3.1981	-2.31701
ENSG00000157557	ETS2	14	3.90689	0.434	0.88094	2.5765	-1.69556
ENSG00000183963	SMTN	1	1	0.738	0.88038	0.736	0.14438
ENSG00000125398	SOX9	30	4.9542	0.154	0.87988	-0.64349	1.52337
ENSG00000033100	CHPF2	1	1	1.136	0.8797	1.712	-0.8323
ENSG00000259571	BLID	5	2.58496	1.885	0.8795	-1.8566	2.7361
ENSG00000155897	ADCY8	3	2	0.586	0.8795	0.96012	-0.08062
ENSG00000105664	COMP	1	1	1.073	0.87919	1.3989	-0.51971
ENSG00000073849	ST6GAL1	8	3.16993	0.733	0.87897	0.59924	0.27973
ENSG00000172179	PRL	16	4.08746	1.439	0.87877	1.1091	-0.23033
ENSG00000036549	ZZZ3	1	1	0.289	0.87833	1.4056	-0.52727
ENSG00000150093	ITGB1	1	1	0.396	0.87775	-1.0583	1.93605
ENSG00000213463	SYNJ2BP	1	1	1.04	0.87706	-0.044198	0.921258
ENSG00000213463	SYNJ2BP	1	1	1.04	0.87706	0.13242	0.74464
ENSG00000185499	MUC1	14	3.90689	0.964	0.87702	2.0958	-1.21878
ENSG00000042088	TDP1	2	1.58496	0.983	0.87662	0.27081	0.60581
ENSG00000106049	HIBADH	9	3.32193	1.128	0.87574	0.35574	0.52
ENSG00000136861	CDK5RAP2	12	3.70044	0.692	0.87479	-0.27545	1.15024
ENSG00000198604	BAZ1A	5	2.58496	0.376	0.87325	-0.95124	1.82449
ENSG00000116497	S100PBP	1	1	0.526	0.87303	3.4934	-2.62037
ENSG00000118520	ARG1	1	1	0.833	0.87219	-0.63765	1.50984
ENSG00000081177	EXD2	4	2.32193	0.785	0.87194	-0.18765	1.05959
ENSG00000120690	ELF1	5	2.58496	0.656	0.87191	0.21215	0.65976
ENSG00000129244	ATP1B2	3	2	0.526	0.86965	1.5617	-0.69205
ENSG00000134222	PSRC1	35	5.16993	1.28	0.86894	2.2792	-1.41026
ENSG00000121853	GHSR	1	1	1.033	0.86778	0.16334	0.70444
ENSG00000177191	B3GNT8	1	1	1.855	0.86756	-0.12246	0.99002
ENSG00000018236	CNTN1	3	2	0.431	0.86755	0.020863	0.846687
ENSG00000216937	CCDC7	1	1	1.107	0.86744	-1.591	2.45844
ENSG00000188976	NOC2L	1	1	1.344	0.86742	-0.063266	0.930686
ENSG00000164692	COL1A2	1	1	0.339	0.86701	2.0713	-1.20429
ENSG00000008438	PGLYRP1	3	2	1.425	0.86654	0.7935	0.07304
ENSG00000164494	PDSS2	1	1	0.818	0.86617	0.13169	0.73448
ENSG00000121743	GJA3	1	1	1.922	0.86565	0.79407	0.07158
ENSG00000140382	HMG20A	8	3.16993	0.582	0.8656	2.0787	-1.2131
ENSG00000140262	TCF12	6	2.80735	0.609	0.86525	3.7043	-2.83905
ENSG00000171517	LPAR3	1	1	0.623	0.86404	0.44033	0.42371
ENSG00000168685	IL7R	29	4.90689	0.981	0.86395	0.36952	0.49443
ENSG00000102967	DHODH	3	2	1.034	0.86334	2.7143	-1.85096
ENSG00000145375	SPATA5	1	1	0.877	0.86311	0.22285	0.64026
ENSG00000104951	IL4I1	1	1	1.126	0.8627	1.8267	-0.964
ENSG00000006453	BAIAP2L1	2	1.58496	0.669	0.86209	-1.1804	2.04249
ENSG00000197256	KANK2	3	2	0.704	0.86198	-0.43668	1.29866
ENSG00000151006	PRSS53	16	4.08746	1.198	0.8612	0.29128	0.56992
ENSG00000183853	KIRREL1	1	1	0.412	0.86104	-0.18367	1.04471
ENSG00000243646	IL10RB	2	1.58496	1.053	0.86051	0.42973	0.43078
ENSG00000214128	TMEM213	2	1.58496	1.454	0.85969	0.49504	0.36465
ENSG00000079337	RAPGEF3	2	1.58496	0.954	0.85952	3.1832	-2.32368
ENSG00000174611	KY	1	1	0.767	0.85895	2.352	-1.49305
ENSG00000196428	TSC22D2	11	3.58496	0.221	0.85696	1.8805	-1.02354
ENSG00000166147	FBN1	8	3.16993	0.105	0.85662	-0.51969	1.37631
ENSG00000179627	ZBTB42	2	1.58496	1.631	0.85599	0.98275	-0.12676
ENSG00000085832	EPS15	2	1.58496	0.849	0.85474	0.11575	0.73899
ENSG00000109814	UGDH	1	1	0.902	0.85299	0.88243	-0.02944
ENSG00000169758	TMEM266	2	1.58496	0.922	0.8529	1.7245	-0.8716
ENSG00000205356	TECPR1	1	1	1.05	0.85243	-0.58721	1.43964
ENSG00000138443	ABI2	1	1	0.585	0.85242	1.2581	-0.40568
ENSG00000170390	DCLK2	4	2.32193	0.525	0.85233	-0.92044	1.77277
ENSG00000137038	DMAC1	4	2.32193	1.842	0.85214	1.3491	-0.49696
ENSG00000154240	CEP112	3	2	0.91	0.85091	-0.704	1.55491
ENSG00000152092	ASTN1	8	3.16993	0.392	0.84926	-1.333	2.18226
ENSG00000231213	PLSCR5	2	1.58496	1.921	0.84906	-0.24	1.08906
ENSG00000146410	MTFR2	2	1.58496	1.454	0.84874	-0.10336	0.9521
ENSG00000078304	PPP2R5C	1	1	0.198	0.84814	-0.5756	1.42374
ENSG00000112232	KHDRBS2	4	2.32193	0.884	0.84807	0.82768	0.02039
ENSG00000198812	LRRC10	1	1	0.935	0.8474	2.6042	-1.7568
ENSG00000134243	SORT1	35	5.16993	0.553	0.8473	3.3665	-2.5192
ENSG00000096070	BRPF3	2	1.58496	0.256	0.84684	1.3193	-0.47246
ENSG00000163644	PPM1K	1	1	0.819	0.84661	-1.9858	2.83241
ENSG00000156219	ART3	1	1	1.377	0.84507	-0.99589	1.84096
ENSG00000187715	KBTBD12	1	1	1.17	0.84504	-1.6068	2.45184
ENSG00000140678	ITGAX	3	2	0.841	0.84335	1.171	-0.32765
ENSG00000048471	SNX29	5	2.58496	0.947	0.84322	0.99799	-0.15477
ENSG00000048471	SNX29	5	2.58496	0.947	0.84322	-0.43401	1.27723
ENSG00000069493	CLEC2D	4	2.32193	1.502	0.8429	-0.36735	1.21025
ENSG00000162704	ARPC5	1	1	0.725	0.84191	0.19405	0.64786
ENSG00000198920	KIAA0753	1	1	1.071	0.84183	-1.4943	2.33613
ENSG00000156234	CXCL13	3	2	0.777	0.84179	-1.1776	2.01939
ENSG00000116183	PAPPA2	7	3	0.549	0.84151	-2.0127	2.85421
ENSG00000266200	PNLIPRP2	1	1	1.26	0.84122	-0.96728	1.8085
ENSG00000148219	ASTN2	21	4.45943	0.473	0.84108	2.6461	-1.80502
ENSG00000128683	GAD1	1	1	0.569	0.84093	-0.75869	1.59962
ENSG00000183960	KCNH8	3	2	0.81	0.8403	1.0949	-0.2546
ENSG00000128581	IFT22	1	1	0.884	0.84013	1.7115	-0.87137
ENSG00000115263	GCG	1	1	0.943	0.83909	1.1258	-0.28671
ENSG00000168591	TMUB2	1	1	1.268	0.83886	5.2341	-4.39524
ENSG00000099308	MAST3	5	2.58496	0.466	0.83687	1.604	-0.76713
ENSG00000151693	ASAP2	1	1	0.465	0.83627	2.2477	-1.41143
ENSG00000120833	SOCS2	2	1.58496	0.907	0.83615	-2.2904	3.12655
ENSG00000115993	TRAK2	1	1	0.893	0.83414	0.85742	-0.02328
ENSG00000142409	ZNF787	1	1	1.214	0.83399	0.3756	0.45839
ENSG00000126467	TSKS	1	1	0.587	0.83346	1.2285	-0.39504
ENSG00000163884	KLF15	2	1.58496	0.413	0.83236	0.29447	0.53789
ENSG00000134490	TMEM241	1	1	1.173	0.83196	2.3301	-1.49814
ENSG00000170989	S1PR1	1	1	0.322	0.83065	1.3183	-0.48765
ENSG00000214212	C19orf38	3	2	0.766	0.83062	2.326	-1.49538
ENSG00000163515	RETNLB	2	1.58496	1.852	0.83038	1.2103	-0.37992
ENSG00000120075	HOXB5	1	1	0.921	0.83023	-0.56049	1.39072
ENSG00000154274	C4orf19	1	1	1.66	0.83015	0.39591	0.43424
ENSG00000135312	HTR1B	2	1.58496	0.719	0.82996	3.7498	-2.91984
ENSG00000154269	ENPP3	2	1.58496	1.211	0.82906	1.6107	-0.78164
ENSG00000157823	AP3S2	7	3	1.304	0.82879	-0.95255	1.78134
ENSG00000157823	AP3S2	7	3	1.304	0.82879	-1.1116	1.94039
ENSG00000140829	DHX38	4	2.32193	0.752	0.82804	2.4871	-1.65906
ENSG00000117479	SLC19A2	20	4.39232	0.852	0.82735	0.28023	0.54712
ENSG00000067182	TNFRSF1A	5	2.58496	0.382	0.82683	0.58981	0.23702
ENSG00000156239	N6AMT1	1	1	1.915	0.82648	-0.14334	0.96982
ENSG00000150867	PIP4K2A	10	3.45943	0.623	0.82555	0.46137	0.36418
ENSG00000182768	NGRN	1	1	1.616	0.82534	1.2961	-0.47076
ENSG00000092295	TGM1	2	1.58496	0.847	0.8246	0.18578	0.63882
ENSG00000196151	WDSUB1	2	1.58496	1.135	0.82437	-0.12059	0.94496
ENSG00000136297	MMD2	1	1	1.352	0.82434	0.15307	0.67127
ENSG00000089060	SLC8B1	1	1	1	0.82394	-1.4193	2.24324
ENSG00000074771	NOX3	1	1	1.2	0.82372	0.98951	-0.16579
ENSG00000168785	TSPAN5	2	1.58496	0.421	0.82339	2.5506	-1.72721
ENSG00000149346	SLX4IP	1	1	1.129	0.82278	-0.19082	1.0136
ENSG00000020922	MRE11	1	1	0.801	0.82261	2.4712	-1.64859
ENSG00000169696	ASPSCR1	2	1.58496	1.051	0.82181	-1.8713	2.69311
ENSG00000163206	SMCP	2	1.58496	1.892	0.82175	0.83446	-0.01271
ENSG00000136930	PSMB7	4	2.32193	0.427	0.82144	-0.61468	1.43612
ENSG00000167994	RAB3IL1	2	1.58496	1.153	0.82142	2.6913	-1.86988
ENSG00000105393	BABAM1	2	1.58496	0.672	0.82126	0.75818	0.06308
ENSG00000204548	DEFB121	2	1.58496	1.956	0.8211	-0.16286	0.98396
ENSG00000005339	CREBBP	3	2	0.101	0.8188	1.1004	-0.2816
ENSG00000108556	CHRNE	2	1.58496	1.298	0.8186	0.63151	0.18709
ENSG00000136630	HLX	10	3.45943	0.415	0.81816	1.1278	-0.30964
ENSG00000145901	TNIP1	16	4.08746	0.373	0.81782	0.4088	0.40902
ENSG00000171840	NINJ2	2	1.58496	1.554	0.81723	1.5881	-0.77087
ENSG00000110975	SYT10	4	2.32193	0.814	0.8171	-0.84518	1.66228
ENSG00000117501	MROH9	2	1.58496	1.224	0.81617	-0.58677	1.40294
ENSG00000076351	SLC46A1	1	1	0.865	0.81555	1.3255	-0.50995
ENSG00000171124	FUT3	8	3.16993	1.942	0.81553	-0.42534	1.24087
ENSG00000163281	GNPDA2	14	3.90689	1.406	0.81535	-1.145	1.96035
ENSG00000172995	ARPP21	13	3.80735	0.711	0.81489	1.0673	-0.25241
ENSG00000072682	P4HA2	8	3.16993	0.841	0.81399	1.1707	-0.35671
ENSG00000100721	TCL1A	2	1.58496	0.921	0.81304	-1.779	2.59204
ENSG00000166323	C11orf65	12	3.70044	1.669	0.81233	0.9316	-0.11927
ENSG00000008226	DLEC1	4	2.32193	0.813	0.81229	0.28685	0.52544
ENSG00000167114	SLC27A4	2	1.58496	0.661	0.81194	1.4602	-0.64826
ENSG00000155849	ELMO1	12	3.70044	0.343	0.81157	-1.012	1.82357
ENSG00000153933	DGKE	4	2.32193	0.995	0.81125	0.53295	0.2783
ENSG00000104517	UBR5	1	1	0.073	0.81089	1.5602	-0.74931
ENSG00000139132	FGD4	2	1.58496	0.518	0.81086	1.2529	-0.44204
ENSG00000182247	UBE2E2	7	3	0.492	0.81062	0.13378	0.67684
ENSG00000143294	PRCC	1	1	0.403	0.8106	-0.027693	0.838293
ENSG00000125743	SNRPD2	1	1	0.396	0.81045	-0.22356	1.03401
ENSG00000132970	WASF3	8	3.16993	0.36	0.80989	-0.11177	0.92166
ENSG00000068724	TTC7A	1	1	1.198	0.80905	-1.1616	1.97065
ENSG00000197386	HTT	5	2.58496	0.353	0.80903	1.1564	-0.34737
ENSG00000184489	PTP4A3	1	1	0.916	0.809	-1.4436	2.2526
ENSG00000138829	FBN2	13	3.80735	0.312	0.80879	-1.3143	2.12309
ENSG00000173905	GOLIM4	1	1	0.772	0.80859	0.032346	0.776244
ENSG00000108352	RAPGEFL1	2	1.58496	0.696	0.80746	1.6149	-0.80744
ENSG00000060718	COL11A1	25	4.70044	0.349	0.80665	0.57011	0.23654
ENSG00000004866	ST7	1	1	0.52	0.8063	2.7537	-1.9474
ENSG00000150750	C11orf53	4	2.32193	1.365	0.80621	1.5492	-0.74299
ENSG00000186260	MRTFB	4	2.32193	0.351	0.80575	-0.11804	0.92379
ENSG00000124935	SCGB1D2	2	1.58496	1.705	0.80505	2.1451	-1.34005
ENSG00000139329	LUM	4	2.32193	1.023	0.80476	0.62737	0.17739
ENSG00000154553	PDLIM3	1	1	1.071	0.80454	-1.0613	1.86584
ENSG00000109906	ZBTB16	3	2	0.245	0.80405	2.7656	-1.96155
ENSG00000108515	ENO3	1	1	1.181	0.80371	0.41614	0.38757
ENSG00000169340	PDILT	17	4.16993	0.992	0.80355	1.6013	-0.79775
ENSG00000180872	DEFB112	1	1	1.955	0.80343	2.9292	-2.12577
ENSG00000164764	SBSPON	1	1	1.188	0.80276	-0.024865	0.827625
ENSG00000206530	CFAP44	2	1.58496	0.697	0.80198	0.34859	0.45339
ENSG00000110723	EXPH5	1	1	1.142	0.80148	-0.57681	1.37829
ENSG00000072858	SIDT1	3	2	1.217	0.80032	1.0339	-0.23358
ENSG00000175262	C1orf127	2	1.58496	0.945	0.80032	0.36844	0.43188
ENSG00000181418	DDN	8	3.16993	1.166	0.79915	3.7311	-2.93195
ENSG00000185033	SEMA4B	7	3	0.883	0.79812	0.55661	0.24151
ENSG00000155903	RASA2	6	2.80735	1.484	0.79711	0.4978	0.29931
ENSG00000150995	ITPR1	7	3	0.325	0.797	-0.69106	1.48806
ENSG00000136237	RAPGEF5	2	1.58496	0.741	0.79659	-0.88464	1.68123
ENSG00000138735	PDE5A	2	1.58496	0.704	0.79642	-0.71762	1.51404
ENSG00000128710	HOXD10	1	1	0.806	0.79641	0.45081	0.3456
ENSG00000132436	FIGNL1	3	2	0.615	0.79615	-0.86297	1.65912
ENSG00000110172	CHORDC1	2	1.58496	0.882	0.79585	2.0745	-1.27865
ENSG00000143321	HDGF	2	1.58496	0.396	0.79512	0.1012	0.69392
ENSG00000172270	BSG	1	1	1.254	0.79491	-0.89909	1.694
ENSG00000178385	PLEKHM3	5	2.58496	0.661	0.79402	0.46124	0.33278
ENSG00000132849	PATJ	2	1.58496	0.841	0.79384	0.21888	0.57496
ENSG00000167394	ZNF668	1	1	0.458	0.79369	0.22345	0.57024
ENSG00000147689	FAM83A	1	1	1.253	0.79366	2.0514	-1.25774
ENSG00000161956	SENP3	1	1	0.282	0.79333	1.4933	-0.69997
ENSG00000125965	GDF5	12	3.70044	0.71	0.79292	2.2305	-1.43758
ENSG00000196526	AFAP1	11	3.58496	0.918	0.79287	-0.90853	1.7014
ENSG00000105971	CAV2	7	3	0.938	0.79209	1.0767	-0.28461
ENSG00000103811	CTSH	14	3.90689	1.267	0.79174	0.9157	-0.12396
ENSG00000070610	GBA2	2	1.58496	0.773	0.79173	-0.86873	1.66046
ENSG00000064042	LIMCH1	3	2	0.768	0.79142	-0.14258	0.934
ENSG00000161847	RAVER1	3	2	0.89	0.79141	0.45209	0.33932
ENSG00000148735	PLEKHS1	1	1	1.42	0.79137	1.6267	-0.83533
ENSG00000170820	FSHR	6	2.80735	1.071	0.79063	1.6532	-0.86257
ENSG00000162517	PEF1	3	2	0.787	0.79019	1.9575	-1.16731
ENSG00000136560	TANK	8	3.16993	0.442	0.79005	2.0334	-1.24335
ENSG00000104142	VPS18	4	2.32193	0.434	0.78936	0.84608	-0.05672
ENSG00000187954	CYHR1	3	2	1.163	0.78857	-0.51131	1.29988
ENSG00000144791	LIMD1	2	1.58496	0.522	0.7874	0.33852	0.44888
ENSG00000005108	THSD7A	13	3.80735	0.5	0.78719	2.8566	-2.06941
ENSG00000197043	ANXA6	1	1	0.872	0.78714	0.63464	0.1525
ENSG00000153879	CEBPG	2	1.58496	1.072	0.78557	-0.014362	0.799932
ENSG00000087299	L2HGDH	5	2.58496	0.872	0.7852	0.18183	0.60337
ENSG00000123388	HOXC11	1	1	1.116	0.7846	-0.87786	1.66246
ENSG00000180479	ZNF571	1	1	1.157	0.78427	1.4229	-0.63863
ENSG00000137393	RNF144B	6	2.80735	1.009	0.78378	0.52714	0.25664
ENSG00000162438	CTRC	4	2.32193	1.147	0.78339	0.26607	0.51732
ENSG00000173535	TNFRSF10C	2	1.58496	1.472	0.78276	0.17466	0.6081
ENSG00000164113	ADAD1	16	4.08746	0.778	0.78219	3.4001	-2.61791
ENSG00000162928	PEX13	5	2.58496	1.159	0.78195	0.96596	-0.18401
ENSG00000198515	CNGA1	1	1	0.779	0.78173	1.1646	-0.38287
ENSG00000267508	ZNF285	2	1.58496	1.389	0.78152	1.2793	-0.49778
ENSG00000267508	ZNF285	2	1.58496	1.389	0.78152	-0.62925	1.41077
ENSG00000113889	KNG1	5	2.58496	0.575	0.78066	0.2397	0.54096
ENSG00000215915	ATAD3C	1	1	1.15	0.7799	-0.48857	1.26847
ENSG00000183530	PRR14L	1	1	0.638	0.77784	2.6015	-1.82366
ENSG00000062194	GPBP1	1	1	0.275	0.77768	-0.54494	1.32262
ENSG00000137941	TTLL7	9	3.32193	0.564	0.77763	1.5168	-0.73917
ENSG00000115295	CLIP4	3	2	0.72	0.77761	0.62929	0.14832
ENSG00000169344	UMOD	22	4.52356	1.241	0.77749	1.9248	-1.14731
ENSG00000123094	RASSF8	1	1	0.658	0.77737	0.47482	0.30255
ENSG00000125285	SOX21	1	1	1.716	0.77714	1.2176	-0.44046
ENSG00000169604	ANTXR1	9	3.32193	0.346	0.77684	0.56623	0.21061
ENSG00000154310	TNIK	1	1	0.338	0.7759	0.54443	0.23147
ENSG00000112773	TENT5A	8	3.16993	0.545	0.77511	3.1302	-2.35509
ENSG00000182255	KCNA4	6	2.80735	0.273	0.77498	-1.3377	2.11268
ENSG00000166326	TRIM44	2	1.58496	0.561	0.77466	-0.90145	1.67611
ENSG00000100599	RIN3	10	3.45943	0.863	0.77451	1.6602	-0.88569
ENSG00000197122	SRC	1	1	0.383	0.77427	0.77044	0.00383
ENSG00000153563	CD8A	1	1	1.496	0.77381	1.5612	-0.78739
ENSG00000069956	MAPK6	4	2.32193	0.465	0.7737	2.8505	-2.0768
ENSG00000196591	HDAC2	1	1	0.367	0.7736	-0.12249	0.89609
ENSG00000198471	RTP2	1	1	1.181	0.77358	0.2049	0.56868
ENSG00000266265	KLF14	25	4.70044	1.728	0.77342	0.55341	0.22001
ENSG00000177707	NECTIN3	1	1	0.316	0.77317	2.5382	-1.76503
ENSG00000116771	AGMAT	2	1.58496	1.712	0.77273	0.99633	-0.2236
ENSG00000147655	RSPO2	8	3.16993	0.668	0.77165	0.39983	0.37182
ENSG00000135899	SP110	1	1	0.826	0.77143	-0.96243	1.73386
ENSG00000170605	OR9K2	2	1.58496	1.805	0.77109	-0.091174	0.862264
ENSG00000147677	EIF3H	24	4.64386	0.799	0.77102	-1.1406	1.91162
ENSG00000164532	TBX20	6	2.80735	0.378	0.77078	-1.0118	1.78258
ENSG00000180245	RRH	1	1	1.364	0.77019	-0.1888	0.95899
ENSG00000027869	SH2D2A	6	2.80735	1.072	0.77003	-1.4087	2.17873
ENSG00000164400	CSF2	6	2.80735	0.619	0.76996	1.6966	-0.92664
ENSG00000062822	POLD1	5	2.58496	0.878	0.76944	1.4608	-0.69136
ENSG00000106392	C1GALT1	5	2.58496	0.589	0.76934	1.5351	-0.76576
ENSG00000058673	ZC3H11A	2	1.58496	0.287	0.76684	-0.50019	1.26703
ENSG00000058673	ZC3H11A	2	1.58496	0.287	0.76684	0.75293	0.01391
ENSG00000134318	ROCK2	2	1.58496	0.346	0.76674	-0.027511	0.794251
ENSG00000173041	ZNF680	1	1	0.987	0.76665	1.2449	-0.47825
ENSG00000162882	HAAO	9	3.32193	1.544	0.76657	-0.52397	1.29054
ENSG00000100345	MYH9	13	3.80735	0.159	0.76592	-1.6093	2.37522
ENSG00000188487	INSC	1	1	1.383	0.76577	-0.26442	1.03019
ENSG00000156384	SFR1	1	1	1.356	0.76562	1.5053	-0.73968
ENSG00000240344	PPIL3	2	1.58496	1.637	0.76419	0.48122	0.28297
ENSG00000152595	MEPE	2	1.58496	1.834	0.76406	-1.0027	1.76676
ENSG00000110880	CORO1C	3	2	0.38	0.76401	0.87479	-0.11078
ENSG00000121594	CD80	3	2	0.818	0.76318	0.42534	0.33784
ENSG00000008394	MGST1	3	2	1.177	0.76286	0.13137	0.63149
ENSG00000123091	RNF11	1	1	0.537	0.76189	0.48344	0.27845
ENSG00000211455	STK38L	1	1	0.683	0.76093	1.1469	-0.38597
ENSG00000145194	ECE2	4	2.32193	0.965	0.76012	4.3541	-3.59398
ENSG00000170476	MZB1	1	1	1.336	0.75988	0.82869	-0.06881
ENSG00000132199	ENOSF1	1	1	1.236	0.75976	0.80492	-0.04516
ENSG00000132965	ALOX5AP	3	2	0.795	0.75938	4.5205	-3.76112
ENSG00000185070	FLRT2	3	2	0.583	0.75915	0.38173	0.37742
ENSG00000185070	FLRT2	3	2	0.583	0.75915	-0.67876	1.43791
ENSG00000177606	JUN	1	1	0.716	0.75865	2.2395	-1.48085
ENSG00000180228	PRKRA	2	1.58496	0.931	0.75844	-0.77212	1.53056
ENSG00000088926	F11	20	4.39232	1.145	0.75838	1.6123	-0.85392
ENSG00000173517	PEAK1	4	2.32193	0.522	0.75575	2.6407	-1.88495
ENSG00000170967	DDI1	10	3.45943	1.337	0.75509	0.060215	0.694875
ENSG00000171189	GRIK1	1	1	0.806	0.75507	0.832	-0.07693
ENSG00000164294	GPX8	1	1	1.073	0.75501	1.174	-0.41899
ENSG00000087495	PHACTR3	1	1	0.302	0.75469	-0.21197	0.96666
ENSG00000101680	LAMA1	1	1	0.673	0.75439	-0.05189	0.80628
ENSG00000129214	SHBG	3	2	1.096	0.75418	1.9755	-1.22132
ENSG00000134827	TCN1	6	2.80735	1.227	0.75414	0.41224	0.3419
ENSG00000136104	RNASEH2B	6	2.80735	1.401	0.75392	1.6758	-0.92188
ENSG00000163513	TGFBR2	5	2.58496	0.531	0.75391	1.2	-0.44609
ENSG00000146090	RASGEF1C	1	1	0.616	0.75267	0.155	0.59767
ENSG00000118514	ALDH8A1	4	2.32193	1.113	0.75252	-0.36049	1.11301
ENSG00000112559	MDFI	5	2.58496	1.355	0.75244	-0.25195	1.00439
ENSG00000110077	MS4A6A	6	2.80735	1.331	0.75161	0.085714	0.665896
ENSG00000149506	ZP1	1	1	1.026	0.75137	-0.018822	0.770192
ENSG00000163517	HDAC11	3	2	0.806	0.75105	-0.37183	1.12288
ENSG00000120093	HOXB3	1	1	0.965	0.75089	-1.0234	1.77429
ENSG00000170876	TMEM43	1	1	1.13	0.75074	0.1336	0.61714
ENSG00000091986	CCDC80	1	1	0.749	0.75062	-0.29655	1.04717
ENSG00000214226	C17orf67	5	2.58496	1.678	0.74977	0.39104	0.35873
ENSG00000057935	MTA3	2	1.58496	0.614	0.74977	0.11068	0.63909
ENSG00000164024	METAP1	3	2	0.877	0.74849	0.75	-0.00151
ENSG00000168348	INSM2	1	1	0.796	0.74836	2.3323	-1.58394
ENSG00000144857	BOC	11	3.58496	0.789	0.7482	0.018373	0.729827
ENSG00000176177	ENTHD1	1	1	0.928	0.74796	0.91426	-0.1663
ENSG00000163377	TAFA4	1	1	1.334	0.74723	0.92746	-0.18023
ENSG00000119699	TGFB3	2	1.58496	0.249	0.7461	0.24559	0.50051
ENSG00000142515	KLK3	7	3	1.065	0.74568	-0.42519	1.17087
ENSG00000253710	ALG11	2	1.58496	0.908	0.74564	0.038641	0.706999
ENSG00000181555	SETD2	3	2	0.176	0.74541	1.867	-1.12159
ENSG00000085433	WDR47	1	1	0.44	0.74434	-0.37837	1.12271
ENSG00000170522	ELOVL6	2	1.58496	0.428	0.74429	-0.27946	1.02375
ENSG00000116285	ERRFI1	11	3.58496	1.088	0.74329	0.77833	-0.03504
ENSG00000139974	SLC38A6	2	1.58496	1.553	0.74024	0.79737	-0.05713
ENSG00000096996	IL12RB1	2	1.58496	0.862	0.73875	0.6873	0.05145
ENSG00000133103	COG6	19	4.32193	1.057	0.73843	-0.56127	1.2997
ENSG00000185565	LSAMP	3	2	0.336	0.73824	1.0757	-0.33746
ENSG00000080910	CFHR2	1	1	1.498	0.73778	0.43776	0.30002
ENSG00000237651	C2orf74	4	2.32193	1.134	0.73773	-0.31447	1.0522
ENSG00000197177	ADGRA1	2	1.58496	1.025	0.73766	2.1075	-1.36984
ENSG00000166446	CDYL2	4	2.32193	0.713	0.73759	0.68911	0.04848
ENSG00000158195	WASF2	1	1	0.464	0.73758	-1.1502	1.88778
ENSG00000240505	TNFRSF13B	17	4.16993	1.794	0.73733	0.064207	0.673123
ENSG00000187510	PLEKHG7	3	2	1.18	0.737	1.5118	-0.7748
ENSG00000164093	PITX2	41	5.39232	0.41	0.73699	1.0623	-0.32531
ENSG00000038382	TRIO	1	1	0.217	0.73532	1.2617	-0.52638
ENSG00000113742	CPEB4	8	3.16993	0.287	0.73532	-0.032055	0.767375
ENSG00000151292	CSNK1G3	1	1	0.615	0.73526	2.4185	-1.68324
ENSG00000198077	CYP2A7	2	1.58496	1.158	0.73403	0.82538	-0.09135
ENSG00000198825	INPP5F	5	2.58496	0.844	0.73384	-0.053727	0.787567
ENSG00000085514	PILRA	4	2.32193	1.425	0.73254	0.8661	-0.13356
ENSG00000131050	BPIFA2	1	1	1.122	0.73233	0.33894	0.39339
ENSG00000122035	RASL11A	1	1	1.276	0.73218	-0.58685	1.31903
ENSG00000137745	MMP13	1	1	1.067	0.72996	-0.33816	1.06812
ENSG00000196376	SLC35F1	1	1	0.475	0.72989	1.4312	-0.70131
ENSG00000177595	PIDD1	6	2.80735	1.237	0.72955	0.36561	0.36394
ENSG00000182472	CAPN12	1	1	1.398	0.72931	1.5763	-0.84699
ENSG00000135046	ANXA1	1	1	1.182	0.72902	0.57183	0.15719
ENSG00000163406	SLC15A2	7	3	1.153	0.72736	0.69048	0.03688
ENSG00000163293	NIPAL1	1	1	1.297	0.72722	1.5145	-0.78728
ENSG00000144015	TRIM43	1	1	0.719	0.7268	1.7065	-0.9797
ENSG00000144015	TRIM43	1	1	0.719	0.7268	1.8901	-1.1633
ENSG00000128513	POT1	5	2.58496	0.871	0.72668	0.91525	-0.18857
ENSG00000100351	GRAP2	1	1	1.118	0.72653	0.028731	0.697799
ENSG00000142798	HSPG2	8	3.16993	0.603	0.72593	0.030228	0.695702
ENSG00000163558	PRKCI	1	1	0.662	0.72467	0.10164	0.62303
ENSG00000121210	TMEM131L	1	1	0.404	0.72453	-1.2168	1.94133
ENSG00000136238	RAC1	1	1	0.25	0.72412	1.0007	-0.27658
ENSG00000155792	DEPTOR	1	1	1.243	0.72385	-0.3615	1.08535
ENSG00000156804	FBXO32	5	2.58496	0.54	0.72362	0.7437	-0.02008
ENSG00000179241	LDLRAD3	1	1	1.033	0.72238	-0.17713	0.89951
ENSG00000064989	CALCRL	9	3.32193	0.701	0.72227	-0.76326	1.48553
ENSG00000108021	TASOR2	1	1	0.463	0.7218	-0.23054	0.95234
ENSG00000100906	NFKBIA	15	4	0.5	0.72178	0.0062415	0.715538
ENSG00000065029	ZNF76	8	3.16993	1.197	0.72161	-0.72151	1.44312
ENSG00000173612	GPRC6A	1	1	1.423	0.72067	-0.48809	1.20876
ENSG00000173171	MTX1	14	3.90689	0.899	0.7204	2.1834	-1.463
ENSG00000132356	PRKAA1	4	2.32193	0.576	0.72037	-0.0609	0.78127
ENSG00000083720	OXCT1	1	1	0.521	0.72022	0.57549	0.14473
ENSG00000100316	RPL3	7	3	0.165	0.72021	1.3316	-0.61139
ENSG00000007047	MARK4	3	2	0.361	0.72004	0.31364	0.4064
ENSG00000115414	FN1	4	2.32193	0.404	0.71949	2.1666	-1.44711
ENSG00000163207	IVL	1	1	1.879	0.71917	-0.42364	1.14281
ENSG00000134443	GRP	5	2.58496	1.796	0.71849	-1.0007	1.71919
ENSG00000214944	ARHGEF28	7	3	0.895	0.71841	-1.2493	1.96771
ENSG00000137269	LRRC1	1	1	0.643	0.71754	1.1474	-0.42986
ENSG00000180611	MB21D2	3	2	0.461	0.71666	-0.12714	0.8438
ENSG00000144712	CAND2	10	3.45943	0.815	0.71596	1.3839	-0.66794
ENSG00000197410	DCHS2	3	2	0.909	0.71523	0.72144	-0.00621
ENSG00000197728	RPS26	26	4.75489	0.32	0.71397	1.0402	-0.32623
ENSG00000120616	EPC1	4	2.32193	0.229	0.71319	0.33671	0.37648
ENSG00000135744	AGT	2	1.58496	1.202	0.71257	1.6054	-0.89283
ENSG00000186230	ZNF749	1	1	1.814	0.71115	0.31751	0.39364
ENSG00000154134	ROBO3	2	1.58496	0.749	0.71097	-0.091603	0.802573
ENSG00000160190	SLC37A1	1	1	0.817	0.71055	0.39845	0.3121
ENSG00000170955	CAVIN3	2	1.58496	1.958	0.709	0.21521	0.49379
ENSG00000142046	TMEM91	2	1.58496	0.856	0.70643	0.076423	0.630007
ENSG00000183032	SLC25A21	7	3	1.548	0.7062	0.66177	0.04443
ENSG00000168925	CTRB1	7	3	1.902	0.70505	-0.23195	0.937
ENSG00000136634	IL10	19	4.32193	0.711	0.705	-1.5181	2.2231
ENSG00000117560	FASLG	17	4.16993	0.606	0.70494	-2.2962	3.00114
ENSG00000170242	USP47	3	2	0.318	0.70468	1.648	-0.94332
ENSG00000111860	CEP85L	6	2.80735	0.696	0.70454	0.38547	0.31907
ENSG00000014257	ACP3	2	1.58496	1.079	0.70452	-0.59998	1.3045
ENSG00000115760	BIRC6	5	2.58496	0.213	0.70432	-0.018479	0.722799
ENSG00000163166	IWS1	5	2.58496	0.374	0.70382	-1.3337	2.03752
ENSG00000213079	SCAF8	1	1	0.28	0.7037	2.4556	-1.7519
ENSG00000152284	TCF7L1	2	1.58496	0.472	0.70262	0.91451	-0.21189
ENSG00000147437	GNRH1	1	1	1.22	0.70246	3.383	-2.68054
ENSG00000148513	ANKRD30A	11	3.58496	1.295	0.70206	-0.0064402	0.7085
ENSG00000088002	SULT2B1	1	1	0.852	0.70174	-0.84453	1.54627
ENSG00000189403	HMGB1	3	2	0.168	0.70121	1.5545	-0.85329
ENSG00000131941	RHPN2	12	3.70044	0.685	0.70053	-0.78781	1.48834
ENSG00000095015	MAP3K1	21	4.45943	0.355	0.70049	1.0343	-0.33381
ENSG00000138190	EXOC6	3	2	0.788	0.70025	-0.038586	0.738836
ENSG00000138031	ADCY3	10	3.45943	0.695	0.70009	-0.70194	1.40203
ENSG00000049245	VAMP3	2	1.58496	0.974	0.69849	-0.78849	1.48698
ENSG00000095970	TREM2	2	1.58496	1.211	0.6984	-0.40735	1.10575
ENSG00000135406	PRPH	2	1.58496	1.161	0.69825	0.29876	0.39949
ENSG00000145384	FABP2	3	2	1.341	0.69705	-0.86871	1.56576
ENSG00000034677	RNF19A	1	1	0.541	0.69678	-0.31078	1.00756
ENSG00000145348	TBCK	1	1	1.062	0.69653	0.55096	0.14557
ENSG00000070444	MNT	2	1.58496	0.619	0.69519	-1.9281	2.62329
ENSG00000047617	ANO2	3	2	1.022	0.69471	1.27	-0.57529
ENSG00000108691	CCL2	4	2.32193	1.84	0.69456	-0.59197	1.28653
ENSG00000140025	EFCAB11	2	1.58496	1.06	0.69309	0.30417	0.38892
ENSG00000186952	TMEM232	1	1	1.3	0.69294	-0.063579	0.756519
ENSG00000181481	RNF135	1	1	1.491	0.69236	0.84479	-0.15243
ENSG00000164399	IL3	2	1.58496	1.43	0.69232	1.7344	-1.04208
ENSG00000178694	NSUN3	4	2.32193	0.795	0.69149	0.91319	-0.2217
ENSG00000165934	CPSF2	1	1	0.651	0.69049	0.24563	0.44486
ENSG00000137309	HMGA1	10	3.45943	0.435	0.69045	0.39291	0.29754
ENSG00000213347	MXD3	2	1.58496	1.174	0.68934	0.25188	0.43746
ENSG00000174871	CNIH2	1	1	0.65	0.68898	4.4484	-3.75942
ENSG00000179104	TMTC2	5	2.58496	0.639	0.68871	0.91615	-0.22744
ENSG00000145331	TRMT10A	1	1	1.181	0.68573	-0.044463	0.730193
ENSG00000213463	SYNJ2BP	1	1	1.04	0.68556	-0.044198	0.729758
ENSG00000213463	SYNJ2BP	1	1	1.04	0.68556	0.13242	0.55314
ENSG00000134365	CFHR4	3	2	1.204	0.68496	0.90378	-0.21882
ENSG00000135362	PRR5L	10	3.45943	0.768	0.68448	-0.43453	1.11901
ENSG00000184232	OAF	1	1	0.951	0.68424	1.4253	-0.74106
ENSG00000164647	STEAP1	1	1	1.054	0.68419	0.88359	-0.1994
ENSG00000134324	LPIN1	6	2.80735	0.784	0.68383	-0.27433	0.95816
ENSG00000142208	AKT1	1	1	0.474	0.6838	0.58673	0.09707
ENSG00000120278	PLEKHG1	8	3.16993	0.59	0.68257	0.2002	0.48237
ENSG00000072071	ADGRL1	1	1	0.302	0.68001	1.3417	-0.66169
ENSG00000105329	TGFB1	25	4.70044	0.682	0.67997	0.2149	0.46507
ENSG00000137273	FOXF2	6	2.80735	1.016	0.67991	-0.39741	1.07732
ENSG00000173917	HOXB2	1	1	1.649	0.6796	-0.94473	1.62433
ENSG00000111335	OAS2	7	3	1.08	0.67929	-0.31718	0.99647
ENSG00000175785	PRIMA1	2	1.58496	1.053	0.67892	1.7372	-1.05828
ENSG00000164253	WDR41	2	1.58496	1.045	0.67862	0.025653	0.652967
ENSG00000171119	NRTN	1	1	1.145	0.67846	0.22572	0.45274
ENSG00000137975	CLCA2	1	1	1.144	0.67817	-0.23177	0.90994
ENSG00000166363	OR10A5	2	1.58496	1.428	0.6777	-1.1278	1.8055
ENSG00000182326	C1S	1	1	0.783	0.67767	-0.33634	1.01401
ENSG00000136160	EDNRB	1	1	0.585	0.67709	-0.9084	1.58549
ENSG00000095261	PSMD5	2	1.58496	0.921	0.67571	-0.74999	1.4257
ENSG00000123415	SMUG1	1	1	0.819	0.67538	-0.37348	1.04886
ENSG00000151929	BAG3	10	3.45943	0.538	0.67516	0.639	0.03616
ENSG00000197859	ADAMTSL2	4	2.32193	0.679	0.67298	-0.97088	1.64386
ENSG00000084092	NOA1	5	2.58496	0.862	0.67235	-1.814	2.48635
ENSG00000203760	CENPW	18	4.24793	0.55	0.67103	0.65507	0.01596
ENSG00000108511	HOXB6	2	1.58496	1.158	0.67077	0.21044	0.46033
ENSG00000106113	CRHR2	2	1.58496	1.221	0.67074	1.1785	-0.50776
ENSG00000110090	CPT1A	1	1	0.709	0.66981	2.7903	-2.12049
ENSG00000196715	VKORC1L1	1	1	0.565	0.66921	2.5853	-1.91609
ENSG00000183665	TRMT12	1	1	0.836	0.66918	1.0062	-0.33702
ENSG00000143106	PSMA5	1	1	0.319	0.66836	3.2166	-2.54824
ENSG00000146530	VWDE	1	1	1.284	0.66834	-0.48639	1.15473
ENSG00000181788	SIAH2	2	1.58496	0.46	0.66813	-1.0018	1.66993
ENSG00000065613	SLK	12	3.70044	0.613	0.66737	-1.1075	1.77487
ENSG00000134905	CARS2	1	1	1.225	0.66722	1.9241	-1.25688
ENSG00000177034	MTX3	3	2	0.951	0.66713	3.0663	-2.39917
ENSG00000131016	AKAP12	7	3	0.496	0.66654	1.1632	-0.49666
ENSG00000133063	CHIT1	1	1	1.147	0.66622	-0.94901	1.61523
ENSG00000105696	TMEM59L	2	1.58496	1.165	0.66564	1.8799	-1.21426
ENSG00000155744	FAM126B	1	1	0.574	0.66485	0.19744	0.46741
ENSG00000185518	SV2B	1	1	0.68	0.66469	0.96172	-0.29703
ENSG00000131408	NR1H2	2	1.58496	0.901	0.66448	1.8314	-1.16692
ENSG00000047315	POLR2B	1	1	0.568	0.66364	-1.8731	2.53674
ENSG00000205929	C21orf62	1	1	1.653	0.6629	0.80031	-0.13741
ENSG00000164099	PRSS12	2	1.58496	0.965	0.66282	1.7251	-1.06228
ENSG00000108688	CCL7	3	2	1.727	0.6614	-1.0198	1.6812
ENSG00000204571	KRTAP5-11	1	1	1.923	0.65863	2.1531	-1.49447
ENSG00000137707	BTG4	3	2	1.072	0.65774	2.5789	-1.92116
ENSG00000183395	PMCH	5	2.58496	0.985	0.65675	0.02753	0.62922
ENSG00000179023	KLHDC7A	1	1	1.842	0.65667	-0.18639	0.84306
ENSG00000256269	HMBS	3	2	0.546	0.65646	-0.86494	1.5214
ENSG00000214415	GNAT3	1	1	1.009	0.65644	-1.7225	2.37894
ENSG00000198691	ABCA4	4	2.32193	0.786	0.65639	-0.09988	0.75627
ENSG00000164512	ANKRD55	39	5.32193	0.843	0.65631	-1.2954	1.95171
ENSG00000241852	C8orf58	1	1	1.121	0.65596	2.0897	-1.43374
ENSG00000078808	SDF4	3	2	0.875	0.65556	2.6487	-1.99314
ENSG00000110245	APOC3	2	1.58496	1.68	0.65517	3.3592	-2.70403
ENSG00000197226	TBC1D9B	2	1.58496	0.889	0.65499	-0.72903	1.38402
ENSG00000120889	TNFRSF10B	7	3	1.076	0.65496	0.36737	0.28759
ENSG00000157766	ACAN	18	4.24793	0.377	0.65468	0.54812	0.10656
ENSG00000135144	DTX1	1	1	0.74	0.65456	-1.2614	1.91596
ENSG00000144771	LRTM1	2	1.58496	1.415	0.65393	-0.3925	1.04643
ENSG00000260027	HOXB7	1	1	1.207	0.65328	0.62405	0.02923
ENSG00000186513	OR9Q2	1	1	1.652	0.65313	-0.13066	0.78379
ENSG00000112276	BVES	1	1	0.915	0.65313	-1.7719	2.42503
ENSG00000133816	MICAL2	1	1	0.715	0.65221	-0.82311	1.47532
ENSG00000119535	CSF3R	11	3.58496	0.726	0.65118	-0.28305	0.93423
ENSG00000113580	NR3C1	8	3.16993	0.294	0.65083	-0.73773	1.38856
ENSG00000104518	GSDMD	1	1	1.493	0.65011	1.6284	-0.97829
ENSG00000198788	MUC2	3	2	0.831	0.64993	-0.22401	0.87394
ENSG00000102531	FNDC3A	2	1.58496	0.256	0.6496	1.5471	-0.8975
ENSG00000272047	GTF2H5	1	1	1.727	0.64927	1.43	-0.78073
ENSG00000168275	COA6	2	1.58496	1.065	0.64907	0.27238	0.37669
ENSG00000089225	TBX5	32	5.04439	0.267	0.64899	-0.68555	1.33454
ENSG00000171989	LDHAL6B	2	1.58496	1.859	0.64893	2.1779	-1.52897
ENSG00000157343	ARMC12	1	1	0.88	0.64889	0.61441	0.03448
ENSG00000165714	BORCS5	2	1.58496	1.105	0.64863	-0.32653	0.97516
ENSG00000138036	DYNC2LI1	8	3.16993	1.028	0.6483	0.38081	0.26749
ENSG00000163462	TRIM46	4	2.32193	0.354	0.64813	1.097	-0.44887
ENSG00000187546	AGMO	6	2.80735	1.561	0.64735	0.51141	0.13594
ENSG00000102924	CBLN1	3	2	0.695	0.64722	-0.036802	0.684022
ENSG00000198400	NTRK1	2	1.58496	0.954	0.64714	-0.97251	1.61965
ENSG00000163453	IGFBP7	2	1.58496	1.812	0.64692	-0.84574	1.49266
ENSG00000104343	UBE2W	4	2.32193	1.349	0.64659	-0.61759	1.26418
ENSG00000144015	TRIM43	1	1	0.719	0.64648	1.7065	-1.06002
ENSG00000144015	TRIM43	1	1	0.719	0.64648	1.8901	-1.24362
ENSG00000169231	THBS3	5	2.58496	0.747	0.64646	1.5024	-0.85594
ENSG00000163492	CCDC141	9	3.32193	1.052	0.6464	1.0668	-0.4204
ENSG00000164398	ACSL6	3	2	0.584	0.646	1.4019	-0.7559
ENSG00000183571	PGPEP1L	1	1	1.827	0.64517	0.58569	0.05948
ENSG00000174343	CHRNA9	6	2.80735	0.882	0.64517	-0.59284	1.23801
ENSG00000150456	EEF1AKMT1	1	1	1.169	0.64388	-0.67085	1.31473
ENSG00000110665	C11orf21	4	2.32193	1.828	0.64379	-1.2579	1.90169
ENSG00000162711	NLRP3	2	1.58496	0.639	0.64367	0.12328	0.52039
ENSG00000186577	SMIM29	4	2.32193	0.809	0.6436	0.62041	0.02319
ENSG00000081277	PKP1	1	1	0.499	0.64322	-1.9038	2.54702
ENSG00000100150	DEPDC5	3	2	0.403	0.64293	2.417	-1.77407
ENSG00000183160	TMEM119	5	2.58496	1.823	0.64246	-1.7895	2.43196
ENSG00000198929	NOS1AP	4	2.32193	0.495	0.64236	2.5498	-1.90744
ENSG00000151612	ZNF827	17	4.16993	0.197	0.64191	2.4582	-1.81629
ENSG00000111897	SERINC1	1	1	0.676	0.6419	-0.19884	0.84074
ENSG00000102189	EEA1	1	1	0.663	0.64096	2.3952	-1.75424
ENSG00000042062	RIPOR3	2	1.58496	1.015	0.64003	0.99207	-0.35204
ENSG00000158286	RNF207	3	2	1.277	0.6399	-0.86261	1.50251
ENSG00000112041	TULP1	5	2.58496	1.019	0.63901	1.0717	-0.43269
ENSG00000161270	NPHS1	8	3.16993	0.871	0.63654	1.3719	-0.73536
ENSG00000155886	SLC24A2	1	1	0.727	0.63607	2.7784	-2.14233
ENSG00000096093	EFHC1	2	1.58496	0.906	0.63505	2.2262	-1.59115
ENSG00000141027	NCOR1	1	1	0.292	0.63486	-0.33727	0.97213
ENSG00000103550	KNOP1	1	1	0.962	0.63468	-0.52259	1.15727
ENSG00000249709	ZNF564	4	2.32193	0.947	0.63443	0.015099	0.619331
ENSG00000128918	ALDH1A2	12	3.70044	0.581	0.63424	1.0775	-0.44326
ENSG00000128918	ALDH1A2	12	3.70044	0.581	0.63424	2.1524	-1.51816
ENSG00000101542	CDH20	1	1	0.532	0.63407	-0.74667	1.38074
ENSG00000167182	SP2	1	1	0.314	0.63403	2.1042	-1.47017
ENSG00000184979	USP18	1	1	0.459	0.63074	2.2811	-1.65036
ENSG00000189007	ADAT2	3	2	1.326	0.62891	-0.12773	0.75664
ENSG00000184995	IFNE	4	2.32193	1.891	0.62836	-0.59307	1.22143
ENSG00000168515	SCGB1D1	3	2	1.869	0.62709	1.6278	-1.00071
ENSG00000107562	CXCL12	9	3.32193	1.067	0.62675	0.80963	-0.18288
ENSG00000105976	MET	11	3.58496	0.446	0.62578	0.16662	0.45916
ENSG00000010030	ETV7	4	2.32193	1.384	0.62539	0.18325	0.44214
ENSG00000166974	MAPRE2	2	1.58496	0.494	0.62502	2.6204	-1.99538
ENSG00000215183	MSMP	1	1	0.96	0.62317	-1.2001	1.82327
ENSG00000011478	QPCTL	4	2.32193	1.284	0.62195	0.4591	0.16285
ENSG00000172156	CCL11	3	2	1.742	0.62143	-0.64597	1.2674
ENSG00000062716	VMP1	4	2.32193	0.192	0.62065	1.2657	-0.64505
ENSG00000168386	FILIP1L	4	2.32193	0.685	0.62047	0.14181	0.47866
ENSG00000100311	PDGFB	11	3.58496	0.473	0.62029	0.2326	0.38769
ENSG00000165233	CARD19	1	1	1.565	0.61981	-0.11482	0.73463
ENSG00000075388	FGF4	1	1	1.397	0.61968	1.3097	-0.69002
ENSG00000173473	SMARCC1	1	1	0.369	0.61865	0.97015	-0.3515
ENSG00000164506	STXBP5	3	2	0.344	0.61827	1.9749	-1.35663
ENSG00000197921	HES5	1	1	1.927	0.61774	3.2895	-2.67176
ENSG00000135823	STX6	2	1.58496	0.835	0.61757	-1.0271	1.64467
ENSG00000152495	CAMK4	2	1.58496	1.098	0.61733	-1.1385	1.75583
ENSG00000182557	SPNS3	1	1	1.244	0.61706	1.6003	-0.98324
ENSG00000168487	BMP1	8	3.16993	0.648	0.6166	1.1926	-0.576
ENSG00000171522	PTGER4	38	5.2854	0.546	0.61508	-0.15798	0.77306
ENSG00000125726	CD70	3	2	1.251	0.61488	-0.79736	1.41224
ENSG00000248144	ADH1C	7	3	0.991	0.6147	0.68741	-0.07271
ENSG00000142623	PADI1	1	1	1.087	0.61447	-0.21353	0.828
ENSG00000163499	CRYBA2	2	1.58496	1.372	0.61419	0.52852	0.08567
ENSG00000119673	ACOT2	1	1	1.191	0.61396	-0.35744	0.9714
ENSG00000182107	TMEM30B	1	1	1.643	0.61392	0.63585	-0.02193
ENSG00000133983	COX16	2	1.58496	1.373	0.6139	-0.68495	1.29885
ENSG00000134899	ERCC5	1	1	0.766	0.61383	-0.37979	0.99362
ENSG00000138378	STAT4	33	5.08746	0.503	0.61353	1.0031	-0.38957
ENSG00000001167	NFYA	1	1	0.68	0.61289	0.91175	-0.29886
ENSG00000137693	YAP1	3	2	0.212	0.61277	2.4373	-1.82453
ENSG00000021488	SLC7A9	1	1	0.907	0.6123	-0.75398	1.36628
ENSG00000174989	FBXW8	2	1.58496	1.203	0.612	-0.066946	0.678946
ENSG00000074590	NUAK1	4	2.32193	0.637	0.61121	0.71793	-0.10672
ENSG00000151468	CCDC3	1	1	1.79	0.61014	2.1882	-1.57806
ENSG00000185220	PGBD2	2	1.58496	1.522	0.60929	0.62576	-0.01647
ENSG00000148444	COMMD3	2	1.58496	1.327	0.60915	0.33115	0.278
ENSG00000188316	ENO4	3	2	0.888	0.60903	1.6818	-1.07277
ENSG00000197901	SLC22A6	1	1	0.934	0.60889	0.81227	-0.20338
ENSG00000080166	DCT	2	1.58496	1.101	0.6082	0.1951	0.4131
ENSG00000135960	EDAR	3	2	0.927	0.60651	0.10265	0.50386
ENSG00000138449	SLC40A1	1	1	0.445	0.60642	-0.21795	0.82437
ENSG00000159259	CHAF1B	1	1	0.27	0.60499	0.1129	0.49209
ENSG00000141293	SKAP1	7	3	1.114	0.60442	1.1538	-0.54938
ENSG00000141052	MYOCD	11	3.58496	0.395	0.60397	1.5691	-0.96513
ENSG00000113263	ITK	3	2	0.644	0.60343	0.15637	0.44706
ENSG00000003402	CFLAR	1	1	0.397	0.60342	0.51078	0.09264
ENSG00000105372	RPS19	4	2.32193	0.239	0.60334	0.16124	0.4421
ENSG00000110243	APOA5	24	4.64386	1.146	0.60305	2.9534	-2.35035
ENSG00000149633	KIAA1755	3	2	0.954	0.60258	-0.81163	1.41421
ENSG00000175985	PLEKHD1	1	1	0.911	0.6023	-0.2508	0.8531
ENSG00000137860	SLC28A2	1	1	1.177	0.60172	1.5689	-0.96718
ENSG00000141562	NARF	1	1	1.081	0.60145	1.5469	-0.94545
ENSG00000205277	MUC12	4	2.32193	1.115	0.60083	0.78975	-0.18892
ENSG00000104537	ANXA13	6	2.80735	0.96	0.60016	0.024595	0.575565
ENSG00000186469	GNG2	1	1	1.42	0.60008	0.13319	0.46689
ENSG00000198087	CD2AP	3	2	0.815	0.5975	-1.3687	1.9662
ENSG00000167881	SRP68	1	1	0.335	0.59744	1.0697	-0.47226
ENSG00000125845	BMP2	29	4.90689	0.213	0.59744	1.0528	-0.45536
ENSG00000188375	H3-5	1	1	1.693	0.59725	1.6913	-1.09405
ENSG00000094755	GABRP	1	1	1.351	0.59673	0.45985	0.13688
ENSG00000164022	AIMP1	2	1.58496	0.931	0.59658	0.22263	0.37395
ENSG00000244005	NFS1	1	1	0.669	0.59642	2.1315	-1.53508
ENSG00000108219	TSPAN14	8	3.16993	0.685	0.59611	1.4002	-0.80409
ENSG00000184220	CMSS1	5	2.58496	1.021	0.59601	0.18094	0.41507
ENSG00000145241	CENPC	7	3	0.886	0.59525	0.84508	-0.24983
ENSG00000118402	ELOVL4	1	1	0.649	0.59515	-1.055	1.65015
ENSG00000151376	ME3	5	2.58496	0.853	0.59457	-0.28941	0.88398
ENSG00000059378	PARP12	3	2	1.022	0.59432	1.03	-0.43568
ENSG00000171403	KRT9	1	1	0.873	0.59429	-0.30731	0.9016
ENSG00000047188	YTHDC2	1	1	0.327	0.59407	0.79248	-0.19841
ENSG00000154478	GPR26	7	3	1.3	0.59368	0.49794	0.09574
ENSG00000074855	ANO8	1	1	0.795	0.59243	0.85515	-0.26272
ENSG00000099282	TSPAN15	14	3.90689	0.906	0.59163	0.33294	0.25869
ENSG00000127954	STEAP4	1	1	1.107	0.58924	1.1772	-0.58796
ENSG00000158941	CCAR2	4	2.32193	0.288	0.58893	2.4297	-1.84077
ENSG00000101558	VAPA	1	1	0.403	0.58799	1.6821	-1.09411
ENSG00000185477	GPRIN3	3	2	1.275	0.58753	1.3633	-0.77577
ENSG00000152484	USP12	1	1	0.6	0.58714	-0.67266	1.2598
ENSG00000147439	BIN3	1	1	1.45	0.5869	2.6283	-2.0414
ENSG00000166025	AMOTL1	3	2	0.581	0.58668	-0.56698	1.15366
ENSG00000163431	LMOD1	6	2.80735	0.379	0.58634	0.2696	0.31674
ENSG00000147679	UTP23	16	4.08746	0.884	0.58587	-0.75836	1.34423
ENSG00000106701	FSD1L	2	1.58496	0.838	0.58572	-1.5687	2.15442
ENSG00000148123	PLPPR1	3	2	0.538	0.5857	1.9919	-1.4062
ENSG00000010310	GIPR	15	4	1.638	0.58545	1.0249	-0.43945
ENSG00000083444	PLOD1	1	1	0.938	0.58535	-1.0856	1.67095
ENSG00000184672	RALYL	1	1	1.065	0.58533	1.1285	-0.54317
ENSG00000105856	HBP1	5	2.58496	0.679	0.58502	1.3233	-0.73828
ENSG00000131400	NAPSA	1	1	1.305	0.58409	1.5857	-1.00161
ENSG00000185664	PMEL	1	1	0.965	0.58365	1.8969	-1.31325
ENSG00000118762	PKD2	2	1.58496	0.683	0.58363	-0.007317	0.590947
ENSG00000173480	ZNF417	1	1	1.468	0.58304	0.77875	-0.19571
ENSG00000107929	LARP4B	2	1.58496	0.289	0.58245	1.0876	-0.50515
ENSG00000135269	TES	2	1.58496	1.12	0.58215	0.52094	0.06121
ENSG00000183273	CCDC60	1	1	1.063	0.58209	0.30943	0.27266
ENSG00000112799	LY86	8	3.16993	1.395	0.58167	0.70741	-0.12574
ENSG00000025156	HSF2	9	3.32193	0.409	0.5816	-0.20917	0.79077
ENSG00000075239	ACAT1	1	1	0.798	0.5816	1.3952	-0.8136
ENSG00000183785	TUBA8	5	2.58496	1.117	0.58052	1.053	-0.47248
ENSG00000173334	TRIB1	39	5.32193	0.845	0.58028	-0.91191	1.49219
ENSG00000186827	TNFRSF4	1	1	1.489	0.57739	2.7173	-2.13991
ENSG00000187257	RSBN1L	2	1.58496	0.56	0.57732	-0.33923	0.91655
ENSG00000119685	TTLL5	2	1.58496	0.888	0.57699	-0.034844	0.611834
ENSG00000134463	ECHDC3	3	2	1.614	0.57637	-1.0668	1.64317
ENSG00000070759	TESK2	2	1.58496	0.865	0.57609	1.6079	-1.03181
ENSG00000111275	ALDH2	23	4.58496	0.989	0.57488	1.5068	-0.93192
ENSG00000081985	IL12RB2	14	3.90689	1.013	0.57407	2.1955	-1.62143
ENSG00000117983	MUC5B	13	3.80735	0.4	0.57187	0.28862	0.28325
ENSG00000169504	CLIC4	2	1.58496	0.901	0.57181	0.59889	-0.02708
ENSG00000162623	TYW3	1	1	1.647	0.57175	-1.423	1.99475
ENSG00000148516	ZEB1	1	1	0.339	0.57025	-0.75502	1.32527
ENSG00000171804	WDR87	3	2	0.771	0.5693	0.21727	0.35203
ENSG00000165572	KBTBD6	1	1	0.341	0.56878	0.57733	-0.00855
ENSG00000204335	SP5	2	1.58496	1.115	0.56754	0.48734	0.0802
ENSG00000184292	TACSTD2	1	1	1.868	0.56754	-0.67525	1.24279
ENSG00000115368	WDR75	3	2	0.556	0.56734	0.15636	0.41098
ENSG00000197381	ADARB1	6	2.80735	0.323	0.56507	2.003	-1.43793
ENSG00000166452	AKIP1	1	1	1.324	0.56459	0.72069	-0.1561
ENSG00000124243	BCAS4	5	2.58496	1.081	0.56448	1.1741	-0.60962
ENSG00000096696	DSP	6	2.80735	0.443	0.56419	-0.13729	0.70148
ENSG00000090104	RGS1	6	2.80735	0.811	0.56395	-0.87281	1.43676
ENSG00000113578	FGF1	3	2	1.041	0.5639	0.47816	0.08574
ENSG00000115592	PRKAG3	2	1.58496	0.895	0.5636	0.35342	0.21018
ENSG00000078900	TP73	1	1	0.576	0.56327	0.16186	0.40141
ENSG00000080293	SCTR	1	1	1.373	0.56133	0.37562	0.18571
ENSG00000163501	IHH	4	2.32193	0.544	0.56124	-1.1522	1.71344
ENSG00000114315	HES1	6	2.80735	0.607	0.56121	-0.37471	0.93592
ENSG00000186564	FOXD2	3	2	1.955	0.56053	-0.58614	1.14667
ENSG00000165801	ARHGEF40	1	1	0.722	0.55975	-1.4977	2.05745
ENSG00000060237	WNK1	6	2.80735	0.227	0.55937	-0.33225	0.89162
ENSG00000236699	ARHGEF38	2	1.58496	1.21	0.55928	5.0576e-05	0.559229
ENSG00000137947	GTF2B	2	1.58496	0.875	0.55826	0.89453	-0.33627
ENSG00000161835	TAMALIN	1	1	0.587	0.55812	2.38	-1.82188
ENSG00000085982	USP40	2	1.58496	1.085	0.55812	0.32569	0.23243
ENSG00000134250	NOTCH2	7	3	0.151	0.55707	-0.77619	1.33326
ENSG00000057294	PKP2	3	2	1.105	0.55698	-0.57236	1.12934
ENSG00000227124	ZNF717	2	1.58496	1.45	0.55676	0.60526	-0.0485
ENSG00000180263	FGD6	7	3	0.691	0.55612	0.79387	-0.23775
ENSG00000180929	GPR62	3	2	1.938	0.55546	1.3262	-0.77074
ENSG00000151229	SLC2A13	5	2.58496	0.735	0.55493	0.57555	-0.02062
ENSG00000160796	NBEAL2	2	1.58496	0.641	0.5548	1.7545	-1.1997
ENSG00000169372	CRADD	9	3.32193	0.999	0.5545	-0.21907	0.77357
ENSG00000140350	ANP32A	1	1	0.143	0.55164	-0.5022	1.05384
ENSG00000175215	CTDSP2	3	2	0.511	0.55114	0.62899	-0.07785
ENSG00000144843	ADPRH	1	1	1.165	0.55044	-0.94079	1.49123
ENSG00000171608	PIK3CD	1	1	0.23	0.54843	-0.94475	1.49318
ENSG00000108840	HDAC5	4	2.32193	0.271	0.54825	5.1275	-4.57925
ENSG00000166228	PCBD1	1	1	1.685	0.54744	-1.8114	2.35884
ENSG00000198453	ZNF568	1	1	1.034	0.5465	0.70183	-0.15533
ENSG00000163376	KBTBD8	3	2	0.697	0.54646	1.5643	-1.01784
ENSG00000176105	YES1	1	1	0.751	0.54603	0.29727	0.24876
ENSG00000198836	OPA1	4	2.32193	0.503	0.54602	-0.881	1.42702
ENSG00000173145	NOC3L	8	3.16993	1.08	0.54556	0.93684	-0.39128
ENSG00000105339	DENND3	1	1	0.805	0.54536	1.217	-0.67164
ENSG00000173465	ZNRD2	3	2	1.027	0.54474	-1.5717	2.11644
ENSG00000156831	NSMCE2	1	1	1.113	0.54462	-1.9428	2.48742
ENSG00000224877	NDUFAF8	1	1	1.825	0.54401	-0.13804	0.68205
ENSG00000196581	AJAP1	6	2.80735	0.376	0.54371	1.7598	-1.21609
ENSG00000177688	SUMO4	2	1.58496	1.64	0.54355	-0.84197	1.38552
ENSG00000156110	ADK	5	2.58496	0.893	0.54353	3.4904	-2.94687
ENSG00000248483	POU5F2	2	1.58496	1.891	0.54282	0.85452	-0.3117
ENSG00000254087	LYN	1	1	0.282	0.54257	0.77631	-0.23374
ENSG00000166839	ANKDD1A	1	1	1.137	0.54234	1.2125	-0.67016
ENSG00000229972	IQCF3	1	1	1.863	0.54216	0.59059	-0.04843
ENSG00000170340	B3GNT2	15	4	0.673	0.54156	0.78303	-0.24147
ENSG00000112425	EPM2A	1	1	1.191	0.54136	1.4251	-0.88374
ENSG00000116996	ZP4	1	1	1.174	0.54135	0.19966	0.34169
ENSG00000115694	STK25	1	1	0.704	0.54031	-0.58039	1.1207
ENSG00000147454	SLC25A37	7	3	0.859	0.54025	0.065425	0.474825
ENSG00000143164	DCAF6	2	1.58496	0.567	0.53994	1.0427	-0.50276
ENSG00000143028	SYPL2	3	2	1.138	0.53989	2.8599	-2.32001
ENSG00000203778	FAM229B	2	1.58496	0.574	0.53972	1.9274	-1.38768
ENSG00000138594	TMOD3	2	1.58496	0.768	0.53936	1.1841	-0.64474
ENSG00000183067	IGSF5	1	1	1.466	0.53885	-0.49048	1.02933
ENSG00000071537	SEL1L	1	1	0.541	0.53865	0.26269	0.27596
ENSG00000164691	TAGAP	17	4.16993	0.728	0.53859	1.6482	-1.10961
ENSG00000064763	FAR2	7	3	0.516	0.53829	3.2462	-2.70791
ENSG00000178997	EXD1	5	2.58496	1.536	0.53781	0.6219	-0.08409
ENSG00000115596	WNT6	5	2.58496	1.695	0.53752	0.3285	0.20902
ENSG00000120160	EQTN	2	1.58496	1.732	0.53652	-0.95655	1.49307
ENSG00000138813	C4orf17	1	1	1.131	0.53578	-0.35732	0.8931
ENSG00000016082	ISL1	9	3.32193	0.235	0.53567	-0.54357	1.07924
ENSG00000123411	IKZF4	2	1.58496	0.392	0.53525	1.4515	-0.91625
ENSG00000119787	ATL2	1	1	0.647	0.53518	0.88509	-0.34991
ENSG00000105792	CFAP69	1	1	1	0.53492	-0.31037	0.84529
ENSG00000058085	LAMC2	1	1	0.797	0.53467	0.81096	-0.27629
ENSG00000164168	TMEM184C	4	2.32193	0.594	0.5333	1.1861	-0.6528
ENSG00000169122	FAM110B	1	1	0.566	0.53302	0.62835	-0.09533
ENSG00000155926	SLA	3	2	1.033	0.53246	-1.243	1.77546
ENSG00000179673	RPRML	12	3.70044	1.828	0.5317	1.5875	-1.0558
ENSG00000155313	USP25	12	3.70044	0.635	0.53147	-0.3966	0.92807
ENSG00000205420	KRT6A	2	1.58496	0.755	0.53131	0.55548	-0.02417
ENSG00000112242	E2F3	4	2.32193	0.393	0.53121	0.63807	-0.10686
ENSG00000124827	GCM2	4	2.32193	1.205	0.53119	0.81892	-0.28773
ENSG00000128510	CPA4	2	1.58496	1.094	0.53119	0.034936	0.496254
ENSG00000116729	WLS	4	2.32193	0.475	0.531	0.79012	-0.25912
ENSG00000157873	TNFRSF14	6	2.80735	0.827	0.53037	3.3058	-2.77543
ENSG00000177666	PNPLA2	1	1	1.221	0.53029	0.088992	0.441298
ENSG00000138160	KIF11	5	2.58496	0.184	0.52934	-0.75661	1.28595
ENSG00000101349	PAK5	1	1	0.329	0.5293	-1.3488	1.8781
ENSG00000130475	FCHO1	3	2	0.499	0.52927	2.5454	-2.01613
ENSG00000198523	PLN	7	3	1.704	0.52895	0.40636	0.12259
ENSG00000057704	TMCC3	1	1	1.038	0.5283	2.0428	-1.5145
ENSG00000187079	TEAD1	8	3.16993	0.276	0.52819	2.0778	-1.54961
ENSG00000116251	RPL22	1	1	0.645	0.52765	-0.91599	1.44364
ENSG00000165633	VSTM4	6	2.80735	0.719	0.52761	1.5986	-1.07099
ENSG00000170871	KIAA0232	1	1	0.3	0.52734	-0.16916	0.6965
ENSG00000184956	MUC6	3	2	1.193	0.52684	0.24117	0.28567
ENSG00000137409	MTCH1	1	1	0.726	0.52682	1.7557	-1.22888
ENSG00000128709	HOXD9	2	1.58496	1.655	0.52633	-0.13309	0.65942
ENSG00000167528	ZNF641	4	2.32193	0.734	0.52561	-0.34154	0.86715
ENSG00000135111	TBX3	27	4.80735	0.468	0.52526	-0.366	0.89126
ENSG00000138286	FAM149B1	1	1	0.98	0.52446	1.0168	-0.49234
ENSG00000131873	CHSY1	5	2.58496	0.357	0.52412	-0.76781	1.29193
ENSG00000148288	GBGT1	3	2	1.245	0.52331	1.4267	-0.90339
ENSG00000111837	MAK	3	2	0.894	0.52297	-0.18148	0.70445
ENSG00000139263	LRIG3	3	2	0.805	0.52289	-0.47372	0.99661
ENSG00000092969	TGFB2	31	5	0.463	0.52273	0.82713	-0.3044
ENSG00000092203	TOX4	1	1	0.311	0.52265	1.7538	-1.23115
ENSG00000166321	NUDT13	1	1	1.251	0.52259	0.86606	-0.34347
ENSG00000108176	DNAJC12	1	1	1.193	0.52207	2.3489	-1.82683
ENSG00000112679	DUSP22	8	3.16993	1.407	0.52142	0.41957	0.10185
ENSG00000166428	PLD4	3	2	1.583	0.52119	1.7202	-1.19901
ENSG00000082153	BZW1	1	1	0.186	0.52012	0.99277	-0.47265
ENSG00000110427	KIAA1549L	4	2.32193	0.711	0.5201	0.7961	-0.276
ENSG00000177432	NAP1L5	8	3.16993	1.884	0.51978	0.29752	0.22226
ENSG00000170959	DCDC1	5	2.58496	1.093	0.51948	-1.584	2.10348
ENSG00000170959	DCDC1	5	2.58496	1.093	0.51948	1.5769	-1.05742
ENSG00000154309	DISP1	1	1	1.028	0.51806	1.631	-1.11294
ENSG00000172733	PURG	4	2.32193	0.325	0.51783	0.11314	0.40469
ENSG00000170477	KRT4	1	1	1.089	0.51766	-1.098	1.61566
ENSG00000162929	SANBR	1	1	0.987	0.51738	-0.6666	1.18398
ENSG00000151458	ANKRD50	5	2.58496	0.439	0.51658	1.0167	-0.50012
ENSG00000197702	PARVA	3	2	0.679	0.5158	0.55857	-0.04277
ENSG00000106809	OGN	1	1	0.887	0.51478	-0.59025	1.10503
ENSG00000170279	C7orf33	1	1	1.685	0.51464	-0.65118	1.16582
ENSG00000139531	SUOX	23	4.58496	1.128	0.51441	1.6765	-1.16209
ENSG00000066405	CLDN18	4	2.32193	1.179	0.51439	-1.0699	1.58429
ENSG00000174151	CYB561D1	1	1	1.186	0.51421	2.8238	-2.30959
ENSG00000182575	NXPH3	1	1	0.712	0.51391	-2.8242	3.33811
ENSG00000171234	UGT2B7	1	1	1.203	0.51365	1.462	-0.94835
ENSG00000142789	CELA3A	3	2	1.209	0.51364	-1.1591	1.67274
ENSG00000168928	CTRB2	10	3.45943	1.168	0.51361	-0.015412	0.529022
ENSG00000034693	PEX3	5	2.58496	0.972	0.51338	-0.094567	0.607947
ENSG00000116016	EPAS1	10	3.45943	0.366	0.51323	1.295	-0.78177
ENSG00000197223	C1D	4	2.32193	0.826	0.51307	0.76083	-0.24776
ENSG00000087206	UIMC1	2	1.58496	0.566	0.51274	1.5904	-1.07766
ENSG00000174562	KLK15	5	2.58496	1.426	0.51159	-0.30475	0.81634
ENSG00000136932	TRMO	1	1	0.956	0.51154	1.3665	-0.85496
ENSG00000115942	ORC2	1	1	0.649	0.51094	0.42527	0.08567
ENSG00000185681	MORN5	1	1	1.245	0.51068	-1.3026	1.81328
ENSG00000115602	IL1RL1	24	4.64386	1.063	0.50998	-1.8359	2.34588
ENSG00000076662	ICAM3	1	1	1.538	0.50991	-0.11576	0.62567
ENSG00000120860	WASHC3	2	1.58496	1.621	0.50989	0.123	0.38689
ENSG00000108950	FAM20A	2	1.58496	1.108	0.50925	3.2154	-2.70615
ENSG00000115947	ORC4	2	1.58496	1.532	0.50885	-0.42799	0.93684
ENSG00000167910	CYP7A1	7	3	0.82	0.50838	-0.24057	0.74895
ENSG00000121716	PILRB	1	1	1.307	0.50785	1.0646	-0.55675
ENSG00000151702	FLI1	1	1	0.367	0.50685	1.2922	-0.78535
ENSG00000158156	XKR8	1	1	1.434	0.50662	-1.5338	2.04042
ENSG00000082497	SERTAD4	1	1	0.874	0.50609	1.5823	-1.07621
ENSG00000126581	BECN1	1	1	0.33	0.50601	-0.41452	0.92053
ENSG00000005882	PDK2	1	1	0.92	0.50568	2.2601	-1.75442
ENSG00000197714	ZNF460	1	1	0.548	0.50539	1.3169	-0.81151
ENSG00000141252	VPS53	5	2.58496	0.773	0.50473	0.060753	0.443977
ENSG00000140575	IQGAP1	5	2.58496	0.395	0.5034	1.3056	-0.8022
ENSG00000126001	CEP250	1	1	0.86	0.50323	1.7705	-1.26727
ENSG00000069431	ABCC9	1	1	0.557	0.50281	-1.792	2.29481
ENSG00000234545	FAM133B	2	1.58496	0.933	0.50107	1.7777	-1.27663
ENSG00000061656	SPAG4	1	1	1.28	0.5008	1.5197	-1.0189
ENSG00000112195	TREML2	3	2	1.364	0.50029	0.12164	0.37865
ENSG00000111863	ADTRP	1	1	1.074	0.50012	1.058	-0.55788
ENSG00000165424	ZCCHC24	4	2.32193	0.804	0.49976	1.2062	-0.70644
ENSG00000164109	MAD2L1	5	2.58496	0.684	0.49958	0.52996	-0.03038
ENSG00000167183	PRR15L	2	1.58496	0.771	0.49864	2.3478	-1.84916
ENSG00000165526	RPUSD4	2	1.58496	1.299	0.49804	1.3033	-0.80526
ENSG00000144535	DIS3L2	3	2	0.468	0.49766	1.5375	-1.03984
ENSG00000110244	APOA4	3	2	0.985	0.49752	3.7048	-3.20728
ENSG00000002746	HECW1	1	1	0.423	0.49681	-0.78283	1.27964
ENSG00000079257	LXN	1	1	1.267	0.49562	-2.5313	3.02692
ENSG00000172765	TMCC1	2	1.58496	0.436	0.49435	0.05197	0.44238
ENSG00000125522	NPBWR2	1	1	1.878	0.49408	0.62318	-0.1291
ENSG00000100170	SLC5A1	1	1	0.705	0.49399	1.9963	-1.50231
ENSG00000167196	FBXO22	1	1	0.683	0.49349	0.79006	-0.29657
ENSG00000179774	ATOH7	2	1.58496	1.758	0.49309	1.7347	-1.24161
ENSG00000164056	SPRY1	10	3.45943	1.224	0.49301	-1.2012	1.69421
ENSG00000174429	ABRA	3	2	0.993	0.49291	-0.78745	1.28036
ENSG00000205060	SLC35B4	1	1	0.873	0.49273	-0.39161	0.88434
ENSG00000148110	MFSD14B	2	1.58496	0.842	0.49205	-0.26104	0.75309
ENSG00000183346	CABCOCO1	1	1	1.15	0.49137	-1.3209	1.81227
ENSG00000171700	RGS19	5	2.58496	0.786	0.49061	0.14483	0.34578
ENSG00000164209	SLC25A46	14	3.90689	1.375	0.49038	0.14847	0.34191
ENSG00000111540	RAB5B	15	4	0.533	0.48936	1.819	-1.32964
ENSG00000164830	OXR1	1	1	0.482	0.48889	-0.048013	0.536903
ENSG00000109758	HGFAC	8	3.16993	1.64	0.48862	2.7615	-2.27288
ENSG00000177875	CCDC184	2	1.58496	1.8	0.48817	-0.51854	1.00671
ENSG00000140830	TXNL4B	1	1	1.535	0.484	2.1319	-1.6479
ENSG00000111344	RASAL1	5	2.58496	0.98	0.48351	-1.8607	2.34421
ENSG00000188906	LRRK2	2	1.58496	0.778	0.48243	1.0231	-0.54067
ENSG00000165449	SLC16A9	1	1	0.7	0.4811	-0.65954	1.14064
ENSG00000164690	SHH	5	2.58496	0.493	0.48106	0.28085	0.20021
ENSG00000100284	TOM1	1	1	0.866	0.48068	-1.0537	1.53438
ENSG00000026297	RNASET2	15	4	1.224	0.48055	0.30139	0.17916
ENSG00000065150	IPO5	1	1	0.156	0.48035	2.0996	-1.61925
ENSG00000100249	C22orf31	3	2	1.443	0.47983	2.3285	-1.84867
ENSG00000138092	CENPO	2	1.58496	1.138	0.47977	-0.94737	1.42714
ENSG00000198380	GFPT1	16	4.08746	0.716	0.47859	0.88832	-0.40973
ENSG00000143013	LMO4	10	3.45943	0.33	0.47734	1.2101	-0.73276
ENSG00000115271	GCA	3	2	1.847	0.47718	-0.16426	0.64144
ENSG00000151715	TMEM45B	3	2	1.447	0.47701	-1.0019	1.47891
ENSG00000109881	CCDC34	4	2.32193	1.08	0.47693	-0.36248	0.83941
ENSG00000111615	KRR1	1	1	0.736	0.47659	-0.84011	1.3167
ENSG00000227268	KLLN	2	1.58496	1.762	0.47539	-1.0911	1.56649
ENSG00000116874	WARS2	2	1.58496	1.098	0.47521	-1.2148	1.69001
ENSG00000115137	DNAJC27	1	1	0.799	0.47471	-0.41577	0.89048
ENSG00000163491	NEK10	12	3.70044	0.997	0.47388	1.3355	-0.86162
ENSG00000153885	KCTD15	1	1	0.681	0.47251	-0.72977	1.20228
ENSG00000133048	CHI3L1	1	1	1	0.47207	-0.55132	1.02339
ENSG00000124256	ZBP1	1	1	1.294	0.47197	2.3228	-1.85083
ENSG00000172175	MALT1	1	1	0.58	0.47166	-0.7548	1.22646
ENSG00000163602	RYBP	6	2.80735	0.172	0.47119	2.587	-2.11581
ENSG00000092607	TBX15	8	3.16993	0.471	0.4705	0.14447	0.32603
ENSG00000175029	CTBP2	8	3.16993	0.522	0.47005	1.2488	-0.77875
ENSG00000165325	DEUP1	1	1	1.08	0.46929	-0.78192	1.25121
ENSG00000146674	IGFBP3	13	3.80735	0.868	0.46789	-0.40852	0.87641
ENSG00000125633	CCDC93	1	1	0.986	0.46764	1.677	-1.20936
ENSG00000158985	CDC42SE2	6	2.80735	1.407	0.4673	0.28321	0.18409
ENSG00000108423	TUBD1	5	2.58496	0.95	0.46727	1.5759	-1.10863
ENSG00000125810	CD93	4	2.32193	1.237	0.46553	-1.9911	2.45663
ENSG00000128731	HERC2	31	5	0.243	0.46478	-0.050784	0.515564
ENSG00000149021	SCGB1A1	2	1.58496	1.752	0.46353	-0.17538	0.63891
ENSG00000167772	ANGPTL4	12	3.70044	1.481	0.46311	2.1674	-1.70429
ENSG00000111249	CUX2	26	4.75489	0.383	0.46186	0.85248	-0.39062
ENSG00000128849	CGNL1	5	2.58496	1.086	0.46116	0.0046749	0.456485
ENSG00000115598	IL1RL2	3	2	1.246	0.46083	-0.32634	0.78717
ENSG00000112977	DAP	4	2.32193	1.289	0.46031	0.056224	0.404086
ENSG00000100916	BRMS1L	8	3.16993	0.808	0.46022	2.5117	-2.05148
ENSG00000161204	ABCF3	1	1	0.776	0.45963	2.7195	-2.25987
ENSG00000145949	MYLK4	2	1.58496	1.158	0.45928	1.3558	-0.89652
ENSG00000143153	ATP1B1	14	3.90689	0.195	0.45905	0.43985	0.0192
ENSG00000132376	INPP5K	2	1.58496	1.113	0.45849	1.5659	-1.10741
ENSG00000169599	NFU1	16	4.08746	1.544	0.45721	1.1435	-0.68629
ENSG00000204219	TCEA3	1	1	1.063	0.45569	0.44255	0.01314
ENSG00000154027	AK5	5	2.58496	0.5	0.45556	2.165	-1.70944
ENSG00000183783	KCTD8	2	1.58496	1.2	0.45522	-2.9462	3.40142
ENSG00000053900	ANAPC4	16	4.08746	0.757	0.45505	0.28697	0.16808
ENSG00000138152	BTBD16	2	1.58496	1.246	0.45386	0.16898	0.28488
ENSG00000137203	TFAP2A	2	1.58496	0.334	0.45362	0.96803	-0.51441
ENSG00000099194	SCD	3	2	0.242	0.45355	1.1101	-0.65655
ENSG00000129170	CSRP3	3	2	1.307	0.45341	-0.5362	0.98961
ENSG00000257923	CUX1	13	3.80735	0.277	0.45303	0.10568	0.34735
ENSG00000131435	PDLIM4	4	2.32193	0.956	0.45268	1.0205	-0.56782
ENSG00000260325	HSPB9	2	1.58496	1.888	0.45123	-0.55771	1.00894
ENSG00000116095	PLEKHA3	2	1.58496	0.695	0.45115	-0.98406	1.43521
ENSG00000017427	IGF1	9	3.32193	0.675	0.45091	-0.38154	0.83245
ENSG00000164035	EMCN	2	1.58496	1.355	0.45085	2.3179	-1.86705
ENSG00000140988	RPS2	1	1	0.493	0.45077	-0.039995	0.490765
ENSG00000203747	FCGR3A	4	2.32193	1.012	0.45058	1.0401	-0.58952
ENSG00000126603	GLIS2	4	2.32193	0.637	0.4505	1.7702	-1.3197
ENSG00000124440	HIF3A	1	1	0.833	0.45049	2.5505	-2.10001
ENSG00000214193	SH3D21	2	1.58496	1.221	0.4497	0.29971	0.14999
ENSG00000115590	IL1R2	4	2.32193	1.387	0.44793	-1.7752	2.22313
ENSG00000163520	FBLN2	2	1.58496	0.935	0.4472	1.5379	-1.0907
ENSG00000144824	PHLDB2	2	1.58496	0.717	0.44675	1.561	-1.11425
ENSG00000132906	CASP9	2	1.58496	0.994	0.44653	0.74079	-0.29426
ENSG00000081138	CDH7	4	2.32193	0.552	0.44651	0.93905	-0.49254
ENSG00000078140	UBE2K	1	1	0.728	0.44553	1.9296	-1.48407
ENSG00000184613	NELL2	1	1	0.495	0.4454	-0.88085	1.32625
ENSG00000168930	TRIM49	3	2	0.969	0.44481	3.0543	-2.60949
ENSG00000100151	PICK1	1	1	0.77	0.4438	-0.22505	0.66885
ENSG00000162924	REL	12	3.70044	0.416	0.44309	1.146	-0.70291
ENSG00000123454	DBH	4	2.32193	0.936	0.44156	0.49232	-0.05076
ENSG00000109475	RPL34	1	1	0.716	0.44119	-0.42727	0.86846
ENSG00000154928	EPHB1	4	2.32193	0.441	0.4411	0.70407	-0.26297
ENSG00000101076	HNF4A	10	3.45943	0.439	0.4392	0.25559	0.18361
ENSG00000163673	DCLK3	10	3.45943	0.947	0.43869	3.5098	-3.07111
ENSG00000175906	ARL4D	2	1.58496	1.8	0.43713	0.74972	-0.31259
ENSG00000170775	GPR37	3	2	0.665	0.43704	0.24733	0.18971
ENSG00000130816	DNMT1	1	1	0.15	0.43673	-0.05295	0.48968
ENSG00000148308	GTF3C5	4	2.32193	1.052	0.43662	0.60471	-0.16809
ENSG00000104946	TBC1D17	1	1	1.112	0.43609	1.5985	-1.16241
ENSG00000101323	HAO1	16	4.08746	1.219	0.43598	-0.67815	1.11413
ENSG00000079557	AFM	2	1.58496	1.44	0.43585	1.9259	-1.49005
ENSG00000183742	MACC1	4	2.32193	1.299	0.43516	1.6281	-1.19294
ENSG00000142871	CCN1	2	1.58496	0.509	0.43503	1.3376	-0.90257
ENSG00000166897	ELFN2	1	1	0.566	0.43501	-1.0431	1.47811
ENSG00000099385	BCL7C	1	1	0.546	0.43487	0.79932	-0.36445
ENSG00000183580	FBXL7	1	1	0.542	0.43386	0.66554	-0.23168
ENSG00000166477	LEO1	2	1.58496	0.488	0.43336	1.6648	-1.23144
ENSG00000146955	RAB19	1	1	1.632	0.43332	2.2365	-1.80318
ENSG00000139734	DIAPH3	6	2.80735	0.889	0.43202	1.8375	-1.40548
ENSG00000011485	PPP5C	2	1.58496	0.456	0.43109	1.3251	-0.89401
ENSG00000145850	TIMD4	7	3	1.052	0.43082	1.5128	-1.08198
ENSG00000185070	FLRT2	3	2	0.583	0.4284	0.38173	0.04667
ENSG00000185070	FLRT2	3	2	0.583	0.4284	-0.67876	1.10716
ENSG00000108465	CDK5RAP3	3	2	0.965	0.42823	2.4379	-2.00967
ENSG00000101052	IFT52	1	1	1.116	0.42792	-0.074949	0.502869
ENSG00000110958	PTGES3	5	2.58496	0.868	0.42775	0.73563	-0.30788
ENSG00000140093	SERPINA10	1	1	1.131	0.427	0.11255	0.31445
ENSG00000184924	PTRHD1	2	1.58496	1.332	0.42652	-0.81932	1.24584
ENSG00000167565	SERTAD3	1	1	1.15	0.42646	1.9605	-1.53404
ENSG00000185662	SMIM23	2	1.58496	1.24	0.42611	0.60007	-0.17396
ENSG00000161960	EIF4A1	2	1.58496	0.337	0.42596	1.6466	-1.22064
ENSG00000160117	ANKLE1	6	2.80735	1.368	0.42565	0.66535	-0.2397
ENSG00000163297	ANTXR2	2	1.58496	0.981	0.42492	-0.92838	1.3533
ENSG00000161277	THAP8	1	1	1.615	0.42425	0.33306	0.09119
ENSG00000237412	PRSS56	3	2	1.11	0.42347	0.73083	-0.30736
ENSG00000111271	ACAD10	7	3	1.05	0.42335	1.1643	-0.74095
ENSG00000113810	SMC4	6	2.80735	0.775	0.42298	2.665	-2.24202
ENSG00000085978	ATG16L1	14	3.90689	0.545	0.42284	-0.15624	0.57908
ENSG00000198821	CD247	18	4.24793	0.633	0.42281	-0.033105	0.455915
ENSG00000064835	POU1F1	3	2	0.924	0.42245	1.582	-1.15955
ENSG00000124216	SNAI1	2	1.58496	0.896	0.42184	1.2273	-0.80546
ENSG00000111300	NAA25	6	2.80735	0.341	0.42048	1.9498	-1.52932
ENSG00000011295	TTC19	1	1	1.049	0.42007	0.16635	0.25372
ENSG00000124203	ZNF831	21	4.45943	0.822	0.41958	2.0731	-1.65352
ENSG00000128872	TMOD2	2	1.58496	0.794	0.41905	0.85727	-0.43822
ENSG00000172667	ZMAT3	1	1	0.759	0.41834	2.053	-1.63466
ENSG00000197548	ATG7	5	2.58496	0.985	0.41828	1.1674	-0.74912
ENSG00000100565	LRRC74A	2	1.58496	0.963	0.41821	1.5316	-1.11339
ENSG00000175513	TSGA10IP	1	1	1.305	0.41705	1.5977	-1.18065
ENSG00000116688	MFN2	4	2.32193	0.602	0.41658	0.78044	-0.36386
ENSG00000183826	BTBD9	6	2.80735	0.959	0.41657	2.2569	-1.84033
ENSG00000156140	ADAMTS3	6	2.80735	0.67	0.41561	0.39997	0.01564
ENSG00000166224	SGPL1	1	1	0.71	0.41432	0.87069	-0.45637
ENSG00000196730	DAPK1	2	1.58496	0.383	0.41428	0.85102	-0.43674
ENSG00000073803	MAP3K13	1	1	0.652	0.41385	-0.35312	0.76697
ENSG00000178053	MLF1	7	3	1.258	0.41323	-0.61772	1.03095
ENSG00000135925	WNT10A	7	3	1.484	0.41205	0.26377	0.14828
ENSG00000052850	ALX4	3	2	0.902	0.4115	2.0907	-1.6792
ENSG00000254647	INS	14	3.90689	1.195	0.41109	-0.5453	0.95639
ENSG00000152661	GJA1	9	3.32193	0.522	0.411	1.0139	-0.6029
ENSG00000165030	NFIL3	3	2	0.696	0.41091	-0.091386	0.502296
ENSG00000125755	SYMPK	13	3.80735	0.486	0.41017	-1.3684	1.77857
ENSG00000175893	ZDHHC21	3	2	0.857	0.41005	2.4711	-2.06105
ENSG00000242515	UGT1A10	1	1	1.294	0.40962	1.9614	-1.55178
ENSG00000176842	IRX5	10	3.45943	0.413	0.40927	0.60636	-0.19709
ENSG00000159445	THEM4	4	2.32193	1.569	0.40927	0.55661	-0.14734
ENSG00000168827	GFM1	1	1	0.829	0.40843	-2.1348	2.54323
ENSG00000079335	CDC14A	1	1	1.141	0.40769	-0.23882	0.64651
ENSG00000170689	HOXB9	1	1	0.962	0.40754	1.7016	-1.29406
ENSG00000120519	SLC10A7	1	1	0.966	0.40695	2.9161	-2.50915
ENSG00000244754	N4BP2L2	4	2.32193	1.104	0.40593	-0.18823	0.59416
ENSG00000119698	PPP4R4	1	1	0.715	0.40545	0.3639	0.04155
ENSG00000143126	CELSR2	35	5.16993	0.396	0.40511	0.5714	-0.16629
ENSG00000169359	SLC33A1	2	1.58496	0.555	0.40492	2.7796	-2.37468
ENSG00000148634	HERC4	1	1	0.329	0.40475	2.0528	-1.64805
ENSG00000140279	DUOX2	1	1	1.165	0.40409	0.23337	0.17072
ENSG00000105397	TYK2	27	4.80735	0.626	0.40392	-0.13752	0.54144
ENSG00000184939	ZFP90	4	2.32193	0.789	0.40391	0.076076	0.327834
ENSG00000164438	TLX3	1	1	1.004	0.4035	-0.10397	0.50747
ENSG00000076650	GPATCH1	1	1	0.721	0.40189	0.40775	-0.00586
ENSG00000108433	GOSR2	8	3.16993	1.27	0.40168	1.3734	-0.97172
ENSG00000113368	LMNB1	1	1	0.55	0.4013	0.075828	0.325472
ENSG00000180871	CXCR2	2	1.58496	1.154	0.40076	-0.011355	0.412115
ENSG00000181220	ZNF746	4	2.32193	0.55	0.40054	1.1626	-0.76206
ENSG00000122085	MTERF4	1	1	1.037	0.40033	0.37019	0.03014
ENSG00000156509	FBXO43	1	1	0.454	0.40018	-0.91012	1.3103
ENSG00000128052	KDR	18	4.24793	0.328	0.39979	3.0871	-2.68731
ENSG00000107317	PTGDS	1	1	1.05	0.39975	1.9153	-1.51555
ENSG00000165392	WRN	1	1	0.9	0.39972	1.357	-0.95728
ENSG00000249915	PDCD6	5	2.58496	0.847	0.39922	-0.56719	0.96641
ENSG00000140326	CDAN1	2	1.58496	0.908	0.39912	4.5789	-4.17978
ENSG00000180053	NKX2-6	1	1	1.687	0.39902	0.80011	-0.40109
ENSG00000173610	UGT2A1	2	1.58496	1.612	0.39834	-0.87576	1.2741
ENSG00000166002	SMCO4	1	1	1.901	0.39769	1.2659	-0.86821
ENSG00000143919	CAMKMT	2	1.58496	1.643	0.39721	2.2455	-1.84829
ENSG00000184845	DRD1	1	1	0.252	0.39688	0.93684	-0.53996
ENSG00000148908	RGS10	1	1	0.719	0.39674	0.85888	-0.46214
ENSG00000135605	TEC	1	1	0.89	0.39661	-0.88348	1.28009
ENSG00000226650	KIF4B	1	1	1.029	0.39626	-0.29613	0.69239
ENSG00000189195	BTBD8	2	1.58496	0.753	0.39589	0.3986	-0.00271
ENSG00000214941	ZSWIM7	1	1	1.603	0.39527	0.1805	0.21477
ENSG00000214414	TRIM77	1	1	1.138	0.3952	0.76843	-0.37323
ENSG00000101346	POFUT1	1	1	0.641	0.3944	-1.4821	1.8765
ENSG00000141338	ABCA8	3	2	1.086	0.39434	1.0383	-0.64396
ENSG00000138741	TRPC3	1	1	0.751	0.39339	1.609	-1.21561
ENSG00000167244	IGF2	1	1	0.496	0.39271	-0.35761	0.75032
ENSG00000137710	RDX	3	2	0.542	0.39262	0.70765	-0.31503
ENSG00000116218	NPHS2	1	1	1.319	0.39252	1.2323	-0.83978
ENSG00000198648	STK39	3	2	0.381	0.39184	1.8634	-1.47156
ENSG00000204577	LILRB3	1	1	0.828	0.3908	-1.3438	1.7346
ENSG00000085871	MGST2	1	1	0.935	0.39006	0.24424	0.14582
ENSG00000078142	PIK3C3	8	3.16993	1.003	0.38906	0.70593	-0.31687
ENSG00000186047	DLEU7	27	4.80735	1.902	0.38811	-1.0945	1.48261
ENSG00000148814	LRRC27	1	1	1.329	0.38775	-0.1844	0.57215
ENSG00000136048	DRAM1	1	1	1.134	0.38722	0.82637	-0.43915
ENSG00000169302	STK32A	2	1.58496	1.157	0.38699	2.4084	-2.02141
ENSG00000149100	EIF3M	3	2	0.631	0.38682	0.89774	-0.51092
ENSG00000069018	TRPC7	1	1	0.596	0.38567	1.0895	-0.70383
ENSG00000196734	LCE1B	1	1	1.878	0.38539	-0.11235	0.49774
ENSG00000117114	ADGRL2	18	4.24793	0.301	0.38516	0.47106	-0.0859
ENSG00000079785	DDX1	1	1	0.33	0.38485	0.37829	0.00656
ENSG00000140044	JDP2	2	1.58496	0.925	0.38428	1.7151	-1.33082
ENSG00000142186	SCYL1	1	1	1.158	0.38395	-1.4218	1.80575
ENSG00000155545	MIER3	2	1.58496	0.25	0.38377	0.38336	0.00041
ENSG00000115221	ITGB6	4	2.32193	1.196	0.38347	1.4562	-1.07273
ENSG00000133401	PDZD2	3	2	0.467	0.38295	1.3728	-0.98985
ENSG00000182327	GLTPD2	2	1.58496	1.729	0.38265	0.046988	0.335662
ENSG00000172349	IL16	1	1	0.775	0.38201	1.65	-1.26799
ENSG00000160785	SLC25A44	5	2.58496	0.856	0.38183	0.87588	-0.49405
ENSG00000049449	RCN1	1	1	0.769	0.38156	-0.30183	0.68339
ENSG00000100647	SUSD6	1	1	0.814	0.38068	-0.35575	0.73643
ENSG00000100055	CYTH4	1	1	0.516	0.38013	0.42361	-0.04348
ENSG00000163710	PCOLCE2	3	2	1.063	0.37849	1.3051	-0.92661
ENSG00000142224	IL19	14	3.90689	1.125	0.37754	-1.1931	1.57064
ENSG00000068024	HDAC4	1	1	0.192	0.37703	2.6662	-2.28917
ENSG00000089234	BRAP	7	3	0.766	0.37695	1.3036	-0.92665
ENSG00000188931	CFAP126	1	1	1.591	0.3768	-0.20127	0.57807
ENSG00000127946	HIP1	2	1.58496	0.574	0.3753	-0.58685	0.96215
ENSG00000135736	CCDC102A	1	1	1.13	0.37417	-0.1147	0.48887
ENSG00000168066	SF1	1	1	0.22	0.37409	-0.10973	0.48382
ENSG00000136167	LCP1	1	1	0.39	0.37397	1.0527	-0.67873
ENSG00000177468	OLIG3	18	4.24793	1.398	0.37357	0.1708	0.20277
ENSG00000155755	TMEM237	1	1	1.318	0.37288	0.79313	-0.42025
ENSG00000049246	PER3	1	1	1.009	0.37217	-1.4277	1.79987
ENSG00000116574	RHOU	6	2.80735	0.753	0.37188	-1.1789	1.55078
ENSG00000100243	CYB5R3	1	1	1.074	0.37095	0.067102	0.303848
ENSG00000188313	PLSCR1	1	1	0.673	0.37063	-0.21919	0.58982
ENSG00000204291	COL15A1	5	2.58496	0.763	0.37053	1.1796	-0.80907
ENSG00000135404	CD63	1	1	0.8	0.37026	-0.63891	1.00917
ENSG00000172785	CBWD1	1	1	0.658	0.37005	-0.2859	0.65595
ENSG00000172785	CBWD1	1	1	0.658	0.37005	0.14606	0.22399
ENSG00000130768	SMPDL3B	1	1	1.029	0.36924	-1.3602	1.72944
ENSG00000137767	SQOR	2	1.58496	0.972	0.3687	-0.67472	1.04342
ENSG00000112742	TTK	2	1.58496	0.666	0.36829	-1.1882	1.55649
ENSG00000196396	PTPN1	12	3.70044	0.321	0.36759	1.1693	-0.80171
ENSG00000174851	YIF1A	2	1.58496	1.186	0.36759	3.797	-3.42941
ENSG00000113594	LIFR	2	1.58496	0.798	0.36716	0.32631	0.04085
ENSG00000113360	DROSHA	1	1	0.39	0.36651	-0.10058	0.46709
ENSG00000005421	PON1	1	1	1.159	0.36633	-0.60715	0.97348
ENSG00000144649	GASK1A	3	2	1.335	0.36539	-0.43825	0.80364
ENSG00000241635	UGT1A1	7	3	1.04	0.36507	2.0625	-1.69743
ENSG00000241635	UGT1A1	7	3	1.04	0.36507	1.5555	-1.19043
ENSG00000241635	UGT1A1	7	3	1.04	0.36507	1.337	-0.97193
ENSG00000241635	UGT1A1	7	3	1.04	0.36507	0.77314	-0.40807
ENSG00000241635	UGT1A1	7	3	1.04	0.36507	0.4471	-0.08203
ENSG00000125834	STK35	2	1.58496	0.768	0.36456	0.23008	0.13448
ENSG00000070193	FGF10	10	3.45943	0.267	0.36287	1.6245	-1.26163
ENSG00000084093	REST	7	3	0.16	0.36264	-1.7468	2.10944
ENSG00000168032	ENTPD3	1	1	1.454	0.36218	1.6693	-1.30712
ENSG00000138675	FGF5	26	4.75489	1.418	0.36216	0.27892	0.08324
ENSG00000103522	IL21R	18	4.24793	0.631	0.3616	0.12663	0.23497
ENSG00000161905	ALOX15	9	3.32193	1.117	0.36069	-1.6078	1.96849
ENSG00000162174	ASRGL1	1	1	1.121	0.35999	-0.86003	1.22002
ENSG00000198937	CCDC167	1	1	1.702	0.35874	0.80044	-0.4417
ENSG00000167034	NKX3-1	2	1.58496	1.179	0.35826	0.083505	0.274755
ENSG00000162804	SNED1	5	2.58496	0.666	0.35758	-0.77588	1.13346
ENSG00000151304	SRFBP1	2	1.58496	1.254	0.35753	-0.77123	1.12876
ENSG00000164938	TP53INP1	5	2.58496	0.901	0.35676	1.326	-0.96924
ENSG00000185650	ZFP36L1	28	4.85798	0.536	0.35662	0.6975	-0.34088
ENSG00000005436	GCFC2	2	1.58496	1.945	0.35658	1.9402	-1.58362
ENSG00000079150	FKBP7	1	1	1.339	0.35621	-0.91133	1.26754
ENSG00000241635	UGT1A1	7	3	1.04	0.35582	2.0625	-1.70668
ENSG00000241635	UGT1A1	7	3	1.04	0.35582	1.5555	-1.19968
ENSG00000241635	UGT1A1	7	3	1.04	0.35582	1.337	-0.98118
ENSG00000241635	UGT1A1	7	3	1.04	0.35582	0.77314	-0.41732
ENSG00000241635	UGT1A1	7	3	1.04	0.35582	0.4471	-0.09128
ENSG00000205442	IZUMO3	2	1.58496	1.655	0.35577	1.3562	-1.00043
ENSG00000240403	KIR3DL2	1	1	1.283	0.35575	-0.48847	0.84422
ENSG00000110955	ATP5F1B	1	1	0.531	0.35547	0.74168	-0.38621
ENSG00000164010	ERMAP	1	1	0.913	0.35541	0.99325	-0.63784
ENSG00000145703	IQGAP2	3	2	1.006	0.35499	0.91986	-0.56487
ENSG00000146243	IRAK1BP1	3	2	1.256	0.35435	1.5805	-1.22615
ENSG00000128951	DUT	3	2	1.684	0.35382	0.28784	0.06598
ENSG00000162769	FLVCR1	1	1	1.013	0.35293	-0.3592	0.71213
ENSG00000136874	STX17	1	1	1.082	0.35291	-0.17046	0.52337
ENSG00000004846	ABCB5	11	3.58496	1.178	0.35274	2.5804	-2.22766
ENSG00000179299	NSUN7	1	1	1.245	0.35236	-0.3608	0.71316
ENSG00000180269	GPR139	2	1.58496	0.728	0.35131	-0.78287	1.13418
ENSG00000151338	MIPOL1	5	2.58496	1.452	0.35032	0.69867	-0.34835
ENSG00000072952	IRAG1	12	3.70044	0.738	0.34999	2.9025	-2.55251
ENSG00000185519	FAM131C	1	1	1.059	0.34981	-1.9322	2.28201
ENSG00000168398	BDKRB2	2	1.58496	1.929	0.34963	-1.2423	1.59193
ENSG00000189320	FAM180A	2	1.58496	1.407	0.34955	1.905	-1.55545
ENSG00000163012	ZSWIM2	2	1.58496	1.056	0.34919	-0.021194	0.370384
ENSG00000168461	RAB31	5	2.58496	1.516	0.34901	0.66203	-0.31302
ENSG00000102910	LONP2	1	1	0.906	0.34837	-0.16944	0.51781
ENSG00000180251	SLC9A4	9	3.32193	1.063	0.34806	-1.0874	1.43546
ENSG00000099998	GGT5	1	1	1.193	0.34766	-1.0172	1.36486
ENSG00000177453	NIM1K	1	1	1.189	0.34699	0.66819	-0.3212
ENSG00000134294	SLC38A2	6	2.80735	0.308	0.34643	-1.5016	1.84803
ENSG00000152503	TRIM36	7	3	0.747	0.34515	2.3362	-1.99105
ENSG00000073008	PVR	1	1	1.142	0.34401	2.5378	-2.19379
ENSG00000187609	EXD3	15	4	1.373	0.34298	1.9045	-1.56152
ENSG00000128045	RASL11B	2	1.58496	0.978	0.3429	-0.24131	0.58421
ENSG00000130939	UBE4B	2	1.58496	0.237	0.34259	0.54498	-0.20239
ENSG00000152520	PAN3	1	1	0.262	0.34149	1.0143	-0.67281
ENSG00000180176	TH	9	3.32193	1.27	0.34148	-0.71691	1.05839
ENSG00000187783	TMEM72	1	1	1.081	0.33977	-0.8128	1.15257
ENSG00000186635	ARAP1	3	2	0.572	0.33975	-0.61191	0.95166
ENSG00000172159	FRMD3	1	1	0.563	0.33941	0.23288	0.10653
ENSG00000182240	BACE2	7	3	0.574	0.33894	0.74788	-0.40894
ENSG00000127616	SMARCA4	9	3.32193	0.226	0.33693	2.798	-2.46107
ENSG00000133619	KRBA1	1	1	1.213	0.33603	-1.0405	1.37653
ENSG00000122367	LDB3	1	1	0.864	0.33573	1.3148	-0.97907
ENSG00000143669	LYST	1	1	0.505	0.33484	0.63818	-0.30334
ENSG00000184564	SLITRK6	1	1	0.812	0.33448	-0.064723	0.399203
ENSG00000160226	CFAP410	2	1.58496	1.453	0.33376	-0.53676	0.87052
ENSG00000269964	MEI4	1	1	1.341	0.33358	1.4498	-1.11622
ENSG00000134326	CMPK2	2	1.58496	1.708	0.33352	0.77967	-0.44615
ENSG00000099139	PCSK5	4	2.32193	0.724	0.33278	1.0625	-0.72972
ENSG00000125826	RBCK1	2	1.58496	0.89	0.33246	0.047195	0.285265
ENSG00000142484	TM4SF5	1	1	1.124	0.33215	-0.088464	0.420614
ENSG00000205038	PKHD1L1	1	1	1.054	0.33191	1.0273	-0.69539
ENSG00000100024	UPB1	1	1	0.982	0.33011	0.26696	0.06315
ENSG00000140543	DET1	4	2.32193	0.692	0.32887	2.9406	-2.61173
ENSG00000164344	KLKB1	6	2.80735	0.974	0.32842	1.209	-0.88058
ENSG00000163956	LRPAP1	1	1	1.375	0.32839	0.7025	-0.37411
ENSG00000165617	DACT1	2	1.58496	0.703	0.32768	-0.14464	0.47232
ENSG00000164303	ENPP6	2	1.58496	0.997	0.32731	0.49629	-0.16898
ENSG00000108443	RPS6KB1	3	2	0.387	0.32727	1.5182	-1.19093
ENSG00000135226	UGT2B28	1	1	1.458	0.32651	-0.042955	0.369465
ENSG00000004948	CALCR	1	1	1.039	0.32641	0.40008	-0.07367
ENSG00000005102	MEOX1	5	2.58496	1.142	0.32607	0.020359	0.305711
ENSG00000074416	MGLL	1	1	0.5	0.32599	1.625	-1.29901
ENSG00000050730	TNIP3	4	2.32193	1.001	0.32497	0.22315	0.10182
ENSG00000134504	KCTD1	4	2.32193	0.606	0.32478	1.6508	-1.32602
ENSG00000120798	NR2C1	1	1	0.701	0.32458	0.076556	0.248024
ENSG00000106261	ZKSCAN1	5	2.58496	0.413	0.32452	2.0261	-1.70158
ENSG00000138756	BMP2K	2	1.58496	0.768	0.32447	-0.91249	1.23696
ENSG00000107731	UNC5B	1	1	0.692	0.32334	0.7848	-0.46146
ENSG00000198373	WWP2	17	4.16993	0.572	0.32328	1.1213	-0.79802
ENSG00000127124	HIVEP3	3	2	0.417	0.3226	2.7369	-2.4143
ENSG00000157884	CIB4	1	1	1.456	0.32256	1.1378	-0.81524
ENSG00000164708	PGAM2	1	1	1.421	0.32023	0.00066523	0.319565
ENSG00000140986	RPL3L	4	2.32193	1.321	0.31976	0.19678	0.12298
ENSG00000164287	CDC20B	1	1	1.25	0.31957	1.2058	-0.88623
ENSG00000222011	FAM185A	6	2.80735	0.91	0.31949	-0.85301	1.1725
ENSG00000121966	CXCR4	12	3.70044	0.514	0.31936	0.62384	-0.30448
ENSG00000158987	RAPGEF6	3	2	0.41	0.31928	0.51079	-0.19151
ENSG00000160293	VAV2	3	2	0.623	0.31925	1.8022	-1.48295
ENSG00000197872	CYRIA	11	3.58496	0.615	0.31757	1.2574	-0.93983
ENSG00000164530	PI16	2	1.58496	1.22	0.31733	1.9503	-1.63297
ENSG00000172901	LVRN	3	2	1.102	0.3168	-0.014875	0.331675
ENSG00000182183	SHISAL2A	2	1.58496	1.88	0.3167	2.214	-1.8973
ENSG00000129467	ADCY4	1	1	1.089	0.31659	-0.074509	0.391099
ENSG00000122870	BICC1	8	3.16993	0.541	0.31643	-0.077134	0.393564
ENSG00000170381	SEMA3E	1	1	0.668	0.31587	0.88327	-0.5674
ENSG00000165219	GAPVD1	3	2	0.34	0.31455	1.2391	-0.92455
ENSG00000112486	CCR6	5	2.58496	1.538	0.31386	0.41718	-0.10332
ENSG00000146205	ANO7	3	2	1.159	0.31378	1.382	-1.06822
ENSG00000135845	PIGC	1	1	0.996	0.31362	1.7612	-1.44758
ENSG00000214376	VSTM5	1	1	1.431	0.31327	0.72857	-0.4153
ENSG00000165879	FRAT1	1	1	1.798	0.31319	1.5968	-1.28361
ENSG00000173726	TOMM20	2	1.58496	0.951	0.31305	2.6557	-2.34265
ENSG00000198758	EPS8L3	10	3.45943	1.052	0.31276	0.0052147	0.307545
ENSG00000119185	ITGB1BP1	1	1	0.956	0.31276	0.14573	0.16703
ENSG00000214078	CPNE1	5	2.58496	1.012	0.31258	2.4946	-2.18202
ENSG00000137161	CNPY3	1	1	0.882	0.31229	0.64543	-0.33314
ENSG00000073417	PDE8A	3	2	0.631	0.31148	-0.38098	0.69246
ENSG00000065054	SLC9A3R2	3	2	1.542	0.31105	1.1821	-0.87105
ENSG00000169836	TACR3	4	2.32193	1.21	0.31082	0.59743	-0.28661
ENSG00000123297	TSFM	5	2.58496	1.197	0.30921	1.3012	-0.99199
ENSG00000166415	WDR72	8	3.16993	1.089	0.3074	1.3811	-1.0737
ENSG00000164713	BRI3	1	1	1.326	0.30737	-2.0062	2.31357
ENSG00000071054	MAP4K4	4	2.32193	0.308	0.30733	-0.79501	1.10234
ENSG00000164649	CDCA7L	4	2.32193	0.983	0.30724	-0.38366	0.6909
ENSG00000137076	TLN1	1	1	0.236	0.30646	0.14887	0.15759
ENSG00000197081	IGF2R	3	2	0.421	0.30643	-0.6508	0.95723
ENSG00000166801	FAM111A	2	1.58496	1.89	0.30627	-1.7779	2.08417
ENSG00000188227	ZNF793	1	1	0.809	0.30625	0.88952	-0.58327
ENSG00000213171	LINGO4	1	1	1.137	0.30575	0.55303	-0.24728
ENSG00000186714	CCDC73	2	1.58496	1.103	0.30552	0.56327	-0.25775
ENSG00000168159	RNF187	1	1	1.757	0.30527	-0.52166	0.82693
ENSG00000116138	DNAJC16	3	2	0.933	0.30486	0.85756	-0.5527
ENSG00000165630	PRPF18	1	1	1.171	0.3044	-0.86702	1.17142
ENSG00000135913	USP37	2	1.58496	0.281	0.30309	0.21327	0.08982
ENSG00000029559	IBSP	4	2.32193	1.154	0.30093	0.5364	-0.23547
ENSG00000171469	ZNF561	1	1	1.325	0.30028	0.26927	0.03101
ENSG00000171469	ZNF561	1	1	1.325	0.30028	0.70999	-0.40971
ENSG00000080511	RDH8	1	1	1.069	0.30006	2.0277	-1.72764
ENSG00000124596	OARD1	1	1	1.764	0.29979	0.96965	-0.66986
ENSG00000091106	NLRC4	1	1	0.948	0.29884	0.85345	-0.55461
ENSG00000105767	CADM4	1	1	0.496	0.29873	-0.37953	0.67826
ENSG00000178202	POGLUT3	12	3.70044	1.201	0.29816	0.043725	0.254435
ENSG00000168671	UGT3A2	3	2	1.08	0.29774	2.1292	-1.83146
ENSG00000118197	DDX59	1	1	0.864	0.29632	2.069	-1.77268
ENSG00000124608	AARS2	1	1	0.752	0.29591	0.80528	-0.50937
ENSG00000184949	FAM227A	2	1.58496	1.202	0.29572	2.4596	-2.16388
ENSG00000177673	TEX44	2	1.58496	1.869	0.29517	-0.090693	0.385863
ENSG00000081479	LRP2	3	2	0.352	0.29488	1.4026	-1.10772
ENSG00000217128	FNIP1	3	2	0.394	0.29459	0.65537	-0.36078
ENSG00000163312	HELQ	1	1	0.742	0.29454	1.0546	-0.76006
ENSG00000157404	KIT	3	2	0.24	0.29445	2.9397	-2.64525
ENSG00000184465	WDR27	2	1.58496	1.132	0.29303	0.007469	0.285561
ENSG00000221947	XKR9	3	2	1.312	0.29168	0.30598	-0.0143
ENSG00000139985	ADAM21	1	1	1.913	0.29155	0.84997	-0.55842
ENSG00000092345	DAZL	2	1.58496	0.2	0.29052	-0.17627	0.46679
ENSG00000139613	SMARCC2	7	3	0.167	0.28974	1.4625	-1.17276
ENSG00000174238	PITPNA	1	1	0.481	0.28966	1.0186	-0.72894
ENSG00000018510	AGPS	1	1	0.408	0.28925	0.059919	0.229331
ENSG00000115839	RAB3GAP1	3	2	0.798	0.28817	1.4396	-1.15143
ENSG00000204103	MAFB	28	4.85798	0.469	0.28815	-0.06948	0.35763
ENSG00000147592	LACTB2	5	2.58496	1.386	0.288	0.26634	0.02166
ENSG00000136842	TMOD1	4	2.32193	0.594	0.28761	1.0333	-0.74569
ENSG00000148120	AOPEP	12	3.70044	0.979	0.2874	-0.43159	0.71899
ENSG00000113761	ZNF346	5	2.58496	1.209	0.28716	1.3058	-1.01864
ENSG00000090372	STRN4	1	1	0.523	0.28694	2.0904	-1.80346
ENSG00000155307	SAMSN1	2	1.58496	1.113	0.2868	0.29463	-0.00783
ENSG00000065361	ERBB3	5	2.58496	0.695	0.28645	0.92874	-0.64229
ENSG00000153814	JAZF1	42	5.42626	0.438	0.28583	2.0602	-1.77437
ENSG00000114455	HHLA2	1	1	1.323	0.28579	1.6583	-1.37251
ENSG00000161973	CCDC42	1	1	1.222	0.28572	1.6554	-1.36968
ENSG00000198829	SUCNR1	1	1	1.97	0.28453	0.40067	-0.11614
ENSG00000159197	KCNE2	15	4	1.636	0.28444	0.37846	-0.09402
ENSG00000074603	DPP8	3	2	0.368	0.28396	0.67502	-0.39106
ENSG00000160867	FGFR4	3	2	0.884	0.28377	0.46788	-0.18411
ENSG00000111321	LTBR	15	4	0.501	0.28188	0.86305	-0.58117
ENSG00000121797	CCRL2	2	1.58496	1.939	0.28048	-0.39034	0.67082
ENSG00000159216	RUNX1	22	4.52356	0.633	0.27995	-0.97085	1.2508
ENSG00000089902	RCOR1	1	1	0.674	0.27993	0.14042	0.13951
ENSG00000070087	PFN2	1	1	1.398	0.2796	1.642	-1.3624
ENSG00000184557	SOCS3	9	3.32193	0.965	0.27922	2.3736	-2.09438
ENSG00000169994	MYO7B	6	2.80735	0.956	0.27871	-1.5521	1.83081
ENSG00000084674	APOB	17	4.16993	0.537	0.27799	2.0694	-1.79141
ENSG00000078618	NRDC	1	1	0.503	0.27781	1.3308	-1.05299
ENSG00000146263	MMS22L	4	2.32193	0.506	0.2775	0.31002	-0.03252
ENSG00000088543	C3orf18	1	1	1.42	0.27739	2.4225	-2.14511
ENSG00000081923	ATP8B1	4	2.32193	0.62	0.27591	0.066378	0.209532
ENSG00000111912	NCOA7	3	2	0.52	0.27353	1.7174	-1.44387
ENSG00000171819	ANGPTL7	4	2.32193	1.231	0.2735	-0.15619	0.42969
ENSG00000135318	NT5E	1	1	1.254	0.27278	-0.21922	0.492
ENSG00000169856	ONECUT1	4	2.32193	0.823	0.27215	0.25415	0.018
ENSG00000171450	CDK5R2	3	2	0.745	0.27169	-0.35748	0.62917
ENSG00000105849	POLR1F	3	2	1.36	0.2715	-0.80648	1.07798
ENSG00000048392	RRM2B	1	1	0.688	0.27133	0.84966	-0.57833
ENSG00000112214	FHL5	8	3.16993	1.406	0.27084	-0.24581	0.51665
ENSG00000122691	TWIST1	30	4.9542	1.451	0.2708	0.73135	-0.46055
ENSG00000163599	CTLA4	26	4.75489	0.211	0.27042	0.96701	-0.69659
ENSG00000087008	ACOX3	2	1.58496	1.114	0.26823	-1.8433	2.11153
ENSG00000140470	ADAMTS17	2	1.58496	0.966	0.26792	-0.22456	0.49248
ENSG00000135931	ARMC9	2	1.58496	0.975	0.26778	0.69827	-0.43049
ENSG00000118137	APOA1	3	2	1.168	0.26724	3.8704	-3.60316
ENSG00000103932	RPAP1	4	2.32193	0.877	0.2669	0.71931	-0.45241
ENSG00000151474	FRMD4A	9	3.32193	0.456	0.26662	1.0012	-0.73458
ENSG00000133466	C1QTNF6	11	3.58496	1.256	0.26611	-1.3812	1.64731
ENSG00000115902	SLC1A4	1	1	0.795	0.26506	-0.055702	0.320762
ENSG00000136869	TLR4	7	3	0.858	0.26465	-0.86082	1.12547
ENSG00000206560	ANKRD28	2	1.58496	0.455	0.26386	-0.94406	1.20792
ENSG00000133710	SPINK5	2	1.58496	0.908	0.26341	0.17613	0.08728
ENSG00000142002	DPP9	4	2.32193	0.647	0.26338	-0.74024	1.00362
ENSG00000064205	CCN5	1	1	1.47	0.2631	1.6452	-1.3821
ENSG00000182346	DAOA	8	3.16993	1.457	0.26279	0.62933	-0.36654
ENSG00000204022	LIPJ	4	2.32193	1.068	0.26144	-1.3252	1.58664
ENSG00000134278	SPIRE1	1	1	0.614	0.26098	1.6161	-1.35512
ENSG00000082701	GSK3B	1	1	0.512	0.26085	0.69648	-0.43563
ENSG00000255501	CARD18	1	1	1.545	0.26069	0.030015	0.230675
ENSG00000219073	CELA3B	5	2.58496	1.28	0.2605	-1.4582	1.7187
ENSG00000150244	TRIM48	4	2.32193	1.579	0.25969	1.9291	-1.66941
ENSG00000150244	TRIM48	4	2.32193	1.579	0.25969	0.84733	-0.58764
ENSG00000150244	TRIM48	4	2.32193	1.579	0.25969	0.37467	-0.11498
ENSG00000085274	MYNN	23	4.58496	0.553	0.25969	2.0014	-1.74171
ENSG00000181991	MRPS11	2	1.58496	1.534	0.25936	-0.20831	0.46767
ENSG00000100385	IL2RB	3	2	0.612	0.25902	-1.8487	2.10772
ENSG00000198740	ZNF652	34	5.12928	0.473	0.25877	1.3867	-1.12793
ENSG00000196233	LCOR	1	1	0.338	0.25808	1.4715	-1.21342
ENSG00000225830	ERCC6	1	1	0.803	0.25765	1.0113	-0.75365
ENSG00000100031	GGT1	5	2.58496	0.574	0.25729	-1.1477	1.40499
ENSG00000100031	GGT1	5	2.58496	0.574	0.25729	0.076024	0.181266
ENSG00000100031	GGT1	5	2.58496	0.574	0.25729	3.046	-2.78871
ENSG00000188026	RILPL1	1	1	0.948	0.25526	2.0006	-1.74534
ENSG00000150244	TRIM48	4	2.32193	1.579	0.25514	1.9291	-1.67396
ENSG00000150244	TRIM48	4	2.32193	1.579	0.25514	0.84733	-0.59219
ENSG00000150244	TRIM48	4	2.32193	1.579	0.25514	0.37467	-0.11953
ENSG00000122729	ACO1	2	1.58496	0.839	0.25446	-1.2383	1.49276
ENSG00000151276	MAGI1	6	2.80735	0.494	0.25426	1.4633	-1.20904
ENSG00000153930	ANKFN1	6	2.80735	0.741	0.2542	-1.0656	1.3198
ENSG00000172238	ATOH1	5	2.58496	0.767	0.25328	0.88496	-0.63168
ENSG00000177943	MAMDC4	1	1	1.329	0.25317	3.0449	-2.79173
ENSG00000052126	PLEKHA5	2	1.58496	0.369	0.25268	1.19	-0.93732
ENSG00000165556	CDX2	1	1	0.609	0.25152	-1.4307	1.68222
ENSG00000198945	L3MBTL3	8	3.16993	0.326	0.25148	-0.7275	0.97898
ENSG00000167778	SPRYD3	2	1.58496	0.515	0.25084	1.9143	-1.66346
ENSG00000148848	ADAM12	1	1	0.818	0.25055	0.16908	0.08147
ENSG00000123243	ITIH5	1	1	0.966	0.25027	0.54374	-0.29347
ENSG00000215193	PEX26	1	1	0.893	0.25008	0.82701	-0.57693
ENSG00000106565	TMEM176B	1	1	1.256	0.24833	0.69798	-0.44965
ENSG00000028203	VEZT	5	2.58496	0.677	0.24812	1.0447	-0.79658
ENSG00000101695	RNF125	1	1	1.071	0.24799	0.85515	-0.60716
ENSG00000108179	PPIF	7	3	1.725	0.24652	1.8757	-1.62918
ENSG00000004897	CDC27	3	2	0.38	0.24613	1.2831	-1.03697
ENSG00000155761	SPAG17	10	3.45943	0.692	0.24494	0.70747	-0.46253
ENSG00000123810	B9D2	8	3.16993	1.518	0.24433	0.15586	0.08847
ENSG00000100142	POLR2F	1	1	0.988	0.24343	-0.34406	0.58749
ENSG00000149124	GLYAT	1	1	1.915	0.24212	1.0389	-0.79678
ENSG00000120688	WBP4	1	1	0.971	0.24124	-0.73295	0.97419
ENSG00000170683	OR10A3	1	1	1.571	0.24104	0.92322	-0.68218
ENSG00000166444	DENND2B	5	2.58496	0.373	0.23952	0.34065	-0.10113
ENSG00000196793	ZNF239	1	1	0.806	0.23933	-0.66796	0.90729
ENSG00000118961	LDAH	3	2	1.17	0.2393	-0.10687	0.34617
ENSG00000162631	NTNG1	2	1.58496	0.444	0.23923	-0.99247	1.2317
ENSG00000006015	REX1BD	1	1	1.864	0.23837	1.6319	-1.39353
ENSG00000163286	ALPG	1	1	1.103	0.23562	0.020834	0.214786
ENSG00000109047	RCVRN	3	2	1.616	0.23556	0.56809	-0.33253
ENSG00000177105	RHOG	4	2.32193	0.367	0.23357	-0.58326	0.81683
ENSG00000205133	TRIQK	3	2	1.815	0.23292	-0.12182	0.35474
ENSG00000096717	SIRT1	1	1	0.527	0.23291	1.8838	-1.65089
ENSG00000188672	RHCE	2	1.58496	0.688	0.23258	-0.24174	0.47432
ENSG00000139154	AEBP2	3	2	0.461	0.23249	1.4522	-1.21971
ENSG00000123200	ZC3H13	1	1	0.376	0.23192	1.4658	-1.23388
ENSG00000213186	TRIM59	4	2.32193	0.675	0.23169	2.6165	-2.38481
ENSG00000173572	NLRP13	1	1	1.019	0.2303	0.87659	-0.64629
ENSG00000116809	ZBTB17	3	2	0.441	0.23002	1.493	-1.26298
ENSG00000198915	RASGEF1A	1	1	0.502	0.22981	0.78407	-0.55426
ENSG00000120875	DUSP4	2	1.58496	0.808	0.22926	-0.87297	1.10223
ENSG00000171150	SOCS5	1	1	0.98	0.2284	2.7864	-2.558
ENSG00000172215	CXCR6	1	1	1.476	0.22822	-0.79859	1.02681
ENSG00000130940	CASZ1	30	4.9542	0.285	0.22721	0.63798	-0.41077
ENSG00000141469	SLC14A1	3	2	1.11	0.22658	2.2464	-2.01982
ENSG00000127666	TICAM1	10	3.45943	1.802	0.22655	-1.0602	1.28675
ENSG00000065989	PDE4A	7	3	0.434	0.22649	0.43784	-0.21135
ENSG00000165269	AQP7	1	1	1.24	0.22622	-0.16931	0.39553
ENSG00000112761	CCN6	1	1	1.055	0.22575	2.3612	-2.13545
ENSG00000164366	CCDC127	2	1.58496	1.43	0.22552	-0.60902	0.83454
ENSG00000156858	PRR14	1	1	0.768	0.22414	0.29848	-0.07434
ENSG00000072694	FCGR2B	3	2	0.995	0.22386	-1.5244	1.74826
ENSG00000038295	TLL1	6	2.80735	0.467	0.22376	2.658	-2.43424
ENSG00000109667	SLC2A9	9	3.32193	1.022	0.2221	-1.3963	1.6184
ENSG00000111783	RFX4	2	1.58496	0.178	0.22189	0.39274	-0.17085
ENSG00000102781	KATNAL1	1	1	0.885	0.22043	1.2841	-1.06367
ENSG00000172155	LCE1D	3	2	1.869	0.21957	-0.28341	0.50298
ENSG00000127220	ABHD8	4	2.32193	0.664	0.21942	0.57195	-0.35253
ENSG00000100968	NFATC4	1	1	0.5	0.21866	-0.27292	0.49158
ENSG00000196549	MME	2	1.58496	0.931	0.2186	0.079331	0.139269
ENSG00000107372	ZFAND5	2	1.58496	0.414	0.21758	-0.026848	0.244428
ENSG00000029153	ARNTL2	1	1	0.831	0.21717	0.089228	0.127942
ENSG00000196748	CLPSL2	4	2.32193	1.356	0.21631	-0.19061	0.40692
ENSG00000170144	HNRNPA3	1	1	0.162	0.21587	2.2021	-1.98623
ENSG00000163145	C1QTNF7	3	2	1.12	0.21584	0.46902	-0.25318
ENSG00000111445	RFC5	1	1	0.761	0.21497	3.3103	-3.09533
ENSG00000130699	TAF4	1	1	0.205	0.21486	3.4774	-3.26254
ENSG00000115963	RND3	3	2	0.533	0.21462	0.4488	-0.23418
ENSG00000206418	RAB12	1	1	1.18	0.2145	0.35293	-0.13843
ENSG00000096063	SRPK1	4	2.32193	0.763	0.21377	1.3573	-1.14353
ENSG00000087250	MT3	1	1	1.308	0.21354	-0.099504	0.313044
ENSG00000197756	RPL37A	2	1.58496	0.868	0.21314	2.9632	-2.75006
ENSG00000162745	OLFML2B	2	1.58496	0.936	0.21297	1.2266	-1.01363
ENSG00000085760	MTIF2	1	1	1.019	0.21276	1.0892	-0.87644
ENSG00000157214	STEAP2	1	1	0.841	0.21273	0.34261	-0.12988
ENSG00000167105	TMEM92	1	1	1.517	0.21264	0.4988	-0.28616
ENSG00000112964	GHR	1	1	0.65	0.21249	-0.6734	0.88589
ENSG00000159339	PADI4	4	2.32193	1.012	0.21222	1.5222	-1.30998
ENSG00000125618	PAX8	14	3.90689	0.415	0.21199	-1.455	1.66699
ENSG00000134460	IL2RA	47	5.58496	0.906	0.21196	-0.048852	0.260812
ENSG00000132964	CDK8	1	1	0.646	0.21072	0.30799	-0.09727
ENSG00000163508	EOMES	10	3.45943	0.493	0.21016	1.3947	-1.18454
ENSG00000166471	TMEM41B	2	1.58496	0.834	0.21011	1.7971	-1.58699
ENSG00000137875	BCL2L10	1	1	1.888	0.20907	1.1886	-0.97953
ENSG00000269067	ZNF728	1	1	1.546	0.20899	0.20078	0.00821
ENSG00000068976	PYGM	1	1	0.962	0.20891	-0.033749	0.242659
ENSG00000107295	SH3GL2	4	2.32193	0.937	0.20775	-0.11187	0.31962
ENSG00000145907	G3BP1	1	1	1.161	0.20719	1.1926	-0.98541
ENSG00000111077	TNS2	10	3.45943	0.612	0.20676	1.8917	-1.68494
ENSG00000204673	AKT1S1	1	1	1.49	0.20646	1.8811	-1.67464
ENSG00000124126	PREX1	11	3.58496	0.268	0.2061	2.6071	-2.401
ENSG00000165566	AMER2	1	1	0.655	0.20596	0.087584	0.118376
ENSG00000181803	OR6S1	1	1	1.867	0.20557	-0.36668	0.57225
ENSG00000187446	CHP1	4	2.32193	0.691	0.20549	0.82587	-0.62038
ENSG00000158786	PLA2G2F	2	1.58496	1.484	0.20476	-0.27115	0.47591
ENSG00000115232	ITGA4	6	2.80735	0.603	0.20466	2.2615	-2.05684
ENSG00000161640	SIGLEC11	1	1	1.291	0.2045	1.4855	-1.281
ENSG00000205189	ZBTB10	27	4.80735	0.626	0.20422	1.5818	-1.37758
ENSG00000103257	SLC7A5	7	3	0.609	0.20262	1.339	-1.13638
ENSG00000162747	FCGR3B	5	2.58496	1.466	0.20252	0.080971	0.121549
ENSG00000145536	ADAMTS16	14	3.90689	0.794	0.20248	-1.6509	1.85338
ENSG00000259494	MRPL46	1	1	1.13	0.20247	2.971	-2.76853
ENSG00000204099	NEU4	6	2.80735	1.538	0.20047	-1.0744	1.27487
ENSG00000173064	HECTD4	16	4.08746	0.292	0.19953	1.6816	-1.48207
ENSG00000124205	EDN3	1	1	0.696	0.19927	0.97315	-0.77388
ENSG00000073331	ALPK1	1	1	1.079	0.19859	0.77316	-0.57457
ENSG00000114735	HEMK1	1	1	0.958	0.19639	2.5163	-2.31991
ENSG00000164089	ETNPPL	1	1	0.651	0.19595	0.7015	-0.50555
ENSG00000183888	SRARP	4	2.32193	1.9	0.19565	1.3338	-1.13815
ENSG00000186207	LCE5A	9	3.32193	1.914	0.19543	-1.4811	1.67653
ENSG00000100564	PIGH	1	1	1.778	0.19483	0.13729	0.05754
ENSG00000180818	HOXC10	2	1.58496	0.872	0.19428	0.35083	-0.15655
ENSG00000147536	GINS4	1	1	0.993	0.19399	1.2	-1.00601
ENSG00000203724	C1orf53	3	2	1.975	0.19385	2.41	-2.21615
ENSG00000182885	ADGRG3	1	1	0.93	0.19372	-1.9806	2.17432
ENSG00000112186	CAP2	1	1	0.763	0.19371	1.2457	-1.05199
ENSG00000137760	ALKBH8	1	1	0.797	0.19188	0.92206	-0.73018
ENSG00000152804	HHEX	22	4.52356	0.653	0.19149	-0.3935	0.58499
ENSG00000170324	FRMPD2	4	2.32193	0.946	0.19124	0.25653	-0.06529
ENSG00000067057	PFKP	1	1	1.286	0.19015	-0.69704	0.88719
ENSG00000148498	PARD3	3	2	0.61	0.19014	-0.18155	0.37169
ENSG00000073584	SMARCE1	15	4	0.318	0.18861	0.30154	-0.11293
ENSG00000171469	ZNF561	1	1	1.325	0.18766	0.26927	-0.08161
ENSG00000171469	ZNF561	1	1	1.325	0.18766	0.70999	-0.52233
ENSG00000119487	MAPKAP1	5	2.58496	0.369	0.18763	2.4742	-2.28657
ENSG00000204140	CLPSL1	2	1.58496	1.867	0.18753	0.15952	0.02801
ENSG00000162627	SNX7	1	1	0.993	0.1869	-2.2507	2.4376
ENSG00000144802	NFKBIZ	7	3	0.38	0.18642	-0.46774	0.65416
ENSG00000159212	CLIC6	10	3.45943	1.445	0.18592	-0.22492	0.41084
ENSG00000109927	TECTA	1	1	0.661	0.18272	-0.31288	0.4956
ENSG00000102908	NFAT5	13	3.80735	0.235	0.18213	1.7302	-1.54807
ENSG00000101144	BMP7	10	3.45943	0.523	0.18189	2.0998	-1.91791
ENSG00000112149	CD83	5	2.58496	1.383	0.18122	-0.41563	0.59685
ENSG00000118785	SPP1	4	2.32193	1.335	0.18102	-1.1554	1.33642
ENSG00000104826	LHB	1	1	1.603	0.18008	-0.27944	0.45952
ENSG00000168476	REEP4	1	1	0.786	0.17956	1.0543	-0.87474
ENSG00000154237	LRRK1	9	3.32193	0.631	0.17886	-1.0598	1.23866
ENSG00000112039	FANCE	2	1.58496	0.957	0.17832	-0.84267	1.02099
ENSG00000186442	KRT3	2	1.58496	0.996	0.17803	-0.71817	0.8962
ENSG00000170289	CNGB3	1	1	1.044	0.17715	0.19143	-0.01428
ENSG00000183386	FHL3	3	2	0.835	0.17712	0.37009	-0.19297
ENSG00000173542	MOB1B	3	2	1.241	0.17633	0.49764	-0.32131
ENSG00000030582	GRN	6	2.80735	0.59	0.17568	-0.56382	0.7395
ENSG00000117155	SSX2IP	2	1.58496	0.851	0.17556	2.848	-2.67244
ENSG00000105974	CAV1	13	3.80735	0.967	0.17429	0.50471	-0.33042
ENSG00000150281	CTF1	5	2.58496	1.959	0.1734	0.82327	-0.64987
ENSG00000025293	PHF20	2	1.58496	0.249	0.17286	0.97841	-0.80555
ENSG00000240563	L1TD1	2	1.58496	1.291	0.17251	0.8887	-0.71619
ENSG00000138069	RAB1A	2	1.58496	0.311	0.17214	2.1832	-2.01106
ENSG00000137502	RAB30	2	1.58496	0.649	0.17186	0.43089	-0.25903
ENSG00000007001	UPP2	1	1	1.098	0.1716	1.8066	-1.635
ENSG00000175787	ZNF169	3	2	1.502	0.17045	0.32951	-0.15906
ENSG00000135828	RNASEL	1	1	0.83	0.17013	1.6363	-1.46617
ENSG00000101333	PLCB4	3	2	0.509	0.1699	1.0261	-0.8562
ENSG00000161526	SAP30BP	1	1	1.11	0.16983	0.55035	-0.38052
ENSG00000106692	FKTN	1	1	1.022	0.16816	-1.0402	1.20836
ENSG00000113269	RNF130	2	1.58496	0.757	0.16785	0.53723	-0.36938
ENSG00000170961	HAS2	7	3	0.43	0.16783	-1.5231	1.69093
ENSG00000143367	TUFT1	1	1	0.991	0.16737	0.50256	-0.33519
ENSG00000172572	PDE3A	20	4.39232	0.763	0.16736	0.26954	-0.10218
ENSG00000148481	MINDY3	2	1.58496	0.734	0.16717	1.1348	-0.96763
ENSG00000101266	CSNK2A1	4	2.32193	0.274	0.16704	-1.1532	1.32024
ENSG00000118526	TCF21	21	4.45943	0.53	0.1664	0.70348	-0.53708
ENSG00000099260	PALMD	16	4.08746	0.963	0.16455	0.35687	-0.19232
ENSG00000150477	KIAA1328	3	2	1.089	0.16453	-0.54294	0.70747
ENSG00000170956	CEACAM3	2	1.58496	1.359	0.16427	-0.12768	0.29195
ENSG00000084636	COL16A1	4	2.32193	0.794	0.16392	1.51	-1.34608
ENSG00000164611	PTTG1	9	3.32193	0.673	0.16367	-0.11196	0.27563
ENSG00000063046	EIF4B	1	1	0.176	0.16229	2.0501	-1.88781
ENSG00000129353	SLC44A2	15	4	0.785	0.16211	3.9294	-3.76729
ENSG00000141646	SMAD4	6	2.80735	0.227	0.16204	0.21882	-0.05678
ENSG00000134538	SLCO1B1	5	2.58496	1.425	0.16113	1.8364	-1.67527
ENSG00000154040	CABYR	1	1	1.175	0.16062	-0.65295	0.81357
ENSG00000132294	EFR3A	2	1.58496	0.967	0.15899	-0.21886	0.37785
ENSG00000054654	SYNE2	8	3.16993	0.516	0.15859	2.0387	-1.88011
ENSG00000167525	PROCA1	1	1	1.171	0.1578	1.1234	-0.9656
ENSG00000026103	FAS	5	2.58496	0.372	0.15754	-1.3215	1.47904
ENSG00000076554	TPD52	3	2	0.829	0.15701	0.089792	0.067218
ENSG00000196805	SPRR2B	1	1	1.93	0.15542	0.1026	0.05282
ENSG00000197070	ARRDC1	7	3	1.191	0.1554	1.6129	-1.4575
ENSG00000243509	TNFRSF6B	11	3.58496	1.857	0.15524	1.6137	-1.45846
ENSG00000147601	TERF1	2	1.58496	0.6	0.15416	2.2514	-2.09724
ENSG00000180694	TMEM64	1	1	1.353	0.15382	-0.39989	0.55371
ENSG00000170608	FOXA3	1	1	1.048	0.15289	-1.303	1.45589
ENSG00000178279	TNP2	4	2.32193	1.708	0.15273	3.7228	-3.57007
ENSG00000196184	OR10J1	2	1.58496	1.939	0.15248	-0.10783	0.26031
ENSG00000139445	FOXN4	2	1.58496	0.435	0.15227	0.50337	-0.3511
ENSG00000143520	FLG2	3	2	1.934	0.15206	0.40411	-0.25205
ENSG00000141452	RMC1	5	2.58496	0.571	0.15204	0.98384	-0.8318
ENSG00000109917	ZPR1	23	4.58496	0.815	0.15127	2.7491	-2.59783
ENSG00000162692	VCAM1	3	2	0.837	0.15062	1.3624	-1.21178
ENSG00000166780	BMERB1	3	2	0.857	0.15051	1.5376	-1.38709
ENSG00000186364	NUDT17	1	1	1.374	0.14884	0.5997	-0.45086
ENSG00000110042	DTX4	1	1	0.732	0.14743	0.46263	-0.3152
ENSG00000161649	CD300LG	3	2	1.233	0.14743	0.98845	-0.84102
ENSG00000169220	RGS14	20	4.39232	0.737	0.14631	-0.83669	0.983
ENSG00000133574	GIMAP4	2	1.58496	1.204	0.14605	-2.0708	2.21685
ENSG00000118849	RARRES1	1	1	1.472	0.14486	-2.1189	2.26376
ENSG00000057608	GDI2	1	1	0.774	0.14424	-0.040226	0.184466
ENSG00000163660	CCNL1	12	3.70044	0.38	0.14336	0.34985	-0.20649
ENSG00000168481	LGI3	1	1	1.067	0.14286	0.86818	-0.72532
ENSG00000125746	EML2	4	2.32193	0.845	0.14276	0.7124	-0.56964
ENSG00000004487	KDM1A	2	1.58496	0.638	0.14266	-0.13519	0.27785
ENSG00000106436	MYL10	1	1	1.109	0.14147	1.5562	-1.41473
ENSG00000189099	PRSS48	1	1	1.156	0.14053	-0.46095	0.60148
ENSG00000146147	MLIP	2	1.58496	1.1	0.13966	-0.1687	0.30836
ENSG00000111785	RIC8B	6	2.80735	0.426	0.13927	0.037725	0.101545
ENSG00000155542	SETD9	2	1.58496	1.455	0.13807	0.48324	-0.34517
ENSG00000140750	ARHGAP17	2	1.58496	0.753	0.13806	1.0649	-0.92684
ENSG00000113522	RAD50	10	3.45943	0.889	0.13794	-0.75392	0.89186
ENSG00000112062	MAPK14	7	3	0.564	0.13706	2.3273	-2.19024
ENSG00000146426	TIAM2	1	1	0.572	0.13649	2.317	-2.18051
ENSG00000197124	ZNF682	4	2.32193	1.098	0.13641	2.8254	-2.68899
ENSG00000172785	CBWD1	1	1	0.658	0.13635	-0.2859	0.42225
ENSG00000172785	CBWD1	1	1	0.658	0.13635	0.14606	-0.00971
ENSG00000187498	COL4A1	20	4.39232	0.238	0.1338	0.80046	-0.66666
ENSG00000111339	ART4	4	2.32193	0.895	0.13267	-1.6592	1.79187
ENSG00000132554	RGS22	7	3	1.014	0.13267	0.27632	-0.14365
ENSG00000229474	PATL2	1	1	1.163	0.13192	1.4266	-1.29468
ENSG00000133789	SWAP70	8	3.16993	0.581	0.13157	1.0991	-0.96753
ENSG00000165105	RASEF	2	1.58496	1.202	0.13151	1.3898	-1.25829
ENSG00000205517	RGL3	16	4.08746	1.176	0.13134	0.8053	-0.67396
ENSG00000115290	GRB14	16	4.08746	0.94	0.13128	0.92161	-0.79033
ENSG00000140876	NUDT7	5	2.58496	1.941	0.13096	0.51796	-0.387
ENSG00000124939	SCGB2A1	1	1	1.556	0.13043	1.8427	-1.71227
ENSG00000040275	SPDL1	15	4	1.263	0.13006	0.46552	-0.33546
ENSG00000172771	EFCAB12	1	1	1.061	0.12941	1.8121	-1.68269
ENSG00000248485	PCP4L1	1	1	1.838	0.12929	2.6056	-2.47631
ENSG00000107960	STN1	41	5.39232	0.975	0.12927	-0.098499	0.227769
ENSG00000146477	SLC22A3	23	4.58496	1.244	0.12912	0.096594	0.032526
ENSG00000198739	LRRTM3	3	2	0.721	0.12875	0.63149	-0.50274
ENSG00000187033	SAMD7	2	1.58496	1.183	0.12816	0.27759	-0.14943
ENSG00000128274	A4GALT	4	2.32193	1.393	0.12751	-0.091711	0.219221
ENSG00000119408	NEK6	23	4.58496	0.968	0.12729	-0.12931	0.2566
ENSG00000134249	ADAM30	5	2.58496	1.903	0.12726	-0.46603	0.59329
ENSG00000005020	SKAP2	4	2.32193	1.507	0.12657	2.2811	-2.15453
ENSG00000118513	MYB	6	2.80735	0.443	0.12556	0.41083	-0.28527
ENSG00000164694	FNDC1	1	1	0.676	0.12447	-1.1461	1.27057
ENSG00000079999	KEAP1	6	2.80735	0.595	0.12317	1.7525	-1.62933
ENSG00000136750	GAD2	1	1	0.39	0.12308	0.84371	-0.72063
ENSG00000135148	TRAFD1	12	3.70044	0.749	0.12244	1.5322	-1.40976
ENSG00000115556	PLCD4	1	1	0.803	0.12191	0.38875	-0.26684
ENSG00000156795	NTAQ1	1	1	1.057	0.12187	-0.84943	0.9713
ENSG00000168874	ATOH8	1	1	0.794	0.12135	0.45293	-0.33158
ENSG00000138592	USP8	11	3.58496	0.28	0.12071	1.6798	-1.55909
ENSG00000163071	SPATA18	1	1	0.966	0.12058	0.95026	-0.82968
ENSG00000122194	PLG	19	4.32193	0.559	0.11925	-0.3866	0.50585
ENSG00000171823	FBXL14	1	1	0.741	0.11841	0.096931	0.021479
ENSG00000130812	ANGPTL6	3	2	1.338	0.11839	-1.7718	1.89019
ENSG00000187231	SESTD1	1	1	0.56	0.11734	1.2215	-1.10416
ENSG00000083093	PALB2	6	2.80735	0.9	0.1165	1.8493	-1.7328
ENSG00000134453	RBM17	9	3.32193	0.151	0.11627	0.71195	-0.59568
ENSG00000115944	COX7A2L	1	1	1.765	0.11581	0.57606	-0.46025
ENSG00000212993	POU5F1B	54	5.78136	1.293	0.11438	1.1169	-1.00252
ENSG00000113722	CDX1	1	1	1.625	0.11416	1.7619	-1.64774
ENSG00000173714	WFIKKN2	4	2.32193	0.84	0.11315	1.9677	-1.85455
ENSG00000235162	C12orf75	3	2	1.858	0.11146	0.047752	0.063708
ENSG00000177311	ZBTB38	18	4.24793	0.389	0.11118	0.54061	-0.42943
ENSG00000164037	SLC9B1	4	2.32193	1	0.11081	0.79229	-0.68148
ENSG00000164037	SLC9B1	4	2.32193	1	0.11081	-1.8214	1.93221
ENSG00000163754	GYG1	1	1	1.384	0.10968	1.1464	-1.03672
ENSG00000127080	IPPK	3	2	0.506	0.10839	-1.7142	1.82259
ENSG00000188343	CIBAR1	2	1.58496	1.059	0.10834	-0.7723	0.88064
ENSG00000119950	MXI1	3	2	0.839	0.10827	2.9368	-2.82853
ENSG00000109684	CLNK	13	3.80735	1.308	0.1076	0.062041	0.045559
ENSG00000089116	LHX5	3	2	0.42	0.1063	0.062677	0.043623
ENSG00000175084	DES	1	1	0.81	0.10505	0.13818	-0.03313
ENSG00000061455	PRDM6	7	3	0.649	0.10477	-0.63939	0.74416
ENSG00000140718	FTO	126	6.98868	0.924	0.10383	1.8099	-1.70607
ENSG00000113716	HMGXB3	2	1.58496	0.467	0.10305	1.0446	-0.94155
ENSG00000244486	SCARF2	1	1	0.992	0.10215	0.46627	-0.36412
ENSG00000169896	ITGAM	5	2.58496	0.678	0.10114	0.83053	-0.72939
ENSG00000172671	ZFAND4	1	1	0.843	0.1008	1.4509	-1.3501
ENSG00000169740	ZNF32	9	3.32193	0.804	0.1006	0.37333	-0.27273
ENSG00000101188	NTSR1	2	1.58496	1.261	0.098491	-0.082889	0.18138
ENSG00000183654	MARCHF11	5	2.58496	1.251	0.098284	1.084	-0.985716
ENSG00000078403	MLLT10	41	5.39232	0.291	0.097779	3.2118	-3.11402
ENSG00000167748	KLK1	3	2	1.26	0.097571	0.081364	0.016207
ENSG00000145626	UGT3A1	2	1.58496	1.252	0.097566	1.5883	-1.49073
ENSG00000137672	TRPC6	2	1.58496	0.708	0.097462	1.3208	-1.22334
ENSG00000160218	TRAPPC10	1	1	0.273	0.095765	0.12319	-0.027425
ENSG00000099381	SETD1A	1	1	0.279	0.095532	-0.24403	0.339562
ENSG00000205336	ADGRG1	2	1.58496	0.871	0.094436	-2.4303	2.52474
ENSG00000157110	RBPMS	6	2.80735	0.733	0.093255	1.4087	-1.31544
ENSG00000104497	SNX16	1	1	1.407	0.093034	2.7652	-2.67217
ENSG00000107331	ABCA2	1	1	0.436	0.092955	1.1322	-1.03925
ENSG00000178257	PRM3	2	1.58496	1.911	0.091413	3.6454	-3.55399
ENSG00000182742	HOXB4	2	1.58496	1.177	0.0902	-1.0354	1.1256
ENSG00000119919	NKX2-3	26	4.75489	0.561	0.090088	-1.7913	1.88139
ENSG00000132975	GPR12	2	1.58496	0.67	0.089485	3.1522	-3.06272
ENSG00000125780	TGM3	8	3.16993	0.895	0.088089	0.24783	-0.159741
ENSG00000038274	MAT2B	3	2	0.671	0.087619	-1.0799	1.16752
ENSG00000197375	SLC22A5	19	4.32193	0.963	0.084881	0.82071	-0.735829
ENSG00000172530	BANP	3	2	0.303	0.084471	0.97339	-0.888919
ENSG00000163738	MTHFD2L	2	1.58496	1.19	0.084266	-0.061346	0.145612
ENSG00000125999	BPIFB1	1	1	0.795	0.083893	0.51965	-0.435757
ENSG00000042832	TG	15	4	0.892	0.081701	-1.6586	1.7403
ENSG00000071205	ARHGAP10	2	1.58496	0.894	0.0801	1.6259	-1.5458
ENSG00000188959	C9orf152	2	1.58496	1.743	0.078468	1.3732	-1.29473
ENSG00000138095	LRPPRC	3	2	0.808	0.077289	0.4765	-0.399211
ENSG00000187260	WDR86	1	1	1.435	0.075584	-0.4767	0.552284
ENSG00000174197	MGA	3	2	0.197	0.074995	-0.18701	0.262005
ENSG00000108175	ZMIZ1	43	5.45943	0.22	0.074207	1.4961	-1.42189
ENSG00000109743	BST1	2	1.58496	1.638	0.073022	0.60704	-0.534018
ENSG00000185028	LRRC14B	1	1	1.946	0.072311	-0.22343	0.295741
ENSG00000175894	TSPEAR	1	1	1.161	0.072126	1.6587	-1.58657
ENSG00000167461	RAB8A	1	1	0.34	0.07123	1.1769	-1.10567
ENSG00000151617	EDNRA	31	5	0.424	0.071087	-0.56263	0.633717
ENSG00000096060	FKBP5	8	3.16993	0.626	0.070736	1.6399	-1.56916
ENSG00000160539	PLPP7	1	1	1.309	0.070557	0.45203	-0.381473
ENSG00000157542	KCNJ6	3	2	0.482	0.069304	1.1777	-1.1084
ENSG00000184611	KCNH7	3	2	0.498	0.068982	-0.22137	0.290352
ENSG00000075702	WDR62	1	1	0.806	0.068859	0.25998	-0.191121
ENSG00000206190	ATP10A	1	1	0.877	0.068007	0.068791	-0.000784
ENSG00000020577	SAMD4A	1	1	0.713	0.067267	-0.47851	0.545777
ENSG00000111700	SLCO1B3	1	1	1.151	0.067126	1.6263	-1.55917
ENSG00000170542	SERPINB9	1	1	1.149	0.066945	0.8068	-0.739855
ENSG00000004399	PLXND1	3	2	0.401	0.066484	-0.076106	0.14259
ENSG00000167642	SPINT2	1	1	0.935	0.066417	1.4326	-1.36618
ENSG00000109132	PHOX2B	1	1	0.349	0.065045	-0.41371	0.478755
ENSG00000001036	FUCA2	2	1.58496	1.015	0.064855	-0.159	0.223855
ENSG00000035403	VCL	2	1.58496	0.461	0.064303	2.2212	-2.1569
ENSG00000179796	LRRC3B	5	2.58496	0.465	0.062756	-0.028534	0.09129
ENSG00000122304	PRM2	1	1	0.977	0.061498	3.6452	-3.5837
ENSG00000105810	CDK6	14	3.90689	0.412	0.061041	2.6002	-2.53916
ENSG00000136492	BRIP1	1	1	0.848	0.060557	0.38818	-0.327623
ENSG00000141682	PMAIP1	1	1	1.855	0.059119	1.2222	-1.16308
ENSG00000186226	LCE1E	1	1	1.635	0.057499	-0.25833	0.315829
ENSG00000119973	PRLHR	2	1.58496	1.71	0.05505	0.78723	-0.73218
ENSG00000112280	COL9A1	3	2	0.889	0.054853	0.56235	-0.507497
ENSG00000235173	HGH1	2	1.58496	1.441	0.054852	0.59302	-0.538168
ENSG00000150244	TRIM48	4	2.32193	1.579	0.054528	1.9291	-1.87457
ENSG00000150244	TRIM48	4	2.32193	1.579	0.054528	0.84733	-0.792802
ENSG00000150244	TRIM48	4	2.32193	1.579	0.054528	0.37467	-0.320142
ENSG00000111057	KRT18	3	2	0.411	0.053845	1.0958	-1.04196
ENSG00000205678	TECRL	1	1	1.563	0.052977	-0.22437	0.277347
ENSG00000169016	E2F6	3	2	1.073	0.052648	-0.87462	0.927268
ENSG00000117676	RPS6KA1	3	2	0.694	0.05176	-0.84738	0.89914
ENSG00000103047	TANGO6	1	1	0.961	0.051741	0.53168	-0.479939
ENSG00000230873	STMND1	5	2.58496	1.146	0.051645	1.5245	-1.47286
ENSG00000062524	LTK	1	1	1.42	0.051237	0.39997	-0.348733
ENSG00000109193	SULT1E1	1	1	1.384	0.051196	0.93381	-0.882614
ENSG00000166181	API5	1	1	0.211	0.050855	0.54125	-0.490395
ENSG00000142449	FBN3	1	1	0.844	0.049341	0.20232	-0.152979
ENSG00000203727	SAMD5	6	2.80735	1.76	0.049326	-0.90492	0.954246
ENSG00000183087	GAS6	3	2	0.787	0.049107	0.15971	-0.110603
ENSG00000237763	AMY1A	2	1.58496	1.903	0.048218	0.086587	-0.038369
ENSG00000237763	AMY1A	2	1.58496	1.903	0.048218	0.81213	-0.763912
ENSG00000166603	MC4R	24	4.64386	1.341	0.048099	-1.48	1.5281
ENSG00000241635	UGT1A1	7	3	1.04	0.047612	2.0625	-2.01489
ENSG00000241635	UGT1A1	7	3	1.04	0.047612	1.5555	-1.50789
ENSG00000241635	UGT1A1	7	3	1.04	0.047612	1.337	-1.28939
ENSG00000241635	UGT1A1	7	3	1.04	0.047612	0.77314	-0.725528
ENSG00000241635	UGT1A1	7	3	1.04	0.047612	0.4471	-0.399488
ENSG00000107742	SPOCK2	3	2	0.9	0.047576	-0.83827	0.885846
ENSG00000153721	CNKSR3	1	1	0.671	0.047556	-0.1772	0.224756
ENSG00000113525	IL5	2	1.58496	1.066	0.046772	-0.69448	0.741252
ENSG00000198795	ZNF521	3	2	0.206	0.046024	2.2437	-2.19768
ENSG00000120211	INSL4	1	1	1.821	0.045015	0.25318	-0.208165
ENSG00000186432	KPNA4	1	1	0.297	0.044529	2.1719	-2.12737
ENSG00000124749	COL21A1	3	2	1.339	0.044518	0.7336	-0.689082
ENSG00000141101	NOB1	4	2.32193	1.233	0.044045	1.029	-0.984955
ENSG00000148204	CRB2	3	2	1.202	0.044044	0.25418	-0.210136
ENSG00000105053	VRK3	1	1	1.003	0.043915	1.5262	-1.48229
ENSG00000135093	USP30	1	1	0.757	0.043836	-0.52425	0.568086
ENSG00000164296	TIGD6	2	1.58496	1.366	0.042431	1.1053	-1.06287
ENSG00000104960	PTOV1	1	1	0.522	0.042084	0.60722	-0.565136
ENSG00000130312	MRPL34	1	1	1.901	0.041792	0.51697	-0.475178
ENSG00000174373	RALGAPA1	1	1	0.292	0.041313	3.1076	-3.06629
ENSG00000135698	MPHOSPH6	3	2	1.6	0.041273	1.4285	-1.38723
ENSG00000171940	ZNF217	12	3.70044	0.237	0.041207	1.488	-1.44679
ENSG00000145642	SHISAL2B	1	1	1.396	0.040993	0.70979	-0.668797
ENSG00000115461	IGFBP5	9	3.32193	1.019	0.040759	-1.4449	1.48566
ENSG00000168421	RHOH	4	2.32193	0.843	0.039849	-0.29072	0.330569
ENSG00000112837	TBX18	8	3.16993	0.56	0.039467	-1.1832	1.22267
ENSG00000171456	ASXL1	5	2.58496	0.918	0.039001	-1.112	1.151
ENSG00000101463	SYNDIG1	2	1.58496	1.242	0.038765	-0.45536	0.494125
ENSG00000111319	SCNN1A	1	1	1.105	0.038231	0.81609	-0.777859
ENSG00000185002	RFX6	8	3.16993	0.692	0.038225	-1.1013	1.13952
ENSG00000081059	TCF7	14	3.90689	0.624	0.037541	1.2654	-1.22786
ENSG00000169418	NPR1	1	1	0.671	0.036961	1.4621	-1.42514
ENSG00000138448	ITGAV	1	1	0.807	0.036453	0.87297	-0.836517
ENSG00000169247	SH3TC2	3	2	0.8	0.03635	0.54373	-0.50738
ENSG00000104231	ZFAND1	1	1	1.407	0.035097	0.64857	-0.613473
ENSG00000175206	NPPA	1	1	1.301	0.03391	0.30084	-0.26693
ENSG00000104365	IKBKB	4	2.32193	0.472	0.03371	-0.65252	0.68623
ENSG00000055208	TAB2	10	3.45943	0.117	0.033195	-0.39129	0.424485
ENSG00000126391	FRMD8	1	1	1.148	0.033083	-1.2393	1.27238
ENSG00000143183	TMCO1	5	2.58496	1.404	0.033038	-0.64589	0.678928
ENSG00000198793	MTOR	2	1.58496	0.268	0.032459	-0.20451	0.236969
ENSG00000092445	TYRO3	1	1	0.565	0.031365	0.85738	-0.826015
ENSG00000179526	SHARPIN	5	2.58496	0.902	0.031185	0.61846	-0.587275
ENSG00000123892	RAB38	1	1	1.189	0.0294	1.0277	-0.9983
ENSG00000172590	MRPL52	2	1.58496	1.181	0.027195	-0.82635	0.853545
ENSG00000178381	ZFAND2A	1	1	1.94	0.026848	1.3484	-1.32155
ENSG00000101435	CST9L	1	1	1.826	0.026793	0.44422	-0.417427
ENSG00000168010	ATG16L2	2	1.58496	1.176	0.026341	0.46126	-0.434919
ENSG00000187210	GCNT1	1	1	0.827	0.026256	0.42142	-0.395164
ENSG00000166938	DIS3L	1	1	0.964	0.02584	0.64252	-0.61668
ENSG00000077238	IL4R	15	4	0.603	0.025788	2.8073	-2.78151
ENSG00000136770	DNAJC1	11	3.58496	0.961	0.025588	0.9456	-0.920012
ENSG00000100211	CBY1	5	2.58496	1.139	0.025479	2.4962	-2.47072
ENSG00000185823	NPAP1	2	1.58496	1.935	0.024204	-1.1803	1.2045
ENSG00000013725	CD6	5	2.58496	1.03	0.024106	-0.41317	0.437276
ENSG00000162733	DDR2	4	2.32193	0.375	0.023706	-0.49351	0.517216
ENSG00000107485	GATA3	34	5.12928	0.376	0.023371	0.58328	-0.559909
ENSG00000103479	RBL2	6	2.80735	0.602	0.022984	0.34075	-0.317766
ENSG00000221818	EBF2	16	4.08746	0.394	0.022471	0.89618	-0.873709
ENSG00000175879	HOXD8	3	2	1.153	0.022399	-1.5499	1.5723
ENSG00000188282	RUFY4	1	1	1.416	0.022387	0.2816	-0.259213
ENSG00000140332	TLE3	12	3.70044	0.276	0.021962	-1.6367	1.65866
ENSG00000119522	DENND1A	12	3.70044	0.593	0.021219	0.66997	-0.648751
ENSG00000161647	MPP3	2	1.58496	0.739	0.020386	1.2216	-1.20121
ENSG00000004478	FKBP4	2	1.58496	0.735	0.018798	-0.10234	0.121138
ENSG00000204178	MACO1	3	2	0.289	0.018641	-0.60273	0.621371
ENSG00000175877	TMEM270	2	1.58496	1.392	0.017919	1.0499	-1.03198
ENSG00000167775	CD320	4	2.32193	1.488	0.016741	1.5072	-1.49046
ENSG00000086619	ERO1B	1	1	0.835	0.016635	-0.39356	0.410195
ENSG00000160856	FCRL3	8	3.16993	1.337	0.016137	1.2501	-1.23396
ENSG00000175322	ZNF519	1	1	1.724	0.014309	1.0414	-1.02709
ENSG00000198483	ANKRD35	1	1	1.071	0.013495	1.5843	-1.57081
ENSG00000197208	SLC22A4	10	3.45943	0.982	0.0134	1.117	-1.1036
ENSG00000170962	PDGFD	7	3	0.926	0.013148	-0.82809	0.841238
ENSG00000140443	IGF1R	5	2.58496	0.393	0.012935	0.54327	-0.530335
ENSG00000129116	PALLD	1	1	0.644	0.012859	-0.80425	0.817109
ENSG00000104081	BMF	5	2.58496	0.788	0.012753	-0.80747	0.820223
ENSG00000100216	TOMM22	1	1	0.458	0.011493	2.5091	-2.49761
ENSG00000079393	DUSP13	3	2	1.407	0.010188	1.4366	-1.42641
ENSG00000126353	CCR7	2	1.58496	0.66	0.010061	0.019572	-0.009511
ENSG00000120008	WDR11	10	3.45943	0.617	0.0086011	1.5995	-1.5909
ENSG00000162664	ZNF326	3	2	0.651	0.0080695	-0.34331	0.35138
ENSG00000156510	HKDC1	4	2.32193	0.805	0.0074108	-0.2588	0.266211
ENSG00000198755	RPL10A	1	1	0.72	0.0061895	-0.9391	0.94529
ENSG00000229676	ZNF492	3	2	1.255	0.0053033	-0.44657	0.451873
ENSG00000174326	SLC16A11	5	2.58496	1.782	0.0046549	1.5582	-1.55355
ENSG00000172927	MYEOV	17	4.16993	1.718	0.0041524	0.020501	-0.0163486
ENSG00000129128	SPCS3	3	2	0.623	0.0037962	0.12769	-0.123894
ENSG00000139835	GRTP1	1	1	1.661	0.0035964	1.1819	-1.1783
ENSG00000163518	FCRL4	3	2	0.821	0.0030991	-0.34434	0.347439
ENSG00000117090	SLAMF1	1	1	0.608	0.0028129	-0.73566	0.738473
ENSG00000113389	NPR3	7	3	0.92	0.0027468	-0.51023	0.512977
ENSG00000039068	CDH1	3	2	0.514	0.0013498	-0.49087	0.49222
ENSG00000241635	UGT1A1	7	3	1.04	0.0011702	2.0625	-2.06133
ENSG00000241635	UGT1A1	7	3	1.04	0.0011702	1.5555	-1.55433
ENSG00000241635	UGT1A1	7	3	1.04	0.0011702	1.337	-1.33583
ENSG00000241635	UGT1A1	7	3	1.04	0.0011702	0.77314	-0.77197
ENSG00000241635	UGT1A1	7	3	1.04	0.0011702	0.4471	-0.44593
ENSG00000131094	C1QL1	1	1	1.723	0.00046734	3.0794	-3.07893
ENSG00000106546	AHR	12	3.70044	0.606	3.8011e-05	0.45381	-0.453772
ENSG00000240891	PLCXD2	1	1	0.996	-0.0017189	1.9941	-1.99582
ENSG00000163646	CLRN1	1	1	1.168	-0.0017701	0.7864	-0.78817
ENSG00000136040	PLXNC1	8	3.16993	0.579	-0.0019579	-0.029256	0.0272981
ENSG00000115604	IL18R1	22	4.52356	1.155	-0.0019947	-1.6916	1.68961
ENSG00000121281	ADCY7	11	3.58496	0.738	-0.0025921	1.0163	-1.01889
ENSG00000163629	PTPN13	1	1	0.737	-0.0026212	-1.3884	1.38578
ENSG00000155918	RAET1L	2	1.58496	1.209	-0.003428	-1.3911	1.38767
ENSG00000137392	CLPS	1	1	1.423	-0.0043283	1.7382	-1.74253
ENSG00000154380	ENAH	1	1	0.423	-0.0048183	3.9418	-3.94662
ENSG00000134470	IL15RA	1	1	1.46	-0.0049611	-1.722	1.71704
ENSG00000023892	DEF6	2	1.58496	0.61	-0.0051844	-0.47424	0.469056
ENSG00000121289	CEP89	1	1	1.173	-0.0052408	-1.038	1.03276
ENSG00000185842	DNAH14	1	1	0.969	-0.0053985	0.5017	-0.507099
ENSG00000185112	FAM43A	1	1	1.458	-0.0058724	-0.58881	0.582938
ENSG00000047579	DTNBP1	4	2.32193	1.103	-0.0059532	1.1816	-1.18755
ENSG00000116711	PLA2G4A	1	1	0.89	-0.0060547	0.56628	-0.572335
ENSG00000163110	PDLIM5	6	2.80735	0.907	-0.0066286	-0.61055	0.603921
ENSG00000103174	NAGPA	2	1.58496	1.494	-0.0069005	2.3931	-2.4
ENSG00000181019	NQO1	4	2.32193	1.234	-0.0083059	1.2031	-1.21141
ENSG00000077522	ACTN2	2	1.58496	0.432	-0.0083986	0.50424	-0.512639
ENSG00000156671	SAMD8	2	1.58496	0.714	-0.010634	1.2276	-1.23823
ENSG00000186197	EDARADD	4	2.32193	0.991	-0.012181	-0.26601	0.253829
ENSG00000101391	CDK5RAP1	4	2.32193	1.08	-0.012567	0.52904	-0.541607
ENSG00000128918	ALDH1A2	12	3.70044	0.581	-0.01267	1.0775	-1.09017
ENSG00000128918	ALDH1A2	12	3.70044	0.581	-0.01267	2.1524	-2.16507
ENSG00000160783	PMF1	5	2.58496	1.231	-0.012675	0.75698	-0.769655
ENSG00000151360	ALLC	1	1	1.144	-0.01311	-0.026615	0.013505
ENSG00000021762	OSBPL5	1	1	0.882	-0.015507	1.0372	-1.05271
ENSG00000139597	N4BP2L1	4	2.32193	0.918	-0.015976	-0.11477	0.098794
ENSG00000170921	TANC2	4	2.32193	0.17	-0.01805	1.8817	-1.89975
ENSG00000161888	SPC24	8	3.16993	1.844	-0.018526	-0.45977	0.441244
ENSG00000166152	C16orf78	5	2.58496	1.022	-0.019376	-1.1019	1.08252
ENSG00000165060	FXN	3	2	0.809	-0.019691	0.31886	-0.338551
ENSG00000165066	NKX6-3	6	2.80735	1.24	-0.019826	0.15609	-0.175916
ENSG00000186480	INSIG1	1	1	1.018	-0.019933	1.6534	-1.67333
ENSG00000141506	PIK3R5	5	2.58496	0.442	-0.020652	0.42626	-0.446912
ENSG00000003436	TFPI	2	1.58496	0.558	-0.020814	-1.0529	1.03209
ENSG00000101276	SLC52A3	1	1	1.012	-0.021616	-0.41574	0.394124
ENSG00000156413	FUT6	7	3	1.841	-0.021838	-0.17227	0.150432
ENSG00000073861	TBX21	9	3.32193	0.381	-0.022453	2.0317	-2.05415
ENSG00000100726	TELO2	1	1	1.03	-0.023048	-0.023863	0.000815
ENSG00000168453	HR	1	1	0.848	-0.023297	2.793	-2.8163
ENSG00000130294	KIF1A	1	1	0.304	-0.023309	4.0173	-4.04061
ENSG00000166387	PPFIBP2	3	2	1.111	-0.02331	-1.1914	1.16809
ENSG00000145103	ILDR1	4	2.32193	1.103	-0.024594	1.7005	-1.72509
ENSG00000188001	TPRG1	3	2	1.295	-0.024776	-0.14779	0.123014
ENSG00000111817	DSE	2	1.58496	0.563	-0.0261	2.1563	-2.1824
ENSG00000187045	TMPRSS6	5	2.58496	0.821	-0.026202	-0.35604	0.329838
ENSG00000081870	HSPB11	1	1	1.065	-0.02636	-0.055036	0.028676
ENSG00000110318	CEP126	2	1.58496	0.732	-0.026703	1.0228	-1.0495
ENSG00000119688	ABCD4	1	1	0.772	-0.02806	0.34526	-0.37332
ENSG00000145777	TSLP	25	4.70044	1.429	-0.029741	0.83403	-0.863771
ENSG00000205002	AARD	2	1.58496	1.719	-0.031186	-0.92933	0.898144
ENSG00000086991	NOX4	11	3.58496	1.018	-0.031298	2.0998	-2.1311
ENSG00000145451	GLRA3	1	1	1.243	-0.031595	1.5364	-1.568
ENSG00000101400	SNTA1	1	1	0.981	-0.032374	0.85434	-0.886714
ENSG00000164342	TLR3	6	2.80735	0.796	-0.032896	1.3158	-1.3487
ENSG00000101665	SMAD7	38	5.2854	0.439	-0.033261	-0.23951	0.206249
ENSG00000105063	PPP6R1	1	1	0.533	-0.03359	-0.087091	0.053501
ENSG00000103742	IGDCC4	4	2.32193	0.809	-0.035669	-0.25399	0.218321
ENSG00000106178	CCL24	2	1.58496	1.146	-0.035841	-0.96404	0.928199
ENSG00000140416	TPM1	3	2	0.757	-0.036904	-0.067026	0.030122
ENSG00000140563	MCTP2	1	1	1.328	-0.037021	1.9761	-2.01312
ENSG00000148053	NTRK2	4	2.32193	0.123	-0.037077	0.24576	-0.282837
ENSG00000184677	ZBTB40	12	3.70044	0.603	-0.037361	0.50647	-0.543831
ENSG00000244122	UGT1A7	2	1.58496	0.951	-0.037481	1.5343	-1.57178
ENSG00000105254	TBCB	1	1	1.073	-0.037645	0.49681	-0.534455
ENSG00000187134	AKR1C1	2	1.58496	1.255	-0.039187	1.0373	-1.07649
ENSG00000183833	CFAP91	1	1	1.129	-0.039596	0.91709	-0.956686
ENSG00000139146	SINHCAF	1	1	0.414	-0.041812	-1.104	1.06219
ENSG00000133561	GIMAP6	1	1	1.389	-0.042086	-1.9212	1.87911
ENSG00000118960	HS1BP3	2	1.58496	1.212	-0.042185	-1.5284	1.48622
ENSG00000168038	ULK4	7	3	0.943	-0.042522	1.7964	-1.83892
ENSG00000186510	CLCNKA	11	3.58496	0.959	-0.043166	0.72733	-0.770496
ENSG00000158545	ZC3H18	2	1.58496	0.126	-0.043486	1.6089	-1.65239
ENSG00000184702	SEPTIN5	1	1	0.489	-0.043799	0.28618	-0.329979
ENSG00000184702	SEPTIN5	1	1	0.489	-0.043799	0.33521	-0.379009
ENSG00000014123	UFL1	4	2.32193	0.9	-0.044164	-0.0056566	-0.0385074
ENSG00000058729	RIOK2	2	1.58496	1.009	-0.044281	0.34288	-0.387161
ENSG00000179295	PTPN11	20	4.39232	0.156	-0.044644	1.8059	-1.85054
ENSG00000167291	TBC1D16	1	1	1.039	-0.044881	-0.085548	0.040667
ENSG00000166509	CLEC3A	1	1	1.728	-0.045149	0.037236	-0.082385
ENSG00000213892	CEACAM16	4	2.32193	1.139	-0.045773	0.92116	-0.966933
ENSG00000186666	BCDIN3D	4	2.32193	1.069	-0.046135	-0.28656	0.240425
ENSG00000164736	SOX17	6	2.80735	0.614	-0.046283	0.55924	-0.605523
ENSG00000164307	ERAP1	19	4.32193	0.947	-0.046748	1.8557	-1.90245
ENSG00000170801	HTRA3	3	2	1.385	-0.048402	-1.4042	1.3558
ENSG00000178199	ZC3H12D	6	2.80735	0.857	-0.049246	0.54403	-0.593276
ENSG00000170891	CYTL1	2	1.58496	1.776	-0.049709	0.54359	-0.593299
ENSG00000011105	TSPAN9	1	1	0.836	-0.050086	0.10799	-0.158076
ENSG00000132640	BTBD3	4	2.32193	0.527	-0.050216	-1.7819	1.73168
ENSG00000172673	THEMIS	5	2.58496	0.894	-0.05175	0.82392	-0.87567
ENSG00000125149	PHAF1	1	1	0.596	-0.051771	-0.41421	0.362439
ENSG00000118729	CASQ2	2	1.58496	1.322	-0.052555	-1.2989	1.24635
ENSG00000176495	OR5AN1	2	1.58496	1.872	-0.052771	1.2285	-1.28127
ENSG00000086205	FOLH1	7	3	0.801	-0.052776	2.933	-2.98578
ENSG00000086205	FOLH1	7	3	0.801	-0.052776	0.66898	-0.721756
ENSG00000112238	PRDM13	1	1	0.694	-0.053599	1.4415	-1.4951
ENSG00000203740	NTMT2	13	3.80735	1.196	-0.054437	0.063662	-0.118099
ENSG00000120129	DUSP1	5	2.58496	0.691	-0.054479	-0.7521	0.697621
ENSG00000170579	DLGAP1	6	2.80735	0.224	-0.05478	2.0177	-2.07248
ENSG00000114248	LRRC31	3	2	0.995	-0.055098	1.2443	-1.2994
ENSG00000166478	ZNF143	1	1	0.805	-0.055486	0.088816	-0.144302
ENSG00000168938	PPIC	2	1.58496	1.354	-0.055691	-1.4555	1.39981
ENSG00000167703	SLC43A2	1	1	0.852	-0.055968	-1.5056	1.44963
ENSG00000175646	PRM1	2	1.58496	1.638	-0.056756	3.776	-3.83276
ENSG00000143674	MAP3K21	2	1.58496	1.061	-0.056913	-1.5464	1.48949
ENSG00000156787	TBC1D31	1	1	0.88	-0.056978	1.6124	-1.66938
ENSG00000198830	HMGN2	2	1.58496	0.886	-0.057079	-0.013883	-0.043196
ENSG00000169184	MN1	6	2.80735	0.482	-0.057832	0.51209	-0.569922
ENSG00000124795	DEK	2	1.58496	0.768	-0.057889	1.5257	-1.58359
ENSG00000106004	HOXA5	2	1.58496	0.996	-0.058446	1.0371	-1.09555
ENSG00000079102	RUNX1T1	7	3	0.186	-0.059063	3.1875	-3.24656
ENSG00000174788	PCP2	1	1	1.933	-0.059844	-0.42722	0.367376
ENSG00000185236	RAB11B	1	1	0.657	-0.061652	1.4208	-1.48245
ENSG00000156466	GDF6	7	3	0.342	-0.06168	1.1566	-1.21828
ENSG00000185338	SOCS1	12	3.70044	1.473	-0.062129	3.291	-3.35313
ENSG00000150907	FOXO1	19	4.32193	0.348	-0.062133	-1.4888	1.42667
ENSG00000198121	LPAR1	5	2.58496	0.389	-0.06298	-0.10926	0.04628
ENSG00000089022	MAPKAPK5	12	3.70044	0.604	-0.063426	1.3454	-1.40883
ENSG00000007866	TEAD3	1	1	0.435	-0.063731	0.72417	-0.787901
ENSG00000211445	GPX3	3	2	1.44	-0.063942	0.077732	-0.141674
ENSG00000178852	EFCAB13	2	1.58496	0.953	-0.064496	2.91	-2.9745
ENSG00000100281	HMGXB4	2	1.58496	0.7	-0.064878	-1.6322	1.56732
ENSG00000120693	SMAD9	6	2.80735	1.018	-0.065235	0.2451	-0.310335
ENSG00000185271	KLHL33	1	1	1.048	-0.066241	0.99034	-1.05658
ENSG00000167165	UGT1A6	6	2.80735	0.924	-0.066466	1.4707	-1.53717
ENSG00000112033	PPARD	17	4.16993	0.311	-0.066759	-0.21947	0.152711
ENSG00000121005	CRISPLD1	1	1	1.048	-0.068438	-1.1017	1.03326
ENSG00000087053	MTMR2	7	3	0.9	-0.069284	-0.97446	0.905176
ENSG00000152592	DMP1	3	2	1.209	-0.069481	0.63007	-0.699551
ENSG00000256235	SMIM3	2	1.58496	1.945	-0.069707	0.51239	-0.582097
ENSG00000165669	FAM204A	3	2	0.784	-0.069871	1.3505	-1.42037
ENSG00000123124	WWP1	1	1	0.468	-0.070076	-2.2113	2.14122
ENSG00000166037	CEP57	15	4	0.74	-0.071345	-0.81793	0.746585
ENSG00000008988	RPS20	1	1	0.481	-0.071614	0.33112	-0.402734
ENSG00000145868	FBXO38	5	2.58496	0.539	-0.071699	1.1603	-1.232
ENSG00000147853	AK3	2	1.58496	1.602	-0.072107	2.2089	-2.28101
ENSG00000196284	SUPT3H	12	3.70044	1.342	-0.073043	0.35463	-0.427673
ENSG00000073067	CYP2W1	2	1.58496	1.835	-0.073158	3.6586	-3.73176
ENSG00000157869	RAB28	12	3.70044	1.332	-0.073368	-0.033147	-0.040221
ENSG00000120868	APAF1	8	3.16993	0.664	-0.073542	0.95207	-1.02561
ENSG00000111642	CHD4	3	2	0.192	-0.07393	0.40974	-0.48367
ENSG00000243156	MICAL3	4	2.32193	0.399	-0.076135	1.9697	-2.04583
ENSG00000123700	KCNJ2	9	3.32193	0.651	-0.076218	-1.4702	1.39398
ENSG00000140367	UBE2Q2	2	1.58496	1.261	-0.076482	0.62014	-0.696622
ENSG00000147650	LRP12	8	3.16993	0.291	-0.076831	-0.0081674	-0.0686636
ENSG00000087303	NID2	8	3.16993	0.642	-0.076989	-1.0484	0.971411
ENSG00000138614	INTS14	1	1	0.62	-0.07709	0.55377	-0.63086
ENSG00000168672	LRATD2	4	2.32193	1.612	-0.077468	1.6572	-1.73467
ENSG00000117448	AKR1A1	1	1	0.871	-0.077555	1.9796	-2.05715
ENSG00000185966	LCE3E	2	1.58496	1.855	-0.078119	-1.2947	1.21658
ENSG00000148672	GLUD1	2	1.58496	0.748	-0.078538	0.23967	-0.318208
ENSG00000103496	STX4	2	1.58496	0.835	-0.079873	0.26932	-0.349193
ENSG00000068383	INPP5A	2	1.58496	0.356	-0.079926	-1.0239	0.943974
ENSG00000197273	GUCA2A	1	1	1.96	-0.079972	2.0872	-2.16717
ENSG00000148584	A1CF	5	2.58496	0.825	-0.080452	2.4829	-2.56335
ENSG00000182752	PAPPA	7	3	0.467	-0.080491	0.09889	-0.179381
ENSG00000177732	SOX12	1	1	0.89	-0.080612	1.137	-1.21761
ENSG00000164175	SLC45A2	26	4.75489	1.022	-0.080816	0.38297	-0.463786
ENSG00000196739	COL27A1	14	3.90689	0.539	-0.08143	-0.88592	0.80449
ENSG00000099246	RAB18	10	3.45943	0.537	-0.082768	-1.4937	1.41093
ENSG00000167641	PPP1R14A	4	2.32193	1.598	-0.082826	1.3276	-1.41043
ENSG00000164270	HTR4	1	1	0.69	-0.083174	0.53357	-0.616744
ENSG00000013297	CLDN11	1	1	0.348	-0.083686	1.1295	-1.21319
ENSG00000077458	FAM76B	4	2.32193	0.516	-0.084587	-0.94294	0.858353
ENSG00000113971	NPHP3	1	1	0.873	-0.084687	0.18034	-0.265027
ENSG00000152779	SLC16A12	3	2	0.623	-0.08488	-1.4376	1.35272
ENSG00000184012	TMPRSS2	3	2	0.991	-0.085308	-0.24907	0.163762
ENSG00000107796	ACTA2	2	1.58496	0.472	-0.086046	-1.5602	1.47415
ENSG00000082074	FYB1	1	1	0.436	-0.086338	0.72271	-0.809048
ENSG00000133937	GSC	4	2.32193	1.398	-0.086619	-0.3295	0.242881
ENSG00000241127	YAE1	2	1.58496	1.266	-0.088135	2.5666	-2.65474
ENSG00000244165	P2RY11	1	1	1.905	-0.088416	-1.5928	1.50438
ENSG00000152056	AP1S3	5	2.58496	0.817	-0.089007	0.28242	-0.371427
ENSG00000119820	YIPF4	2	1.58496	1.374	-0.089192	0.96426	-1.05345
ENSG00000154783	FGD5	7	3	0.3	-0.089555	1.3901	-1.47965
ENSG00000072080	SPP2	2	1.58496	1.655	-0.089925	2.9714	-3.06133
ENSG00000153157	SYCP2L	1	1	0.94	-0.090184	2.2815	-2.37168
ENSG00000018699	TTC27	2	1.58496	0.773	-0.090278	-0.56172	0.471442
ENSG00000189184	PCDH18	1	1	0.673	-0.091859	0.70987	-0.801729
ENSG00000070269	TMEM260	1	1	1.049	-0.092384	1.0786	-1.17098
ENSG00000143365	RORC	12	3.70044	0.351	-0.092793	-0.1009	0.008107
ENSG00000061273	HDAC7	13	3.80735	0.344	-0.093111	3.3793	-3.47241
ENSG00000163161	ERCC3	1	1	0.797	-0.093159	-1.33	1.23684
ENSG00000163645	ERICH6	1	1	1.147	-0.093568	0.48692	-0.580488
ENSG00000112319	EYA4	11	3.58496	0.536	-0.094297	0.040934	-0.135231
ENSG00000111218	PRMT8	1	1	0.293	-0.094745	1.5439	-1.63865
ENSG00000080573	COL5A3	1	1	0.812	-0.095129	1.8595	-1.95463
ENSG00000164695	CHMP4C	3	2	1.393	-0.096098	0.88486	-0.980958
ENSG00000147459	DOCK5	3	2	0.679	-0.096317	2.6905	-2.78682
ENSG00000111716	LDHB	1	1	0.927	-0.096778	-1.1106	1.01382
ENSG00000180875	GREM2	5	2.58496	1.224	-0.097269	0.31378	-0.411049
ENSG00000130222	GADD45G	6	2.80735	0.849	-0.099185	-0.49428	0.395095
ENSG00000196616	ADH1B	29	4.90689	1.013	-0.099333	-0.44041	0.341077
ENSG00000160224	AIRE	3	2	1.169	-0.10037	-0.087969	-0.012401
ENSG00000117450	PRDX1	2	1.58496	1.322	-0.10114	2.0181	-2.11924
ENSG00000151247	EIF4E	1	1	0.09	-0.10154	2.6094	-2.71094
ENSG00000116120	FARSB	1	1	1.131	-0.10205	0.74959	-0.85164
ENSG00000166670	MMP10	1	1	1.256	-0.10226	-1.2569	1.15464
ENSG00000163659	TIPARP	4	2.32193	0.346	-0.10377	1.0997	-1.20347
ENSG00000143436	MRPL9	2	1.58496	1.359	-0.10409	1.3226	-1.42669
ENSG00000125730	C3	10	3.45943	0.541	-0.10632	-1.8073	1.70098
ENSG00000171766	GATM	2	1.58496	0.597	-0.10734	-0.26025	0.15291
ENSG00000197943	PLCG2	14	3.90689	0.461	-0.10777	0.59377	-0.70154
ENSG00000168944	CEP120	10	3.45943	0.93	-0.10808	0.16503	-0.27311
ENSG00000170889	RPS9	1	1	0.265	-0.10824	-0.2599	0.15166
ENSG00000136158	SPRY2	19	4.32193	0.684	-0.10922	0.25861	-0.36783
ENSG00000126838	PZP	2	1.58496	0.931	-0.10978	-1.0444	0.93462
ENSG00000141905	NFIC	1	1	0.399	-0.10999	1.1916	-1.30159
ENSG00000141458	NPC1	4	2.32193	0.676	-0.11005	0.067907	-0.177957
ENSG00000129038	LOXL1	17	4.16993	1.065	-0.11102	3.0927	-3.20372
ENSG00000137090	DMRT1	8	3.16993	0.432	-0.11156	1.7259	-1.83746
ENSG00000196353	CPNE4	6	2.80735	0.54	-0.11157	0.52469	-0.63626
ENSG00000106799	TGFBR1	5	2.58496	0.509	-0.11192	1.5389	-1.65082
ENSG00000154252	GAL3ST2	5	2.58496	1.849	-0.11221	1.4887	-1.60091
ENSG00000033867	SLC4A7	8	3.16993	0.558	-0.11279	1.1309	-1.24369
ENSG00000156687	UNC5D	11	3.58496	0.473	-0.11354	2.0894	-2.20294
ENSG00000087494	PTHLH	16	4.08746	0.558	-0.11416	-1.0391	0.92494
ENSG00000223601	EBLN1	8	3.16993	1.908	-0.11466	1.825	-1.93966
ENSG00000221983	UBA52	1	1	0.293	-0.11494	1.7023	-1.81724
ENSG00000099365	STX1B	1	1	0.308	-0.11522	0.12835	-0.24357
ENSG00000186081	KRT5	11	3.58496	0.538	-0.11547	0.17828	-0.29375
ENSG00000162522	KIAA1522	1	1	0.769	-0.116	1.9699	-2.0859
ENSG00000151655	ITIH2	2	1.58496	1.205	-0.11621	0.40931	-0.52552
ENSG00000182134	TDRKH	5	2.58496	0.601	-0.11679	0.87435	-0.99114
ENSG00000146872	TLK2	1	1	0.103	-0.11708	0.97347	-1.09055
ENSG00000181778	TMEM252	1	1	1.357	-0.11714	0.87248	-0.98962
ENSG00000127527	EPS15L1	1	1	0.453	-0.11737	2.9064	-3.02377
ENSG00000138135	CH25H	3	2	1.029	-0.11811	-0.028915	-0.089195
ENSG00000182747	SLC35D3	2	1.58496	1.545	-0.11819	0.67692	-0.79511
ENSG00000131183	SLC34A1	3	2	1.288	-0.11895	-0.9625	0.84355
ENSG00000189143	CLDN4	2	1.58496	1.438	-0.12016	1.2418	-1.36196
ENSG00000115267	IFIH1	24	4.64386	1.406	-0.12163	-1.4773	1.35567
ENSG00000070808	CAMK2A	2	1.58496	0.187	-0.12231	0.23931	-0.36162
ENSG00000117472	TSPAN1	3	2	1.142	-0.12245	-0.32235	0.1999
ENSG00000165512	ZNF22	1	1	1.216	-0.12265	-0.22855	0.1059
ENSG00000152256	PDK1	3	2	1.268	-0.12271	1.3589	-1.48161
ENSG00000182108	DEXI	1	1	1.823	-0.12288	1.1337	-1.25658
ENSG00000132406	TMEM128	5	2.58496	1.552	-0.1238	-0.48714	0.36334
ENSG00000065325	GLP2R	1	1	1.331	-0.12438	1.4625	-1.58688
ENSG00000091164	TXNL1	10	3.45943	0.677	-0.12565	1.1598	-1.28545
ENSG00000144136	SLC20A1	1	1	0.634	-0.12593	-0.89883	0.7729
ENSG00000160791	CCR5	1	1	1.592	-0.12671	-0.21737	0.09066
ENSG00000091010	POU4F3	1	1	0.565	-0.12701	2.5291	-2.65611
ENSG00000244067	GSTA2	2	1.58496	1.635	-0.12764	-1.1185	0.99086
ENSG00000244067	GSTA2	2	1.58496	1.635	-0.12764	-1.594	1.46636
ENSG00000141527	CARD14	5	2.58496	1.222	-0.12773	-1.3222	1.19447
ENSG00000255974	CYP2A6	23	4.58496	0.879	-0.12882	0.74362	-0.87244
ENSG00000196865	NHLRC2	1	1	0.724	-0.12909	0.43311	-0.5622
ENSG00000244067	GSTA2	2	1.58496	1.635	-0.12987	-1.1185	0.98863
ENSG00000244067	GSTA2	2	1.58496	1.635	-0.12987	-1.594	1.46413
ENSG00000198807	PAX9	12	3.70044	0.435	-0.13111	1.2719	-1.40301
ENSG00000131061	ZNF341	3	2	0.756	-0.13124	0.064356	-0.195596
ENSG00000114790	ARHGEF26	11	3.58496	0.861	-0.13137	0.76728	-0.89865
ENSG00000090447	TFAP4	4	2.32193	0.356	-0.1314	0.20591	-0.33731
ENSG00000092621	PHGDH	11	3.58496	1.155	-0.13169	0.097104	-0.228794
ENSG00000134201	GSTM5	1	1	1.067	-0.13175	2.743	-2.87475
ENSG00000176871	WSB2	1	1	0.363	-0.13188	2.2422	-2.37408
ENSG00000134986	NREP	9	3.32193	1.829	-0.13208	1.669	-1.80108
ENSG00000233701	PRR23C	2	1.58496	1.945	-0.13213	-0.011243	-0.120887
ENSG00000135968	GCC2	1	1	0.626	-0.13289	-1.3094	1.17651
ENSG00000101353	MROH8	1	1	0.851	-0.13322	1.7663	-1.89952
ENSG00000174307	PHLDA3	3	2	1.94	-0.13326	-0.32804	0.19478
ENSG00000126246	IGFLR1	2	1.58496	1.07	-0.13337	1.2965	-1.42987
ENSG00000108854	SMURF2	3	2	0.547	-0.13427	-2.2087	2.07443
ENSG00000105609	LILRB5	1	1	1.141	-0.1363	-2.1839	2.0476
ENSG00000144893	MED12L	1	1	0.226	-0.13661	-0.065998	-0.070612
ENSG00000072121	ZFYVE26	5	2.58496	0.704	-0.13663	-0.2824	0.14577
ENSG00000027001	MIPEP	1	1	1.181	-0.13696	2.0892	-2.22616
ENSG00000135472	FAIM2	7	3	0.753	-0.13851	-0.26837	0.12986
ENSG00000149090	PAMR1	1	1	1.274	-0.1389	1.9306	-2.0695
ENSG00000140368	PSTPIP1	5	2.58496	1.42	-0.13915	1.8601	-1.99925
ENSG00000144597	EAF1	1	1	1.012	-0.1397	-1.156	1.0163
ENSG00000115919	KYNU	2	1.58496	1.364	-0.14123	1.9663	-2.10753
ENSG00000105392	CRX	1	1	0.673	-0.14146	1.4955	-1.63696
ENSG00000152214	RIT2	3	2	1.684	-0.14194	2.0668	-2.20874
ENSG00000161249	DMKN	1	1	1.044	-0.14254	-0.0062179	-0.136322
ENSG00000068078	FGFR3	16	4.08746	0.458	-0.14271	-0.82211	0.6794
ENSG00000104432	IL7	1	1	1.517	-0.14272	0.39948	-0.5422
ENSG00000241635	UGT1A1	7	3	1.04	-0.14356	2.0625	-2.20606
ENSG00000241635	UGT1A1	7	3	1.04	-0.14356	1.5555	-1.69906
ENSG00000241635	UGT1A1	7	3	1.04	-0.14356	1.337	-1.48056
ENSG00000241635	UGT1A1	7	3	1.04	-0.14356	0.77314	-0.9167
ENSG00000241635	UGT1A1	7	3	1.04	-0.14356	0.4471	-0.59066
ENSG00000184384	MAML2	6	2.80735	0.308	-0.14373	0.6926	-0.83633
ENSG00000117834	SLC5A9	2	1.58496	0.982	-0.14422	-0.5927	0.44848
ENSG00000185860	CCDC190	1	1	1.224	-0.14624	0.64004	-0.78628
ENSG00000061987	MON2	1	1	0.426	-0.14633	1.27	-1.41633
ENSG00000143924	EML4	1	1	0.68	-0.14742	0.25151	-0.39893
ENSG00000122376	SHLD2	3	2	0.66	-0.14763	0.61951	-0.76714
ENSG00000160183	TMPRSS3	2	1.58496	1.106	-0.14803	1.8031	-1.95113
ENSG00000123143	PKN1	3	2	0.746	-0.14808	-1.7722	1.62412
ENSG00000188428	BLOC1S5	2	1.58496	1.625	-0.14836	3.4204	-3.56876
ENSG00000117036	ETV3	2	1.58496	0.447	-0.14933	0.94315	-1.09248
ENSG00000120942	UBIAD1	1	1	0.92	-0.14981	0.20545	-0.35526
ENSG00000171368	TPPP	9	3.32193	0.755	-0.14991	-0.88363	0.73372
ENSG00000204161	TMEM273	2	1.58496	1.433	-0.15018	0.5643	-0.71448
ENSG00000128602	SMO	3	2	0.706	-0.15112	1.5657	-1.71682
ENSG00000149289	ZC3H12C	5	2.58496	0.389	-0.15132	0.19286	-0.34418
ENSG00000009790	TRAF3IP3	1	1	0.858	-0.15223	2.7273	-2.87953
ENSG00000147606	SLC26A7	1	1	1.027	-0.153	-0.39049	0.23749
ENSG00000237136	C4orf51	1	1	1.485	-0.15357	-1.3927	1.23913
ENSG00000064652	SNX24	1	1	1.807	-0.15406	-1.3192	1.16514
ENSG00000118971	CCND2	34	5.12928	0.385	-0.15502	1.0869	-1.24192
ENSG00000196531	NACA	3	2	0.627	-0.15528	0.31615	-0.47143
ENSG00000065526	SPEN	1	1	0.094	-0.15535	1.158	-1.31335
ENSG00000205835	GMNC	3	2	0.882	-0.15581	-0.9316	0.77579
ENSG00000124151	NCOA3	1	1	0.376	-0.1579	-0.55221	0.39431
ENSG00000107581	EIF3A	1	1	0.18	-0.15869	1.131	-1.28969
ENSG00000091136	LAMB1	5	2.58496	0.601	-0.15902	0.3582	-0.51722
ENSG00000181458	TMEM45A	1	1	1.069	-0.15923	1.2913	-1.45053
ENSG00000088053	GP6	3	2	1.734	-0.15993	0.8778	-1.03773
ENSG00000185201	IFITM2	2	1.58496	1.546	-0.16005	0.36843	-0.52848
ENSG00000166436	TRIM66	2	1.58496	0.738	-0.16155	1.5965	-1.75805
ENSG00000197329	PELI1	4	2.32193	0.558	-0.16171	-1.443	1.28129
ENSG00000078401	EDN1	4	2.32193	0.84	-0.16231	0.85584	-1.01815
ENSG00000148357	HMCN2	2	1.58496	0.939	-0.16233	0.22669	-0.38902
ENSG00000089009	RPL6	6	2.80735	0.176	-0.16324	1.058	-1.22124
ENSG00000131759	RARA	3	2	0.254	-0.16385	0.79288	-0.95673
ENSG00000219200	RNASEK	1	1	1.194	-0.16389	1.1128	-1.27669
ENSG00000145687	SSBP2	2	1.58496	0.565	-0.16424	5.6269	-5.79114
ENSG00000091140	DLD	9	3.32193	0.727	-0.16479	0.061617	-0.226407
ENSG00000163435	ELF3	2	1.58496	0.678	-0.16534	-1.1008	0.93546
ENSG00000115607	IL18RAP	11	3.58496	0.839	-0.16595	-1.2869	1.12095
ENSG00000130338	TULP4	1	1	0.195	-0.16595	1.3756	-1.54155
ENSG00000183891	TTC32	11	3.58496	1.655	-0.16635	0.14339	-0.30974
ENSG00000115233	PSMD14	1	1	0.373	-0.16661	4.0138	-4.18041
ENSG00000047936	ROS1	3	2	0.993	-0.16725	2.189	-2.35625
ENSG00000150764	DIXDC1	1	1	0.783	-0.16775	1.1014	-1.26915
ENSG00000117281	CD160	1	1	0.876	-0.16909	0.13085	-0.29994
ENSG00000135945	REV1	4	2.32193	0.361	-0.1705	3.3264	-3.4969
ENSG00000136159	NUDT15	2	1.58496	1.364	-0.1707	-1.0755	0.9048
ENSG00000137265	IRF4	62	5.97728	0.383	-0.17147	1.1766	-1.34807
ENSG00000135441	BLOC1S1	2	1.58496	0.972	-0.17203	0.73757	-0.9096
ENSG00000196391	ZNF774	4	2.32193	1.645	-0.17261	1.0089	-1.18151
ENSG00000170873	MTSS1	6	2.80735	0.332	-0.17415	1.69	-1.86415
ENSG00000153060	TEKT5	1	1	1.319	-0.17428	0.21077	-0.38505
ENSG00000153179	RASSF3	1	1	1.645	-0.17494	-0.44683	0.27189
ENSG00000198624	CCDC69	2	1.58496	1.181	-0.17514	0.69368	-0.86882
ENSG00000174827	PDZK1	1	1	1.391	-0.1753	-0.25603	0.08073
ENSG00000008282	SYPL1	1	1	0.544	-0.17536	-0.63967	0.46431
ENSG00000135045	C9orf40	2	1.58496	1.418	-0.17548	-0.20551	0.03003
ENSG00000124831	LRRFIP1	3	2	0.813	-0.1756	1.201	-1.3766
ENSG00000099377	HSD3B7	6	2.80735	1.411	-0.17577	-0.27201	0.09624
ENSG00000142615	CELA2A	1	1	1.161	-0.176	0.60157	-0.77757
ENSG00000134452	FBH1	1	1	0.449	-0.176	2.4973	-2.6733
ENSG00000156284	CLDN8	1	1	1.865	-0.1763	0.61637	-0.79267
ENSG00000261236	BOP1	4	2.32193	0.913	-0.1764	0.78039	-0.95679
ENSG00000065243	PKN2	12	3.70044	0.428	-0.17729	-0.13752	-0.03977
ENSG00000160182	TFF1	1	1	1.689	-0.17799	1.603	-1.78099
ENSG00000160818	GPATCH4	1	1	1.669	-0.17812	-0.52292	0.3448
ENSG00000070501	POLB	1	1	1.772	-0.1796	-0.53484	0.35524
ENSG00000110777	POU2AF1	5	2.58496	0.727	-0.1798	1.3056	-1.4854
ENSG00000170255	MRGPRX1	1	1	1.818	-0.18158	-1.8449	1.66332
ENSG00000215853	RPTN	1	1	1.811	-0.18182	1.0321	-1.21392
ENSG00000170236	USP50	1	1	1.268	-0.1822	1.2337	-1.4159
ENSG00000169860	P2RY1	2	1.58496	0.933	-0.18228	0.4354	-0.61768
ENSG00000148484	RSU1	1	1	1.037	-0.18464	0.50556	-0.6902
ENSG00000119514	GALNT12	1	1	1.054	-0.18639	-0.12007	-0.06632
ENSG00000106689	LHX2	1	1	0.368	-0.18654	1.1402	-1.32674
ENSG00000148926	ADM	13	3.80735	0.581	-0.18755	-1.306	1.11845
ENSG00000138468	SENP7	7	3	0.503	-0.18816	1.4428	-1.63096
ENSG00000136542	GALNT5	2	1.58496	1.01	-0.18854	-1.1201	0.93156
ENSG00000169607	CKAP2L	1	1	0.72	-0.18937	-0.97358	0.78421
ENSG00000160271	RALGDS	1	1	0.589	-0.19033	0.70591	-0.89624
ENSG00000120669	SOHLH2	2	1.58496	0.595	-0.19097	-0.71565	0.52468
ENSG00000120669	SOHLH2	2	1.58496	0.595	-0.19097	-0.74186	0.55089
ENSG00000124237	C20orf85	3	2	1.327	-0.1914	-0.2784	0.087
ENSG00000111432	FZD10	1	1	0.856	-0.19289	-1.1936	1.00071
ENSG00000144455	SUMF1	1	1	1.254	-0.19299	-0.32722	0.13423
ENSG00000065970	FOXJ2	1	1	0.398	-0.19344	0.42406	-0.6175
ENSG00000103647	CORO2B	2	1.58496	0.633	-0.1937	2.9675	-3.1612
ENSG00000124164	VAPB	1	1	0.699	-0.1947	0.32123	-0.51593
ENSG00000049323	LTBP1	13	3.80735	0.731	-0.19495	0.58956	-0.78451
ENSG00000115956	PLEK	4	2.32193	0.809	-0.19595	0.6838	-0.87975
ENSG00000187003	ACTL7A	3	2	1.182	-0.19645	0.81524	-1.01169
ENSG00000106511	MEOX2	1	1	0.756	-0.19682	-0.76995	0.57313
ENSG00000169129	AFAP1L2	1	1	0.605	-0.19698	-0.06277	-0.13421
ENSG00000109670	FBXW7	4	2.32193	0.181	-0.19715	0.28623	-0.48338
ENSG00000165757	JCAD	7	3	0.496	-0.1975	1.4239	-1.6214
ENSG00000121871	SLITRK3	2	1.58496	0.364	-0.19783	-0.65746	0.45963
ENSG00000171222	SCAND1	5	2.58496	1.946	-0.1985	1.6323	-1.8308
ENSG00000115514	TXNDC9	2	1.58496	0.515	-0.2001	3.0276	-3.2277
ENSG00000206260	PRR23A	1	1	1.924	-0.20031	0.45129	-0.6516
ENSG00000060138	YBX3	1	1	1.012	-0.2013	0.29147	-0.49277
ENSG00000159588	CCDC17	2	1.58496	1.519	-0.2015	0.54412	-0.74562
ENSG00000169189	NSMCE1	4	2.32193	0.846	-0.20154	1.2128	-1.41434
ENSG00000119523	ALG2	2	1.58496	1.408	-0.20193	0.20816	-0.41009
ENSG00000187871	GFRAL	1	1	1.205	-0.20229	1.2066	-1.40889
ENSG00000198056	PRIM1	5	2.58496	0.824	-0.20331	0.6588	-0.86211
ENSG00000105982	RNF32	1	1	1.195	-0.20355	-0.62227	0.41872
ENSG00000108187	PBLD	1	1	0.998	-0.20467	0.82624	-1.03091
ENSG00000181090	EHMT1	1	1	0.159	-0.20565	1.128	-1.33365
ENSG00000114126	TFDP2	1	1	0.443	-0.20579	1.5782	-1.78399
ENSG00000123453	SARDH	2	1.58496	1.088	-0.20589	2.0646	-2.27049
ENSG00000159261	CLDN14	5	2.58496	1.745	-0.20669	0.086191	-0.292881
ENSG00000115977	AAK1	3	2	0.406	-0.20676	-0.29621	0.08945
ENSG00000101751	POLI	8	3.16993	1.719	-0.20688	1.5368	-1.74368
ENSG00000019991	HGF	2	1.58496	0.471	-0.20802	-1.5729	1.36488
ENSG00000087076	HSD17B14	1	1	1.337	-0.20866	-0.32709	0.11843
ENSG00000165471	MBL2	5	2.58496	1.5	-0.20961	0.40745	-0.61706
ENSG00000100226	GTPBP1	1	1	0.631	-0.21008	2.4368	-2.64688
ENSG00000070950	RAD18	1	1	1.05	-0.21024	0.61743	-0.82767
ENSG00000215704	CELA2B	1	1	0.987	-0.21063	0.48767	-0.6983
ENSG00000163412	EIF4E3	1	1	1.256	-0.21279	0.16034	-0.37313
ENSG00000172172	MRPL13	1	1	1.842	-0.21315	3.0347	-3.24785
ENSG00000156515	HK1	11	3.58496	0.387	-0.21351	0.64838	-0.86189
ENSG00000188811	NHLRC3	1	1	1.154	-0.21479	1.2317	-1.44649
ENSG00000151033	LYZL2	4	2.32193	1.201	-0.21494	0.51825	-0.73319
ENSG00000171551	ECEL1	1	1	1.099	-0.21682	1.2828	-1.49962
ENSG00000144655	CSRNP1	2	1.58496	0.614	-0.21746	-0.47516	0.2577
ENSG00000104413	ESRP1	1	1	0.445	-0.21838	-1.4662	1.24782
ENSG00000104419	NDRG1	1	1	0.724	-0.22092	0.74427	-0.96519
ENSG00000120685	PROSER1	1	1	0.598	-0.22162	1.1477	-1.36932
ENSG00000113249	HAVCR1	1	1	1.94	-0.22182	0.72998	-0.9518
ENSG00000087157	PGS1	5	2.58496	0.998	-0.22198	1.6558	-1.87778
ENSG00000186329	TMEM212	4	2.32193	1.643	-0.22342	1.7169	-1.94032
ENSG00000064651	SLC12A2	16	4.08746	0.721	-0.2237	-0.33423	0.11053
ENSG00000181450	ZNF678	1	1	1.919	-0.22464	0.95634	-1.18098
ENSG00000111816	FRK	5	2.58496	1.016	-0.22528	2.0887	-2.31398
ENSG00000173482	PTPRM	1	1	0.334	-0.22561	-0.042766	-0.182844
ENSG00000171763	SPATA5L1	4	2.32193	1.18	-0.22599	-0.48722	0.26123
ENSG00000114742	WDR48	1	1	0.335	-0.22772	0.85242	-1.08014
ENSG00000151611	MMAA	4	2.32193	1.156	-0.23071	-1.0414	0.81069
ENSG00000164597	COG5	2	1.58496	1.026	-0.2325	1.9459	-2.1784
ENSG00000125430	HS3ST3B1	1	1	1.546	-0.23263	-0.94555	0.71292
ENSG00000205531	NAP1L4	2	1.58496	0.385	-0.23324	-2.1426	1.90936
ENSG00000091138	SLC26A3	7	3	0.857	-0.2334	-0.62389	0.39049
ENSG00000170370	EMX2	6	2.80735	0.499	-0.23364	2.1195	-2.35314
ENSG00000115866	DARS1	2	1.58496	1.023	-0.23536	0.41654	-0.6519
ENSG00000177990	DPY19L2	1	1	0.732	-0.236	0.76959	-1.00559
ENSG00000112851	ERBIN	1	1	0.526	-0.23738	0.28208	-0.51946
ENSG00000029364	SLC39A9	1	1	0.742	-0.23791	0.23513	-0.47304
ENSG00000049249	TNFRSF9	3	2	0.891	-0.23799	0.18763	-0.42562
ENSG00000100031	GGT1	5	2.58496	0.574	-0.23822	-1.1477	0.90948
ENSG00000100031	GGT1	5	2.58496	0.574	-0.23822	0.076024	-0.314244
ENSG00000100031	GGT1	5	2.58496	0.574	-0.23822	3.046	-3.28422
ENSG00000105287	PRKD2	3	2	0.381	-0.2388	1.9296	-2.1684
ENSG00000085719	CPNE3	3	2	1.389	-0.23906	-1.9983	1.75924
ENSG00000122359	ANXA11	2	1.58496	1.086	-0.23956	0.25592	-0.49548
ENSG00000130164	LDLR	33	5.08746	1.091	-0.2411	0.64097	-0.88207
ENSG00000116691	MIIP	1	1	1.244	-0.24185	1.4361	-1.67795
ENSG00000085998	POMGNT1	1	1	0.815	-0.24239	0.6361	-0.87849
ENSG00000169717	ACTRT2	3	2	1.307	-0.2424	-0.75562	0.51322
ENSG00000105993	DNAJB6	2	1.58496	0.92	-0.24283	-0.39356	0.15073
ENSG00000158480	SPATA2	3	2	0.403	-0.24303	2.2137	-2.45673
ENSG00000145888	GLRA1	1	1	0.975	-0.24442	1.0152	-1.25962
ENSG00000103111	MON1B	4	2.32193	0.796	-0.24524	0.6592	-0.90444
ENSG00000148704	VAX1	4	2.32193	0.678	-0.24526	3.4176	-3.66286
ENSG00000167315	ACAA2	1	1	1.148	-0.2478	0.85081	-1.09861
ENSG00000174004	NRROS	8	3.16993	0.909	-0.24843	-0.41371	0.16528
ENSG00000198270	TMEM116	1	1	1.101	-0.24885	1.617	-1.86585
ENSG00000160321	ZNF208	3	2	1.289	-0.24929	0.9187	-1.16799
ENSG00000117525	F3	1	1	0.839	-0.25084	-0.15459	-0.09625
ENSG00000055917	PUM2	3	2	0.576	-0.25102	-0.41944	0.16842
ENSG00000143952	VPS54	2	1.58496	0.465	-0.25201	1.4787	-1.73071
ENSG00000123500	COL10A1	8	3.16993	0.855	-0.25223	3.3497	-3.60193
ENSG00000067167	TRAM1	1	1	0.53	-0.25256	0.17487	-0.42743
ENSG00000109101	FOXN1	2	1.58496	0.442	-0.25281	-1.2506	0.99779
ENSG00000106803	SEC61B	1	1	1.39	-0.25285	0.49706	-0.74991
ENSG00000157107	FCHO2	1	1	0.549	-0.25299	2.3146	-2.56759
ENSG00000129595	EPB41L4A	5	2.58496	1.261	-0.25407	1.2566	-1.51067
ENSG00000110651	CD81	1	1	0.702	-0.25435	-0.62381	0.36946
ENSG00000181291	TMEM132E	1	1	0.867	-0.25462	-1.643	1.38838
ENSG00000077157	PPP1R12B	1	1	0.728	-0.25635	-0.69095	0.4346
ENSG00000155087	ODF1	2	1.58496	0.72	-0.25665	0.4258	-0.68245
ENSG00000163785	RYK	2	1.58496	0.457	-0.25669	-2.0531	1.79641
ENSG00000186191	BPIFB4	1	1	1.082	-0.2569	0.0727	-0.3296
ENSG00000146151	HMGCLL1	2	1.58496	1.294	-0.2569	1.7112	-1.9681
ENSG00000134954	ETS1	31	5	0.393	-0.25696	0.22005	-0.47701
ENSG00000179914	ITLN1	2	1.58496	1.029	-0.25732	-0.57176	0.31444
ENSG00000130303	BST2	1	1	0.969	-0.2579	-0.29277	0.03487
ENSG00000135912	TTLL4	2	1.58496	0.754	-0.25972	-0.22283	-0.03689
ENSG00000135437	RDH5	10	3.45943	1.3	-0.26115	0.58836	-0.84951
ENSG00000130856	ZNF236	2	1.58496	0.327	-0.26202	1.9964	-2.25842
ENSG00000149646	CNBD2	4	2.32193	1.173	-0.26203	1.5166	-1.77863
ENSG00000168958	MFF	12	3.70044	0.623	-0.26215	0.58181	-0.84396
ENSG00000132256	TRIM5	2	1.58496	1.033	-0.26232	-0.74949	0.48717
ENSG00000125868	DSTN	1	1	1.005	-0.26348	-0.0091734	-0.254307
ENSG00000204842	ATXN2	44	5.49185	0.319	-0.26368	1.3095	-1.57318
ENSG00000185313	SCN10A	9	3.32193	1.058	-0.26381	-0.077592	-0.186218
ENSG00000124226	RNF114	5	2.58496	0.43	-0.26391	2.2077	-2.47161
ENSG00000117597	UTP25	4	2.32193	0.76	-0.26398	0.84901	-1.11299
ENSG00000122912	SLC25A16	1	1	1.303	-0.26439	-0.60236	0.33797
ENSG00000159110	IFNAR2	6	2.80735	0.761	-0.26462	-0.22595	-0.03867
ENSG00000134917	ADAMTS8	9	3.32193	1.076	-0.26596	0.51159	-0.77755
ENSG00000121807	CCR2	5	2.58496	1.825	-0.2664	-0.87682	0.61042
ENSG00000054611	TBC1D22A	2	1.58496	0.881	-0.26772	1.0592	-1.32692
ENSG00000172296	SPTLC3	2	1.58496	0.861	-0.2683	-0.36616	0.09786
ENSG00000138071	ACTR2	6	2.80735	0.177	-0.26906	2.3691	-2.63816
ENSG00000101384	JAG1	20	4.39232	0.211	-0.27096	-1.1432	0.87224
ENSG00000132763	MMACHC	1	1	1.162	-0.27116	1.7836	-2.05476
ENSG00000112902	SEMA5A	1	1	0.495	-0.27139	-0.4272	0.15581
ENSG00000162148	PPP1R32	1	1	0.982	-0.27225	0.93312	-1.20537
ENSG00000025423	HSD17B6	1	1	0.829	-0.27333	0.68821	-0.96154
ENSG00000137959	IFI44L	2	1.58496	1.266	-0.27407	0.45213	-0.7262
ENSG00000152128	TMEM163	8	3.16993	1.024	-0.27563	0.1099	-0.38553
ENSG00000122679	RAMP3	2	1.58496	1.712	-0.27574	0.70546	-0.9812
ENSG00000100629	CEP128	5	2.58496	0.957	-0.2773	0.24223	-0.51953
ENSG00000122863	CHST3	16	4.08746	1.119	-0.27928	1.8648	-2.14408
ENSG00000133661	SFTPD	1	1	0.78	-0.27975	-0.20276	-0.07699
ENSG00000105677	TMEM147	4	2.32193	1.275	-0.28203	0.22156	-0.50359
ENSG00000167716	WDR81	1	1	0.817	-0.28227	0.044745	-0.327015
ENSG00000175110	MRPS22	4	2.32193	0.927	-0.28245	0.95123	-1.23368
ENSG00000174944	P2RY14	1	1	1.848	-0.28339	0.12781	-0.4112
ENSG00000067955	CBFB	1	1	1.065	-0.28473	-1.0265	0.74177
ENSG00000168065	SLC22A11	1	1	1.105	-0.28567	-0.22053	-0.06514
ENSG00000163902	RPN1	5	2.58496	0.302	-0.28632	-1.1315	0.84518
ENSG00000081760	AACS	1	1	0.967	-0.28696	0.75147	-1.03843
ENSG00000172209	GPR22	2	1.58496	0.662	-0.28698	2.0346	-2.32158
ENSG00000163512	AZI2	2	1.58496	0.685	-0.28814	0.18092	-0.46906
ENSG00000112697	TMEM30A	4	2.32193	0.906	-0.2883	-0.34291	0.05461
ENSG00000119147	ECRG4	6	2.80735	1.525	-0.28966	-0.27283	-0.01683
ENSG00000122958	VPS26A	1	1	0.875	-0.29105	-0.42612	0.13507
ENSG00000101251	SEL1L2	1	1	0.979	-0.29136	0.19549	-0.48685
ENSG00000196415	PRTN3	1	1	1.885	-0.29168	-0.41702	0.12534
ENSG00000163295	ALPI	1	1	1.163	-0.29186	0.15866	-0.45052
ENSG00000036828	CASR	9	3.32193	0.469	-0.29202	0.35359	-0.64561
ENSG00000233927	RPS28	4	2.32193	0.908	-0.29329	1.3119	-1.60519
ENSG00000163872	YEATS2	1	1	0.552	-0.29353	0.39456	-0.68809
ENSG00000105171	POP4	2	1.58496	1.44	-0.29683	-0.56272	0.26589
ENSG00000134461	ANKRD16	1	1	1.356	-0.29691	2.3186	-2.61551
ENSG00000168314	MOBP	4	2.32193	0.649	-0.297	-0.83776	0.54076
ENSG00000164252	AGGF1	1	1	0.808	-0.29705	-0.11718	-0.17987
ENSG00000069011	PITX1	15	4	0.575	-0.29722	2.4129	-2.71012
ENSG00000198246	SLC29A3	1	1	0.933	-0.29726	0.79984	-1.0971
ENSG00000002933	TMEM176A	3	2	1.088	-0.29781	-0.30479	0.00698
ENSG00000114850	SSR3	2	1.58496	0.816	-0.29809	1.0691	-1.36719
ENSG00000148429	USP6NL	3	2	0.707	-0.29821	1.7295	-2.02771
ENSG00000116833	NR5A2	12	3.70044	0.619	-0.29882	-0.58989	0.29107
ENSG00000165475	CRYL1	1	1	1.297	-0.29907	0.73587	-1.03494
ENSG00000010379	SLC6A13	2	1.58496	1.149	-0.29963	1.528	-1.82763
ENSG00000174695	TMEM167A	2	1.58496	1.592	-0.30024	-0.84599	0.54575
ENSG00000028137	TNFRSF1B	3	2	0.637	-0.30158	-1.5477	1.24612
ENSG00000101670	LIPG	1	1	0.883	-0.30246	0.73718	-1.03964
ENSG00000167608	TMC4	1	1	1.052	-0.30257	0.74228	-1.04485
ENSG00000165899	OTOGL	5	2.58496	1.069	-0.30272	-0.69727	0.39455
ENSG00000157227	MMP14	7	3	0.312	-0.30276	-1.0322	0.72944
ENSG00000180318	ALX1	2	1.58496	0.838	-0.30323	1.1091	-1.41233
ENSG00000181867	FTMT	1	1	1.157	-0.30342	0.26889	-0.57231
ENSG00000143185	XCL2	7	3	1.657	-0.3041	0.52332	-0.82742
ENSG00000146540	C7orf50	4	2.32193	1.323	-0.30417	2.0012	-2.30537
ENSG00000073060	SCARB1	17	4.16993	0.71	-0.30509	-0.72434	0.41925
ENSG00000104312	RIPK2	2	1.58496	0.532	-0.30711	0.53217	-0.83928
ENSG00000008853	RHOBTB2	3	2	0.761	-0.30746	-0.051351	-0.256109
ENSG00000172954	LCLAT1	1	1	0.68	-0.30762	0.29736	-0.60498
ENSG00000101096	NFATC2	19	4.32193	0.365	-0.30934	-0.033257	-0.276083
ENSG00000206562	METTL6	1	1	1.111	-0.31002	-0.18077	-0.12925
ENSG00000198498	TMA16	3	2	1.598	-0.31061	0.81395	-1.12456
ENSG00000100796	PPP4R3A	1	1	0.263	-0.31149	1.9006	-2.21209
ENSG00000075673	ATP12A	1	1	0.848	-0.31179	1.25	-1.56179
ENSG00000079101	CLUL1	4	2.32193	1.065	-0.31206	1.6256	-1.93766
ENSG00000167916	KRT24	1	1	1.094	-0.31228	-0.67936	0.36708
ENSG00000125347	IRF1	43	5.45943	0.531	-0.31253	-1.3031	0.99057
ENSG00000174937	OR5M3	1	1	1.851	-0.31262	0.80045	-1.11307
ENSG00000182175	RGMA	5	2.58496	0.866	-0.314	0.032599	-0.346599
ENSG00000156162	DPY19L4	1	1	1.198	-0.31432	-1.4263	1.11198
ENSG00000117758	STX12	1	1	0.569	-0.31459	0.52433	-0.83892
ENSG00000181649	PHLDA2	1	1	1.681	-0.31509	-2.3564	2.04131
ENSG00000048991	R3HDM1	3	2	0.382	-0.3162	1.4786	-1.7948
ENSG00000159592	GPBP1L1	2	1.58496	0.619	-0.31625	0.28893	-0.60518
ENSG00000136697	IL1F10	3	2	1.576	-0.31677	0.27489	-0.59166
ENSG00000156885	COX6A2	1	1	1.913	-0.31763	0.88066	-1.19829
ENSG00000137713	PPP2R1B	3	2	0.955	-0.31769	2.3258	-2.64349
ENSG00000169469	SPRR1B	2	1.58496	1.858	-0.31877	0.75573	-1.0745
ENSG00000163534	FCRL1	1	1	0.813	-0.31919	2.0504	-2.36959
ENSG00000187535	IFT140	1	1	0.972	-0.31951	1.6134	-1.93291
ENSG00000057663	ATG5	7	3	0.739	-0.32018	1.1211	-1.44128
ENSG00000163382	NAXE	2	1.58496	1.079	-0.32052	-0.57288	0.25236
ENSG00000130598	TNNI2	1	1	0.822	-0.32117	-0.90633	0.58516
ENSG00000133606	MKRN1	4	2.32193	0.307	-0.32243	0.69053	-1.01296
ENSG00000100221	JOSD1	1	1	0.66	-0.32245	2.4124	-2.73485
ENSG00000148737	TCF7L2	75	6.24793	0.474	-0.32283	0.45144	-0.77427
ENSG00000109099	PMP22	1	1	0.374	-0.32394	0.68743	-1.01137
ENSG00000134871	COL4A2	32	5.04439	0.618	-0.32417	0.42745	-0.75162
ENSG00000115884	SDC1	6	2.80735	0.879	-0.32438	0.58497	-0.90935
ENSG00000141367	CLTC	1	1	0.104	-0.32444	0.48563	-0.81007
ENSG00000054392	HHAT	3	2	0.785	-0.32515	1.8115	-2.13665
ENSG00000145730	PAM	9	3.32193	0.863	-0.32518	-0.66448	0.3393
ENSG00000154864	PIEZO2	1	1	0.563	-0.32695	0.1822	-0.50915
ENSG00000065548	ZC3H15	1	1	0.379	-0.32801	1.1462	-1.47421
ENSG00000136205	TNS3	15	4	0.427	-0.32838	0.98282	-1.3112
ENSG00000178607	ERN1	1	1	0.498	-0.32847	-0.22097	-0.1075
ENSG00000164916	FOXK1	7	3	0.664	-0.32903	1.1082	-1.43723
ENSG00000166347	CYB5A	2	1.58496	1.198	-0.32905	0.056227	-0.385277
ENSG00000198673	TAFA2	3	2	0.823	-0.32972	0.36666	-0.69638
ENSG00000127184	COX7C	2	1.58496	1.016	-0.33023	-0.23104	-0.09919
ENSG00000106772	PRUNE2	2	1.58496	0.689	-0.33042	-0.88307	0.55265
ENSG00000120054	CPN1	1	1	1.01	-0.33124	2.9973	-3.32854
ENSG00000135457	TFCP2	1	1	0.564	-0.3337	0.53274	-0.86644
ENSG00000173276	ZBTB21	1	1	0.476	-0.33397	-0.7979	0.46393
ENSG00000137478	FCHSD2	4	2.32193	0.466	-0.33444	0.42858	-0.76302
ENSG00000253506	NACA2	5	2.58496	1.022	-0.33454	-0.41633	0.08179
ENSG00000131969	ABHD12B	2	1.58496	1.148	-0.33536	1.5026	-1.83796
ENSG00000164821	DEFA4	1	1	1.954	-0.33574	1.3958	-1.73154
ENSG00000164626	KCNK5	8	3.16993	0.751	-0.33607	1.4834	-1.81947
ENSG00000110848	CD69	6	2.80735	0.86	-0.33689	1.3645	-1.70139
ENSG00000070614	NDST1	3	2	0.484	-0.33808	1.0798	-1.41788
ENSG00000196586	MYO6	6	2.80735	0.482	-0.33819	0.98137	-1.31956
ENSG00000107611	CUBN	8	3.16993	0.756	-0.33862	-0.29729	-0.04133
ENSG00000106948	AKNA	2	1.58496	0.631	-0.3391	0.84922	-1.18832
ENSG00000115758	ODC1	1	1	0.617	-0.33925	-1.0248	0.68555
ENSG00000146352	CLVS2	1	1	0.968	-0.33953	1.9467	-2.28623
ENSG00000115718	PROC	9	3.32193	0.894	-0.33978	-1.2156	0.87582
ENSG00000175003	SLC22A1	13	3.80735	1.188	-0.34019	0.76289	-1.10308
ENSG00000138709	LARP1B	1	1	0.935	-0.34078	0.85855	-1.19933
ENSG00000129946	SHC2	1	1	1.484	-0.34162	-0.097128	-0.244492
ENSG00000213949	ITGA1	7	3	0.771	-0.34246	1.0165	-1.35896
ENSG00000184378	ACTRT3	19	4.32193	1.242	-0.34285	1.9565	-2.29935
ENSG00000187676	B3GLCT	8	3.16993	1.109	-0.34312	3.2336	-3.57672
ENSG00000158417	EIF5B	2	1.58496	0.382	-0.3437	3.1404	-3.4841
ENSG00000162571	TTLL10	1	1	1.243	-0.34396	0.66867	-1.01263
ENSG00000135048	CEMIP2	2	1.58496	0.588	-0.34401	1.3471	-1.69111
ENSG00000113583	C5orf15	1	1	0.975	-0.34402	1.7075	-2.05152
ENSG00000145495	MARCHF6	1	1	0.314	-0.34592	0.76875	-1.11467
ENSG00000122254	HS3ST2	2	1.58496	0.959	-0.34739	0.18324	-0.53063
ENSG00000004468	CD38	1	1	1.292	-0.34799	0.27217	-0.62016
ENSG00000184937	WT1	32	5.04439	0.253	-0.34799	-0.16251	-0.18548
ENSG00000156689	GLYATL2	4	2.32193	1.65	-0.34889	0.42171	-0.7706
ENSG00000117595	IRF6	4	2.32193	0.214	-0.34932	1.0259	-1.37522
ENSG00000107165	TYRP1	8	3.16993	1.398	-0.35037	0.65319	-1.00356
ENSG00000115685	PPP1R7	1	1	0.542	-0.35103	1.4401	-1.79113
ENSG00000171530	TBCA	1	1	1.07	-0.35124	-0.99322	0.64198
ENSG00000119865	CNRIP1	1	1	1.178	-0.35132	0.19481	-0.54613
ENSG00000168060	NAALADL1	1	1	1.08	-0.35313	0.5667	-0.91983
ENSG00000066468	FGFR2	28	4.85798	0.278	-0.35325	0.40325	-0.7565
ENSG00000118245	TNP1	19	4.32193	0.773	-0.35388	0.70351	-1.05739
ENSG00000256980	KHDC1L	3	2	1.027	-0.35389	0.40921	-0.7631
ENSG00000036672	USP2	1	1	0.623	-0.35523	1.2294	-1.58463
ENSG00000174718	RESF1	2	1.58496	0.57	-0.35547	0.055342	-0.410812
ENSG00000180592	SKIDA1	16	4.08746	0.599	-0.35572	3.3213	-3.67702
ENSG00000131482	G6PC1	2	1.58496	0.963	-0.35609	-1.881	1.52491
ENSG00000160185	UBASH3A	14	3.90689	1.038	-0.3587	1.4788	-1.8375
ENSG00000067221	STOML1	4	2.32193	1.087	-0.35954	0.5125	-0.87204
ENSG00000105737	GRIK5	4	2.32193	0.592	-0.36036	3.1891	-3.54946
ENSG00000100065	CARD10	1	1	0.678	-0.36093	0.7666	-1.12753
ENSG00000071909	MYO3B	4	2.32193	1.005	-0.3615	-0.5106	0.1491
ENSG00000154493	C10orf90	1	1	1.032	-0.36156	0.69681	-1.05837
ENSG00000122507	BBS9	3	2	0.959	-0.36178	0.26339	-0.62517
ENSG00000134363	FST	6	2.80735	0.26	-0.36229	2.5896	-2.95189
ENSG00000167139	TBC1D21	6	2.80735	1.052	-0.3635	5.1515	-5.515
ENSG00000133872	SARAF	1	1	0.847	-0.36493	0.7856	-1.15053
ENSG00000109321	AREG	3	2	0.823	-0.3655	-0.12012	-0.24538
ENSG00000137825	ITPKA	9	3.32193	0.724	-0.36565	1.6226	-1.98825
ENSG00000174137	FAM53A	5	2.58496	1.777	-0.3669	-1.0872	0.7203
ENSG00000181634	TNFSF15	19	4.32193	0.985	-0.36781	1.2196	-1.58741
ENSG00000166920	C15orf48	1	1	1.353	-0.36819	-0.44016	0.07197
ENSG00000100014	SPECC1L	3	2	0.434	-0.36943	-0.54572	0.17629
ENSG00000101412	E2F1	1	1	0.399	-0.37025	-0.35783	-0.01242
ENSG00000179930	ZNF648	1	1	1.849	-0.37076	0.20809	-0.57885
ENSG00000178645	C10orf53	4	2.32193	1.571	-0.37342	-0.22959	-0.14383
ENSG00000125255	SLC10A2	3	2	1.464	-0.37344	2.3002	-2.67364
ENSG00000169967	MAP3K2	1	1	0.6	-0.37518	-1.374	0.99882
ENSG00000117594	HSD11B1	1	1	0.975	-0.37524	3.0787	-3.45394
ENSG00000120669	SOHLH2	2	1.58496	0.595	-0.37561	-0.71565	0.34004
ENSG00000120669	SOHLH2	2	1.58496	0.595	-0.37561	-0.74186	0.36625
ENSG00000127125	PPCS	1	1	1.064	-0.38342	2.4821	-2.86552
ENSG00000101057	MYBL2	2	1.58496	0.496	-0.3852	-0.33793	-0.04727
ENSG00000101311	FERMT1	19	4.32193	0.871	-0.38539	-0.63872	0.25333
ENSG00000170500	LONRF2	6	2.80735	0.916	-0.38588	-0.68335	0.29747
ENSG00000102445	RUBCNL	1	1	1.216	-0.39006	-0.19961	-0.19045
ENSG00000155393	HEATR3	11	3.58496	1.157	-0.39117	1.6916	-2.08277
ENSG00000213066	CEP43	19	4.32193	1.163	-0.39263	1.5164	-1.90903
ENSG00000168936	TMEM129	5	2.58496	1.801	-0.39307	-0.29843	-0.09464
ENSG00000113396	SLC27A6	2	1.58496	1.389	-0.39338	0.38434	-0.77772
ENSG00000198742	SMURF1	2	1.58496	0.604	-0.39628	2.6584	-3.05468
ENSG00000075856	SART3	2	1.58496	0.419	-0.39634	0.86029	-1.25663
ENSG00000180089	TMEM86B	1	1	1.816	-0.39635	-0.35616	-0.04019
ENSG00000122223	CD244	1	1	0.501	-0.39645	-0.93556	0.53911
ENSG00000169031	COL4A3	15	4	0.709	-0.3966	-0.76399	0.36739
ENSG00000188076	SCGB1C1	8	3.16993	1.265	-0.39736	0.11954	-0.5169
ENSG00000154358	OBSCN	4	2.32193	1.007	-0.3976	0.17892	-0.57652
ENSG00000203786	KPRP	6	2.80735	1.919	-0.40039	0.10796	-0.50835
ENSG00000164983	TMEM65	2	1.58496	1.875	-0.40059	0.61979	-1.02038
ENSG00000157657	ZNF618	1	1	0.459	-0.40162	-1.6258	1.22418
ENSG00000145439	CBR4	6	2.80735	1.791	-0.40224	0.61636	-1.0186
ENSG00000174697	LEP	4	2.32193	1.139	-0.40236	2.3349	-2.73726
ENSG00000150637	CD226	13	3.80735	1.012	-0.40439	2.026	-2.43039
ENSG00000110799	VWF	6	2.80735	0.639	-0.40488	-0.90813	0.50325
ENSG00000142655	PEX14	9	3.32193	0.542	-0.40501	0.56286	-0.96787
ENSG00000174448	STARD6	4	2.32193	1.139	-0.40508	0.49757	-0.90265
ENSG00000168589	DYNLRB2	2	1.58496	1.624	-0.40571	-0.16674	-0.23897
ENSG00000113504	SLC12A7	1	1	1.026	-0.4064	0.81084	-1.21724
ENSG00000135679	MDM2	1	1	0.325	-0.40647	1.8628	-2.26927
ENSG00000086300	SNX10	4	2.32193	1.518	-0.40712	0.24472	-0.65184
ENSG00000177791	MYOZ1	1	1	0.996	-0.40811	1.1276	-1.53571
ENSG00000154978	VOPP1	1	1	1.011	-0.40849	-0.23764	-0.17085
ENSG00000165078	CPA6	1	1	1.338	-0.41041	-0.26434	-0.14607
ENSG00000135919	SERPINE2	1	1	0.648	-0.41083	0.80876	-1.21959
ENSG00000118242	MREG	1	1	1.599	-0.41095	-1.4049	0.99395
ENSG00000109046	WSB1	1	1	0.646	-0.41113	0.25944	-0.67057
ENSG00000197467	COL13A1	3	2	0.886	-0.41239	0.1102	-0.52259
ENSG00000144730	IL17RD	2	1.58496	0.952	-0.41261	1.5091	-1.92171
ENSG00000169313	P2RY12	1	1	1.16	-0.41456	0.82454	-1.2391
ENSG00000015133	CCDC88C	4	2.32193	0.759	-0.41468	2.7671	-3.18178
ENSG00000175643	RMI2	5	2.58496	1.944	-0.41554	3.5101	-3.92564
ENSG00000123977	DAW1	7	3	1.133	-0.41698	0.84563	-1.26261
ENSG00000157654	PALM2AKAP2	6	2.80735	0.683	-0.41877	4.8546	-5.27337
ENSG00000157654	PALM2AKAP2	6	2.80735	0.683	-0.41877	3.7786	-4.19737
ENSG00000110851	PRDM4	2	1.58496	0.734	-0.41947	0.25116	-0.67063
ENSG00000147869	CER1	1	1	1.451	-0.42017	2.5689	-2.98907
ENSG00000118503	TNFAIP3	21	4.45943	0.209	-0.42048	0.43784	-0.85832
ENSG00000179059	ZFP42	1	1	1.94	-0.42092	0.24847	-0.66939
ENSG00000182218	HHIPL1	15	4	1.116	-0.42373	-0.70057	0.27684
ENSG00000130545	CRB3	2	1.58496	1.368	-0.42463	0.36328	-0.78791
ENSG00000141433	ADCYAP1	1	1	0.864	-0.42489	-0.22616	-0.19873
ENSG00000163950	SLBP	7	3	1.286	-0.4253	-0.37617	-0.04913
ENSG00000153822	KCNJ16	3	2	1.157	-0.42677	-0.063108	-0.363662
ENSG00000083937	CHMP2B	3	2	1.503	-0.42737	1.5718	-1.99917
ENSG00000174327	SLC16A13	2	1.58496	1.299	-0.42785	1.4745	-1.90235
ENSG00000095713	CRTAC1	4	2.32193	0.773	-0.42852	1.1263	-1.55482
ENSG00000153404	PLEKHG4B	3	2	1.147	-0.42859	-0.58423	0.15564
ENSG00000125207	PIWIL1	1	1	0.788	-0.42945	-0.17628	-0.25317
ENSG00000214530	STARD10	3	2	0.907	-0.42948	-0.0083677	-0.421112
ENSG00000168875	SOX14	5	2.58496	0.72	-0.42977	0.51284	-0.94261
ENSG00000243789	JMJD7	1	1	1.384	-0.43067	-0.68193	0.25126
ENSG00000144115	THNSL2	6	2.80735	1.122	-0.43247	0.55699	-0.98946
ENSG00000144481	TRPM8	4	2.32193	0.945	-0.43282	2.4383	-2.87112
ENSG00000013810	TACC3	14	3.90689	0.764	-0.4329	-0.33088	-0.10202
ENSG00000104427	ZC2HC1A	3	2	1.095	-0.43351	0.026461	-0.459971
ENSG00000101166	PRELID3B	6	2.80735	1.038	-0.43515	1.9466	-2.38175
ENSG00000168906	MAT2A	9	3.32193	0.158	-0.43522	1.3912	-1.82642
ENSG00000163519	TRAT1	4	2.32193	1.734	-0.4363	1.8563	-2.2926
ENSG00000158022	TRIM63	1	1	1.329	-0.43651	2.9761	-3.41261
ENSG00000138769	CDKL2	2	1.58496	1.223	-0.43755	1.1613	-1.59885
ENSG00000105398	SULT2A1	7	3	1.611	-0.43832	-1.6293	1.19098
ENSG00000226321	CROCC2	3	2	1.214	-0.43963	1.8446	-2.28423
ENSG00000115486	GGCX	9	3.32193	0.888	-0.44061	1.6736	-2.11421
ENSG00000116288	PARK7	5	2.58496	1.025	-0.44293	0.67788	-1.12081
ENSG00000062282	DGAT2	2	1.58496	0.93	-0.44344	-1.9168	1.47336
ENSG00000165138	ANKS6	1	1	0.869	-0.44487	1.0757	-1.52057
ENSG00000163235	TGFA	19	4.32193	0.996	-0.44544	1.1811	-1.62654
ENSG00000237763	AMY1A	2	1.58496	1.903	-0.44702	0.086587	-0.533607
ENSG00000237763	AMY1A	2	1.58496	1.903	-0.44702	0.81213	-1.25915
ENSG00000156026	MCU	1	1	0.44	-0.45054	-1.7385	1.28796
ENSG00000166845	C18orf54	2	1.58496	1.33	-0.45068	0.46577	-0.91645
ENSG00000175087	PDIK1L	1	1	0.554	-0.45154	2.7736	-3.22514
ENSG00000115008	IL1A	3	2	0.922	-0.4528	-0.51057	0.05777
ENSG00000185668	POU3F1	5	2.58496	1.015	-0.45483	-1.1528	0.69797
ENSG00000120802	TMPO	1	1	0.736	-0.45495	0.079157	-0.534107
ENSG00000171105	INSR	19	4.32193	0.556	-0.45649	-0.49606	0.03957
ENSG00000121390	PSPC1	1	1	0.477	-0.45667	-1.206	0.74933
ENSG00000173641	HSPB7	9	3.32193	1.506	-0.45757	-0.31326	-0.14431
ENSG00000179833	SERTAD2	3	2	0.421	-0.4579	0.57037	-1.02827
ENSG00000115705	TPO	7	3	0.968	-0.45808	0.51699	-0.97507
ENSG00000183287	CCBE1	3	2	0.933	-0.45862	-0.24646	-0.21216
ENSG00000237693	IRGM	4	2.32193	1.788	-0.45899	0.57031	-1.0293
ENSG00000143156	NME7	21	4.45943	1.197	-0.45946	0.91047	-1.36993
ENSG00000112053	SLC26A8	2	1.58496	0.787	-0.46035	1.6763	-2.13665
ENSG00000137513	NARS2	1	1	1.253	-0.4616	0.9937	-1.4553
ENSG00000186340	THBS2	6	2.80735	0.446	-0.46227	-1.7202	1.25793
ENSG00000011523	CEP68	11	3.58496	0.627	-0.46368	1.676	-2.13968
ENSG00000170312	CDK1	1	1	0.565	-0.46419	0.10532	-0.56951
ENSG00000102996	MMP15	1	1	0.763	-0.46468	-0.73816	0.27348
ENSG00000137965	IFI44	1	1	1.19	-0.46567	1.3338	-1.79947
ENSG00000181656	GPR88	1	1	1.77	-0.46591	0.41342	-0.87933
ENSG00000165731	RET	2	1.58496	0.24	-0.46767	2.8102	-3.27787
ENSG00000124172	ATP5F1E	4	2.32193	1.654	-0.46864	2.0068	-2.47544
ENSG00000132854	KANK4	2	1.58496	0.829	-0.47066	-0.13112	-0.33954
ENSG00000105173	CCNE1	5	2.58496	0.366	-0.47161	-1.6505	1.17889
ENSG00000123213	NLN	1	1	0.934	-0.47395	0.96786	-1.44181
ENSG00000103091	WDR59	1	1	0.905	-0.47467	-0.38895	-0.08572
ENSG00000079739	PGM1	2	1.58496	1.189	-0.47538	1.1502	-1.62558
ENSG00000125910	S1PR4	3	2	1.894	-0.47585	0.99883	-1.47468
ENSG00000186431	FCAR	3	2	1.123	-0.47597	0.27615	-0.75212
ENSG00000115761	NOL10	2	1.58496	1.007	-0.47629	1.5451	-2.02139
ENSG00000184908	CLCNKB	1	1	1.072	-0.47725	-0.79321	0.31596
ENSG00000170927	PKHD1	12	3.70044	0.783	-0.47871	0.97665	-1.45536
ENSG00000151893	CACUL1	1	1	0.643	-0.48111	3.4231	-3.90421
ENSG00000174749	FAM241A	8	3.16993	1.192	-0.48435	-1.2714	0.78705
ENSG00000136014	USP44	12	3.70044	1.034	-0.48465	-0.35467	-0.12998
ENSG00000204897	KRT25	1	1	1.003	-0.48484	-1.2038	0.71896
ENSG00000187116	LILRA5	1	1	1.094	-0.48486	1.0047	-1.48956
ENSG00000171560	FGA	10	3.45943	1.502	-0.48614	1.5057	-1.99184
ENSG00000186318	BACE1	1	1	0.556	-0.48797	1.961	-2.44897
ENSG00000142583	SLC2A5	1	1	1.451	-0.48798	0.37195	-0.85993
ENSG00000060749	QSER1	5	2.58496	0.349	-0.48846	1.3638	-1.85226
ENSG00000179695	OR6C2	1	1	1.87	-0.48905	-0.16083	-0.32822
ENSG00000135773	CAPN9	1	1	1.036	-0.48931	1.1531	-1.64241
ENSG00000114013	CD86	4	2.32193	0.555	-0.48953	0.58793	-1.07746
ENSG00000113100	CDH9	3	2	0.578	-0.49025	2.2942	-2.78445
ENSG00000143353	LYPLAL1	16	4.08746	1.801	-0.49047	1.3071	-1.79757
ENSG00000137656	BUD13	12	3.70044	0.909	-0.49111	1.8947	-2.38581
ENSG00000152422	XRCC4	2	1.58496	1.032	-0.492	-1.1936	0.7016
ENSG00000118640	VAMP8	5	2.58496	1.519	-0.49258	1.7758	-2.26838
ENSG00000180660	MAB21L1	3	2	0.469	-0.49379	-0.72375	0.22996
ENSG00000153574	RPIA	7	3	1.019	-0.49438	-2.1983	1.70392
ENSG00000198105	ZNF248	1	1	0.631	-0.49454	-0.26874	-0.2258
ENSG00000164266	SPINK1	5	2.58496	1.03	-0.49708	-0.33217	-0.16491
ENSG00000100342	APOL1	15	4	1.68	-0.4972	-1.2607	0.7635
ENSG00000116237	ICMT	1	1	0.604	-0.4988	0.096709	-0.595509
ENSG00000166391	MOGAT2	3	2	1.048	-0.49914	-0.019914	-0.479226
ENSG00000101162	TUBB1	3	2	1.586	-0.50009	2.3242	-2.82429
ENSG00000090539	CHRD	1	1	0.763	-0.50066	4.2276	-4.72826
ENSG00000198873	GRK5	10	3.45943	0.604	-0.50192	1.2938	-1.79572
ENSG00000086730	LAT2	1	1	0.716	-0.5026	1.8386	-2.3412
ENSG00000206561	COLQ	2	1.58496	0.902	-0.50413	-1.3872	0.88307
ENSG00000121542	SEC22A	2	1.58496	0.735	-0.50449	0.96596	-1.47045
ENSG00000107537	PHYH	1	1	1.147	-0.50894	-1.1323	0.62336
ENSG00000170145	SIK2	7	3	0.414	-0.50901	3.0619	-3.57091
ENSG00000075420	FNDC3B	10	3.45943	0.164	-0.50908	-1.2335	0.72442
ENSG00000185962	LCE3A	4	2.32193	1.858	-0.50971	-0.99217	0.48246
ENSG00000125703	ATG4C	1	1	1.234	-0.51251	-2.6415	2.12899
ENSG00000102738	MRPS31	3	2	1.028	-0.51982	-2.4885	1.96868
ENSG00000105732	ZNF574	1	1	0.599	-0.52102	3.3041	-3.82512
ENSG00000150593	PDCD4	1	1	1.671	-0.52166	1.1376	-1.65926
ENSG00000133116	KL	2	1.58496	0.917	-0.52229	0.93683	-1.45912
ENSG00000100376	FAM118A	8	3.16993	0.848	-0.52238	-0.16792	-0.35446
ENSG00000117148	ACTL8	2	1.58496	0.756	-0.52251	3.1452	-3.66771
ENSG00000160801	PTH1R	2	1.58496	0.667	-0.52355	0.73164	-1.25519
ENSG00000073756	PTGS2	3	2	0.33	-0.52379	-0.91347	0.38968
ENSG00000064787	BCAS1	7	3	0.855	-0.52451	1.2527	-1.77721
ENSG00000131944	FAAP24	1	1	1.336	-0.52457	-0.58571	0.06114
ENSG00000077327	SPAG6	1	1	1.014	-0.52466	-0.24307	-0.28159
ENSG00000187266	EPOR	1	1	0.787	-0.52612	-0.93164	0.40552
ENSG00000108061	SHOC2	1	1	0.201	-0.52616	1.5223	-2.04846
ENSG00000114450	GNB4	2	1.58496	0.863	-0.52621	0.78558	-1.31179
ENSG00000145476	CYP4V2	4	2.32193	1.126	-0.52888	-0.47583	-0.05305
ENSG00000130561	SAG	1	1	0.923	-0.52907	0.12824	-0.65731
ENSG00000162298	SYVN1	1	1	0.425	-0.52959	0.69044	-1.22003
ENSG00000140030	GPR65	6	2.80735	1.933	-0.53204	0.29251	-0.82455
ENSG00000165140	FBP1	1	1	1.156	-0.53213	0.14358	-0.67571
ENSG00000136603	SKIL	3	2	0.525	-0.53228	1.159	-1.69128
ENSG00000167600	CYP2S1	5	2.58496	0.993	-0.53239	0.28113	-0.81352
ENSG00000267508	ZNF285	2	1.58496	1.389	-0.53243	1.2793	-1.81173
ENSG00000267508	ZNF285	2	1.58496	1.389	-0.53243	-0.62925	0.09682
ENSG00000168743	NPNT	8	3.16993	0.944	-0.53321	0.061855	-0.595065
ENSG00000106624	AEBP1	1	1	0.735	-0.53333	-0.1443	-0.38903
ENSG00000186687	LYRM7	4	2.32193	1.892	-0.53527	-0.11653	-0.41874
ENSG00000132704	FCRL2	1	1	1.024	-0.53877	2.2181	-2.75687
ENSG00000074695	LMAN1	3	2	0.682	-0.53935	0.18808	-0.72743
ENSG00000109846	CRYAB	1	1	1.18	-0.54058	1.4051	-1.94568
ENSG00000181061	HIGD1A	1	1	1.441	-0.5408	-2.0735	1.5327
ENSG00000011007	ELOA	1	1	0.285	-0.54087	-3.1161	2.57523
ENSG00000033800	PIAS1	6	2.80735	0.138	-0.541	0.30499	-0.84599
ENSG00000214511	HIGD1C	1	1	1.815	-0.54116	-0.52579	-0.01537
ENSG00000188501	LCTL	3	2	1.146	-0.5425	-0.29653	-0.24597
ENSG00000143740	SNAP47	2	1.58496	0.826	-0.54262	0.80219	-1.34481
ENSG00000118596	SLC16A7	4	2.32193	1.233	-0.54297	0.48105	-1.02402
ENSG00000187720	THSD4	9	3.32193	0.727	-0.54302	0.26228	-0.8053
ENSG00000152527	PLEKHH2	4	2.32193	0.819	-0.54352	1.8006	-2.34412
ENSG00000125871	MGME1	3	2	0.932	-0.54418	-0.56545	0.02127
ENSG00000171885	AQP4	6	2.80735	0.903	-0.54429	-0.60324	0.05895
ENSG00000138246	DNAJC13	3	2	0.267	-0.54578	0.1395	-0.68528
ENSG00000127922	SEM1	2	1.58496	0.754	-0.55012	-0.0069112	-0.543209
ENSG00000169756	LIMS1	1	1	0.867	-0.55043	-1.0256	0.47517
ENSG00000242252	BGLAP	4	2.32193	1.795	-0.55093	0.54969	-1.10062
ENSG00000137936	BCAR3	1	1	0.584	-0.5514	1.1339	-1.6853
ENSG00000133805	AMPD3	3	2	0.817	-0.55218	1.2501	-1.80228
ENSG00000160808	MYL3	4	2.32193	0.811	-0.55448	0.66906	-1.22354
ENSG00000119139	TJP2	2	1.58496	0.825	-0.55579	-0.32364	-0.23215
ENSG00000163171	CDC42EP3	4	2.32193	0.557	-0.55607	2.526	-3.08207
ENSG00000006459	KDM7A	2	1.58496	0.405	-0.55639	1.6254	-2.18179
ENSG00000152689	RASGRP3	6	2.80735	0.782	-0.55873	-1.1957	0.63697
ENSG00000101132	PFDN4	1	1	1.831	-0.55898	-0.6517	0.09272
ENSG00000128591	FLNC	11	3.58496	0.424	-0.55947	1.7717	-2.33117
ENSG00000076003	MCM6	8	3.16993	0.676	-0.56056	1.1419	-1.70246
ENSG00000101158	NELFCD	1	1	0.862	-0.56073	2.2222	-2.78293
ENSG00000089006	SNX5	2	1.58496	0.996	-0.56281	-0.58206	0.01925
ENSG00000136045	PWP1	2	1.58496	0.833	-0.56358	0.82518	-1.38876
ENSG00000198670	LPA	58	5.88264	1.183	-0.56433	-0.70031	0.13598
ENSG00000069248	NUP133	2	1.58496	0.57	-0.56506	-0.16687	-0.39819
ENSG00000164211	STARD4	3	2	1.648	-0.56655	-0.39144	-0.17511
ENSG00000138075	ABCG5	21	4.45943	1.219	-0.56743	-0.62185	0.05442
ENSG00000112378	PERP	1	1	1.022	-0.56928	1.2113	-1.78058
ENSG00000214413	BBIP1	2	1.58496	1.693	-0.56933	1.2826	-1.85193
ENSG00000128567	PODXL	6	2.80735	0.605	-0.56995	0.39921	-0.96916
ENSG00000173597	SULT1B1	4	2.32193	1.036	-0.57059	1.3068	-1.87739
ENSG00000007545	CRAMP1	1	1	0.68	-0.57085	2.4163	-2.98715
ENSG00000176845	METRNL	8	3.16993	0.85	-0.57105	-1.4655	0.89445
ENSG00000122873	CISD1	1	1	1.344	-0.57126	-0.29319	-0.27807
ENSG00000169908	TM4SF1	1	1	1.191	-0.5714	1.9872	-2.5586
ENSG00000183150	GPR19	1	1	0.736	-0.57327	0.047478	-0.620748
ENSG00000203963	C1orf141	6	2.80735	1.895	-0.57343	0.97747	-1.5509
ENSG00000187764	SEMA4D	1	1	0.454	-0.57443	0.68851	-1.26294
ENSG00000071794	HLTF	2	1.58496	1.482	-0.57757	0.87011	-1.44768
ENSG00000172785	CBWD1	1	1	0.658	-0.57869	-0.2859	-0.29279
ENSG00000172785	CBWD1	1	1	0.658	-0.57869	0.14606	-0.72475
ENSG00000038532	CLEC16A	42	5.42626	0.639	-0.57992	1.5182	-2.09812
ENSG00000125304	TM9SF2	7	3	0.256	-0.58053	0.63587	-1.2164
ENSG00000007392	LUC7L	3	2	0.821	-0.58067	-0.89197	0.3113
ENSG00000168509	HJV	1	1	1.148	-0.58256	1.144	-1.72656
ENSG00000137806	NDUFAF1	1	1	0.841	-0.58304	2.3124	-2.89544
ENSG00000185917	SETD4	2	1.58496	0.994	-0.58543	0.51849	-1.10392
ENSG00000182307	C8orf33	1	1	1.449	-0.58665	1.4246	-2.01125
ENSG00000117394	SLC2A1	1	1	0.139	-0.58711	-0.10954	-0.47757
ENSG00000178031	ADAMTSL1	5	2.58496	0.744	-0.58713	1.6507	-2.23783
ENSG00000134020	PEBP4	2	1.58496	1.266	-0.58748	1.5314	-2.11888
ENSG00000181631	P2RY13	1	1	1.133	-0.59052	-0.74879	0.15827
ENSG00000179776	CDH5	3	2	0.661	-0.59234	-0.48571	-0.10663
ENSG00000113083	LOX	4	2.32193	0.503	-0.59243	-0.36799	-0.22444
ENSG00000012779	ALOX5	1	1	0.933	-0.5931	0.69532	-1.28842
ENSG00000159228	CBR1	1	1	1.419	-0.59353	0.39241	-0.98594
ENSG00000186115	CYP4F2	3	2	1.197	-0.59401	1.0624	-1.65641
ENSG00000164136	IL15	2	1.58496	1.736	-0.5941	-0.19304	-0.40106
ENSG00000179583	CIITA	4	2.32193	0.729	-0.59443	1.2742	-1.86863
ENSG00000184330	S100A7A	1	1	1.782	-0.59688	-0.77175	0.17487
ENSG00000117475	BLZF1	5	2.58496	1.145	-0.59846	0.36301	-0.96147
ENSG00000066651	TRMT11	1	1	1.078	-0.59858	-0.59	-0.00858
ENSG00000189114	BLOC1S3	3	2	1.836	-0.59905	-1.2115	0.61245
ENSG00000166396	SERPINB7	7	3	1.049	-0.5999	0.72872	-1.32862
ENSG00000161980	POLR3K	1	1	1.304	-0.60067	-0.12695	-0.47372
ENSG00000205863	C1QTNF9B	2	1.58496	1.411	-0.605	0.32521	-0.93021
ENSG00000173868	PHOSPHO1	6	2.80735	1.311	-0.60554	1.7939	-2.39944
ENSG00000113361	CDH6	13	3.80735	0.511	-0.60934	-1.5786	0.96926
ENSG00000184702	SEPTIN5	1	1	0.489	-0.61038	0.28618	-0.89656
ENSG00000184702	SEPTIN5	1	1	0.489	-0.61038	0.33521	-0.94559
ENSG00000119640	ACYP1	7	3	1.301	-0.6127	0.07129	-0.68399
ENSG00000123106	CCDC91	15	4	1.084	-0.61284	3.0052	-3.61804
ENSG00000144214	LYG1	1	1	1.076	-0.61677	2.9016	-3.51837
ENSG00000028277	POU2F2	1	1	0.279	-0.61894	3.1848	-3.80374
ENSG00000174502	SLC26A9	3	2	0.644	-0.61907	-1.5151	0.89603
ENSG00000164258	NDUFS4	2	1.58496	1.519	-0.61998	-0.152	-0.46798
ENSG00000112530	PACRG	5	2.58496	1.301	-0.62044	-0.85003	0.22959
ENSG00000112877	CEP72	5	2.58496	1.409	-0.62045	0.11342	-0.73387
ENSG00000137193	PIM1	1	1	0.439	-0.62056	1.4752	-2.09576
ENSG00000110841	PPFIBP1	3	2	0.911	-0.62194	0.30861	-0.93055
ENSG00000113532	ST8SIA4	2	1.58496	0.683	-0.62202	-0.3575	-0.26452
ENSG00000129007	CALML4	1	1	1.374	-0.62329	-0.96283	0.33954
ENSG00000077097	TOP2B	1	1	0.328	-0.62437	1.4402	-2.06457
ENSG00000185736	ADARB2	2	1.58496	0.681	-0.62594	2.2908	-2.91674
ENSG00000150630	VEGFC	2	1.58496	0.379	-0.62778	-1.563	0.93522
ENSG00000137815	RTF1	1	1	0.223	-0.6282	2.2884	-2.9166
ENSG00000204950	LRRC10B	3	2	1.894	-0.62947	1.042	-1.67147
ENSG00000096968	JAK2	16	4.08746	0.848	-0.63028	-0.28612	-0.34416
ENSG00000151151	IPMK	3	2	0.6	-0.63062	-0.1498	-0.48082
ENSG00000127952	STYXL1	1	1	1.216	-0.63139	2.686	-3.31739
ENSG00000111046	MYF6	1	1	1.24	-0.63184	0.83994	-1.47178
ENSG00000138271	GPR87	1	1	1.634	-0.63236	-0.67867	0.04631
ENSG00000099866	MADCAM1	1	1	1.901	-0.63309	0.0081279	-0.641218
ENSG00000116985	BMP8B	3	2	1.297	-0.63326	-0.38111	-0.25215
ENSG00000167566	NCKAP5L	3	2	0.776	-0.63646	-0.21456	-0.4219
ENSG00000143869	GDF7	16	4.08746	1.726	-0.63662	-1.0013	0.36468
ENSG00000198160	MIER1	2	1.58496	0.845	-0.63763	-1.0392	0.40157
ENSG00000101417	PXMP4	2	1.58496	1.105	-0.64074	-0.041647	-0.599093
ENSG00000140009	ESR2	12	3.70044	1.002	-0.64141	-0.53349	-0.10792
ENSG00000125735	TNFSF14	2	1.58496	0.918	-0.64203	-1.8308	1.18877
ENSG00000070540	WIPI1	2	1.58496	1.057	-0.64415	-0.0082473	-0.635903
ENSG00000054803	CBLN4	3	2	0.951	-0.6451	-0.67847	0.03337
ENSG00000131042	LILRB2	4	2.32193	0.863	-0.64597	-0.47208	-0.17389
ENSG00000181963	OR52K2	1	1	1.417	-0.64706	1.2198	-1.86686
ENSG00000214866	DCDC2C	2	1.58496	1.498	-0.64801	-0.29394	-0.35407
ENSG00000183625	CCR3	1	1	1.925	-0.64924	-1.2079	0.55866
ENSG00000214216	IQCJ	1	1	1.32	-0.65075	1.6226	-2.27335
ENSG00000071282	LMCD1	4	2.32193	0.972	-0.65112	0.71595	-1.36707
ENSG00000163600	ICOS	5	2.58496	1.273	-0.65258	1.7804	-2.43298
ENSG00000167930	FAM234A	7	3	1.12	-0.65413	-0.63623	-0.0179
ENSG00000112167	SAYSD1	3	2	1.633	-0.65581	-1.2942	0.63839
ENSG00000069399	BCL3	12	3.70044	0.702	-0.65654	1.7466	-2.40314
ENSG00000181781	ODF3L2	2	1.58496	1.941	-0.65747	0.3008	-0.95827
ENSG00000160870	CYP3A7	3	2	1.034	-0.65749	0.55636	-1.21385
ENSG00000160870	CYP3A7	3	2	1.034	-0.65749	0.52352	-1.18101
ENSG00000083312	TNPO1	5	2.58496	0.152	-0.65776	1.5691	-2.22686
ENSG00000174442	ZWILCH	4	2.32193	1.061	-0.66141	1.1917	-1.85311
ENSG00000152684	PELO	4	2.32193	1.008	-0.66217	2.001	-2.66317
ENSG00000167360	OR51Q1	2	1.58496	1.936	-0.66256	0.73472	-1.39728
ENSG00000255582	OR10G2	2	1.58496	1.8	-0.66334	0.56727	-1.23061
ENSG00000163882	POLR2H	2	1.58496	0.646	-0.66357	4.8618	-5.52537
ENSG00000124780	KCNK17	3	2	1.573	-0.6647	-1.2762	0.6115
ENSG00000177511	ST8SIA3	2	1.58496	0.735	-0.66523	0.40179	-1.06702
ENSG00000133392	MYH11	10	3.45943	0.377	-0.66524	0.88333	-1.54857
ENSG00000143199	ADCY10	1	1	0.922	-0.66533	0.70791	-1.37324
ENSG00000177354	C10orf71	1	1	1.739	-0.66602	-0.76751	0.10149
ENSG00000158516	CPA2	1	1	1.282	-0.66619	-1.1445	0.47831
ENSG00000173085	COQ2	1	1	1.032	-0.66749	-0.78498	0.11749
ENSG00000168538	TRAPPC11	1	1	0.816	-0.66779	1.5821	-2.24989
ENSG00000119547	ONECUT2	3	2	0.677	-0.668	-1.4287	0.7607
ENSG00000170860	LSM3	4	2.32193	1.849	-0.66814	0.69223	-1.36037
ENSG00000169764	UGP2	4	2.32193	0.991	-0.66835	1.9528	-2.62115
ENSG00000016402	IL20RA	2	1.58496	1.096	-0.67319	-0.79637	0.12318
ENSG00000129451	KLK10	1	1	1.668	-0.67545	-0.43373	-0.24172
ENSG00000165272	AQP3	2	1.58496	0.838	-0.67576	-0.65836	-0.0174
ENSG00000115539	PDCL3	3	2	1.234	-0.67707	0.34614	-1.02321
ENSG00000173175	ADCY5	14	3.90689	0.326	-0.67744	0.010611	-0.688051
ENSG00000173163	COMMD1	2	1.58496	1.116	-0.67748	-0.17502	-0.50246
ENSG00000066926	FECH	1	1	0.859	-0.67762	0.48933	-1.16695
ENSG00000088179	PTPN4	3	2	0.496	-0.67959	0.2378	-0.91739
ENSG00000166407	LMO1	3	2	0.946	-0.67962	-0.15074	-0.52888
ENSG00000114698	PLSCR4	2	1.58496	0.708	-0.68009	-1.8099	1.12981
ENSG00000175711	B3GNTL1	1	1	1.374	-0.68128	-0.37505	-0.30623
ENSG00000144891	AGTR1	1	1	1.113	-0.68253	-0.72252	0.03999
ENSG00000163818	LZTFL1	5	2.58496	0.874	-0.68351	-1.4475	0.76399
ENSG00000183486	MX2	3	2	0.824	-0.68366	-1.0769	0.39324
ENSG00000125798	FOXA2	17	4.16993	0.518	-0.68372	0.44539	-1.12911
ENSG00000206538	VGLL3	5	2.58496	0.934	-0.68431	1.6426	-2.32691
ENSG00000174332	GLIS1	3	2	0.6	-0.68432	-1.7907	1.10638
ENSG00000163359	COL6A3	2	1.58496	0.564	-0.68547	-0.73366	0.04819
ENSG00000159322	ADPGK	3	2	0.937	-0.68601	0.31882	-1.00483
ENSG00000184108	TRIML1	2	1.58496	1.432	-0.68633	1.1636	-1.84993
ENSG00000011028	MRC2	6	2.80735	0.514	-0.68717	0.83508	-1.52225
ENSG00000126860	EVI2A	7	3	1.297	-0.6884	1.2542	-1.9426
ENSG00000178814	OPLAH	1	1	1.163	-0.68989	0.73492	-1.42481
ENSG00000198914	POU3F3	5	2.58496	0.482	-0.69077	1.4767	-2.16747
ENSG00000125245	GPR18	5	2.58496	1.238	-0.69128	0.47907	-1.17035
ENSG00000074201	CLNS1A	1	1	0.776	-0.69176	-0.34533	-0.34643
ENSG00000171564	FGB	1	1	0.662	-0.69343	0.46321	-1.15664
ENSG00000178860	MSC	2	1.58496	1.784	-0.69416	1.918	-2.61216
ENSG00000188306	LRRIQ4	3	2	0.775	-0.69459	1.6547	-2.34929
ENSG00000183735	TBK1	1	1	0.505	-0.69511	-0.19395	-0.50116
ENSG00000111241	FGF6	5	2.58496	1.169	-0.6953	1.6622	-2.3575
ENSG00000162688	AGL	1	1	0.72	-0.69546	-1.1505	0.45504
ENSG00000084453	SLCO1A2	3	2	1.239	-0.69568	0.98494	-1.68062
ENSG00000007171	NOS2	6	2.80735	0.858	-0.69618	0.68119	-1.37737
ENSG00000111537	IFNG	6	2.80735	1.095	-0.69702	-0.0081296	-0.68889
ENSG00000177947	ODF3	5	2.58496	1.477	-0.6978	0.003867	-0.701667
ENSG00000158769	F11R	2	1.58496	0.9	-0.70016	1.1667	-1.86686
ENSG00000171757	LRRC34	8	3.16993	1.151	-0.70084	1.6228	-2.32364
ENSG00000134779	TPGS2	3	2	1.088	-0.70155	-0.015454	-0.686096
ENSG00000136352	NKX2-1	3	2	0.522	-0.70159	0.55175	-1.25334
ENSG00000120262	CCDC170	31	5	1.158	-0.70167	-0.57812	-0.12355
ENSG00000133115	STOML3	2	1.58496	1.308	-0.70245	1.0913	-1.79375
ENSG00000256574	OR13A1	1	1	1.883	-0.70266	0.93462	-1.63728
ENSG00000112246	SIM1	2	1.58496	0.332	-0.7027	2.1263	-2.829
ENSG00000120659	TNFSF11	14	3.90689	0.603	-0.70314	-0.72895	0.02581
ENSG00000143196	DPT	6	2.80735	0.963	-0.70369	1.1324	-1.83609
ENSG00000105672	ETV2	1	1	1.448	-0.70406	0.00094056	-0.705001
ENSG00000157654	PALM2AKAP2	6	2.80735	0.683	-0.7048	4.8546	-5.5594
ENSG00000157654	PALM2AKAP2	6	2.80735	0.683	-0.7048	3.7786	-4.4834
ENSG00000123999	INHA	1	1	0.686	-0.70664	0.43601	-1.14265
ENSG00000163823	CCR1	7	3	1.931	-0.70811	-1.4072	0.69909
ENSG00000167562	ZNF701	1	1	1.892	-0.70832	-0.073932	-0.634388
ENSG00000180806	HOXC9	2	1.58496	0.934	-0.70851	1.2138	-1.92231
ENSG00000162746	FCRLB	3	2	1.621	-0.71047	-0.34914	-0.36133
ENSG00000171033	PKIA	3	2	1.475	-0.71139	-0.42105	-0.29034
ENSG00000112562	SMOC2	1	1	0.824	-0.7117	-0.70506	-0.00664
ENSG00000118894	EEF2KMT	1	1	1.377	-0.71463	-1.7172	1.00257
ENSG00000165389	SPTSSA	2	1.58496	1.952	-0.71678	-1.0507	0.33392
ENSG00000167085	PHB	10	3.45943	0.664	-0.71789	-0.048771	-0.669119
ENSG00000172457	OR9G4	2	1.58496	1.59	-0.71975	-1.6035	0.88375
ENSG00000145414	NAF1	1	1	0.926	-0.71987	-0.61021	-0.10966
ENSG00000174371	EXO1	13	3.80735	1.013	-0.72109	0.80381	-1.5249
ENSG00000114812	VIPR1	1	1	1.336	-0.72305	4.1147	-4.83775
ENSG00000071967	CYBRD1	1	1	0.941	-0.72356	0.51414	-1.2377
ENSG00000120210	INSL6	4	2.32193	1.944	-0.72511	0.24218	-0.96729
ENSG00000178919	FOXE1	21	4.45943	1.926	-0.72572	1.4827	-2.20842
ENSG00000145908	ZNF300	4	2.32193	0.937	-0.7259	0.86738	-1.59328
ENSG00000198074	AKR1B10	1	1	1.324	-0.72619	-2.1947	1.46851
ENSG00000145431	PDGFC	9	3.32193	0.339	-0.72634	1.7484	-2.47474
ENSG00000110436	SLC1A2	2	1.58496	0.569	-0.72707	-1.715	0.98793
ENSG00000112539	C6orf118	1	1	1.288	-0.72724	1.2315	-1.95874
ENSG00000031691	CENPQ	4	2.32193	1.04	-0.7295	1.4457	-2.1752
ENSG00000196660	SLC30A10	8	3.16993	0.99	-0.73063	1.103	-1.83363
ENSG00000125378	BMP4	14	3.90689	0.258	-0.7313	1.0607	-1.792
ENSG00000157978	LDLRAP1	1	1	1.083	-0.73135	-0.8478	0.11645
ENSG00000115419	GLS	4	2.32193	1.234	-0.73284	2.2829	-3.01574
ENSG00000138083	SIX3	12	3.70044	0.387	-0.73385	0.34527	-1.07912
ENSG00000240747	KRBOX1	2	1.58496	1.801	-0.73498	-1.6133	0.87832
ENSG00000140464	PML	4	2.32193	0.613	-0.73812	0.77295	-1.51107
ENSG00000167323	STIM1	7	3	0.475	-0.73832	-1.2831	0.54478
ENSG00000182631	RXFP3	2	1.58496	1.537	-0.73893	0.39714	-1.13607
ENSG00000141232	TOB1	3	2	0.266	-0.73896	1.3065	-2.04546
ENSG00000134058	CDK7	1	1	0.774	-0.74073	0.38438	-1.12511
ENSG00000035681	NSMAF	1	1	0.786	-0.74338	0.043463	-0.786843
ENSG00000112701	SENP6	5	2.58496	0.322	-0.74597	0.3571	-1.10307
ENSG00000111276	CDKN1B	5	2.58496	0.804	-0.74602	0.22737	-0.97339
ENSG00000169064	ZBBX	2	1.58496	1.147	-0.74806	1.2621	-2.01016
ENSG00000196712	NF1	6	2.80735	0.449	-0.74826	1.7098	-2.45806
ENSG00000139350	NEDD1	5	2.58496	0.842	-0.74846	0.9618	-1.71026
ENSG00000169567	HINT1	6	2.80735	1.778	-0.74876	0.044942	-0.793702
ENSG00000206527	HACD2	1	1	0.941	-0.74894	0.75024	-1.49918
ENSG00000138308	PLA2G12B	1	1	1.292	-0.7505	0.362	-1.1125
ENSG00000137648	TMPRSS4	1	1	0.94	-0.75325	0.056901	-0.810151
ENSG00000168811	IL12A	10	3.45943	1.132	-0.75419	2.3376	-3.09179
ENSG00000133962	CATSPERB	1	1	0.935	-0.75478	1.0816	-1.83638
ENSG00000165071	TMEM71	1	1	1.516	-0.75501	0.1796	-0.93461
ENSG00000167098	SUN5	1	1	1.146	-0.75526	-0.62195	-0.13331
ENSG00000138316	ADAMTS14	1	1	0.966	-0.75567	0.43006	-1.18573
ENSG00000019995	ZRANB1	1	1	0.289	-0.75727	1.0501	-1.80737
ENSG00000103196	CRISPLD2	10	3.45943	0.871	-0.76067	0.7058	-1.46647
ENSG00000106952	TNFSF8	8	3.16993	0.514	-0.7625	1.3951	-2.1576
ENSG00000106688	SLC1A1	2	1.58496	1.043	-0.76416	1.6032	-2.36736
ENSG00000078668	VDAC3	1	1	0.422	-0.7686	-0.79861	0.03001
ENSG00000162739	SLAMF6	5	2.58496	0.757	-0.76914	0.81987	-1.58901
ENSG00000140961	OSGIN1	2	1.58496	1.434	-0.76923	-0.54213	-0.2271
ENSG00000165644	COMTD1	1	1	1.869	-0.76932	-0.48413	-0.28519
ENSG00000165091	TMC1	1	1	0.914	-0.77267	1.4634	-2.23607
ENSG00000104371	DKK4	1	1	1.636	-0.77374	-0.69994	-0.0738
ENSG00000186106	ANKRD46	3	2	0.965	-0.77386	0.34672	-1.12058
ENSG00000035928	RFC1	2	1.58496	0.387	-0.77622	0.32735	-1.10357
ENSG00000167757	KLK11	1	1	0.95	-0.77699	-0.015901	-0.761089
ENSG00000106631	MYL7	2	1.58496	1.533	-0.78334	-0.91814	0.1348
ENSG00000152049	KCNE4	1	1	1.226	-0.78364	-0.54306	-0.24058
ENSG00000214711	CAPN14	1	1	1.109	-0.78467	-1.2167	0.43203
ENSG00000188467	SLC24A5	9	3.32193	1.162	-0.78619	-1.1778	0.39161
ENSG00000131697	NPHP4	2	1.58496	1.183	-0.78783	0.83916	-1.62699
ENSG00000118972	FGF23	3	2	1.608	-0.78895	-0.71607	-0.07288
ENSG00000164054	SHISA5	2	1.58496	1.14	-0.78897	0.61073	-1.3997
ENSG00000198865	CCDC152	2	1.58496	1.871	-0.78909	-0.72543	-0.06366
ENSG00000120337	TNFSF18	7	3	1.324	-0.79149	-0.52878	-0.26271
ENSG00000168813	ZNF507	1	1	0.462	-0.79305	0.59997	-1.39302
ENSG00000104783	KCNN4	2	1.58496	0.972	-0.79418	0.78292	-1.5771
ENSG00000138376	BARD1	1	1	1.087	-0.79466	-0.30003	-0.49463
ENSG00000177663	IL17RA	1	1	0.897	-0.79467	-0.24509	-0.54958
ENSG00000188820	CALHM6	3	2	1.966	-0.79489	0.011557	-0.806447
ENSG00000105889	STEAP1B	3	2	0.77	-0.79654	-0.30195	-0.49459
ENSG00000169813	HNRNPF	1	1	0.233	-0.80119	1.3115	-2.11269
ENSG00000117859	OSBPL9	1	1	0.415	-0.8017	2.2941	-3.0958
ENSG00000240857	RDH14	2	1.58496	1.623	-0.80349	1.4326	-2.23609
ENSG00000090534	THPO	2	1.58496	1.117	-0.80382	2.2619	-3.06572
ENSG00000027697	IFNGR1	3	2	0.881	-0.8046	-0.50637	-0.29823
ENSG00000187118	CMC1	4	2.32193	1.906	-0.80749	0.49099	-1.29848
ENSG00000127863	TNFRSF19	1	1	0.859	-0.80982	2.6576	-3.46742
ENSG00000142794	NBPF3	1	1	1.136	-0.8109	2.6101	-3.421
ENSG00000082175	PGR	6	2.80735	0.554	-0.81128	-0.35062	-0.46066
ENSG00000114757	PEX5L	1	1	0.528	-0.81258	1.8659	-2.67848
ENSG00000196344	ADH7	1	1	1.429	-0.8128	-1.7835	0.9707
ENSG00000204104	TRAF3IP1	1	1	0.723	-0.81406	0.84814	-1.6622
ENSG00000160870	CYP3A7	3	2	1.034	-0.81604	0.55636	-1.3724
ENSG00000160870	CYP3A7	3	2	1.034	-0.81604	0.52352	-1.33956
ENSG00000072274	TFRC	5	2.58496	0.489	-0.81604	0.82353	-1.63957
ENSG00000171612	SLC25A33	5	2.58496	0.742	-0.81701	-0.34439	-0.47262
ENSG00000106018	VIPR2	2	1.58496	1.045	-0.81902	2.1635	-2.98252
ENSG00000078098	FAP	12	3.70044	0.892	-0.81985	-1.2244	0.40455
ENSG00000078699	CBFA2T2	4	2.32193	0.314	-0.8234	0.58712	-1.41052
ENSG00000188783	PRELP	1	1	1.057	-0.82501	1.6026	-2.42761
ENSG00000102743	SLC25A15	4	2.32193	1.026	-0.82597	-0.78088	-0.04509
ENSG00000156017	CARNMT1	1	1	1.157	-0.82782	-0.65656	-0.17126
ENSG00000162409	PRKAA2	3	2	0.952	-0.8307	0.71545	-1.54615
ENSG00000143921	ABCG8	30	4.9542	1.329	-0.83082	-0.1294	-0.70142
ENSG00000180730	SHISA2	1	1	1.329	-0.83189	-1.1953	0.36341
ENSG00000168899	VAMP5	1	1	1.668	-0.83199	1.859	-2.69099
ENSG00000119638	NEK9	2	1.58496	0.837	-0.83311	0.15216	-0.98527
ENSG00000123685	BATF3	5	2.58496	1.094	-0.83408	-0.053438	-0.780642
ENSG00000075891	PAX2	6	2.80735	0.451	-0.83478	0.9536	-1.78838
ENSG00000115423	DNAH6	1	1	0.75	-0.83717	1.0803	-1.91747
ENSG00000229937	PRPS1L1	1	1	1.169	-0.838	0.64762	-1.48562
ENSG00000106258	CYP3A5	1	1	1.028	-0.84021	0.87677	-1.71698
ENSG00000117461	PIK3R3	3	2	1.535	-0.84036	-0.78126	-0.0591
ENSG00000170262	MRAP	1	1	1.44	-0.84072	0.038135	-0.878855
ENSG00000181192	DHTKD1	1	1	0.864	-0.84188	0.55937	-1.40125
ENSG00000198353	HOXC4	4	2.32193	0.863	-0.84228	1.2313	-2.07358
ENSG00000120563	LYZL1	1	1	1.739	-0.84737	0.13938	-0.98675
ENSG00000164265	SCGB3A2	3	2	1.23	-0.84759	-0.17245	-0.67514
ENSG00000104313	EYA1	7	3	0.291	-0.84767	-0.37424	-0.47343
ENSG00000133812	SBF2	13	3.80735	0.591	-0.84778	-0.31456	-0.53322
ENSG00000138642	HERC6	1	1	1.318	-0.85149	-0.48529	-0.3662
ENSG00000119718	EIF2B2	1	1	1.25	-0.85309	-0.39321	-0.45988
ENSG00000135069	PSAT1	4	2.32193	1.305	-0.85353	1.2025	-2.05603
ENSG00000164485	IL22RA2	3	2	1.424	-0.85494	0.28666	-1.1416
ENSG00000107651	SEC23IP	3	2	0.865	-0.85638	0.1586	-1.01498
ENSG00000171557	FGG	17	4.16993	0.555	-0.8568	0.84207	-1.69887
ENSG00000122861	PLAU	5	2.58496	0.852	-0.85783	0.83168	-1.68951
ENSG00000104332	SFRP1	1	1	0.672	-0.8593	1.5235	-2.3828
ENSG00000138640	FAM13A	9	3.32193	0.746	-0.85994	0.62809	-1.48803
ENSG00000086506	HBQ1	5	2.58496	1.939	-0.86064	-0.19041	-0.67023
ENSG00000164944	VIRMA	3	2	0.439	-0.86494	-0.04378	-0.82116
ENSG00000120440	TTLL2	2	1.58496	1.835	-0.86638	-1.6544	0.78802
ENSG00000174123	TLR10	7	3	1.833	-0.87634	0.66869	-1.54503
ENSG00000188536	HBA2	1	1	1.915	-0.87667	0.4221	-1.29877
ENSG00000188536	HBA2	1	1	1.915	-0.87667	-0.1971	-0.67957
ENSG00000108381	ASPA	1	1	1.098	-0.88044	0.51189	-1.39233
ENSG00000138193	PLCE1	22	4.52356	0.564	-0.88134	-0.873	-0.00834
ENSG00000174206	KICS2	1	1	0.619	-0.883	0.51539	-1.39839
ENSG00000161944	ASGR2	1	1	1.365	-0.88364	2.8789	-3.76254
ENSG00000119684	MLH3	3	2	0.735	-0.88396	-0.14435	-0.73961
ENSG00000178078	STAP2	4	2.32193	1.343	-0.88465	2.1082	-2.99285
ENSG00000076344	RGS11	5	2.58496	1.523	-0.88556	1.5862	-2.47176
ENSG00000129083	COPB1	2	1.58496	0.269	-0.88631	1.7729	-2.65921
ENSG00000127720	METTL25	1	1	1.109	-0.88639	-0.24073	-0.64566
ENSG00000197757	HOXC6	4	2.32193	0.67	-0.88727	1.5576	-2.44487
ENSG00000073712	FERMT2	13	3.80735	0.304	-0.88729	2.5209	-3.40819
ENSG00000086015	MAST2	10	3.45943	0.576	-0.88803	-0.75518	-0.13285
ENSG00000187513	GJA4	1	1	0.783	-0.89014	2.3127	-3.20284
ENSG00000132185	FCRLA	1	1	1.184	-0.89133	-0.63289	-0.25844
ENSG00000175164	ABO	105	6.72792	1.416	-0.89213	-0.73138	-0.16075
ENSG00000125818	PSMF1	1	1	1.382	-0.89257	-0.44953	-0.44304
ENSG00000170558	CDH2	2	1.58496	0.336	-0.89451	-0.60321	-0.2913
ENSG00000185585	OLFML2A	1	1	1.01	-0.89469	0.087252	-0.981942
ENSG00000170776	AKAP13	10	3.45943	0.362	-0.89553	1.2596	-2.15513
ENSG00000154114	TBCEL	1	1	0.513	-0.90081	0.634	-1.53481
ENSG00000196352	CD55	8	3.16993	1.234	-0.90158	0.3196	-1.22118
ENSG00000100228	RAB36	2	1.58496	1.173	-0.90369	0.01765	-0.92134
ENSG00000188536	HBA2	1	1	1.915	-0.90483	0.4221	-1.32693
ENSG00000188536	HBA2	1	1	1.915	-0.90483	-0.1971	-0.70773
ENSG00000145864	GABRB2	1	1	0.426	-0.90554	2.4069	-3.31244
ENSG00000165895	ARHGAP42	10	3.45943	0.666	-0.90637	-1.9904	1.08403
ENSG00000244623	OR2AE1	1	1	1.905	-0.90744	-0.13565	-0.77179
ENSG00000189067	LITAF	4	2.32193	1.017	-0.90768	0.43681	-1.34449
ENSG00000185862	EVI2B	1	1	1.187	-0.90863	1.3838	-2.29243
ENSG00000205693	MANSC4	5	2.58496	1.441	-0.90916	2.1559	-3.06506
ENSG00000182674	KCNB2	1	1	0.354	-0.91131	1.4419	-2.35321
ENSG00000112164	GLP1R	10	3.45943	0.494	-0.91151	0.73754	-1.64905
ENSG00000116132	PRRX1	12	3.70044	0.571	-0.91274	0.97763	-1.89037
ENSG00000046604	DSG2	1	1	0.764	-0.91303	-0.33923	-0.5738
ENSG00000136999	CCN3	2	1.58496	0.966	-0.91667	0.18364	-1.10031
ENSG00000129187	DCTD	12	3.70044	1.924	-0.91813	-0.67486	-0.24327
ENSG00000169826	CSGALNACT2	1	1	0.886	-0.91909	0.36885	-1.28794
ENSG00000047056	WDR37	1	1	0.423	-0.92293	-0.022966	-0.899964
ENSG00000150594	ADRA2A	4	2.32193	1.783	-0.92343	0.4733	-1.39673
ENSG00000120158	RCL1	3	2	0.828	-0.92859	-1.2742	0.34561
ENSG00000103769	RAB11A	1	1	0.577	-0.92953	-1.2457	0.31617
ENSG00000063127	SLC6A16	1	1	0.938	-0.93192	-0.2266	-0.70532
ENSG00000134146	DPH6	4	2.32193	1.399	-0.93262	1.8638	-2.79642
ENSG00000165632	TAF3	1	1	0.124	-0.93655	2.6254	-3.56195
ENSG00000181609	OR52D1	1	1	1.866	-0.93688	-0.8166	-0.12028
ENSG00000106399	RPA3	1	1	1.968	-0.94054	-1.199	0.25846
ENSG00000133195	SLC39A11	3	2	1.247	-0.9417	-0.17595	-0.76575
ENSG00000140263	SORD	1	1	0.929	-0.94432	0.42385	-1.36817
ENSG00000169508	GPR183	8	3.16993	0.758	-0.94513	-0.05091	-0.89422
ENSG00000130208	APOC1	20	4.39232	1.483	-0.94584	-0.0763	-0.86954
ENSG00000187758	ADH1A	1	1	1.104	-0.94848	-1.1947	0.24622
ENSG00000134369	NAV1	12	3.70044	0.147	-0.95245	-0.76405	-0.1884
ENSG00000197249	SERPINA1	36	5.20945	1.134	-0.954	-0.50279	-0.45121
ENSG00000143476	DTL	1	1	0.635	-0.9559	0.5652	-1.5211
ENSG00000165406	MARCHF8	5	2.58496	1.001	-0.95752	2.0537	-3.01122
ENSG00000166676	TVP23A	1	1	0.954	-0.96209	2.0188	-2.98089
ENSG00000051108	HERPUD1	2	1.58496	0.667	-0.96279	-0.23938	-0.72341
ENSG00000186409	CCDC30	1	1	0.91	-0.96303	1.8197	-2.78273
ENSG00000152315	KCNK13	4	2.32193	0.938	-0.96315	-0.052568	-0.910582
ENSG00000138061	CYP1B1	11	3.58496	1.089	-0.96661	1.5526	-2.51921
ENSG00000186146	DEFB131A	2	1.58496	1.909	-0.96793	-0.82162	-0.14631
ENSG00000186146	DEFB131A	2	1.58496	1.909	-0.96793	-0.18617	-0.78176
ENSG00000073910	FRY	1	1	0.428	-0.96842	-1.1529	0.18448
ENSG00000154262	ABCA6	8	3.16993	1.041	-0.97122	0.47257	-1.44379
ENSG00000157637	SLC38A10	2	1.58496	0.841	-0.97206	-0.44517	-0.52689
ENSG00000115850	LCT	9	3.32193	0.62	-0.97248	1.2786	-2.25108
ENSG00000172785	CBWD1	1	1	0.658	-0.97411	-0.2859	-0.68821
ENSG00000172785	CBWD1	1	1	0.658	-0.97411	0.14606	-1.12017
ENSG00000140463	BBS4	1	1	0.953	-0.975	0.25123	-1.22623
ENSG00000139370	SLC15A4	2	1.58496	0.846	-0.97531	-1.2004	0.22509
ENSG00000087237	CETP	19	4.32193	1.013	-0.97534	0.20601	-1.18135
ENSG00000111906	HDDC2	1	1	1.422	-0.97586	-1.5594	0.58354
ENSG00000119401	TRIM32	18	4.24793	0.73	-0.97598	2.067	-3.04298
ENSG00000112499	SLC22A2	9	3.32193	1.117	-0.97783	1.7329	-2.71073
ENSG00000146842	TMEM209	1	1	1.124	-0.97827	-0.65641	-0.32186
ENSG00000165124	SVEP1	5	2.58496	0.503	-0.97871	1.4888	-2.46751
ENSG00000143493	INTS7	2	1.58496	0.466	-0.97983	0.4112	-1.39103
ENSG00000197576	HOXA4	2	1.58496	1.902	-0.98422	0.82394	-1.80816
ENSG00000166024	R3HCC1L	5	2.58496	1.02	-0.98491	1.8189	-2.80381
ENSG00000008323	PLEKHG6	3	2	1.178	-0.98687	1.7905	-2.77737
ENSG00000154856	APCDD1	2	1.58496	0.586	-0.98729	0.36572	-1.35301
ENSG00000162594	IL23R	32	5.04439	0.739	-0.98804	0.41617	-1.40421
ENSG00000156052	GNAQ	1	1	0.818	-0.98922	1.6596	-2.64882
ENSG00000197747	S100A10	1	1	1.081	-0.98938	-0.82925	-0.16013
ENSG00000103241	FOXF1	13	3.80735	0.685	-0.99009	-0.22836	-0.76173
ENSG00000054983	GALC	4	2.32193	1.019	-0.99169	-0.22157	-0.77012
ENSG00000137575	SDCBP	1	1	1.09	-0.99297	-0.62757	-0.3654
ENSG00000141448	GATA6	2	1.58496	0.527	-0.99326	0.80247	-1.79573
ENSG00000136689	IL1RN	3	2	1.507	-0.99832	-0.66387	-0.33445
ENSG00000108821	COL1A1	1	1	0.159	-0.99967	-0.29451	-0.70516
ENSG00000125637	PSD4	5	2.58496	0.656	-1.0006	-0.55529	-0.44531
ENSG00000168081	PNOC	1	1	1.107	-1.0018	0.85213	-1.85393
ENSG00000072364	AFF4	3	2	0.114	-1.0025	3.8068	-4.8093
ENSG00000019186	CYP24A1	9	3.32193	1.507	-1.0039	-0.49058	-0.51332
ENSG00000100129	EIF3L	1	1	0.585	-1.0061	-1.1307	0.1246
ENSG00000215182	MUC5AC	11	3.58496	1.168	-1.0079	-0.63535	-0.37255
ENSG00000141668	CBLN2	2	1.58496	1.118	-1.0117	-0.4376	-0.5741
ENSG00000188523	CFAP77	1	1	1.092	-1.0143	0.6039	-1.6182
ENSG00000136826	KLF4	21	4.45943	0.698	-1.0167	-0.29073	-0.72597
ENSG00000166483	WEE1	4	2.32193	0.405	-1.0173	-1.0486	0.0313
ENSG00000148935	GAS2	3	2	0.755	-1.0199	-0.21475	-0.80515
ENSG00000151414	NEK7	5	2.58496	1.045	-1.0204	2.6214	-3.6418
ENSG00000087448	KLHL42	17	4.16993	1.322	-1.0208	2.2038	-3.2246
ENSG00000138347	MYPN	1	1	0.596	-1.0232	0.87828	-1.90148
ENSG00000116035	VAX2	1	1	1.508	-1.0242	-1.3498	0.3256
ENSG00000105997	HOXA3	2	1.58496	0.544	-1.0243	0.97995	-2.00425
ENSG00000111341	MGP	4	2.32193	1.63	-1.0262	-2.2604	1.2342
ENSG00000134758	RNF138	1	1	0.901	-1.0266	1.0148	-2.0414
ENSG00000125814	NAPB	1	1	1.045	-1.0276	1.0229	-2.0505
ENSG00000151332	MBIP	14	3.90689	1.067	-1.0285	0.46112	-1.48962
ENSG00000167083	GNGT2	3	2	1.651	-1.0347	2.5326	-3.5673
ENSG00000186918	ZNF395	1	1	0.54	-1.0354	-1.0632	0.0278
ENSG00000106459	NRF1	1	1	0.188	-1.0381	2.1735	-3.2116
ENSG00000143951	WDPCP	4	2.32193	0.939	-1.0408	2.3895	-3.4303
ENSG00000170264	FAM161A	1	1	1.025	-1.0427	0.099753	-1.14245
ENSG00000124813	RUNX2	9	3.32193	0.352	-1.0429	-0.03517	-1.00773
ENSG00000159263	SIM2	1	1	0.667	-1.0436	-0.10811	-0.93549
ENSG00000146085	MMUT	5	2.58496	1.18	-1.0438	1.5037	-2.5475
ENSG00000081154	PCNP	1	1	0.852	-1.0441	0.86001	-1.90411
ENSG00000100867	DHRS2	1	1	1.4	-1.0454	1.7269	-2.7723
ENSG00000134762	DSC3	5	2.58496	1.271	-1.0472	0.98802	-2.03522
ENSG00000180432	CYP8B1	2	1.58496	1.865	-1.0481	-0.71353	-0.33457
ENSG00000096401	CDC5L	20	4.39232	0.26	-1.0485	0.445	-1.4935
ENSG00000130635	COL5A1	4	2.32193	0.089	-1.0507	-0.77356	-0.27714
ENSG00000139133	ALG10	2	1.58496	0.901	-1.0513	-2.482	1.4307
ENSG00000114023	FAM162A	1	1	1.643	-1.0525	1.2711	-2.3236
ENSG00000197134	ZNF257	5	2.58496	1.634	-1.0527	0.60537	-1.65807
ENSG00000196208	GREB1	13	3.80735	0.645	-1.058	0.40964	-1.46764
ENSG00000160124	MIX23	2	1.58496	1.016	-1.059	1.2585	-2.3175
ENSG00000092421	SEMA6A	2	1.58496	0.337	-1.0637	2.5571	-3.6208
ENSG00000125538	IL1B	3	2	0.642	-1.065	0.1931	-1.2581
ENSG00000028839	TBPL1	1	1	0.421	-1.0675	0.90205	-1.96955
ENSG00000196981	WDR5B	1	1	1.01	-1.0678	1.2114	-2.2792
ENSG00000158856	DMTN	2	1.58496	0.695	-1.0692	2.0811	-3.1503
ENSG00000231256	CFAP97D1	1	1	0.992	-1.0692	1.4521	-2.5213
ENSG00000050767	COL23A1	1	1	1.324	-1.0715	-0.02847	-1.04303
ENSG00000134265	NAPG	1	1	0.844	-1.0729	1.0219	-2.0948
ENSG00000159450	TCHH	6	2.80735	1.811	-1.0773	-0.046589	-1.03071
ENSG00000086544	ITPKC	3	2	0.707	-1.0784	0.47597	-1.55437
ENSG00000170290	SLN	1	1	1.634	-1.0794	-0.79509	-0.28431
ENSG00000146909	NOM1	1	1	0.961	-1.0815	0.82769	-1.90919
ENSG00000104147	OIP5	1	1	1.743	-1.0822	1.9233	-3.0055
ENSG00000188293	IGFL1	3	2	1.561	-1.0838	-0.30787	-0.77593
ENSG00000131370	SH3BP5	1	1	0.85	-1.0844	0.49482	-1.57922
ENSG00000187244	BCAM	2	1.58496	1.102	-1.0875	0.33893	-1.42643
ENSG00000169032	MAP2K1	5	2.58496	0.515	-1.0903	0.81692	-1.90722
ENSG00000100116	GCAT	14	3.90689	1.044	-1.091	-0.12063	-0.97037
ENSG00000133703	KRAS	1	1	0.264	-1.092	0.99975	-2.09175
ENSG00000095981	KCNK16	1	1	1.463	-1.0936	-1.946	0.8524
ENSG00000126861	OMG	1	1	0.565	-1.0938	1.48	-2.5738
ENSG00000180974	OR52E4	2	1.58496	1.955	-1.0942	0.64957	-1.74377
ENSG00000162542	TMCO4	4	2.32193	1.053	-1.0948	3.9965	-5.0913
ENSG00000169548	ZNF280A	1	1	0.98	-1.0992	0.10174	-1.20094
ENSG00000119938	PPP1R3C	2	1.58496	0.945	-1.0993	-0.7504	-0.3489
ENSG00000167941	SOST	8	3.16993	1.634	-1.1003	1.3872	-2.4875
ENSG00000203710	CR1	5	2.58496	0.774	-1.1072	1.8748	-2.982
ENSG00000145192	AHSG	1	1	1.042	-1.1078	0.39634	-1.50414
ENSG00000075131	TIPIN	2	1.58496	1.076	-1.1111	0.53555	-1.64665
ENSG00000162407	PLPP3	26	4.75489	0.403	-1.1122	1.4483	-2.5605
ENSG00000173567	ADGRF3	1	1	1.069	-1.114	0.028229	-1.14223
ENSG00000113575	PPP2CA	1	1	0.315	-1.1169	0.53871	-1.65561
ENSG00000123815	COQ8B	2	1.58496	0.923	-1.1175	0.4514	-1.5689
ENSG00000088386	SLC15A1	1	1	1.117	-1.1184	0.15517	-1.27357
ENSG00000159167	STC1	3	2	0.558	-1.1193	0.70845	-1.82775
ENSG00000163817	SLC6A20	4	2.32193	1.319	-1.1204	1.3872	-2.5076
ENSG00000125571	IL37	3	2	1.672	-1.1212	0.27829	-1.39949
ENSG00000139187	KLRG1	1	1	1.253	-1.1231	1.6637	-2.7868
ENSG00000134882	UBAC2	8	3.16993	0.859	-1.1259	-0.20847	-0.91743
ENSG00000104901	DKKL1	2	1.58496	1.017	-1.1263	-0.18745	-0.93885
ENSG00000145757	SPATA9	1	1	1.402	-1.1287	-0.075844	-1.05286
ENSG00000096264	NCR2	1	1	1.472	-1.1287	-0.087274	-1.04143
ENSG00000153531	ADPRHL1	1	1	1.264	-1.1293	1.906	-3.0353
ENSG00000170348	TMED10	2	1.58496	0.577	-1.1306	0.16572	-1.29632
ENSG00000164949	GEM	1	1	1.25	-1.1313	0.025178	-1.15648
ENSG00000135540	NHSL1	1	1	0.638	-1.1313	1.6881	-2.8194
ENSG00000112297	CRYBG1	2	1.58496	0.856	-1.1325	0.84449	-1.97699
ENSG00000003056	M6PR	2	1.58496	0.841	-1.1353	1.6617	-2.797
ENSG00000110900	TSPAN11	2	1.58496	1.117	-1.141	0.5624	-1.7034
ENSG00000205302	SNX2	1	1	0.521	-1.1421	-1.3996	0.2575
ENSG00000114626	ABTB1	1	1	1.003	-1.143	-0.16432	-0.97868
ENSG00000109618	SEPSECS	1	1	1.096	-1.1506	0.012296	-1.1629
ENSG00000177963	RIC8A	2	1.58496	1.006	-1.1545	-0.17225	-0.98225
ENSG00000166164	BRD7	7	3	0.336	-1.1554	0.94445	-2.09985
ENSG00000164816	DEFA5	1	1	1.879	-1.1562	1.014	-2.1702
ENSG00000144354	CDCA7	6	2.80735	0.676	-1.1565	0.30337	-1.45987
ENSG00000137673	MMP7	3	2	1.095	-1.157	0.011294	-1.16829
ENSG00000142182	DNMT3L	1	1	1.179	-1.1587	-0.27119	-0.88751
ENSG00000173157	ADAMTS20	1	1	0.947	-1.1632	2.1979	-3.3611
ENSG00000144736	SHQ1	2	1.58496	1.239	-1.1697	-0.46186	-0.70784
ENSG00000135972	MRPS9	2	1.58496	1.26	-1.1735	0.76328	-1.93678
ENSG00000124762	CDKN1A	40	5.35755	1.492	-1.1736	-0.65879	-0.51481
ENSG00000138131	LOXL4	7	3	0.944	-1.1759	1.9018	-3.0777
ENSG00000148700	ADD3	3	2	0.395	-1.1797	6.1887	-7.3684
ENSG00000173124	ACSM6	1	1	0.912	-1.18	-0.90127	-0.27873
ENSG00000130147	SH3BP4	2	1.58496	0.658	-1.1831	-0.792	-0.3911
ENSG00000169035	KLK7	2	1.58496	1.265	-1.1836	0.98536	-2.16896
ENSG00000154678	PDE1C	2	1.58496	0.843	-1.1859	2.5098	-3.6957
ENSG00000197408	CYP2B6	5	2.58496	1.044	-1.1993	0.43162	-1.63092
ENSG00000139648	KRT71	1	1	1.116	-1.2012	-0.41334	-0.78786
ENSG00000075429	CACNG5	2	1.58496	1.036	-1.2018	-0.93396	-0.26784
ENSG00000066230	SLC9A3	1	1	0.6	-1.2037	0.43928	-1.64298
ENSG00000148019	CEP78	1	1	1.531	-1.2039	-0.5532	-0.6507
ENSG00000162496	DHRS3	2	1.58496	0.79	-1.207	1.5786	-2.7856
ENSG00000152763	DNAI4	2	1.58496	0.862	-1.2082	-0.96727	-0.24093
ENSG00000128266	GNAZ	1	1	0.302	-1.2086	-0.5141	-0.6945
ENSG00000158863	FHIP2B	1	1	1.173	-1.2086	2.6304	-3.839
ENSG00000162878	PKDCC	7	3	1.15	-1.2102	-0.66663	-0.54357
ENSG00000167755	KLK6	1	1	1.025	-1.2133	1.3526	-2.5659
ENSG00000167325	RRM1	2	1.58496	0.242	-1.2142	-0.60482	-0.60938
ENSG00000134987	WDR36	17	4.16993	0.706	-1.2282	0.20403	-1.43223
ENSG00000130227	XPO7	6	2.80735	0.187	-1.2284	1.912	-3.1404
ENSG00000166250	CLMP	1	1	0.792	-1.2293	0.82718	-2.05648
ENSG00000111799	COL12A1	2	1.58496	0.375	-1.2312	-1.2869	0.0557
ENSG00000039560	RAI14	2	1.58496	0.518	-1.238	-1.2593	0.0213
ENSG00000173559	NABP1	1	1	1.529	-1.2389	1.3633	-2.6022
ENSG00000091879	ANGPT2	4	2.32193	0.606	-1.2412	2.1104	-3.3516
ENSG00000070915	SLC12A3	1	1	1.004	-1.243	-1.2936	0.0506
ENSG00000163825	RTP3	1	1	0.997	-1.2447	-0.13836	-1.10634
ENSG00000088826	SMOX	1	1	0.652	-1.2473	1.5891	-2.8364
ENSG00000184408	KCND2	1	1	0.428	-1.2533	1.1949	-2.4482
ENSG00000065559	MAP2K4	6	2.80735	0.216	-1.2553	-0.60469	-0.65061
ENSG00000121753	ADGRB2	2	1.58496	0.383	-1.2555	-0.44911	-0.80639
ENSG00000162551	ALPL	6	2.80735	0.987	-1.2574	1.9007	-3.1581
ENSG00000104321	TRPA1	2	1.58496	1.063	-1.2588	-0.067449	-1.19135
ENSG00000158169	FANCC	4	2.32193	1.022	-1.2618	-1.1352	-0.1266
ENSG00000100097	LGALS1	3	2	1.479	-1.2651	1.4876	-2.7527
ENSG00000077044	DGKD	9	3.32193	0.547	-1.2652	-0.60362	-0.66158
ENSG00000117586	TNFSF4	16	4.08746	0.99	-1.2703	0.70043	-1.97073
ENSG00000115648	MLPH	2	1.58496	0.856	-1.2759	-0.031909	-1.24399
ENSG00000198933	TBKBP1	1	1	1.107	-1.2783	2.5924	-3.8707
ENSG00000187642	PERM1	1	1	1.483	-1.2787	0.92228	-2.20098
ENSG00000149716	LTO1	5	2.58496	1.878	-1.2794	0.43535	-1.71475
ENSG00000138035	PNPT1	7	3	0.64	-1.2948	-1.6613	0.3665
ENSG00000091831	ESR1	59	5.90689	0.456	-1.2949	0.036675	-1.33157
ENSG00000162949	CAPN13	2	1.58496	1.121	-1.3007	2.7188	-4.0195
ENSG00000146433	TMEM181	2	1.58496	0.659	-1.3139	0.5159	-1.8298
ENSG00000171617	ENC1	1	1	0.653	-1.3146	0.91543	-2.23003
ENSG00000173210	ABLIM3	3	2	0.691	-1.3155	1.5343	-2.8498
ENSG00000167232	ZNF91	5	2.58496	1.14	-1.3199	-0.98287	-0.33703
ENSG00000155858	LSM11	2	1.58496	0.93	-1.325	1.3158	-2.6408
ENSG00000146122	DAAM2	3	2	0.488	-1.3277	0.22298	-1.55068
ENSG00000037965	HOXC8	2	1.58496	0.872	-1.3318	1.4193	-2.7511
ENSG00000010270	STARD3NL	7	3	0.744	-1.3345	-0.33198	-1.00252
ENSG00000178809	TRIM73	1	1	0.449	-1.3446	-0.32705	-1.01755
ENSG00000130348	QRSL1	1	1	1.105	-1.3449	-1.5181	0.1732
ENSG00000164066	INTU	2	1.58496	1.012	-1.3476	0.12197	-1.46957
ENSG00000170430	MGMT	5	2.58496	1.413	-1.3539	-1.1155	-0.2384
ENSG00000259207	ITGB3	2	1.58496	0.685	-1.3544	2.7745	-4.1289
ENSG00000106603	COA1	1	1	1.841	-1.3554	0.043006	-1.39841
ENSG00000084110	HAL	6	2.80735	1.213	-1.3574	-1.5787	0.2213
ENSG00000186951	PPARA	4	2.32193	0.711	-1.3579	-1.1387	-0.2192
ENSG00000163606	CD200R1	4	2.32193	1.124	-1.3625	0.56211	-1.92461
ENSG00000144224	UBXN4	1	1	0.776	-1.3629	0.73145	-2.09435
ENSG00000169914	OTUD3	8	3.16993	0.836	-1.3671	-1.4145	0.0474
ENSG00000105996	HOXA2	2	1.58496	0.334	-1.3688	1.1068	-2.4756
ENSG00000152034	MCHR2	9	3.32193	0.973	-1.3734	1.7248	-3.0982
ENSG00000100106	TRIOBP	10	3.45943	0.865	-1.375	-0.081657	-1.29334
ENSG00000131446	MGAT1	1	1	0.639	-1.3807	-2.1759	0.7952
ENSG00000186190	BPIFB3	1	1	1.158	-1.3836	0.30394	-1.68754
ENSG00000174705	SH3PXD2B	2	1.58496	0.655	-1.3837	-0.20994	-1.17376
ENSG00000182504	CEP97	2	1.58496	0.847	-1.3872	-0.44287	-0.94433
ENSG00000115827	DCAF17	1	1	0.855	-1.3902	0.2424	-1.6326
ENSG00000138315	OIT3	1	1	0.931	-1.3904	-2.1541	0.7637
ENSG00000166750	SLFN5	1	1	0.888	-1.3948	2.0787	-3.4735
ENSG00000167104	BPIFB6	2	1.58496	1.068	-1.3955	0.32303	-1.71853
ENSG00000111145	ELK3	4	2.32193	0.608	-1.4074	-0.28021	-1.12719
ENSG00000055609	KMT2C	2	1.58496	0.202	-1.4087	0.52914	-1.93784
ENSG00000105991	HOXA1	5	2.58496	1.012	-1.4191	1.3593	-2.7784
ENSG00000117481	NSUN4	1	1	0.929	-1.423	2.1951	-3.6181
ENSG00000035141	FAM136A	2	1.58496	1.627	-1.4238	0.50283	-1.92663
ENSG00000147443	DOK2	2	1.58496	1.838	-1.4242	1.9497	-3.3739
ENSG00000043591	ADRB1	4	2.32193	1.939	-1.4273	-0.19358	-1.23372
ENSG00000087074	PPP1R15A	1	1	1.092	-1.4308	-0.38044	-1.05036
ENSG00000116194	ANGPTL1	1	1	0.981	-1.435	0.8371	-2.2721
ENSG00000156206	CFAP161	1	1	1.029	-1.44	0.68588	-2.12588
ENSG00000168303	MPLKIP	1	1	1.815	-1.4408	1.7643	-3.2051
ENSG00000164687	FABP5	1	1	0.839	-1.441	-0.75988	-0.68112
ENSG00000118407	FILIP1	9	3.32193	0.711	-1.4411	0.59803	-2.03913
ENSG00000183813	CCR4	3	2	0.809	-1.4427	0.2161	-1.6588
ENSG00000177951	BET1L	6	2.80735	1.662	-1.4428	-0.26359	-1.17921
ENSG00000144815	NXPE3	4	2.32193	0.805	-1.4463	-0.10234	-1.34396
ENSG00000091972	CD200	5	2.58496	0.85	-1.4599	-0.13849	-1.32141
ENSG00000171729	TMEM51	4	2.32193	0.871	-1.4643	0.56983	-2.03413
ENSG00000077312	SNRPA	1	1	0.711	-1.4645	1.271	-2.7355
ENSG00000147676	MAL2	2	1.58496	1.6	-1.4655	0.062234	-1.52773
ENSG00000166532	RIMKLB	1	1	0.445	-1.4673	0.23421	-1.70151
ENSG00000239839	DEFA3	1	1	0.74	-1.4684	0.48369	-1.95209
ENSG00000074803	SLC12A1	1	1	0.971	-1.4705	-0.15392	-1.31658
ENSG00000115526	CHST10	1	1	0.936	-1.4867	-0.63305	-0.85365
ENSG00000091317	CMTM6	1	1	1.321	-1.4881	0.91165	-2.39975
ENSG00000135776	ABCB10	3	2	1.142	-1.4962	-0.37608	-1.12012
ENSG00000130595	TNNT3	1	1	0.866	-1.4976	-1.3548	-0.1428
ENSG00000172955	ADH6	1	1	1.263	-1.498	-1.1311	-0.3669
ENSG00000030304	MUSK	3	2	0.778	-1.5078	-0.54752	-0.96028
ENSG00000164754	RAD21	1	1	0.341	-1.5196	-1.8109	0.2913
ENSG00000125885	MCM8	5	2.58496	0.97	-1.5362	0.11329	-1.64949
ENSG00000133067	LGR6	5	2.58496	0.886	-1.5375	-0.10646	-1.43104
ENSG00000204193	TXNDC8	1	1	1.745	-1.5405	2.4978	-4.0383
ENSG00000130203	APOE	107	6.75489	1.319	-1.5477	-0.096187	-1.45151
ENSG00000151353	TMEM18	23	4.58496	1.198	-1.5479	-1.2606	-0.2873
ENSG00000143816	WNT9A	1	1	0.544	-1.5493	2.8322	-4.3815
ENSG00000139055	ERP27	1	1	1.072	-1.5496	-0.9117	-0.6379
ENSG00000175782	SLC35E3	1	1	1.266	-1.5576	1.1131	-2.6707
ENSG00000129084	PSMA1	1	1	0.343	-1.5578	2.2959	-3.8537
ENSG00000137507	LRRC32	36	5.20945	0.703	-1.5588	0.8127	-2.3715
ENSG00000127472	PLA2G5	1	1	1.057	-1.5626	-0.25557	-1.30703
ENSG00000146411	SLC2A12	7	3	0.836	-1.5653	-0.17699	-1.38831
ENSG00000009335	UBE3C	5	2.58496	0.427	-1.5691	2.3118	-3.8809
ENSG00000120708	TGFBI	3	2	0.856	-1.5751	-0.31521	-1.25989
ENSG00000091262	ABCC6	2	1.58496	0.917	-1.5792	1.8561	-3.4353
ENSG00000135077	HAVCR2	2	1.58496	0.791	-1.5822	0.40854	-1.99074
ENSG00000107779	BMPR1A	1	1	0.195	-1.5843	1.8522	-3.4365
ENSG00000163563	MNDA	1	1	1.556	-1.5944	-0.1138	-1.4806
ENSG00000135801	TAF5L	1	1	0.22	-1.6033	0.44109	-2.04439
ENSG00000206531	CD200R1L	3	2	0.817	-1.6285	0.35039	-1.97889
ENSG00000196199	MPHOSPH8	2	1.58496	0.635	-1.6332	-1.5747	-0.0585
ENSG00000105559	PLEKHA4	1	1	0.899	-1.638	0.0010076	-1.63901
ENSG00000197594	ENPP1	3	2	0.729	-1.6493	1.6238	-3.2731
ENSG00000257315	ZBED6	2	1.58496	0.818	-1.6527	-1.3885	-0.2642
ENSG00000137809	ITGA11	6	2.80735	0.848	-1.6551	1.9013	-3.5564
ENSG00000205643	CDPF1	1	1	1.566	-1.6633	-0.6261	-1.0372
ENSG00000169507	SLC38A11	1	1	1.573	-1.6664	-1.0444	-0.622
ENSG00000108798	ABI3	1	1	1.113	-1.6714	1.9895	-3.6609
ENSG00000130413	STK33	1	1	1.011	-1.6773	1.1431	-2.8204
ENSG00000211452	DIO1	2	1.58496	0.924	-1.6849	0.70907	-2.39397
ENSG00000176678	FOXL1	19	4.32193	1.84	-1.6879	0.85526	-2.54316
ENSG00000176986	SEC24C	1	1	0.275	-1.6968	1.0598	-2.7566
ENSG00000145819	ARHGAP26	11	3.58496	0.493	-1.6978	-0.042206	-1.65559
ENSG00000014641	MDH1	3	2	0.674	-1.7006	2.5643	-4.2649
ENSG00000116031	CD207	3	2	1.205	-1.703	-0.70899	-0.99401
ENSG00000013588	GPRC5A	1	1	1.233	-1.7043	2.6296	-4.3339
ENSG00000168961	LGALS9	1	1	1.018	-1.7102	0.56449	-2.27469
ENSG00000108424	KPNB1	4	2.32193	0.119	-1.7202	2.3416	-4.0618
ENSG00000116815	CD58	4	2.32193	0.756	-1.7215	-0.08095	-1.64055
ENSG00000183484	GPR132	2	1.58496	1.905	-1.7217	-0.19578	-1.52592
ENSG00000026751	SLAMF7	1	1	0.988	-1.7287	-0.49015	-1.23855
ENSG00000185627	PSMD13	11	3.58496	0.246	-1.7288	-0.052125	-1.67667
ENSG00000138018	SELENOI	2	1.58496	0.832	-1.7322	0.06522	-1.79742
ENSG00000173908	KRT28	1	1	1.197	-1.7327	-0.29192	-1.44078
ENSG00000180644	PRF1	2	1.58496	1.438	-1.7341	-1.9756	0.2415
ENSG00000167202	TBC1D2B	1	1	0.739	-1.7359	-0.23154	-1.50436
ENSG00000176225	RTTN	1	1	0.786	-1.7362	-0.018453	-1.71775
ENSG00000175868	CALCB	2	1.58496	1.392	-1.744	1.5137	-3.2577
ENSG00000130592	LSP1	19	4.32193	1.038	-1.7466	-0.24886	-1.49774
ENSG00000139618	BRCA2	18	4.24793	0.803	-1.7615	-1.1245	-0.637
ENSG00000188770	OPTC	2	1.58496	1.232	-1.7664	0.5252	-2.2916
ENSG00000085382	HACE1	1	1	0.98	-1.7675	-0.93392	-0.83358
ENSG00000185758	CLDN24	1	1	1.9	-1.7848	1.7905	-3.5753
ENSG00000204007	GLT6D1	1	1	1.363	-1.7866	2.5565	-4.3431
ENSG00000012223	LTF	4	2.32193	1.294	-1.7959	0.0075219	-1.80342
ENSG00000111581	NUP107	2	1.58496	0.833	-1.7965	1.1128	-2.9093
ENSG00000143761	ARF1	3	2	0.247	-1.8015	0.79248	-2.59398
ENSG00000154342	WNT3A	4	2.32193	0.76	-1.8165	2.3493	-4.1658
ENSG00000110435	PDHX	1	1	0.797	-1.8192	0.28301	-2.10221
ENSG00000261857	MIA	1	1	1.288	-1.8273	1.3413	-3.1686
ENSG00000111144	LTA4H	2	1.58496	0.826	-1.8308	-0.83491	-0.99589
ENSG00000167578	RAB4B	3	2	0.843	-1.8326	1.1799	-3.0125
ENSG00000240849	PEDS1	6	2.80735	0.669	-1.8428	0.52984	-2.37264
ENSG00000178828	RNF186	8	3.16993	1.873	-1.8771	0.28789	-2.16499
ENSG00000086289	EPDR1	11	3.58496	1.626	-1.8826	-0.4422	-1.4404
ENSG00000114062	UBE3A	1	1	0.139	-1.9056	0.73313	-2.63873
ENSG00000159648	TEPP	1	1	1.187	-1.907	-0.28422	-1.62278
ENSG00000149089	APIP	1	1	1.423	-1.9247	0.13197	-2.05667
ENSG00000103148	NPRL3	3	2	0.653	-1.9445	0.64086	-2.58536
ENSG00000198796	ALPK2	3	2	0.862	-1.969	0.17953	-2.14853
ENSG00000105675	ATP4A	3	2	0.808	-1.9723	-1.1595	-0.8128
ENSG00000091409	ITGA6	6	2.80735	0.52	-1.9842	1.5394	-3.5236
ENSG00000184371	CSF1	3	2	0.338	-2.0109	-0.30718	-1.70372
ENSG00000106125	MINDY4	1	1	0.907	-2.0227	-0.3387	-1.684
ENSG00000073737	DHRS9	2	1.58496	0.951	-2.0344	0.26749	-2.30189
ENSG00000141279	NPEPPS	13	3.80735	0.299	-2.0447	2.7091	-4.7538
ENSG00000264364	DYNLL2	1	1	0.462	-2.0477	0.55515	-2.60285
ENSG00000110092	CCND1	23	4.58496	0.609	-2.0521	-0.37863	-1.67347
ENSG00000130202	NECTIN2	7	3	0.658	-2.0592	-0.34005	-1.71915
ENSG00000244734	HBB	10	3.45943	1.964	-2.0651	-0.71243	-1.35267
ENSG00000151461	UPF2	1	1	0.159	-2.0702	0.41654	-2.48674
ENSG00000148660	CAMK2G	5	2.58496	0.404	-2.0772	1.2553	-3.3325
ENSG00000203805	PLPP4	1	1	1.018	-2.0784	0.62541	-2.70381
ENSG00000110719	TCIRG1	1	1	1.222	-2.096	0.32905	-2.42505
ENSG00000108039	XPNPEP1	2	1.58496	0.545	-2.0977	6.1946	-8.2923
ENSG00000026508	CD44	10	3.45943	0.654	-2.1029	0.63734	-2.74024
ENSG00000121552	CSTA	4	2.32193	1.219	-2.111	1.7952	-3.9062
ENSG00000167014	TERB2	2	1.58496	1.089	-2.1405	0.8511	-2.9916
ENSG00000105221	AKT2	1	1	0.398	-2.1439	0.48543	-2.62933
ENSG00000153294	ADGRF4	2	1.58496	1.36	-2.1452	0.59437	-2.73957
ENSG00000180104	EXOC3	2	1.58496	0.475	-2.1578	0.63514	-2.79294
ENSG00000142082	SIRT3	6	2.80735	1.173	-2.1703	-0.11271	-2.05759
ENSG00000196968	FUT11	2	1.58496	1.412	-2.1867	1.4664	-3.6531
ENSG00000103248	MTHFSD	1	1	1.587	-2.1902	0.95996	-3.15016
ENSG00000125485	DDX31	2	1.58496	0.902	-2.1931	1.0877	-3.2808
ENSG00000106483	SFRP4	1	1	0.857	-2.2022	-0.38169	-1.82051
ENSG00000065802	ASB1	2	1.58496	0.951	-2.2056	1.1286	-3.3342
ENSG00000058673	ZC3H11A	2	1.58496	0.287	-2.2073	-0.50019	-1.70711
ENSG00000058673	ZC3H11A	2	1.58496	0.287	-2.2073	0.75293	-2.96023
ENSG00000114391	RPL24	1	1	0.585	-2.2163	-0.83177	-1.38453
ENSG00000130675	MNX1	2	1.58496	0.634	-2.218	1.9467	-4.1647
ENSG00000130204	TOMM40	21	4.45943	0.456	-2.2881	-0.3929	-1.8952
ENSG00000169903	TM4SF4	11	3.58496	1.545	-2.3037	0.10795	-2.41165
ENSG00000174885	NLRP6	1	1	1.236	-2.3443	0.21757	-2.56187
ENSG00000171109	MFN1	2	1.58496	0.955	-2.3491	0.50406	-2.85316
ENSG00000189167	ZAR1L	1	1	0.906	-2.3858	-1.9266	-0.4592
ENSG00000090661	CERS4	3	2	1.472	-2.4371	-0.22582	-2.21128
ENSG00000181610	MRPS23	2	1.58496	1.117	-2.4531	-1.6522	-0.8009
ENSG00000188738	FSIP2	5	2.58496	0.782	-2.487	0.33317	-2.82017
ENSG00000166317	SYNPO2L	8	3.16993	0.967	-2.5824	1.1535	-3.7359
ENSG00000132958	TPTE2	1	1	0.96	-2.6315	-0.86211	-1.76939
ENSG00000065320	NTN1	3	2	0.444	-2.6453	-0.78548	-1.85982
ENSG00000141068	KSR1	1	1	0.481	-2.687	1.8832	-4.5702
ENSG00000148719	DNAJB12	2	1.58496	0.509	-2.8034	-0.18728	-2.61612
ENSG00000129562	DAD1	1	1	0.958	-2.9146	0.25934	-3.17394
ENSG00000100439	ABHD4	4	2.32193	1.038	-2.9758	0.48717	-3.46297
